id,page,claim,source_year,population,numerator,denominator,calculation,code,independent_check,audit_result,audit_note,status_after_correction,resolution
ledger-A|1,index (lead),Study of road deaths and injuries in Spain from 1993 to 2024,DGT Series históricas 2024; 1993-2024,"Spain, all roads",n/a,n/a,min/max year of longrun_series,overview.py:48-64 page_index; longrun_series.csv,raw Vict_I-U sheet years 1993-2024,agree,,confirmed,
ledger-A|2,"index, finding 1","−74%: deaths fell from 6,378 in 1993 to 1,680 in 2013","DGT Series históricas 2024 (Vict_I-U), 30-day deaths","Spain, all road deaths within 30 days","deaths 2013 = 1,680","deaths 1993 = 6,378",1 − 1680/6378 = 0.7366,overview.py:117-170 _long_run; q1_annual_headline.csv; longrun_segments.csv (steep.end=2013),Independent raw read of Vict_I-U; 24-hour series (Fallec_24h_I_U) falls 73.0% over the same span,agree,For 1993–2010 the 30-day figures are DGT estimates built with correction factors (see the finding on the 30-day definition),revised,"The '−74%' key figure was dropped from the home page in c35dd36, where the findings now lead with a sentence. The page now reads 'Road deaths in Spain fell by about three quarters between 1993 and 2013' in the opening and 'Road deaths fell from 6,378 in 1993 to 1,680 in 2013' in finding 1. The counts are unchanged. The 74% is still printed on Long-run trends: 'Between 1993 and 2013 the annual count fell 74%, from 6,378 deaths to 1,680'. Final check (0370825): site/index.html: 'Road deaths in Spain fell by about three quarters between 1993 and 2013 and have not fallen since: 1,785 people died in 2024.'; no '74%' anywhere on index.html; q1_annual_headline 1 − 1680/6378 = 0.737"
ledger-A|3,"index, finding 1",Most of the fall came between 2003 and 2013,DGT 1993-2013,Spain deaths 30d,"5399−1680 = 3,719","6378−1680 = 4,698",79% of the 1993–2013 fall lies in 2003–2013; segment −10.9%/yr (−11.6 to −10.3),overview.py:136-143 _require; risk_trends.long_run_segments,"Own joinpoint/QBIC reimplementation from raw: breaks (2003, 2013), −0.1094/yr",agree,,confirmed,
ledger-A|4,"index, finding 1",Trend since 2013 shows no clear rise or fall,DGT 2013-2019 fit,Spain deaths,segment slope,,+0.68%/yr (−1.11% to +2.50%),overview.py:139; longrun_segments.csv row count 2013-2019,"Own joinpoint: 0.0068 (−0.0111, 0.0250)",agree,The fit ends in 2019; 2020-2024 are projections,confirmed,
ledger-A|5,"index, finding 1","The 1,785 deaths of 2024 were more than in 2013","DGT 2024, 2013",Spain deaths 30d,"1,785","1,680",1785 > 1680,overview.py:144-147; risk_index.csv,raw Vict_I-U,agree,,confirmed,
ledger-A|6,"index, finding 1","Since 2019, no measure of deaths (count, per resident, licence holder, vehicle or fuel) has changed by more than ordinary year-to-year variation",risk_index 2019-2024,Spain,deaths / driver deaths / occupant deaths,each denominator,2024/2019 ratios all inside the year-to-year intervals,overview.py:148-151 (checks the last year only),"risk_index.csv: 2020 count 0.781 (0.717–0.850) and 2021 0.874 (0.804–0.949) are beyond ordinary variation, as are per resident and per licence holder in 2020–21 and per vehicle in 2020",wording,True only for 2024 against 2019,corrected,"The home page no longer says 'Between 2019 and 2024' (changed in c35dd36 and 9d2697b; trend context added in 84ee283). It now reads 'Against 2019, the count of deaths and every death rate changed by no more than ordinary year-to-year variation.' The trend reading follows: 'Against the falling trend of the 2010s, deaths per tonne of road fuel in 2023 and 2024 were higher than projected, by 8% to 16% depending on where that trend is taken to start; with the trend started in 2013, neither year lies outside the trend's range'. The guard still checks only 2024 against 2019. Final check (0370825): site/index.html finding 1, exact text as quoted; overview.py _long_run guard 'no denominator shows a change in deaths beyond an ordinary year in the last year'"
ledger-A|7,"index, finding 2",−73%: deaths per injury crash fell 73% between 1996 and 2024,"DGT Acc_Vict + Vict_I-U 1996, 2024","Spain, all roads",deaths 30d,injury crashes,(1785/101996)/(5483/85588) = 0.2732,overview.py:128-178; risk_trends.frequency_severity; risk_frequency_severity.csv severity_index 27.32,Recomputed from raw,agree,,confirmed,
ledger-A|8,"index, finding 2",Injury crashes per tonne of road fuel fell 13%,"DGT + CORES 1996, 2024",Spain,injury crashes,"CORES petrol+diesel automotive subtotal, t",(101996/28331339.6)/(85588/20701601.7) = 0.8708,risk_frequency_severity.csv frequency_index 87.08,Recomputed from raw CORES and DGT,agree,,confirmed,
ledger-A|9,"index, finding 2",Deaths relative to traffic fell 76%,1996-2024,Spain,deaths 30d,road fuel tonnes (traffic proxy),0.2379,risk_frequency_severity.csv deaths_per_fuel_index 23.79,Recomputed from raw,agree,"'Traffic' here means fuel sold, a proxy",confirmed,
ledger-A|10,"index, finding 2",Mostly because crashes became less deadly rather than less frequent,1996-2024,Spain,log share of the fall,,Severity carries 90% of the log-fall when injury crashes are the frequency measure,overview.py:152-155 _require log(sev)<2 log(freq),"Using hospitalised casualties: per tonne ×0.206 (−79%), deaths per hospitalised ×1.154 (+15%). Using killed or admitted: per tonne −79%, deaths per KSI +13%",disagree,The conclusion depends on the casualty threshold (finding F1),corrected,'Mostly because crashes became less deadly' removed; the -76% fall is the finding and both splits (by injury crashes and by hospital admissions) are shown
ledger-A|11,"index, finding 3","3.4×: car drivers 75+ involved in an injury crash died 3.4 times as often as 45–64 (15.9 vs 4.6 per 1,000 involved), 2024","DGT tablas estadísticas 2024, tables 4.2 I/U and 4.1.1 I/U","Private-car drivers (Turismo sin/con remolque) involved in injury crashes, Spain 2024",drivers killed within 30 days (75+: 71; 45–64: 163),"drivers involved (75+: 4,455; 45–64: 35,092)",15.937/4.645 = 3.431,"overview.py:189-222; exposure_risk/national.py:234-266, 364-390; risk_severity_and_licences.csv",Own openpyxl parse of raw 4.2 and 4.1.1 sheets: identical counts,agree,,confirmed,
ledger-A|12,"index, finding 3",A result that needs no estimate of kilometres,2024,as above,killed,involved,definition,national.severity_and_licences,Code read: no km enters,agree,,confirmed,
ledger-A|13,"index, finding 4",2.6×: car drivers 18–29 involved per km 2.6 times 45–64 in 2024 (95% interval 2.3–2.9),DGT 2024 involved; EMEF 2022-24 profile on INE 2024 population; DGT 2024 km,"Car drivers, Spain 2024","involved 18–29 = 21,234",estimated car-driver km (method A),involved_ratio 2.566 (2.280–2.861),"overview.py:224-236; risk_national_rates.csv (method A, 'less taxi and ride-hailing'); exposure_risk/national.rates","Table values checked; numerator recomputed from raw (21,234). The EMEF exposure was not recomputed (T3–T8 scope)",agree,CSV labels the group '16-29' although the numerator covers ages 18–29,corrected,"The home page now reads 'car drivers aged 18–29 were involved in injury crashes 2.53 times as often as drivers aged 45–64 in 2024 (95% sampling interval 2.2–2.8; sensitivity range 1.49–3.63)'. The earlier 2.6× (2.566, 2.28–2.86) is superseded. The point estimate 2.534 comes from bd34d32. The interval 2.24–2.82 comes from 316a52f (crossed count draws) and is printed to one decimal under the Monte Carlo rule since e74cd57. The range 1.49–3.63 comes from 316a52f; earlier ranges were 1.64–3.65 and then 1.49–3.75. Final check (0370825): site/index.html finding 4; risk_national_rates.csv (A: EMEF, province of Barcelona; less taxi and ride-hailing; 18-29) involved_ratio 2.5341, low 2.2426, high 2.8230, MC se 0.0174/0.0159; risk_national_sensitivity min 1.491, max 3.634"
ledger-A|14,"index, finding 4",Drivers 65+ about as often as the middle-aged or modestly more (1.16),2024,Car drivers 65+,"involved 11,425",km method A,1.164 (0.999–1.355),"overview.py:210-212, 230-231",risk_national_rates.csv; the method-C Madrid profile gives 1.703 (1.54–1.89),wording,The homepage leaves out the sensitivity upper bound of 1.70 that the drivers page reports,corrected,"The home page now reads 'For drivers aged 65 and over the central estimate is 1.19 times (95% sampling interval 1.0–1.4), but the sensitivity range is 0.85–1.82, so whether they are involved more or less often per kilometre is not established.' The earlier 1.16 (1.00–1.35) is superseded. The point estimate changed in bd34d32, the interval and range in 316a52f, and the printing in e74cd57. The claim of a direction was withdrawn in 66f645b. Final check (0370825): site/index.html finding 4; risk_national_rates.csv 65+ involved_ratio 1.1914 (1.0242–1.3620); risk_national_sensitivity 65+ min 0.855, max 1.821"
ledger-A|15,"index, finding 4",The former owner-age figure put the young drivers' excess at nearly seven times,DGT km by owner age 2024,Owners 18–24 against 35–54,involved per bn km,owner km,6.75,"overview.py:233-234 (hardcoded string, no _require)",risk_owner_age_comparison.csv / q7_km_ratio.csv: 6.7506,wording,Hardcoded; the bands differ from the new 18–29 against 45–64 comparison,removed,'Nearly seven' removed from the home page; the drivers page compares the owner kilometres on the same age groups (4.62 against 2.53)
ledger-A|16,"index, finding 5",Police recorded inappropriate speed in 6.9% of injury crashes in 2023 (Spain outside Catalonia and the Basque Country),DGT Informe Factor Velocidad 2014–2023,"Injury crashes, report scope","speed crashes 5,070","5,070 + 68,179",0.06922,"overview.py:240-262; factors.speed_severity; speed_severity.csv (all, 2023)",Table arithmetic checked,agree,,confirmed,
ledger-A|17,"index, finding 5",2.0×: those crashes had about twice the deaths per crash of others on the same kind of road in the same year,2016-2023 pooled,Report scope,"deaths per crash, speed recorded","deaths per crash, other",Quasi-Poisson road type + year adjusted 2.000 (1.69–2.36),factors.speed_severity_pooled; speed_severity_pooled.csv 'adjusted',My 2023-only road-type-adjusted Poisson on speed_severity.csv rows: 2.22 (1.95–2.52),wording,"The printed number is pooled 2016–2023, but the sentence ties it to 2023",corrected,Home speed finding reads its period from the table (2016-2023) and gives the range by road type (1.22 to 5.90)
ledger-A|18,"index, finding 6","12.5% predicted fatal against 12.6% observed, tested on each year 2016–2023 with earlier-year fits",Servei Català de Trànsit 2010-2023,"Catalan crashes with death or serious injury, test years 2016-2023 (n = 12,961)","mean predicted / positives 1,627","12,961",0.12472 / 0.12553,"overview.py:265-317; sev_rolling_scores.csv subset 2016-2023, calculator",Table checked,agree,,removed,"The home page no longer gives the calculator's calibration. b0c9f7f replaced the models finding, and c35dd36 and 9d2697b made it the Catalan heavy-vehicle contrast ('fatal 2.0 times as often with a lorry or bus involved (95% interval 1.7–2.2)'). The superseded 12.5% against 12.6% is printed nowhere. Severity model and calculator now gives the nested result: 'Over all the years the model estimated 12.4% fatal, and 12.3% were (11.7–12.9%)'. The tests were nested in 7187c92 and fe7a76e. Final check (0370825): site/index.html finding 6 now opens 'In Catalonia, severe crashes with a heavy vehicle involved were fatal about twice as often.'; sev_rolling_scores.csv 2016-2023 calculator: mean_predicted 0.1237, prevalence 0.1231, observed 0.1172–0.1292"
ledger-A|19,"index, finding 6",Predicted shares matched the observed ones across the whole range,2016-2023,as above,mean predicted per band,observed 95% interval,All 8 bands inside (band 0.15–0.20: 0.1744 against low 0.1721),overview.py:288-293; sev_calibration.csv,Table checked,agree,One band is marginal,removed,"The home page no longer says this (b0c9f7f). The 8-band check is superseded. Severity model and calculator now reads 'In all ten groups ... its mean estimate lies inside the 95% interval of the share observed. Its calibration slope ... is 1.03', from the nested test (7187c92, fe7a76e). Final check (0370825): site/severity-models.html; sev_calibration.csv calculator: 10 of 10 groups inside; sev_rolling_scores calibration_slope 1.0326"
ledger-A|20,"index, finding 6",Picked out fatal crashes better than a table of the same records,2016-2023,as above,ROC-AUC calculator 0.772,table 0.745,0.772 > 0.745,overview.py:286-287,sev_rolling_scores.csv,agree,,removed,"The home page no longer compares the model with the table (b0c9f7f, c35dd36). The figure 0.772 against 0.745 is superseded; it was scored on 12,961 crashes that included the road-owner artefact. Severity model and calculator now gives the nested score on 11,611 crashes: 'The model's ROC-AUC is 0.74 and the table's 0.71; the model's lead is 0.02–0.04 (95% interval)', that is 0.739 (0.725–0.753) against 0.709, a gain of 0.030 (0.021–0.040). These come from b0c9f7f, 7187c92 and fe7a76e. Final check (0370825): site/severity-models.html; sev_rolling_scores.csv 2016-2023: calculator roc_auc 0.7395, road_x_crash_table 0.7090; sev_comparison calculator roc_auc 0.7251–0.7529; sev_nested_steps step 4 gain 0.0305 (0.0205–0.0403)"
ledger-A|21,"index, finding 6",The Barcelona crash model did no better than a table and was removed,Guàrdia Urbana 2025,Barcelona crashes,logistic AUC 0.737,table AUC 0.734,Decision 'REPLACE with descriptive table',overview.py:309-310 (no _require),ml_model_decisions.csv,wording,Not checked at build time; the monthly forecast model was also withdrawn,removed,The home page no longer mentions the Barcelona crash model: b0c9f7f dropped the sentence and c35dd36 replaced the finding. Severity model and calculator says: 'The project's Barcelona models are not used as predictors: the crash model ranked crashes no better than a table of shares by type of accident'. The earlier resolution said the forecast's withdrawal is stated on the models page; it is not. It is stated on forecast.html ('withdrawn because the model forecast a year's deaths less accurately than last year's count') and on Methodology ('its error was 6.6% against 5.9% for last year's count'). Final check (0370825): site/index.html (no Barcelona model sentence); site/severity-models.html; site/forecast.html lead; site/data.html assumptions table
ledger-A|22,"index, finding 6",A version of the Catalan model ranked serious crashes in the rest of Spain almost as well as a model trained on them,DGT microdata 2016-2024 outside Catalonia,Crashes with death or serious injury (24 h),transfer AUC 0.708,in-domain 0.712,gap −0.004,overview.py:276-295; ml_transport_validation.csv,Table checked,agree,,removed,"This has not been on the home page since b0c9f7f. External validation now reads: 'A harmonised version of the original Catalan model (retired) ranked crashes elsewhere in Spain nearly as well as a model fitted there'. On the 67,971 crashes the ROC-AUC is 0.71 (0.71–0.72) against 0.72, that is 0.710 against 0.721. The earlier 0.708 against 0.712 is superseded. Final check (0370825): site/validation.html: 'the harmonised version has a ROC-AUC of 0.71 (95% interval 0.71–0.72), against 0.72 for a model of the same kind fitted on DGT's records outside Catalonia'; ml_transport_validation.csv Catalonia -> Spain outside Catalonia, boosted_trees roc_auc 0.7104"
ledger-A|23,"index, finding 6",Does not make it fit for national use,,,,,Stage 5 failed (JSD 0.070; fatal share 12.2% against 15.4%),overview.py:296-298; ml_outward_path.csv,Table checked,agree,,removed,This has not been on the home page since b0c9f7f. External validation states: 'national use of the models is not established'. Final check (0370825): site/validation.html summary: 'Because Catalonia's serious crashes differ from the rest of Spain's ... national use of the models is not established.'
ledger-A|24,"index, provenance",DGT series 1993–2024; injury-crash file since 2016; Catalonia 2010–2023; Barcelona 2025; Madrid survey 2018,various,,,,min/max years,overview.py:97-114,missingness_by_year min 2016; cat_frequency 2010–2023; bcn dataset 'Barcelona 2025',agree,,removed,"c35dd36 deleted the home page's provenance line, which began 'Data: the DGT yearbook series 1993–2024, ... its file of injury crashes since 2016 ...'. The lead now says only 'built from official statistics and from police crash records for Catalonia and for Barcelona (2025)'. The Catalan years appear in the page list ('Catalonia ... 2010–2023') and the Madrid 2018 survey in finding 4; the 2016 start of the injury-crash file is not stated on the home page. Final check (0370825): site/index.html lead 'An independent statistical study of road deaths and injuries in Spain from 1993 to 2024, built from official statistics and from police crash records for Catalonia and for Barcelona (2025).'; no provenance block"
ledger-A|25,"trends, title/lead","Road deaths and injuries, 2019–2024; 2024 compared with 2019",risk_index,Spain,,,"base = min year, last = max year",trends.py:312-318,risk_index years 2019-2024,agree,,confirmed,
ledger-A|26,"trends, summary","1,785 deaths in 2024, 1.7% more than 2019","DGT 2019, 2024",Spain deaths 30d,"1,785","1,755",1.0171,trends.py:149-151; risk_index.csv,Raw recomputation,agree,,confirmed,
ledger-A|27,"trends, summary",Per resident deaths fell 1.9%,INE ECP 1 July 2019/2024,Spain residents,deaths,"47,087,778 / 48,821,936",0.98097,risk_trends.annual_exposure (1 July),"Raw INE csv Total Nacional, Todas las edades, 1 July",agree,,confirmed,
ledger-A|28,"trends, summary",Per tonne of road fuel deaths rose 3.5%,CORES 2019/2024,Spain,deaths,"28,835,309 t / 28,331,340 t",1.0352,risk_index.csv road_fuel,Own CORES parse (Subtotal gasolinas auto + Subtotal gasóleos auto),agree,,confirmed,
ledger-A|29,"trends, summary",Under every denominator the change in deaths lies within ordinary year-to-year variation,2024 vs 2019,Spain,deaths / driver deaths / occupant deaths,5 denominators,all yty intervals include 1,trends.py:85-86,Recomputed intervals with dispersion 1.45: 0.9395–1.1011 for the count,agree,,confirmed,
ledger-A|30,"trends, summary","Hospital admissions rose beyond it: 11.0% as a count, 13.0% per tonne",2024 vs 2019,Hospitalised injured (police records),"9,561 vs 8,613",count / fuel,1.1101 (1.0239–1.2035); 1.1298 (1.0421–1.2249),"trends.py:87-93, 156-157",Recomputed from raw with own dispersion 7.70,agree,,corrected,"Since c72e359 the intervals use Student's t with 5 degrees of freedom. Hospital admissions as a count are +11.0% (−0.2% to +23.4%), which the page calls 'at the edge of ordinary variation'. Only the rise per tonne of fuel, +13.0% (+1.6% to +25.6%), lies beyond it, and 'that excess would disappear if kilometres per tonne of fuel had grown 0.3% a year faster than before' (84ee283). Final check (0370825): site/trends.html summary: 'The number of people admitted to hospital after a crash rose 11.0% as a count, at the edge of ordinary variation, and 13.0% per tonne of road fuel, beyond it'; risk_index.csv hospitalised count ratio_low_yty 0.9984, high 1.2342"
ledger-A|31,"trends, Fig 1 alt",Only hospital admissions as a count and per tonne have intervals excluding no change,2024,,,,,trends.py:159-166; figures._trend_figures,risk_index.csv 2024 rows,agree,,corrected,Figure 1's alt text now reads: 'Only the ratio for hospital admissions per tonne of road fuel has an interval that excludes no change; the interval for admissions as a count only just includes it.' Changed in c72e359. Final check (0370825): site/trends.html Figure 1 alt text (exact)
ledger-A|32,"trends, variation","Over 2013–2019 variance around trend 1.5× Poisson for deaths, 7.7× admissions, 68× injury crashes",DGT 2013-2019,Spain,Pearson X2,df 5,"1.450, 7.700, 67.71",risk_trends.year_to_year_dispersion; risk_dispersion.csv,"Own log-linear Poisson fits from raw: 1.45, 7.70, 67.714",agree,,confirmed,
ledger-A|33,"trends, Table 1",Deaths count +1.7% (−6.0% to +10.1%),2019-2024,Spain,1785,1755,1.0171 (0.9395–1.1011),trends.py:182-198,Recomputed,agree,,corrected,"Table 1 now reads 'Deaths within 30 days | Count, no denominator | +1.7% | −8.3% to +12.9%'. The interval was −6.0% to +10.1% before Student's t replaced z in c72e359. Final check (0370825): site/trends.html Table 1 row 1; risk_index.csv deaths_30d count 2024 ratio_low_yty/high_yty"
ledger-A|34,"trends, Table 1","Deaths per 100,000 residents −1.9% (−9.4% to +6.2%)",2019-2024,Spain,deaths,residents,0.9810 (0.9061–1.0620),risk_index.csv,Table and raw denominators,agree,,corrected,"Table 1 now reads 'Per 100,000 residents | −1.9% | −11.6% to +8.9%'. The interval was −9.4% to +6.2% before c72e359. Final check (0370825): site/trends.html Table 1 row 2"
ledger-A|35,"trends, Table 1","Driver deaths per 100,000 licence holders +0.7% (−7.8% to +10.0%)",2019-2024,"Drivers of motorcycles, cars, vans, trucks, buses",973 → 1010,"27,311,015 → 28,142,470",1.0074 (0.9225–1.1001); dispersion floored at 1 (raw 0.92),"risk_trends.DENOMINATORS, MOTOR_VEHICLE_TYPES","Raw Cond_MU_I-U sums; raw census txt 2024 = 28,142,470; 2023 tables = 2023 text = 27,914,572",agree,,corrected,"Table 1 now reads 'Drivers only, per 100,000 licence holders | +0.7% | −10.2% to +13.1%'. The interval was −7.8% to +10.0% before c72e359. Final check (0370825): site/trends.html Table 1 row 3"
ledger-A|36,"trends, Table 1","Occupant deaths per 100,000 vehicles +1.7% (−9.9% to +14.7%)",2019-2024,Occupants of motor vehicles,1202 → 1286,"fleet 34,434,791 → 36,241,784",1.0165 (0.9011–1.1468),risk_index.csv,Raw Cond-Pasj_MU_I-U and Tasas_Acc_Vic,agree,,corrected,"Table 1 now reads 'Vehicle occupants only, per 100,000 registered vehicles | +1.7% | −13.2% to +19.1%'. The interval was −9.9% to +14.7% before c72e359. Final check (0370825): site/trends.html Table 1 row 4"
ledger-A|37,"trends, Table 1",Deaths per million tonnes fuel +3.5% (−4.4% to +12.1%),2019-2024,Spain,deaths,fuel,1.0352 (0.9562–1.1207),risk_index.csv,Recomputed,agree,,corrected,Table 1 now reads 'Per million tonnes of road fuel | +3.5% | −6.7% to +14.9%'. The interval was −4.4% to +12.1% before c72e359. Final check (0370825): site/trends.html Table 1 row 5
ledger-A|38,"trends, Table 1",Hospitalised: count +11.0% (+2.4 to +20.3); per resident +7.1% (−1.2 to +16.1); drivers per licence holder +4.5% (−1.1 to +10.3); occupants per vehicle +3.4% (−3.7 to +11.1); per fuel +13.0% (+4.2 to +22.5),2019-2024,Hospitalised injured,8613→9561; drivers 4378→4714; occupants 5588→6084,as above,1.1101; 1.0706; 1.0449; 1.0345; 1.1298 with yty bounds,risk_index.csv,Table rows checked; numerators recomputed from raw Cond_HG / Cond-Pasj_HG,agree,,corrected,The hospitalised rows now read: count +11.0% (−0.2% to +23.4%); per resident +7.1% (−3.7% to +19.0%); drivers per licence holder +4.5% (−2.7% to +12.2%); occupants per vehicle +3.4% (−5.8% to +13.6%); per tonne of fuel +13.0% (+1.6% to +25.6%). These use Student's t intervals from c72e359. The count's interval now includes no change. Final check (0370825): site/trends.html Table 1 rows 6–10; risk_index.csv hospitalised_30d 2024 ratio_low_yty/high_yty (count 0.9984–1.2342; road_fuel 1.0162–1.2561)
ledger-A|39,"trends, variation",Injury-crash intervals about 8 times as wide as Poisson (square root of 68),2013-2019,,,,sqrt(67.71) = 8.23,"trends.py:169, 201-204",Arithmetic,agree,,corrected,"The page now says the crash intervals are 'about 11 times as wide as pure-chance intervals', not 8: √67.71 × t(5)/1.96 ≈ 10.8 (c72e359). It now explains why: 'Between 2013 and 2016 recorded urban injury crashes rose 26% while interurban ones fell 2%, a step that a straight trend cannot follow'. Final check (0370825): site/trends.html paragraph after Table 1 (exact text)"
ledger-A|40,"trends, variation","Injury crashes fell 2.0% as a count, 5.5% per resident, 0.3% per tonne",2019-2024,Injury crashes,"104,080 → 101,996",count / residents / fuel,"0.9800, 0.9452, 0.9974",risk_index.csv crashes,Recomputed from raw,agree,,confirmed,
ledger-A|41,"trends, variation",Pure Poisson would call the falls as a count and per resident real; none stands out against ordinary variation,2024,,,,"Poisson highs 0.988, 0.953; yty highs 1.052, 1.015, 1.071","trends.py:98-104, 206-212",risk_index.csv,agree,,confirmed,
ledger-A|42,"trends, variation","Per resident, per licence holder and per vehicle the rise in admissions stays within ordinary variation; more admitted per crash",2019-2024,,,,"yty lows 0.988, 0.989, 0.963; admissions per 100 crashes 8.28 → 9.37","trends.py:105-106, 215-220",Recomputed,agree,,confirmed,
ledger-A|43,"trends, denominators","Population +3.7%, licence holders +3.0%, fleet +5.2%, road fuel −1.7%",2019-2024,Spain,,,"1.0368, 1.0304, 1.0525, 0.9825","trends.py:108-119, 237-244","Raw INE, census txt, Tasas_Acc_Vic, CORES",agree,,confirmed,
ledger-A|44,"trends, road fuel","Had km per tonne grown 1% a year since 2019, deaths per tonne of fuel would show a fall of 1.5% instead of a rise of 3.5%; at 2%, a fall of 6.2%",2019-2024,Spain,deaths,fuel×(1+g)^(t−2019),1.0352/1.01^5 = 0.9849; /1.02^5 = 0.9376,trends.py:247-286; risk_trends.fuel_efficiency_sensitivity,Arithmetic agrees with risk_fuel_efficiency.csv,wording,"The quantity is deaths per implied kilometre, not per tonne (finding F3)",corrected,Relabelled deaths per implied kilometre
ledger-A|45,"trends, road fuel","DGT km: 1.6% fewer in 2024 than 2022 (cars 3.3% fewer), road fuel rose 1.5%","DGT km 2022 (ITV), 2024; CORES",Spain vehicles,400.10 bn (cars 292.99),406.45 bn (cars 302.95),"0.9844, 0.9671; fuel 1.0147",trends.py:252-296; risk_trends.km_crosscheck,Own read of the raw media_km_antiguedad_tipo_2022.xlsx and km_medios_tipo_2024.xlsx,agree,2024 lists tractor units separately; 2022 heavy trucks appear to include them,revised,"c72e359 rewrote the paragraph from DGT's 2022–2024 series in its 2024 release: 'By those estimates a car was driven 13,073 km on average in 2022 and 12,295 km in 2024, and all vehicles together drove 1.6% fewer kilometres in 2024 than in 2022, while road fuel sold rose 1.5%. Over those years deaths per kilometre by DGT's estimate rose 3.9% and deaths per tonne of fuel 0.8%.' The total for cars ('3.3% fewer') is no longer printed. Final check (0370825): site/trends.html #road-fuel; risk_km_crosscheck.csv 2024: billion_km_ratio 0.9844, road_fuel_tonnes_ratio 1.0147, car_mean_km 13073→12295 (car_billion_km_ratio 0.967 still in the CSV, not printed)"
ledger-A|46,"trends, road fuel","2022 km used for vehicle types, 2024 for drivers by age",,,,,,"trends.py:268-271 checks vehicles.KM_YEAR, driver_risk.KM_YEAR",Code check,agree,,confirmed,
ledger-A|47,"trends, denominators","Mopeds, bicycles, PMVs and 'other' left out of licence and fleet numerators",,,,,,risk_trends.MOTOR_VEHICLE_TYPES,Raw sums of the 5 types match the panel,agree,,confirmed,
ledger-A|48,"long-run, title",Long-run trends 1993–2024; fitted to 2019 and projected,,,,,,long_run.py:479-485,longrun_series,agree,,confirmed,
ledger-A|49,"long-run, summary","Deaths fell slowly until 2003, then 10.9% a year for 10 years; since 2013 no clear rise or fall",1993-2019 fit,Spain deaths,,,"−0.74%/yr; −10.94%/yr 2003–2013; +0.68% (−1.1, +2.5)",long_run.py:221-225,Own joinpoint from raw,agree,,confirmed,
ledger-A|50,"long-run, summary","1996–2024 deaths per tonne −76%, mostly because crashes became less deadly: per crash −73%, crashes per tonne −13%",1996-2024,Spain,,,0.2379 = 0.8708 × 0.2732,"long_run.py:226-229, 307-316",Raw recomputation; the alternative threshold reverses the attribution,disagree,Numbers agree; the causal attribution 'mostly because' is not robust (F1),corrected,"Since c72e359 the Long-run summary gives only the product: 'Deaths per tonne of road fuel sold, which stands in for traffic, fell 76% between 1996 and 2024.' The decompositions are in the section 'Deaths per tonne of fuel fell by three quarters, but the records cannot split the fall between fewer crashes and less deadly ones'. By injury crashes, crashes per tonne fell 13% and deaths per crash 73%. By admissions, admissions per tonne fell 79% and deaths per admission rose 15%. The earlier resolution said the summary reports both decompositions; it does not. Final check (0370825): site/long-run.html summary and second section (exact text); risk_frequency_severity.csv 2024 indices 23.79 / 87.08 / 27.32"
ledger-A|51,"long-run, summary","2020 count 24% below trend, outside its range; per tonne within its range because fuel fell too",2020,,"1,370",expected,ratio 0.756 outside; per fuel 0.967 inside; fuel 2020/2019 = 0.825,long_run.py:229-231; longrun_series.csv,Own projection from raw,agree,,corrected,"The projection now refits the last segment (c72e359), and the 2020 count is 25% below trend, outside its range ('2020 | 1,370 | 1,839 (1,664–2,014) | −25% (below) | −4%'). Per tonne of fuel, 2020 is −4%, within its range: 'Deaths per tonne of fuel stayed within their range in 2020 and 2021, because fuel sales fell too'. Final check (0370825): site/long-run.html Table 2 row 2020 and the paragraph after Figure 3"
ledger-A|52,"long-run, summary","2023 and 2024 deaths per tonne 17% and 16% above trend, beyond range",2023-2024,,,,"1.174, 1.158, both outside",long_run.py:232-233,Own projection,agree,,corrected,"Deaths per tonne of fuel are now '16% and 14% above the trend in 2023 and 2024, outside its range'. With the last segment started in 2013 they are '10% and 8% ... at the edge of the range in 2023 and within the range in 2024'. The changes come from c72e359 (refit) and 9d2697b. 17% and 16% are superseded. Final check (0370825): site/long-run.html summary and Table 3; longrun_projection_sensitivity.csv road_fuel main 2023 1.1616 (outside), 2024 1.1434 (outside); start_2013 1.1028, 1.0764 (inside)"
ledger-A|53,"long-run, summary","Interurban deaths per km in 2023 5% above trend, within its range",Ministry table 1.2.14; DGT 2008-2023,Interurban deaths,"1,288","260,299 M veh-km","ratio 1.0497, inside",long_run.py:233-235; risk_trends.km_trend_check,Raw PDF km match; table read,agree,,confirmed,
ledger-A|54,"long-run, trend","Turning points within 2 years: slow decline to 2002–2003, then a fall of 10.7%–13.4% a year over 9–10 years",1993/1996-2019,3 measures,,,"Breaks 2003/2003/2002 and 2013/2013/2011; middle slopes −10.9, −13.4, −10.7","long_run.py:82-86, 246-251",Own joinpoint,agree,'Slow' fits the count (−0.7%) but not per vehicle (−4.4%) or per fuel (−4.8%),confirmed,
ledger-A|55,"long-run, trend","1993–2013 count fell 74%, 6,378 to 1,680",DGT,,,,0.7366,long_run.py:251-254 (peak = idxmax = 1993),Raw,agree,,confirmed,
ledger-A|56,"long-run, trend",Count and occupants per vehicle have no clear trend after 2013; per tonne fell 2.2% a year to 2019,,,,,"+0.07% (−1.6, +1.8); −2.23% (−3.0, −1.5)",long_run.py:254-257,Own joinpoint,agree,,confirmed,
ledger-A|57,"long-run, Table 1",Nine segment rows (e.g. Deaths 2003–2013 −10.9% (−11.6 to −10.3); Occupants 2003–2013 −13.4%; Fuel 2002–2011 −10.7%),1993-2019,,,,"exp(slope)−1 with ±1.96 se, scaled cov",long_run.py:265-281; risk_trends.segment_changes,Own reimplementation reproduces all nine rows to 4 decimals,agree,,corrected,"The point estimates are unchanged. The intervals now come from Student's t with the residual df (c72e359). Deaths: 1993–2003 −0.7% (−1.3% to −0.1%), 2003–2013 −10.9% (−11.6% to −10.3%), 2013–2019 +0.7% (−1.2% to +2.6%). Occupant deaths per vehicle: −4.4% (−4.9% to −3.8%), −13.4% (−14.0% to −12.7%), +0.1% (−1.7% to +1.9%). Per tonne of fuel: −4.8% (−5.5% to −4.1%), −10.7% (−11.2% to −10.3%), −2.2% (−3.0% to −1.4%). The page adds that the intervals take the turning points as known. Final check (0370825): site/long-run.html Table 1; longrun_segments.csv at 0370825 versus d111da8 (e.g. count 2013–2019 low −0.0121 against −0.0111)"
ledger-A|58,"long-run, method","Dispersion 7.3 count, 4.5 per vehicle, 2.8 per fuel; QBIC within 2; segments ≥4 years; up to 3 turning points",,,,,"7.281, 4.545, 2.802",long_run.py:282-305; risk_trends constants,Own reimplementation; QBIC count k2 97.2 against k3 96.3,agree,,confirmed,
ledger-A|59,"long-run, Fig 2 alt","By 2024 crashes per tonne 87, deaths per crash 27, deaths per tonne 24",1996=100,,,,"87.08, 27.32, 23.79",long_run.py:317-324,Raw recomputation,agree,,confirmed,
ledger-A|60,"long-run, Table 2",2020 −24%(below)/−26%(below)/−3%; 2021 −16%/−17%(below)/−3%; 2022 −5%/−7%/+10%; 2023 −2%/−6%/+17%(above); 2024 −4%/−6%/+16%(above),2020-2024,,observed,projected trend,Own ratios 0.756/0.738/0.967 … 0.959/0.944/1.158,long_run.py:341-357,Own projections with outside flags identical,agree,,corrected,"Table 2 is now 'Year | Deaths | Trend (95% range) | Against the trend | Per tonne of fuel, against its trend'. 2020: −25% (below) / −4%. 2021: −18% (below) / −4%. 2022: −7% / +9%. 2023: −5% / +16% (above). 2024: −8% / +14% (above). The per-vehicle measure moved to Table 3 (2021 −15%) and to the prose (2020 −25%, below). Values changed with the refit in c72e359 and the table layout in 9d2697b. Final check (0370825): site/long-run.html Table 2 rows 2020–2024 (exact)"
ledger-A|61,"long-run, pandemic",Count back within its range since 2021; occupants below in 2020–2021 as the fleet grew in 2020,,,,,Fleet 34.43M → 34.77M,long_run.py:387-396,Raw Tasas_Acc_Vic,agree,,corrected,"The page now says: 'The count of deaths was 25% below its trend in 2020 and 18% below in 2021, outside the range, and has been within it since 2022 ... Occupant deaths per registered vehicle were 25% below their trend in 2020, outside its range, and 15% below in 2021, within it'. The explanation that the fleet grew in 2020 was dropped in c72e359. Final check (0370825): site/long-run.html paragraph after Table 2 (exact)"
ledger-A|62,"long-run, hypothetical","Extra 1%/yr: 13% above in 2023 (outside), 10% in 2024 (inside); 2%: 8% and 5%, inside; needed 1.4 and 0.7 pp",2020-2024,,,,1.174/1.01^4 = 1.128; (1.0560)^(1/4)−1 = 1.37%; (1.0367)^(1/5)−1 = 0.72%,long_run.py:359-405; risk_trends.long_run_efficiency_sensitivity,Own arithmetic from own projection,wording,Figures agree; mislabelled 'deaths per tonne of fuel' (F3),revised,"The 1%/2% hypothetical box was removed from Long-run trends in 9d2697b. It remains on Since 2019 as deaths per kilometre, falls of 1.5% and 6.2%. Long-run now gives only the drift that would be needed: 'Had they grown faster by 1.3 percentage points a year from 2020, the 2023 excess would fall within the range; for 2024, 0.6 points would be enough.' The values come from the refit in c72e359 and were rounded up in 84ee283. They are set beside the measured interurban drift of 1.4 points. The 1.4 and 0.7 points are superseded. Final check (0370825): site/long-run.html (exact text); site/trends.html #road-fuel"
ledger-A|63,"long-run, interurban","8.7%–11.2% of interurban deaths 2016–2024 on uncovered roads; 10.1% in 2019, 9.9% in 2023; comparison moves <1%",DGT microdata 2016-2024,Interurban deaths,municipal + other owner,all interurban,"min 0.0872, max 0.1118; shift 0.28%",long_run.py:409-421; risk_trends.interurban_network_coverage,Table; microdata totals equal series totals in every year,agree,,confirmed,
ledger-A|64,"long-run, interurban","Last turning point 2013, −1.8%/yr; 2023 +5% within its range of −4% to +15%; 2020 km fell 22%, on trend 1.00×",2008-2023,,,,"−0.01823; ratio 1.0497; obs/high 0.964, obs/low 1.153; km 195,687/252,055 = 0.776",long_run.py:422-430,Raw PDF km; table,wording,"−4% to +15% is the interval of the ratio, not the trend's range, which is ±8.9% (F2)",corrected,Prose quotes the trend's 95% prediction range (+/-12%)
ledger-A|65,"long-run, interurban","Over national fuel, 13% above trend in 2023, beyond range; km per tonne +0.5%/yr 2011–2019, +1.9%/yr 2019–2023 (8,741 to 9,420)",,,,,1.1266 outside; (8741.2/8412.5)^(1/8)−1 = 0.48%; (9419.9/8741.2)^(1/4)−1 = 1.89%,long_run.py:431-442,Raw PDF and CORES,agree,,confirmed,
ledger-A|66,"long-run, road types","Conventional 7.4 deaths/bn km against motorways 2.1 (3.45×) = 2.28× crashes per km × 1.51× deaths per crash, 2023",DGT microdata 2023; Ministry 1.2.14,Interurban crashes on State/regional/provincial roads,"815 / 323 deaths; 16,463 / 9,874 crashes",109.979 / 150.320 bn veh-km,7.4105/2.1487 = 3.449; 149.69/65.69 = 2.279; 1.513,"long_run.py:142-148, 450-459; road_class.class_risk","Km totals from raw PDF (10,277 + 140,043; 16,751 + 93,228)",agree,The rounded 7.4/2.1 gives 3.52; precision mismatch (F13),corrected,"The rates are now printed to two decimals with an interval and a spread (c72e359, 84ee283): 'conventional roads ... had 7.41 deaths per billion vehicle-kilometres in 2023 and motorways ... 2.15: 3.45 times as many on conventional roads (95% interval 3.03–3.92). Over 2016–2023 the ratio ran from 3.04 to 3.84. In 2023 it combines 2.28 times as many injury crashes per kilometre with 1.51 times as many deaths per injury crash'. Final check (0370825): site/long-run.html section 'Conventional roads have 3 to 4 times the deaths per kilometre of motorways' (exact)"
ledger-A|67,"long-run, Fig 3 alt/caption",Count and per-vehicle fall below their dotted interval bounds in 2020; per tonne rises above theirs in 2023–2024; dotted lines = range allowed by trend's prediction intervals,,,,,Dotted lines = observed/high and observed/low (always bracket the ratio line),long_run.py:333-339; figures.py:213-232; plots.line_series:403-414,Code read,disagree,F2,corrected,Figure 3 redrawn with the trend's range shaded around 1; alt text and caption built from the tables
ledger-A|68,"long-run, Fig 4 alt/caption",Per-km line stays within its dotted bounds; fuel line rises above its own in 2023,,,,,as above,long_run.py:443-448; figures.py:255-277,Code read,disagree,F2,corrected,Figure 4 redrawn the same way
ledger-A|69,"long-run, limitation",Whether the 30-day death definition changed since 1993 has not been checked,,,,,,long_run.py:461-464,"DGT yearbook text (2011/2014 editions): correction factors for 1993–2010, different method from 2011. The 24-hour series in the same workbook gives breaks 2003/2013 and −10.8%/yr",wording,F8,corrected,Limitation rewritten from DGT's 2014 yearbook note; 24-hour series added and the joinpoint search repeated on it
ledger-A|70,"seasons, lead",Monthly road deaths 2014 to 2024,,,,,,seasons.py:234-240,season_month_effects first/last year,agree,,confirmed,
ledger-A|71,"seasons, summary",July 1.22× and August 1.14× the deaths of the average month,"2014-2019, 2022-2024",Spain 30-day deaths by month,monthly deaths,year mean month (sum-to-zero contrast),"1.2206, 1.1403",seasons.py:132-135; seasonality.month_effects,Own quasi-Poisson GLM on raw M_I-U_Meses: identical,agree,"Counts with no days-in-month offset; per day July 1.20, Aug 1.12",confirmed,
ledger-A|72,"seasons, summary",More road fuel is sold in July and August,,,,,"Fuel index 109.1, 104.6",seasons.py:101-105,Own profile from raw CORES,agree,,confirmed,
ledger-A|73,"seasons, summary","Per tonne July 1.12× and August 1.09×, 95% intervals wholly above the average month",,,,fuel offset,1.1179 (1.058–1.181); 1.0880 (1.028–1.152),seasons.py:136-139,Own GLM: identical,agree,,confirmed,
ledger-A|74,"seasons, summary",Road fuel is 'the one monthly series that covers every road and every vehicle',,,,,,seasons.py:136-137,"CORES petrol + diesel only (no electricity or LPG; fuel sold, not burnt)",wording,F10,corrected,'covers all roads'
ledger-A|75,"seasons, summary",February to May below and September above the average month per tonne,,,,,Highs 0.986/0.975/0.964/0.969; Sep low 1.034,seasons.py:78-80,Own GLM,agree,,confirmed,
ledger-A|76,"seasons, summary/lockdown","April 2020: deaths −68%, fuel −58%, petrol −76%, toll −78% against average April 2017–2019; per tonne −24%",2020 vs 2017-2019,Spain,40 deaths,125 (mean April 2017-19),"−0.680, −0.577, −0.764, −0.778, −0.243","seasons.py:88-94, 209-216; seasonality.lockdown_months","Own raw computation incl. toll .xls (Apr 2020 IMD 4,491)",agree,"The toll network shrank from 2,439 km to 1,894 km (F11)",confirmed,
ledger-A|77,"seasons, profile","Average August: deaths 113, fuel 105 (from 109 in July), petrol 116 (from 115), toll 140",9 years,,,,"113.37, 104.64, 109.10, 116.07, 114.62, 139.85",seasons.py:154-168; seasonality.seasonal_profile,Own profile from raw (toll from raw .xls),agree,,confirmed,
ledger-A|78,"seasons, effects","Both versions pool nine years 2014–2024, leaving out 2020 and 2021",,,,,,seasons.py:172-178,season_month_effects.years,agree,,confirmed,
ledger-A|79,"seasons, effects","Per tonne: July (1.06–1.18), August (1.03–1.15) above 1; Feb–May 0.90×–0.92× below 1; September 1.10× above; other months include 1",,,,,Apr 0.905 to Feb 0.924; Sep 1.0955,seasons.py:185-200,Own GLM,agree,,confirmed,
ledger-A|80,"seasons, lockdown",April 2020 the one full month under the strictest restrictions; state of alarm began 14 March 2020,,,,,,seasons.py:205-210; figures caption,Historical fact (RD 463/2020 of 14 March; de-escalation from May),agree,,confirmed,
ledger-A|81,"seasons, limitation","Against petrol sales or toll traffic, deaths rise less than them in summer (the reverse of fuel)",,,,,July deaths 121.4 vs petrol 114.6 (more); August 113.4 vs 116.1 (less),seasons.py:219-225; check only for August at :119-122,Own profile,wording,F9,corrected,"July and August described separately, with guards"
ledger-A|82,"seasons, figure captions","Fig 1/2 averaged over 2014–2024 (2020, 2021 left out); Fig 3 against the same month 2017–2019",,,,,,figures.py:317-382,Captions generated from the same tables; SVGs identical in site/ and reports/,agree,,confirmed,
ledger-B|1,drivers#summary,18–29 involved per km about 2.6× the 45–64 rate in 2024 (95% interval 2.28–2.86),DGT tablas 2024 (4.2 I/U); EMEF 2022–2024; INE 1 Jul 2024; DGT km_servicio 2024,"Private-car drivers (Turismo sin/con remolque) aged 18–29 vs 45–64, Spain","21,234 vs 35,092 drivers involved in injury crashes",32.62 vs 138.34 bn car-driver km (EMEF share × 289.78 bn DGT car km less taxi A04 and VTC A02),(21234/32.62)/(35092/138.34)=2.566,"risk_national_rates.csv (method A, km_total 'less taxi and ride-hailing'); exposure_risk/national.py:315-361; site/drivers.py:307-320","Counts recomputed from raw 2024 xlsx with own parser (exact); DGT km recomputed from raw (289.78 bn); ratio arithmetic reproduced. Independent crude EMEF km (band midpoints) gives 2.39–2.42, inside the interval",agree,Point estimate depends on the project's within-band distance model; direction robust,corrected,"The drivers summary now reads 'car drivers aged 18–29 were involved in injury crashes in Spain in 2024 2.53 times as often per kilometre driven as drivers aged 45–64 (95% sampling interval 2.2–2.8; sensitivity range, the span across the assumptions tested, 1.49–3.63), and more often under every assumption tested'. The earlier 2.6× (2.566, 2.28–2.86) is superseded. The point estimate 2.534 comes from bd34d32 and the interval 2.24–2.82 from 316a52f; it is printed to one decimal since e74cd57. Final check (0370825): site/drivers.html summary; risk_national_rates.csv A / less taxi and ride-hailing / 18-29: 2.5341 (2.2426–2.8230)"
ledger-B|2,drivers#summary,"65 and over about as often as the middle-aged, or modestly more (1.16; 1.00–1.35)",2024; EMEF 2022–2024,Private-car drivers 65+ vs 45–64,"11,425 vs 35,092",38.71 vs 138.34 bn km,(11425/38.71)/(35092/138.34)=1.164; CI low 0.9994,risk_national_rates.csv; site/drivers.py:310-312,Counts recomputed from raw tables (exact); ratio reproduced; own crude EMEF midpoint profile gives 1.25–1.34,wording,Value correct; the summary omits that one defensible profile (Madrid) gives 1.70 and that midpoint distance variants give ~1.25–1.34 (see findings),corrected,"The drivers summary now reads 'Drivers aged 65 and over were involved 1.19 times as often (95% sampling interval 1.0–1.4; sensitivity range 0.85–1.82), so whether they are involved more or less often per kilometre is not established.' The '1.19 (1.03-1.36)' in the earlier resolution is superseded. The interval has been 1.02–1.36 since 316a52f and is printed as 1.0–1.4 (e74cd57). The range 0.85–1.82 comes from 316a52f; earlier ranges were 1.00–1.70 and then 0.85–1.75. The claim of a direction was withdrawn in 66f645b. Final check (0370825): site/drivers.html summary; risk_national_rates.csv 65+ 1.1914 (1.0242–1.3620); risk_national_sensitivity 65+ 0.855–1.821"
ledger-B|3,drivers#summary,"In Barcelona on working days, 65+ involved about as often or less",GU Barcelona 2025; EMEF 2022–2024,"Car drivers (Turisme, Tot terreny) in GU injury crashes on 248 working days","354 (65+) vs 1,294 (45–64)","EMEF working-day km inside the city ×248, three variants",ratios 0.78 / 1.07 / 0.91,risk_barcelona_rates.csv; exposure_risk/barcelona.py:162-211; site/drivers.py:312-313,Counts recomputed from raw GU crash+person files (exact); crude own EMEF internal/crossing km gives 0.78 / 1.07 / 0.92–0.98,agree,,corrected,"The drivers summary no longer mentions Barcelona (cf73002). The section is headed 'Barcelona on working days: 65 and over at about the 45–64 rate' and says: 'Across the three versions, drivers aged 65 and over were involved at 0.80–1.11 times the rate of drivers aged 45–64, each with a 95% interval that includes 1'. Taxis and ride-hailing cars have been left out since bd34d32. The earlier ratios 0.78 / 1.07 / 0.91 are superseded by 0.80 / 1.11 / 0.94. Final check (0370825): site/drivers.html Barcelona section; risk_barcelona_rates.csv 'taxis and ride-hailing cars left out' 65+: 0.8017, 1.1117, 0.9389"
ledger-B|4,drivers#summary,75+ appear involved 1.3 to 2.2× the middle-aged; 65–74 at the middle-aged rate,2024; EDM2018; DGT census 2024; DGT owner km 2024,Car drivers 65–74 and 75+,"6,970 (65–74), 4,455 (75+)",65+ km split under four assumptions,"75+ min 1.3226→1.3, max 2.185→2.2; 65–74 0.90–1.08",risk_older_split.csv; exposure_risk/national.py:393-476; site/drivers.py:313-316,"Madrid-assumption split recomputed independently (INE provincial pop, EDM ratios): 75+ share 22.6%, 0.917 / 2.007",agree,Labelled model-dependent,revised,"The summary and the home page now give the 75+ sensitivity range as '0.97 to 3.20'; 0.97–3.28 was superseded by 316a52f. The tiered sentence prints its intermediate tier: ', so the data do not establish that they are involved more often per kilometre than drivers aged 45–64, or by how much' (4f8ac06). The conditional estimate reads 'about 2.1 times as often (95% sampling interval 1.6–2.6), a conditional estimate that holds only on that assumption'. The summary no longer describes 65–74 as 'at the middle-aged rate'; 65–74 is 0.94 (0.8–1.1) conditionally, with a range of 0.67–1.70. See ledger-B|94–98 and ledger-E|1–3. Final check (0370825): site/drivers.html summary and site/index.html finding 4 (exact); risk_older_extremes.csv 75+ full minimum 0.9747, full maximum 3.1985"
ledger-B|5,drivers#summary / homepage,"15.9 per 1,000 drivers 75+ involved died within 30 days vs 4.6 at 45–64",DGT tablas 2024 tables 4.1.1 & 4.2,Private-car drivers involved in injury crashes,"71 (75+), 163 (45–64) killed within 30 days","4,455 and 35,092 involved",15.94; 4.645,risk_severity_and_licences.csv; national.py:364-387; site/drivers.py:317-319; overview.py:215-222,Killed and involved recomputed from raw TABLA 4.1.1.I/U FALLECIDOS and 4.2.I/U (exact),agree,,confirmed,
ledger-B|6,drivers#involvement,Key result 2.57× (Spain 2024; 95% 2.28–2.86; sensitivity range 1.64–3.65),2024,18–29 vs 45–64,"21,234",32.6 bn km,range = min/max over 6 profiles (less-taxi km) and 4 weekend variants: 1.643 (rest of province) – 3.646 (Barcelona city),"site/drivers.py:204-218, 324-330; risk_national_rates.csv; risk_weekend_sensitivity.csv",Read every row of both tables and recomputed min/max,agree,The range leaves out the distance-within-band variants in emef_sensitivity.csv,corrected,"The key-result callout was removed in cf73002. The summary and Table 1 now give 2.53 (95% sampling interval 2.2–2.8; sensitivity range 1.49–3.63). Superseded figures are 2.57 (2.28–2.86) and the ranges 1.64–3.65 (first published) and 1.49–3.75 (before 316a52f). The range now also spans the distance treatments and the age mixes for uncovered kilometres (Table 3). Final check (0370825): site/drivers.html Table 1 row '18–29 | 21,234 | 33.0 | 643 (590–700) | 2.53 (2.2–2.8) | 1.49–3.63'"
ledger-B|7,drivers#involvement,"11.3% of car km with 18–29, 47.7% with 45–64, 13.4% with 65+",EMEF 2022–2024 × INE 2024,Spain residents 16+,Group km per day,Total km per day,"0.11257, 0.47739, 0.13357",risk_national_shares.csv method A; site/drivers.py:331-343,Table read; own crude recomputation from raw EMEF gives 11.8–12.1 / 47.5–47.7 / 11.6–12.4%,agree,The 65+ share is sensitive to the within-band distance treatment,corrected,"The page now reads 'they put 11.4% of car kilometres with drivers aged 18–29, 47.7% with 45–64 and 13.0% with 65 and over' (bd34d32). The earlier 11.3%, 47.7% and 13.4% are superseded. Final check (0370825): site/drivers.html involvement section; risk_national_rates.csv share_of_km 0.1139 / 0.4770 / 0.1304"
ledger-B|8,drivers#involvement,"Numerator is DGT's count of private-car drivers in injury crashes in 2024, whoever caused it; km less taxis and ride-hailing",2024,Turismo sin/con remolque; km excludes services A04/A02,"96,526 (4 groups)",289.78 bn km,292.99 − (2.53+0.68) = 289.78 bn,"national.py:79-87, 205-219, 234-266",Raw km_servicio_2024.xlsx summed by service code; raw table 4.2 columns checked,agree,"1,852 public-service drivers left out (verified)",confirmed,
ledger-B|9,drivers Fig.1 alt text,"18–29 about 2.6, 30–44 about 1.4, 65+ about 1.2 with an interval reaching 1; 65–74 around 1, 75+ about 1.3–2.2",2024,as Table 1,-,-,"2.566, 1.416, 1.164 (low 0.999); 0.90–1.08; 1.32–2.19",site/drivers.py:344-353 (hard-coded text),Compared with tables,agree,"Numbers are hard-coded, not read from the tables (finding F14)",revised,"The alt text is built from the tables and now reads as follows. 18–29: 2.53 (95% sampling interval 2.2 to 2.8; sensitivity range 1.49 to 3.63). 30–44: 1.40 (1.3 to 1.5; 1.12 to 1.72). 65+: 1.19 (1.0 to 1.4; 0.85 to 1.82). 65–74: 0.94 (0.8 to 1.1) on the Madrid assumption, range 0.67 to 1.70, 'above about 1.53 only with equal kilometres per licence holder'. 75+: 2.06 (1.6 to 2.6), range 0.97 to 3.20, 'below about 1.2 only with equal kilometres per licence holder'. The two-decimal intervals 0.80–1.10 and 1.63–2.64 quoted before are superseded by the Monte Carlo printing rule (bd444f3, e74cd57). The ranges come from 316a52f. Final check (0370825): site/drivers.html Figure 1 alt text (exact)"
ledger-B|10,drivers Fig.1 caption,Rows for 65–74 and 75+ rest on the Madrid survey's age profile,2024,"65–74, 75+",-,-,Band = min/max of 4 assumptions in risk_older_split,figures.py:612-646,Read figures.py and risk_older_split.csv,disagree,Two of the four assumptions (equal km per licence holder; registered owners' split) do not use the Madrid survey,revised,"Caption rewritten: hollow diamonds assume the Madrid 2018 pattern, their intervals include that survey's sampling error; grey bands are sensitivity ranges with no probability attached; hatched parts are reached only with equal km per licence holder"
ledger-B|11,drivers Fig.1 / Table 1,"n = 96,526 drivers involved",2024,18–29…65+,"21,234+28,775+35,092+11,425",-,"96,526",figures.py:647,Sum of raw counts,agree,,confirmed,
ledger-B|12,drivers Table 1,"18–29: 21,234; 32.6 bn km; 651 (593–716); 2.57 (2.28–2.86); 1.64–3.65",2024,Private-car drivers,"21,234",32.62 bn,650.9,site/drivers.py:69-97,Table rows read; rates recomputed,agree,,corrected,"Table 1 now reads '18–29 | 21,234 | 33.0 | 643 (590–700) | 2.53 (2.2–2.8) | 1.49–3.63'. The values changed in bd34d32 and 316a52f and the printing in e74cd57. The earlier 32.6; 651 (593–716); 2.57 (2.28–2.86); 1.64–3.65 are superseded. Final check (0370825): site/drivers.html Table 1; risk_national_rates.csv 33.01 bn, 643.29 (585.06–704.95), 2.534 (2.243–2.823)"
ledger-B|13,drivers Table 1,"30–44: 28,775; 80.1; 359 (338–380); 1.42 (1.30–1.55); 1.11–1.63",2024,Private-car drivers,"28,775",80.12 bn,359.2; ratio 1.416; range 1.109 (Madrid) – 1.628 (city),site/drivers.py:69-97,Recomputed,agree,,corrected,"Table 1 now reads '30–44 | 28,775 | 80.8 | 356 (340–380) | 1.40 (1.3–1.5) | 1.12–1.72'. The earlier 80.1; 359 (338–380); 1.42 (1.30–1.55); 1.11–1.63 are superseded (bd34d32, 316a52f, e74cd57). Final check (0370825): site/drivers.html Table 1; risk_national_rates.csv 80.76 bn, 356.30 (337.32–377.10), 1.4035 (1.2957–1.5247); sensitivity 1.116–1.717"
ledger-B|14,drivers Table 1,"45–64: 35,092; 138.3; 254 (244–264); reference",2024,Private-car drivers,"35,092",138.34 bn,253.7,site/drivers.py:69-97,Recomputed,agree,,corrected,"Table 1 now reads '45–64 | 35,092 | 138.2 | 254 (245–264) | 1 (reference)'. The earlier 138.3 and 244–264 are superseded (bd34d32, 316a52f). Final check (0370825): site/drivers.html Table 1; risk_national_rates.csv 138.24 bn, 253.85 (244.78–263.82)"
ledger-B|15,drivers Table 1,"65+: 11,425; 38.7; 295 (260–338); 1.16 (1.00–1.35); range 1.00–1.70",2024,Private-car drivers,"11,425",38.71 bn,295.2; range 0.996 (city) – 1.703 (Madrid),site/drivers.py:69-97,Recomputed,agree,,corrected,"Table 1 now reads '65 and over | 11,425 | 37.8 | 302 (270–340) | 1.19 (1.0–1.4) | 0.85–1.82'. The earlier 38.7; 295 (260–338); 1.16 (1.00–1.35); 1.00–1.70 are superseded (bd34d32, 316a52f, e74cd57). Final check (0370825): site/drivers.html Table 1; risk_national_rates.csv 37.78 bn, 302.45 (265.98–342.62), 1.1914 (1.0242–1.3620)"
ledger-B|16,drivers#involvement,Level for 65+ from 292 to 308 per bn km across km totals; ratios unchanged,2024,65+,"11,425",292.99 / 289.78 / 278.07 bn × 13.36%,"291.9, 295.2, 307.6","site/drivers.py:219-224, 362-364",Recomputed from raw km_servicio,agree,,corrected,The Table 1 note now reads 'its other kilometre totals change the rates (from 299 to 315 per billion km at 65 and over) but not the ratios' (bd34d32). The earlier 292–308 is superseded. Final check (0370825): site/drivers.html Table 1 note; risk_national_rates.csv 65+ involved_per_bn_km 299.13 / 302.45 / 315.19
ledger-B|17,drivers#involvement,"The transfer matters most for the youngest and oldest groups, whose driving varies most between city and country",EMEF 2022–2024,Areas of the province,-,-,Ratio across the 4 EMEF areas + province: 18–29 1.64–3.65; 30–44 1.15–1.63; 65+ only 1.00–1.21,site/drivers.py:360-362; risk_national_rates.csv,Read all less-taxi rows,disagree,"The 65+ upper end (1.70) comes from the Madrid survey, not from city-versus-country variation",corrected,"The paragraph now reads: 'For drivers aged 18–29 the largest is which region's age profile stands in for Spain's (1.64–3.63)... For 65 and over the treatments of trip distances give 1.13–1.41 ... This group is the most sensitive to them ... A different age mix on weekends lowers it to 1.05–1.11; and the regional profiles give 0.99–1.74, from Barcelona city's to the Madrid survey's.' The 65+ range ends, 0.85 and 1.82, now come from another region's profile combined with the age mixes for uncovered kilometres (Table 3, 16e9ef6, 316a52f). They no longer come from the Madrid and Barcelona-city profiles and the weekend mix, as the earlier resolution said. Final check (0370825): site/drivers.html paragraph after Table 1 and Table 3 row 'Another region's profile together with those age mixes | 1.49–3.52 | 1.13–1.72 | 0.85–1.82'"
ledger-B|18,drivers#barcelona,248 working days of 2025 (weekdays less Catalan and Barcelona holidays),2025,Calendar,261 weekdays − 13 weekday holidays,-,248,exposure_risk/calendar.py:19-61; site/drivers.py:379,Own calendar computation with the 15 listed holidays,agree,,confirmed,
ledger-B|19,drivers Table 2,"Drivers involved 652 / 981 / 1,294 / 354",GU 2025,"Turisme + Tot terreny drivers in crashes with ≥1 victim, working days",Counts,-,"6,851 of 7,741 crashes have victims; 3,486 working-day car drivers, 5.9% age unknown",exposure_risk/barcelona.py:73-88; risk_barcelona_rates.csv,Own parse of raw accidents_gu and accidents_persones CSVs,agree,"No drivers aged 16–17, so the 18–29 label is exact",corrected,"Table 4 (formerly Table 2) now counts 624 / 933 / 1,216 / 344 drivers involved, with taxis and ride-hailing cars left out (bd34d32). The earlier 652 / 981 / 1,294 / 354 are superseded. Final check (0370825): site/drivers.html Table 4; risk_barcelona_rates.csv 'taxis and ride-hailing cars left out' drivers_involved 624/933/1216/344"
ledger-B|20,drivers Table 2,"Inside-city-only ratios 2.56 (1.78–4.20), 1.15 (0.86–1.45), 0.78 (0.58–1.03)",2025 / EMEF 2022–2024,Car drivers inside the city,652 / 981 / 354,Internal-trip km,2.561 / 1.147 / 0.775,risk_barcelona_rates.csv; site/drivers.py:100-128,Table read; crude own EMEF internal km gives 2.37–2.40 / 1.09–1.11 / 0.78,agree,,corrected,"The inside-city ratios are now 2.61 (2–4), 1.16 (0.9–1.5) and 0.80 (0.6–1.1). The values come from bd34d32 and the intervals from 316a52f, printed to the precision the Monte Carlo error supports (e74cd57). The earlier 2.56 (1.78–4.20), 1.15 (0.86–1.45) and 0.78 (0.58–1.03) are superseded. Final check (0370825): site/drivers.html Table 4 column 'Inside-city trips only'; risk_barcelona_rates.csv 2.6086 (1.7616–4.3189), 1.1615 (0.8685–1.4988), 0.8017 (0.6003–1.1013)"
ledger-B|21,drivers Table 2,Capped and full-crossing ratios: 2.19 / 1.20 / 1.07 and 2.11 / 1.05 / 0.91 with intervals,2025,as above,as above,Internal + capped or full crossing km,2.190 / 1.195 / 1.074; 2.113 / 1.053 / 0.909,risk_barcelona_rates.csv,Table read; crude recompute 2.14 / 1.17–1.18 / 1.07 and 2.04–2.07 / 1.08–1.09 / 0.92–0.98,agree,,corrected,"Crossing trips at a city trip's length now give 2.23 (1.8–2.7), 1.21 (1.0–1.4) and 1.11 (0.9–1.4). Crossing trips in full now give 2.14 (1.7–2.7), 1.07 (0.9–1.3) and 0.94 (0.7–1.2). The changes come from bd34d32, 316a52f and e74cd57. The earlier 2.19 / 1.20 / 1.07 and 2.11 / 1.05 / 0.91 are superseded. Final check (0370825): site/drivers.html Table 4; risk_barcelona_rates.csv crossing rows 2.2300/1.2098/1.1117 and 2.1443/1.0699/0.9389"
ledger-B|22,drivers#barcelona,65+ at or below the 45–64 rate (0.78–1.07); 18–29 about twice (2.11–2.56),2025,as above,-,-,min/max across the three denominators,site/drivers.py:385-391,Recomputed spans,agree,,corrected,"The page now reads: 'drivers aged 65 and over were involved at 0.80–1.11 times the rate of drivers aged 45–64, each with a 95% interval that includes 1, and drivers aged 18–29 at 2.14–2.61 times it'. The 65+ result is now 'at about the 45–64 rate' instead of 'at or below' it. The earlier 0.78–1.07 and 2.11–2.56 are superseded. Final check (0370825): site/drivers.html Barcelona section (exact)"
ledger-B|23,drivers#barcelona heading/summary,A check matched in place and time,Crashes 2025; km 2022–2024,-,-,-,-,"site/drivers.py:313, 373",Read barcelona.py,wording,"Day type is matched but the year is not; ride-hailing (VTC) drivers of ordinary cars are in the numerator, while their working km are absent from the EMEF; the page does not say so",corrected,"The heading is now 'Barcelona on working days: 65 and over at about the 45–64 rate' (cf73002); the heading 'A check in Barcelona city on working days' quoted before is superseded. The section states the crash year (Guàrdia Urbana 2025) and the survey years (EMEF 2022–2024). It says that taxis and ride-hailing cars are left out, and that 'The crashes include drivers whose kilometres the survey does not count ... people driving ordinary cars for work'. Leaving out on-duty drivers gives 0.85–1.17. Final check (0370825): site/drivers.html h2 and Table 4 note (exact)"
ledger-B|24,drivers#75,Madrid 2018: 75+ drove 0.34× (men) and 0.28× (women) the km per resident of 65–74,EDM2018,Madrid residents 65+,Weighted car-driver km 75+,Weighted car-driver km 65–74,2.920/8.568=0.3408; 0.4915/1.7409=0.2823,edm_older_split.csv; site/drivers.py:403-411,Own computation from raw edm2018_individuos and viajes_conductor CSVs (exact match),agree,,confirmed,
ledger-B|25,drivers#75,EMEF sampled 65–74 and 75+ separately until 2016,"EMEF methodology report 2003–2018, Table 5",-,-,-,-,emef/variables.py:107-109,"Taula 5 (page 19) and note 5 of the methodology report 2003–2018, now archived as data/raw/emef/docs/emef_methodology_2003_2018.pdf: 65–74 and 75+ are separate age strata from 2008 to 2016 and merged from 2017",not checked,Source archived with a manifest row and checked (October 2026),confirmed,"OLDER_STRATA_LAST cites the methodology report 2003-2018, Table 5 (documented in EMEF_INVENTORY.md)"
ledger-B|26,drivers Table 3,75+ shares 23 / 34 / 21 / 31%; ratios 65–74 0.92 / 1.08 / 0.90 / 1.02; 75+ 2.01 / 1.32 / 2.19 / 1.48,2024,"Car drivers 65–74, 75+","6,970; 4,455",Split of 38.71 bn km,e.g. Madrid 75+: 4455/(0.226×38.71)/253.67=2.008,risk_older_split.csv; site/drivers.py:131-150,Table read; Madrid row recomputed independently,agree,"Superseded by the four-split table (October 2026): Madrid per resident 2.06 (1.6–2.6), Madrid per licence holder 2.24 (1.8–2.9), RACC limit 1.69 (1.4–2.0), equal km per licence holder 1.36 (1.2–1.6) at 75+; 65–74 0.94 / 0.92 / 1.00 / 1.10",revised,"Table 5 gives the four splits, each with the 75+ ratio and its 95% sampling interval, the range under that split and the 65–74 ratio. Madrid km per resident: 2.06 (1.6–2.6), 1.47–3.15, 0.94 (0.8–1.1). Madrid km per DGT licence holder applied to Spain's holders: 2.09 (1.7–2.7), 1.50–3.20, 0.93 (0.8–1.1). RACC limit: 1.69 (1.4–2.0), 1.21–2.57, 1.00 (0.9–1.1). Equal km per licence holder: 1.36 (1.2–1.6), 0.97–2.05, 1.10 (1.0–1.3). Men's implied km per holder are 0.48 / 0.48 / 0.68 / 1.00. The licence split's 2.24 (1.8–2.9) and the 65–74 0.92 in the audit note are superseded by 2.09 (1.7–2.7) and 0.93; the method changed in eb7b70f and the tables in 316a52f. See ledger-B|94 and ledger-E|3. Final check (0370825): site/drivers.html Table 5 (exact); risk_older_split.csv 75+ 2.0552/2.0922/1.6928/1.3579; risk_older_sensitivity.csv per-assumption min/max"
ledger-B|27,drivers#75,65–74 at about the middle-aged rate (0.90–1.08); 75+ above it (1.32–2.19),2024,as above,-,-,min/max,site/drivers.py:413-420,Recomputed,agree,"75+ 'above it' does not hold under every assumption: the sensitivity range is 0.97–3.28 and two combinations are at or below 1 (0.975, 0.989); 65–74 runs 0.66–1.63",revised,"The section gives the counted measures and the conditional estimate 2.06 (95% sampling interval 1.6–2.6) on the Madrid condition. It reports 'a sensitivity range of 0.97 to 3.20 at 75 and over and 0.67 to 1.70 at 65–74'. It adds 'one combination tested is consistent with no difference, and the data do not establish a higher rate at 75 and over, or its size' (ledger-B|97). The 0.97–3.28 and 0.66–1.63 quoted before are superseded (316a52f). Final check (0370825): site/drivers.html section '75 and over' (exact); risk_older_extremes.csv 75+ 0.9747–3.1985, 65-74 0.6701–1.6980"
ledger-B|28,drivers#deaths,"Key result 3.4× (15.9 vs 4.6 per 1,000 involved, 2024)",2024,Private-car drivers involved,"71/4,455","163/35,092",15.937/4.645=3.43,site/drivers.py:424-430,Raw counts,agree,,confirmed,
ledger-B|29,drivers#deaths,"4.1 at 18–29, 3.9 at 30–44, 4.6 at 45–64, 8.5 at 65–74, 15.9 at 75+",2024,Private-car drivers involved,88 / 113 / 163 / 59 / 71,"21,234 / 28,775 / 35,092 / 6,970 / 4,455",4.14 / 3.93 / 4.64 / 8.46 / 15.94,site/drivers.py:432-436,Raw tables 4.1.1 and 4.2,agree,,confirmed,
ledger-B|30,drivers#deaths,65+ killed 2.9× per km (2.12–3.74) although involved only 1.2× as often,2024,65+ vs 45–64,130 vs 163 killed,38.71 vs 138.34 bn km,3.359/1.178=2.85,risk_national_rates.csv killed_ratio; site/drivers.py:436-441,Recomputed,agree,,corrected,"The page now reads: 'drivers aged 65 and over were killed 2.92 times as often per kilometre driven as drivers aged 45–64 (95% sampling interval 2.3–3.9; sensitivity range 2.09–4.46), while their involvement per kilometre was 1.19 times (sensitivity range 0.85–1.82)'. Superseded: 2.9 (2.12–3.74) and 2.85 as first published, then 2.92 (2.21–3.82) until 316a52f. The point estimate changed in bd34d32 and the printing in e74cd57. Final check (0370825): site/drivers.html deaths section; risk_national_rates.csv 65+ killed_ratio 2.9186 (2.2547–3.8629); risk_national_sensitivity killed_ratio 65+ 2.093–4.461"
ledger-B|31,drivers#deaths,"Their excess deaths come from the outcome once involved, not from being involved in more crashes",2024,65+,-,-,On the log scale the fatality ratio (2.45) is ~86% of ln 2.85; involvement (1.16) is ~14%,site/drivers.py:440-441,Decomposition computed,wording,'Mainly' rather than 'not from'; the involvement interval reaches 1.00 and the sensitivity range reaches 1.70,corrected,"The page now reads: 'Under every assumption tested the first ratio is above the second, so most of the excess in deaths per kilometre comes from how often a crash kills an older driver, not from how often older drivers are in crashes' (66f645b). The wording 'come mainly from the outcome once involved' quoted before is superseded. Final check (0370825): site/drivers.html deaths section (exact)"
ledger-B|32,drivers Fig.2,"About 4 to 5 per 1,000 up to 64, about 8.5 at 65–74, about 16 at 75+; n = 96,526",2024,Private-car drivers,-,-,"21,234+28,775+35,092+6,970+4,455=96,526",site/drivers.py:443-449; figures.py:650-672,Table read,agree,Alt numbers hard-coded,revised,"The alt text is now read from the table (bd34d32): 'The rate is 4.1 at 18–29, 3.9 at 30–44, 4.6 at 45–64, 8.5 at 65–74 and 15.9 at 75 and over.' n = 96,526. The values are unchanged; the hard-coded 'about 4 to 5 ... about 16' is gone. Final check (0370825): site/drivers.html Figure 2 alt text (exact); drivers.py line 1179 builds it from the table"
ledger-B|33,drivers#former,Owner-age figure: 18–24 at 6.75× and 65–74 at 0.71× the 35–54 rate,DGT km by owner age 2024,All car types incl. public service,"12,198 … 7,018",Owner-band km,2351.2/348.3=6.75; 247.1/348.3=0.71,risk_owner_age_comparison.csv; driver_risk.py:114-138,Raw km_edad_propietario_2024.xlsx: private numerator gives 6.85 / 0.72,agree,,revised,"cf73002 removed the 'Why the former figure differed' section and its owner-age table. The former figure is kept only as history: 'the figure the page used to give, 6.75, compared drivers aged 18–24 with 35–54', and the change note gives the former 75+ figure of 1.02 against 35–54. The 65–74 figure of 0.71 is no longer printed. The like-for-like owner-km ratios are 4.62 (18–29) and 1.00 (65+), against 2.53 and 1.19. Final check (0370825): site/drivers.html closing paragraph of the per-km section and the 'Changed in October 2026' note (exact)"
ledger-B|34,drivers#former,This page used to divide the same drivers,2024,-,"Former 98,369 vs new 96,526",-,"18–24 former 12,198 = 12,096 private + 102 public-service",site/drivers.py:460; national.py:537-575,Raw table 4.2 SP column,wording,The former numerator included taxi and VTC drivers,corrected,"'the same drivers, taxi and ride-hailing drivers included'"
ledger-B|35,drivers#former / homepage,"Measured by driver age the young excess is about two and a half times, not nearly seven",2024,Different age bands,-,-,Owner km in the same bands (18–29 vs 45–64) gives 1285.7/278.1=4.62; 65+ 1.00; 65–74 0.88,site/drivers.py:458-470; overview.py:226-235,Own computation from raw km_edad_propietario_2024.xlsx (5-year bands) and raw table 4.2,disagree,Band mismatch (finding F1),corrected,Like-for-like owner-km ratios added (risk_owner_age_comparison): 4.62 and 1.00 against 2.53 and 1.19; 6.75 named as 18-24 against 35-54
ledger-B|36,drivers Table 4,"Owner-band rates 2,351 / 637 / 348 / 252 / 247 / 354 and ratios 6.75 / 1.83 / 1.00 / 0.72 / 0.71 / 1.02",2024,Owner bands,Table,Table,Matches CSV,site/drivers.py:153-168,Table read,agree,,removed,"The owner-band table (2,351 / 637 / 348 / 252 / 247 / 354 and 6.75 / 1.83 / 1.00 / 0.72 / 0.71 / 1.02) was removed in cf73002. Only 6.75 and 1.02 remain, both labelled as former figures; the page now has no owner-age table. Final check (0370825): site/drivers.html tables are 1 (age), 2 (DGT km composition), 3 (sensitivity), 4 (Barcelona), 5 (75+ splits), 6 (sex); no owner-band rates"
ledger-B|37,drivers#sex,"Men car drivers involved 1.41× women per licence holder (1.40–1.42), 2022–2024",DGT tablas 2022–2024; census 2022–2024,Car drivers 18+ (incl. Turismo de SP),"188,560 vs 102,094","47,322,398 vs 36,226,283 licence-holder-years",3.985/2.818=1.414,drivers_sex_ratios.csv; driver_risk.py:509-594,Counts recomputed from raw 2022–2024 tables (exact); 2023/2024 licence holders checked against the census text files,agree,,corrected,"The page now reads 'Per licence holder, pooling 2022–2024, men were involved 1.39 times as often as women (95% interval 1.38–1.40)'. Private cars now exclude taxis and ride-hailing cars (bd34d32). The earlier 1.41 (1.40–1.42) is superseded. Final check (0370825): site/drivers.html sex section; drivers_sex_ratios.csv car 18+ involved_per_1000_licences 1.3861 (1.3755–1.3968)"
ledger-B|38,drivers#sex,"Once involved, men died 2.57× as often (2.24–2.94)",2022–2024,Car drivers 18+,"1,194 vs 252","188,560 vs 102,094",6.332/2.468=2.565,drivers_sex_ratios.csv,Raw counts,agree,,corrected,"The page now reads 'once involved, died 2.62 times as often (2.28–3.00)', for private cars excluding taxis and ride-hailing (bd34d32). The earlier 2.57 (2.24–2.94) is superseded. Final check (0370825): site/drivers.html sex section and Figure 4 alt; drivers_sex_ratios.csv car 18+ deaths_per_1000_involved 2.6168 (2.2843–2.9976)"
ledger-B|39,drivers#sex,Per licence holder men died 3.63× as often (3.17–4.15),2022–2024,Car drivers 18+,"1,194 vs 252",Licence-holder-years,25.23/6.956=3.627,drivers_sex_ratios.csv,Recomputed,agree,,confirmed,
ledger-B|40,drivers#sex,The gap once involved holds in every age band,2022–2024,Car drivers by band,-,-,Lower bounds 1.99 / 2.12 / 1.95 / 1.28 / 1.02 / 1.23,site/drivers.py:292-301,Table read,agree,,confirmed,
ledger-B|41,drivers#sex,No source records km by sex; no source separates distance from crash rate per km,EMEF 2022–2024,Car drivers 18+,"2024 private-car drivers 62,064 men, 34,257 women",EMEF km by sex × INE population,Men ≈65% of car-driver km; involved per km M/F ≈0.95–0.97; killed per km ≈2.8,site/drivers.py:476-484; national.py:161-172 (profile by sex),Own EMEF + raw-table computation,disagree,Finding F2,corrected,"Per-km sex ratios from the EMEF profile added (risk_sex_per_km): men 0.91 times as often involved per km, 2.6 times as often killed"
ledger-B|42,drivers#sex,"All motor-vehicle drivers: men died 6.42× per licence holder, 3.23× once involved",2022–2024,Motor-vehicle drivers 18+,"2,819 vs 336 killed","Licence-holder-years; 320,296 vs 123,452 involved",6.42; 3.23,drivers_sex_ratios.csv; driver_risk.py:479-506,"Own raw count without 'Otro vehículo': 2,791/331, ratio 6.45",agree,"The project's motor scope includes 'Otro vehículo', which the page does not name",confirmed,
ledger-B|43,drivers#sex,Counting only car-licence holders makes the men's excess slightly larger,Census 2023–2024 NUM_PERMISOS_B,Car drivers 18+,801 vs 176 killed (2023–2024),All licences vs B permits,3.49 → 3.57,site/drivers.py:497-499 (no table),Own computation from raw census text files,agree,No result table supports it (finding F4),confirmed,
ledger-B|44,drivers Table 5,"Car: men 3.98 / 25.2 / 6.3 / 1,194; women 2.82 / 7.0 / 2.5 / 252. Motor: men 6.77 / 59.6 / 8.8 / 2,819; women 3.41 / 9.3 / 2.7 / 336",2022–2024,Drivers 18+,Table,Table,Matches drivers_sex_rates.csv,site/drivers.py:171-196,Table read; car counts recomputed,agree,,corrected,"The table is now Table 6, with private cars excluding taxis and ride-hailing (bd34d32). Car rows: men 3.88 / 25.2 / 6.5 / 1,194; women 2.80 / 7.0 / 2.5 / 252. Motor rows are unchanged: men 6.77 / 59.6 / 8.8 / 2,819; women 3.41 / 9.3 / 2.7 / 336. The earlier car values 3.98 / 6.3 (men) and 2.82 (women) are superseded. Final check (0370825): site/drivers.html Table 6; drivers_sex_rates.csv car male 18+ 3.8842 / 25.231 / 6.4958; female 2.8023 / 6.956 / 2.4824"
ledger-B|45,drivers Fig.3,"n = 290,654 drivers involved",2022–2024,Car drivers 18+,"188,560+102,094",-,"290,654",figures.py:409-416,Raw counts,agree,,corrected,"The figure is now Figure 4, with n = 285,327 drivers involved (private cars excluding taxis and ride-hailing, bd34d32). The earlier n = 290,654 is superseded. Final check (0370825): site/drivers.html Figure 4 source line 'n = 285,327 drivers involved'; drivers_sex_rates.csv car 18+ involved 183,811 + 101,516"
ledger-B|46,drivers limitations,Drivers of unrecorded age (2.3%) left out of every rate; ratios unchanged,2024,Private-car drivers,"2,234","96,526+2,234",2.26%,site/drivers.py:503-509; national.py:256-260,Raw 'Se desconoce' rows,agree,The national.py:27 docstring says 2.2% and 'allocated',revised,"The limitations now read: 'Drivers whose age the tables do not record (2.3% of those involved) are left out of every rate, which lowers each absolute rate by that share; the ratios assume their ages follow the recorded mix (if all were aged 18–29, the young drivers' ratio would be 2.80; assigned to any one age group, they would put the ratio for 65 and over between 1.12 and 1.42)'. The bounds were added in bd34d32. The claim that the ratios are unchanged is now stated as an assumption, with its bounds. Final check (0370825): site/drivers.html Limitations (exact)"
ledger-B|47,homepage,3.4× deaths once involved (15.9 vs 4.6),2024,Private-car drivers,71,"4,455",as drivers,overview.py:215-222,Same as drivers,agree,,confirmed,
ledger-B|48,homepage,18–29 2.6× (2.3–2.9); 65+ about as often or modestly more (1.16); former figure nearly seven,2024,Private-car drivers,-,-,2.566 (2.28–2.86),overview.py:223-235,Recomputed,disagree,The 'nearly seven' contrast uses different age bands (F1),corrected,"Home finding 4 now reads '2.53 times as often ... (95% sampling interval 2.2–2.8; sensitivity range 1.49–3.63)'. For 65+ it reads 'the central estimate is 1.19 times (95% sampling interval 1.0–1.4), but the sensitivity range is 0.85–1.82, so whether they are involved more or less often per kilometre is not established'. It adds the 75+ range of 0.97 to 3.20 and the conditional 'about 2.1 times as often (95% sampling interval 1.6–2.6)'. 'Nearly seven' was removed. The earlier 2.6 (2.3–2.9) and 1.16 are superseded; the changes come from bd34d32, c35dd36, 66f645b, 316a52f and e74cd57. Final check (0370825): site/index.html finding 4 (exact)"
ledger-B|49,homepage,Speed recorded in 6.9% of injury crashes in 2023; about twice the deaths per crash on the same kind of road,Speed report 2014–2023,Spain without Catalonia and the Basque Country,"5,070","73,249",6.92%; adjusted ratio 2.00,overview.py:239-262,Recomputed from PDF tables and processed microdata,wording,'About twice' summarises ratios that range from 1.22 (dual carriageways) to 5.90 (urban streets),corrected,Home and speed page lead with the range by road type; 2.00 called a weighted summary
ledger-B|50,vehicles#summary,Heavy truck in fatal crashes 10.3× a car per vehicle (2022),DGT tablas 2022 T2.3; ITV km 2022,Heavy trucks (incl. tractor units and articulated) vs cars (incl. SP),"284 vs 1,299 fatal involvements","493,815 vs 23,173,813 vehicles",57.51/5.606=10.26,"q6_summary_2022.csv; site/vehicles.py:49-51, 99-107",Raw TABLA 2.3 and media_km_antiguedad_tipo_2022.xlsx recomputed,agree,,confirmed,
ledger-B|51,vehicles#summary,2.5× as often per km,2022,as above,"284 vs 1,299",26.468 vs 302.949 bn km,10.730/4.288=2.50,site/vehicles.py:52,Raw,agree,,confirmed,
ledger-B|52,vehicles#summary,Each heavy truck driven 4.1× as far as a car,2022,-,"53,598 km","13,073 km",4.10,site/vehicles.py:57,Raw km file,agree,,confirmed,
ledger-B|53,vehicles#summary,"Motorcycle 2,831 km a year vs car 13,073 km",2022,-,"9.929 bn km / 3,506,772","302.949 bn / 23,173,813","2,831.4; 13,072.9",q6_vehicle_km_2022.csv,Raw km file,agree,,confirmed,
ledger-B|54,vehicles#summary,Motorcycle 2.2× a car per vehicle becomes 10.1× per km,2022,Motorcycles,432 fatal involvements,"3,506,772 vehicles; 9.929 bn km",12.32/5.606=2.20; 43.51/4.288=10.15,site/vehicles.py:53-56,Raw,agree,,confirmed,
ledger-B|55,vehicles#summary,Per vehicle buses and heavy trucks rank highest; per km motorcycles and mopeds,2022,6 groups,-,-,"Per 100k: 73.0, 57.5; per bn km: 43.5, 20.7",site/vehicles.py:69-81,Recomputed,agree,,revised,"The page now reads: 'Per vehicle on the road, buses and heavy trucks have the highest rates ... Per kilometre, motorcycles have by far the highest, and their 95% interval is clear of every other type's. Mopeds and buses come next, but their rates rest on few vehicles in fatal crashes (39 and 42) and their intervals overlap, so their order is not established.' These changes come from c72e359 and c5684dd. Final check (0370825): site/vehicles.html first section (exact); Figure 1 labels per bn km 43.5 / 20.7 / 15.7 / 10.7 / 4.4 / 4.3"
ledger-B|56,vehicles Table 1,"Fleet, km per vehicle and total bn km for 6 groups",2022,ITV-stratum vehicles,-,-,"e.g. vans+light trucks 4,220,394; 14,819; 62.5",q6_summary_2022.csv; vehicles.py:249-277,Raw km file summed per type,agree,,revised,"Table 1 now holds only the denominators: vehicles in circulation and km per vehicle a year (for example, vans and trucks up to 3,500 kg: 4,220,394 and 14,819). The total billion km column (for example, 62.5) was dropped, and the rates moved to the labels of Figure 1 (c5684dd). Final check (0370825): site/vehicles.html Table 1 columns 'Vehicle type | Vehicles in circulation | Km per vehicle a year'; '62.5' absent from vehicles.html"
ledger-B|57,vehicles Tables 1 & 2,In fatal crashes per bn km: 43.5 / 20.7 / 15.7 / 10.7 / 4.5 / 4.3,2022,6 groups,"432 / 39 / 42 / 284 / 278 / 1,299",bn km,Vans+light trucks 278/62.540=4.445 → 4.4,"vehicles.py:410 (round 2) then site/vehicles.py:154, 177 (1 dp)",Raw recomputation,disagree,Double rounding prints 4.5 (F3),corrected,q6_summary_2022 no longer rounded; vans print 4.4
ledger-B|58,vehicles Table 1,Own occupants killed per bn km 40.4 / 19.1 / 4.8 / 1.9 / 1.6 / 2.2 and per fatal crash 0.93 / 0.92 / 0.31 / 0.18 / 0.35 / 0.52,2022,Drivers + passengers of each type,401 / 36 / 13 / 51 / 98 / 681,bn km; fatal involvements,e.g. 51/284=0.180,vehicles.py:280-321,"Occupant deaths recomputed from raw TABLA 2.2 (interurban + urban blocks, driver + passenger)",agree,,confirmed,
ledger-B|59,vehicles Table 2,"Injury involvement per bn km 2,832 / 3,055 / 859 / 140 / 183 / 331; share fatal 1.5 / 0.7 / 1.8 / 7.7 / 2.4 / 1.3%",2022,6 groups,"28,120 / 5,751 / 2,304 / 3,708 / 11,419 / 100,240",bn km,"e.g. 284/3,708=7.66%",site/vehicles.py:165-193,Raw TABLA 2.3,agree,,confirmed,
ledger-B|60,vehicles Table 2,Relative to cars: injury 8.6 / 9.2 / 2.6 / 0.4 / 0.6; share fatal 1.2 / 0.5 / 1.4 / 5.9 / 1.9; fatal 10.1 / 4.8 / 3.7 / 2.5 / 1.0,2022,6 groups,-,-,Recomputed,site/vehicles.py:166-188,Recomputed,agree,,removed,"Table 2 now gives only injury-crash involvement per billion km and the share of crashes that were fatal. The ratios to cars were removed in c5684dd as repeats of its own columns. Ratios to cars survive in the prose only for motorcycles (8.6 injury, 1.2 share fatal, 10.1 fatal per km) and heavy trucks (0.4, 5.9, 2.5). The ratios for mopeds (9.2 / 0.5 / 4.8), buses (2.6 / 1.4 / 3.7) and vans (0.6 / 1.9 / 1.0) are no longer printed. Final check (0370825): site/vehicles.html Table 2 columns 'Vehicle type | In injury crashes per billion km | Share that were fatal'"
ledger-B|61,vehicles#frequency,"Motorcycles 8.6× injury crashes per km, share fatal only 1.2×; heavy trucks 0.4× and 5.9×",2022,-,-,-,8.56; 1.185; 0.423; 5.91,site/vehicles.py:194-203,Recomputed,agree,Says 'as it is used' — not causal,confirmed,
ledger-B|62,vehicles#who-dies,"0.18 for a heavy truck, 0.52 for a car, 0.93 for a motorcycle; at least 82% of truck fatal crashes had no truck death",2022,Fatal involvements,51 / 681 / 401,"284 / 1,299 / 432",1 − 51/284 = 82.0%,site/vehicles.py:205-214,Raw,agree,,confirmed,
ledger-B|63,vehicles#who-dies,Own-occupant deaths per km: trucks 1.9 vs cars 2.2; involvement 2.5×,2022,-,51; 681,26.468; 302.949 bn,1.93; 2.25 (2.2479 → 2.2),site/vehicles.py:215-222,Raw,agree,,confirmed,
ledger-B|64,vehicles technical,Light trucks would have 39% of a van's rate per km,2022,Vans vs light trucks,215 vs 63 fatal involvements,35.842 vs 26.698 bn km,2.360/5.999=0.393,q6_van_light_truck_split.csv,Raw,agree,,confirmed,
ledger-B|65,vehicles Fig.1 caption,"Fatal-crash involvement (deaths within 30 days) per 100k vehicles and per bn km, 2022",2022,6 groups,'Accidentes mortales a 30 días' by vehicle type,-,-,figures.py:676+,Raw column header checked,agree,,confirmed,
ledger-B|66,vehicles limitations,DGT's 2024 km use a different method and cannot be joined; single year,DGT km 2022 / 2024,-,-,-,risk_km_crosscheck: cars 302.9 vs 293.0 bn,site/vehicles.py:236-245,Table read only,not checked,Method difference not verified against the DGT documentation,corrected,"DGT's Tabla 6 2022-2024 series read and compared; the 'cannot be joined' statements replaced on trends, vehicles and sources"
ledger-B|67,speed#summary,"Speed recorded in 6.9% of injury crashes in 2023, which had 21.8% of deaths",Speed report 2023,Spain without Catalonia and the Basque Country,"5,070 crashes; 319 deaths","73,249; 1,462",6.92%; 21.82%,speed_severity.csv 'all' 2023; site/speed.py:94-97,Values typed from PDF Tables 1 and 13 (pdftotext),agree,,confirmed,
ledger-B|68,speed#summary,2016–2023 crude ratio 3.41,2016–2023,4 road types pooled,"2,607 deaths / 45,192 speed crashes","8,425 / 497,590 other crashes",5.769/1.693=3.407,factors.py:274-279; speed_severity_pooled.csv,Own recomputation (PDF counts + processed microdata totals),agree,,confirmed,
ledger-B|69,speed#summary,"Speed crashes are concentrated on other interurban roads, where any crash is more often fatal",2016–2023,-,"25,940 of 45,192 speed crashes (57%)","110,062 of 497,590 other crashes (22%)","Other interurban 'other' rate 3.93, the highest",site/speed.py:63-68,Recomputed,agree,,confirmed,
ledger-B|70,speed#summary,Same road type and year: 2.00 (95% 1.69–2.36),2016–2023,4 road types × 8 years,Deaths,Crash offset,"Quasi-Poisson exp(b)=2.000, dispersion 13.5",factors.py:211-271,Own statsmodels refit from independent inputs: 2.0000 (1.6922–2.3639),agree,"Says association, not causation",confirmed,
ledger-B|71,speed Table 1,"Urban: 11,085; 4.32; 0.73; 5.90× (5.35–6.50)",2016–2023,Urban streets,"479 / 11,085","2,455 / 334,919",5.895,speed_severity_pooled.csv,Recomputed,agree,,corrected,"Table 1 now reads 'Urban streets | 11,085 | 4.32 | 0.73 | 5.90 (5.06–6.86)'. The road-type intervals are now Poisson intervals widened by the square root of each type's own dispersion across years (8007e15). The earlier 5.35–6.50 is superseded. Final check (0370825): site/speed.html Table 1; speed_severity_pooled.csv urban 5.8951 (5.0645–6.8618), dispersion 2.41"
ledger-B|72,speed Table 1,"Motorways: 1,499; 5.27; 2.78; 1.90× (1.48–2.43)",2016–2023,TIPO_VIA 1–2,"79 / 1,499","325 / 11,695",1.896,factors.py:73-82,Recomputed,agree,Road-type match by name is not verified per type (disclosed),corrected,"Table 1 now reads 'Motorways | 1,499 | 5.27 | 2.78 | 1.90 (1.31–2.75)' (8007e15). The earlier 1.48–2.43 is superseded. Final check (0370825): site/speed.html Table 1; speed_severity_pooled.csv motorway 1.8965 (1.3058–2.7543)"
ledger-B|73,speed Table 1,"Dual carriageways: 6,668; 3.94; 3.23; 1.22× (1.07–1.39)",2016–2023,TIPO_VIA 3,"263 / 6,668","1,321 / 40,914",1.222,as above,Recomputed,agree,,corrected,"Table 1 now reads 'Dual carriageways | 6,668 | 3.94 | 3.23 | 1.22 (1.02–1.47)' (8007e15). The earlier 1.07–1.39 is superseded. Final check (0370825): site/speed.html Table 1; speed_severity_pooled.csv dual_carriageway 1.2216 (1.0174–1.4667)"
ledger-B|74,speed Table 1,"Other interurban: 25,940; 6.89; 3.93; 1.75× (1.66–1.85)",2016–2023,Remaining interurban,"1,786 / 25,940","4,324 / 110,062",1.753,as above,Recomputed,agree,,corrected,"Table 1 now reads 'Other interurban roads | 25,940 | 6.89 | 3.93 | 1.75 (1.62–1.90)' (8007e15). The earlier 1.66–1.85 is superseded. Final check (0370825): site/speed.html Table 1; speed_severity_pooled.csv other_interurban 1.7525 (1.6169–1.8995)"
ledger-B|75,speed#road-type prose,Urban 0.73 per 100 ordinary; 5.90×; other interurban 1.75; dual 1.22,2016–2023,-,-,-,-,site/speed.py:140-150,Recomputed,agree,,confirmed,
ledger-B|76,speed technical,Microdata reproduce the report's all / interurban / urban totals exactly every year 2016–2023,2016–2023,"Excl. provinces 8, 17, 25, 43, 1, 20, 48",Crashes and deaths,-,"e.g. 2023: 25,053 + 48,196 = 73,249; deaths 1,067 + 395",factors.py:85-101,"Own groupby on processed dgt_accidentes.parquet vs PDF Tables 1, 3, 5",agree,,confirmed,
ledger-B|77,speed technical,Road type and year account for 43% of the crude ratio (log scale),2016–2023,-,-,-,1 − ln2.000/ln3.407 = 0.435,site/speed.py:49,Recomputed,agree,,confirmed,
ledger-B|78,speed Fig.1,"n = 45,192 speed-related crashes; every ratio above 1; urban far above",2016–2023,-,-,-,"Sum of 4 types = 45,192",figures.py:419-446,Recomputed,agree,,confirmed,
ledger-B|79,speed#2016 break,"Unknown speed status 52% in 2016 and 52% in 2024, vs 17% in 2014",DGT tables 6.1 I/U,"Drivers involved (incl. cyclists, VMP)","90,175; 88,652; 27,077","173,893; 170,187; 154,919",51.9%; 52.1%; 17.5%,q9_infraction_shares.csv; speed.py:28-71,"Raw 2014 (xls), 2016, 2022 and 2024 table 6.1 rows checked",agree,,confirmed,
ledger-B|80,speed#2016 break,Speed-infraction share of all drivers 6.7%→4.3% (2014–2024); among known 8.1%→9.1%,"2014, 2024",Drivers,"10,382; 7,393","154,919 / 127,842; 170,187 / 81,535",6.70 → 4.34; 8.12 → 9.07,site/speed.py:183-201,Raw 2024 table 6.1 summed I+U,agree,,confirmed,
ledger-B|81,speed#2016 break,The speed-report crash series shows no break,2014–2023,3 zones,-,-,No speed change exceeds ×1.25 or ÷1.25,factor_changes.csv,Own break test,agree,,confirmed,
ledger-B|82,speed Fig.2,"n = 1,794,406 drivers",2014–2024,All roads,Sum of yearly totals,-,"1,794,406",q9_infraction_shares.csv,Summed,agree,,confirmed,
ledger-B|83,factors#summary,"Interurban alcohol 5.5% (2014) → 8.2% (2023), no break","Speed report Tables 5, 11",Interurban injury crashes,"1,405; 2,064","25,598; 25,053","5.49% → 8.24%, +50%",factor_windows.csv; site/factors.py:117-128,Own recomputation from PDF values,agree,,confirmed,
ledger-B|84,factors#summary,Inappropriate speed fell across all roads 10.0% → 6.9%,2014–2023,All injury crashes,"6,295; 5,070","63,062; 73,249",9.98% → 6.92% (−31%); at 2014 zone weights 2023 would be 7.6% (−24%),site/factors.py:124-125,Recomputed,wording,Partly a shift in crashes from interurban roads to urban streets (F11),corrected,"Factors summary gives the within-zone falls (-23%, -24%) and the composition shift"
ledger-B|85,factors#comparable,"Of 135 year-to-year changes, 33 are breaks or too small; rule >25% rise, >20% fall, <200 crashes",2014–2023,3 zones × 5 factors,-,-,"135, 33",factors.py:302-334; site/factors.py:139-151,Own implementation of the rule on PDF counts,agree,,confirmed,
ledger-B|86,factors Table 1,"Alcohol urban 2016–2023 2.5→3.2 (+29%); speed interurban 18.6→14.3 (−23%), urban 4.1→3.1 (−24%)",2014–2023,Zones,-,-,Recomputed,factor_windows.csv,Own windows match,agree,,confirmed,
ledger-B|87,factors Table 1,"Distraction interurban 24.8→26.3 (+6%); urban 2016–18 27.9→25.8 (−8%), 2019–23 10.9→12.2 (+12%); manoeuvres interurban 25.4→37.8 (+49%), urban 29.6→26.5 (−10%)",2014–2023,Zones,-,-,Recomputed,factor_windows.csv,Own windows match,agree,,confirmed,
ledger-B|88,factors#trends,Interurban distraction stayed 24.8–28.8%; manoeuvres had reached 37.8% by 2017,2014–2023,Interurban,-,-,"min 24.82, max 28.78; 2017 39.0%",site/factors.py:191-202,Recomputed,agree,,confirmed,
ledger-B|89,factors#breaks,"Urban distraction +68% in 2016, −58% in 2019; runs 2016–2018 and 2019–2023",2014–2023,Urban,"12,470/44,764 vs 7,215/43,391",-,×1.675; ×0.424,site/factors.py:205-210,Recomputed,agree,,confirmed,
ledger-B|90,factors#breaks,Urban alcohol +57% in 2016; driver tables unrecorded 19%→52%,2015–2016,Urban; drivers,-,-,×1.574; 19.2% → 51.9%,site/factors.py:211-216,Recomputed,agree,,revised,"The factors page now reads: 'Recorded alcohol on urban streets rose 57% in the same year, 2016. That is also the year from which DGT's driver tables, which cover all of Spain, leave about half of drivers without a speed status (see Speed)'. The 19%→52% figures moved to Speed, whose Figure 2 alt text reads 'jumps from 19% in 2015 to 52% in 2016' (98d1701). Final check (0370825): site/factors.html section 'The urban distraction and drug series break'; site/speed.html Figure 2 alt"
ledger-B|91,factors#breaks,Drugs at most 838 crashes a year; 12-fold 2014–2018; collapse 2020; every change breaks,2014–2023,All roads,69 → 838; 683 → 99,-,12.1×,site/factors.py:216-219,Recomputed; all drug changes in all zones flagged,agree,,confirmed,
ledger-B|92,factors#summary,Urban distraction and drug series jump in ways that point to changes in recording,-,-,-,-,-,site/factors.py:125-127 vs 147-150,Text comparison,wording,Body says the rule cannot tell behaviour from recording (F12),corrected,"The summary now reads: 'Distraction on urban streets and drugs cannot be followed across the period, because their series jump abruptly from one year to the next.' It no longer attributes the jumps to recording, and no longer says that the data cannot tell; that clause was dropped from the summary in 98d1701. The body keeps 'it cannot say whether a break, or a trend within a run, comes from behaviour, from recording or from both'. Final check (0370825): site/factors.html summary and 'A fixed rule marks where each series breaks' (exact)"
ledger-B|93,factors Fig.1,"Caption rule: >25% rise, >20% fall or <200 crashes; Spain without Catalonia and the Basque Country, 2014–2023",2014–2023,-,-,-,-,figures.py captions; factors.py:68-70,Matches code constants,agree,,confirmed,
ledger-B|94,drivers#75 / summary / homepage / data,"Conditional estimate: if people aged 75+ drive as much less than 65–74s as in Madrid in 2018, 75+ involved 2.06× the 45–64 rate per km (95% sampling interval 1.63–2.64); 65–74 0.94 (0.80–1.10)",2024; EDM2018; EMEF 2022–2024,Private-car drivers 65–74 and 75+,"4,455 (75+), 6,970 (65–74)",65+ km split by the EDM2018 ratio of km per resident by sex,Joint 300x300 EMEF x EDM replicates with gamma counts; Monte Carlo standard errors 0.019 and 0.033 by a pigeonhole bootstrap (the batch figures 0.006 and 0.010 first reported ignored the replicates the blocks share),risk_older_split.csv; exposure_risk/national.py older_split; site/numbers.py _older_numbers,Two exploratory codes gave 1.64–2.63 and 1.65–2.64,agree,Always printed with its condition; never 'reference' or 'best estimate'; printed 1.6–2.6 because the second decimal is within Monte Carlo error (eight independent replicate sets gave 1.62–1.65 and 2.57–2.70),revised,"The estimate is printed as 2.06 (95% sampling interval 1.6–2.6) on drivers#75, in Table 5, in the Figure 1 alt text and on data. The drivers summary and the home page round it to 'about 2.1 times as often (95% sampling interval 1.6–2.6)'. 65–74 is printed as 0.94 (0.8–1.1). The Madrid condition is always stated. The two-decimal intervals 1.63–2.64 and 0.80–1.10 are not printed (bd444f3). Final check (0370825): site/drivers.html '2.06 times as often per kilometre ... (95% sampling interval 1.6–2.6), and drivers aged 65–74 0.94 times (0.8–1.1)'; site/index.html; site/data.html; risk_older_split.csv 2.0552 (1.6311–2.6429), MC se 0.0187/0.0327"
ledger-B|95,drivers#75,"Per 1,000 B-licence holders: 2.84 involved at 75+, 2.13 at 65–74, 2.98 at 45–64; every per-km estimate above the per-holder ratio 0.95",DGT tablas 2024; DGT census 2024,Private-car drivers involved,"4,455 / 6,970 / 35,092","B-licence holders 1,569,029 / 3,267,400 / 11,762,775",count-only interval of the ratio 0.92–0.98,risk_older_reference_checks.csv; risk_severity_and_licences.csv,Recomputed from the census text file,agree,Not rates per driver,added,
ledger-B|96,drivers#75 / Figures 1 and 3,"Below about 1.2 the 75+ range is reached only with equal km per licence holder, at odds with surveys of men's driving (Madrid 0.48, 0.36–0.63; RACC at most 0.68)",EDM2018; DGT census 2024; RACC 2013,Men 65+ with a B licence,implied km per holder at 75+,implied km per holder at 65–74,rule men_km_per_holder_75_vs_65_74 >= 1; marks exactly the equal-split rows,risk_older_sensitivity.csv (at_odds_with_mens_driving); national.older_sensitivity,"Same set for any threshold in (0.68, 1]",agree,"Marked rows stay in the range, hatched; counts of rows are never evidence",revised,"The page now prints 'in Madrid in 2018, 0.48 times as far per 2024 DGT licence holder (95% sampling interval 0.4–0.6); in RACC's survey ... on about 0.68 times as many days, an upper limit'. The two-decimal 0.36–0.63 is not printed under the Monte Carlo printing rule (bd444f3, e74cd57). The equal-split parts are hatched in Figures 1 and 3, and the text reads 'Below about 1.2'. Final check (0370825): site/drivers.html paragraph after Figure 3 (exact)"
ledger-B|97,drivers#summary / homepage / data,"Tiered direction sentence: every combination consistent with surveys of men's driving puts 75+ above the 45–64 rate, but at the lowest (1.21) sampling error alone reaches it (0.9–1.8), so these data cannot show a higher rate per km at 75+ whatever the assumption, nor by how much",2024,Car drivers 75+,-,-,PASS/INTERMEDIATE/FAIL guard in site/numbers.py _older_numbers,risk_older_extremes.csv; risk_older_sensitivity.csv,Tier recomputed in tests/test_site.py,agree,Intermediate wording printed; the earlier 'not established under every assumption' could be read as 'established under none' and was reworded; no wording rests on an end within three Monte Carlo standard errors of 1,revised,"The wording now in use dates from 4f8ac06. The summary and home page read ', so the data do not establish that they are involved more often per kilometre than drivers aged 45–64, or by how much' (the INTERMEDIATE tier of OLDER_CONCLUSION in site/numbers.py). drivers#75 reads 'Among the other combinations tested, the lowest, about 1.2 ... Its 95% sampling interval, 0.9–1.8, includes the 45–64 rate. So even leaving out equal kilometres per licence holder, one combination tested is consistent with no difference, and the data do not establish a higher rate at 75 and over, or its size'. The data page reads 'at the lowest other combination sampling error alone reaches the 45–64 rate'. Final check (0370825): site/drivers.html, site/index.html, site/data.html (exact); risk_older_extremes.csv lowest unmarked 1.2146 (0.9092–1.7563)"
ledger-B|98,drivers#75 (Barcelona check),"In Barcelona the four splits give 0.80–1.82 at 75+, below 1 in some combinations and above it in others; with 120 drivers the Madrid split's intervals (0.8–1.8, 1.2–2.3 and 1.0–2.0, printed to the precision their Monte Carlo error supports) are wide: one includes 1, one lies above it and one ends so close to 1 that another set of resamples could put its lower end on either side",Guàrdia Urbana 2025; EMEF 2022–2024; EDM2018,Car drivers inside Barcelona on working days,"120 (75+), 224 (65–74)",city km split by each national split,"EMEF city replicates × EDM replicates, gamma counts",risk_barcelona_older.csv; exposure_risk/barcelona.py older_ratios,Point values unchanged from the earlier table,agree,The earlier reason ('each figure has a wide interval') did not hold: three splits' intervals exclude 1 with crossing trips at an internal trip's length; the verdict stands because the figures disagree,revised,"The page now reads 'the four splits give 0.80–1.70 at 75 and over across the three ways of counting trips that cross the city boundary'. The earlier 0.80–1.82 is superseded: the licence split was rebuilt on DGT licence holders (eb7b70f, 316a52f). The Madrid split's intervals (0.8–1.8, 1.2–2.3 and 1.0–2.0) and the verdict are unchanged. Final check (0370825): site/drivers.html paragraph 'In Barcelona's working-day check' (exact); risk_barcelona_older.csv 75+ min 0.7997, max 1.6993"
ledger-C|1,severity,"Lead: DGT national records 2016–2024; associations, not a predictive model",DGT microdata 2016–2024,injury crashes,-,-,first_train_year.min()–last_test_year.max() of q3_holdout_summary,"site/severity.py:115,512-519; q3_holdout_summary (models.holdout_check)","raw xlsx 2016–2024 present, years 2016..2024 in my frame",agree,,confirmed,
ledger-C|2,severity,Summary: head-on collision 5.66 times the odds of a death vs side collision,DGT 2016–2024,"875,013 injury crashes",crashes with >=1 death within 30 d (TOTAL_MU30DF>0),all injury crashes,"exp(beta) crash_type=head-on, full logistic model, 12 predictors",q3_model_coefficients (models.coefficient_table/fit_severity); site/severity.py:261-268,"own GLM-binomial refit from raw xlsx, province-clustered SE: 5.6640 (5.1581–6.2196)",agree,Reference 'side collision' includes front-side (code 2) collisions: see finding F5,corrected,"Now 5.48 times the odds (95% interval 4.95–6.06) against a side or front-side collision, after the inverted Catalan 2023–2024 junction flag is read the other way round (refit e179eb2; page rebuilt 862262d). 5.66 is superseded. Final check (0370825): site/severity.html summary: 'Against a side or front-side collision, a head-on collision had 5.48 times the odds of a death (95% interval 4.95–6.06)'; q3_model_coefficients.csv fatal/head-on collision OR 5.48167 (4.95451–6.06491)"
ledger-C|3,severity,Summary: pedestrian struck 6.44 times the odds,DGT 2016–2024,injury crashes,fatal crashes,injury crashes,exp(beta),q3_model_coefficients; severity.py:262-268,own refit 6.4401 (5.4213–7.6503),agree,,corrected,Now 6.27 times the odds (5.22–7.53) (e179eb2; 862262d). 6.44 is superseded. Final check (0370825): site/severity.html summary: 'a pedestrian struck 6.27 times (5.22–7.53)'; q3_model_coefficients.csv fatal/pedestrian struck 6.27152 (5.22043–7.53422)
ledger-C|4,severity,Summary: death most strongly associated with crash type (two largest ORs are head-on and pedestrian),DGT 2016–2024,injury crashes,-,-,ranking of non-nuisance non-reference ORs,severity.py:152-175 check,"own refit: next largest urban crossing 4.18, interurban 3.20; only nuisance alignment-unknown (0.12) is further from 1",agree,,revised,"The summary now says the odds of a death 'went most strongly with the type of crash and where it happened', and it adds the location contrast: a conventional interurban road has 6.63 times the odds (4.95–8.89) of an urban street. Head-on and pedestrian struck remain far above the other crash-type terms (wording 0615c4a; values 862262d). Final check (0370825): site/severity.html: 'the odds of a death went most strongly with the type of crash and where it happened'; 'Outside zone and road type, a head-on collision and a pedestrian struck stand far above the rest: the next strongest is the crash type “run-off or overturn”, at 2.05 (1.66–2.52)'"
ledger-C|5,severity,Summary: wet conditions 0.56 times the odds of a death,DGT 2016–2024,injury crashes,fatal,injury crashes,wet-surface OR in model without weather,"q3_adverse_conditions variant no_weather; severity.py:112,270","own refit without weather: 0.5597 (0.4881–0.6418); without Catalonia it is 0.61 (0.54–0.68), so robust",agree,"Value from a variant model, explained in section 2",confirmed,
ledger-C|6,severity,Summary: junction 0.75 times the odds,DGT 2016–2024,injury crashes,fatal,injury crashes,"exp(beta) junction=at a junction, full model",q3_adverse_conditions full; severity.py:114,own refit 0.7488 (0.6918–0.8104),agree,,corrected,"Now 0.69 (0.65–0.73), 'once the junction flag that DGT's records for the Catalan provinces invert in 2023 and 2024 is read the other way round' (refit e179eb2; page 862262d). 0.75 (0.69–0.81) is kept only as the 'flag as published' sensitivity. Final check (0370825): site/severity.html summary: 'and so did a crash at a junction (0.69, 0.65–0.73)'; q3_model_coefficients.csv junction OR 0.690431 (0.654392–0.728455); q3_junction_sensitivity.csv 'as published' 0.748769"
ledger-C|7,severity,"875,013 injury crashes 2016–2024",DGT 2016–2024,all rows of 9 annual files,-,-,row count,numbers._severity_numbers n = q3_model_coefficients.n,"raw xlsx row sum 102,362+...+101,996 = 875,013",agree,,confirmed,
ledger-C|8,severity,1.6% had at least one death within 30 days,DGT 2016–2024,injury crashes,"14,333 crashes TOTAL_MU30DF>0","875,013","14,333/875,013 = 1.638%",numbers._severity_numbers fatal_share; derive.add_fields fatal,raw recomputation,agree,Repeated in the stability section ('1.6% were fatal'),confirmed,
ledger-C|9,severity,Levels with fewer than 500 crashes merged into reference; missing kept as own level; 95% CIs clustered by province,-,-,-,-,features.MIN_LEVEL_CRASHES=500; models._cluster_covariance (52 provinces),"features.py:39,307-315; models.py:190-249","own merge reproduced level counts exactly (road urban street 518,277+85 not specified = 518,362 etc.)",agree,"Subset variants are not re-merged within the subset and the 0-death 'surface not specified' level (547 crashes) is dropped as separated; not stated, immaterial",confirmed,
ledger-C|10,severity,Rain OR 0.86 (0.72–1.03) full → 0.56 (0.49–0.65) without road surface,DGT 2016–2024,injury crashes,fatal,injury crashes,exp(beta) weather=rain,q3_adverse_conditions full/no_surface; severity.py:300,own refits: 0.8650 (0.7248–1.0323); 0.5649 (0.4940–0.6460),agree,,corrected,The rain full-model OR is now 0.86 (0.73–1.03); without road surface it is still 0.56 (0.49–0.65) (862262d). Final check (0370825): site/severity.html: 'the odds ratio for rain moves from 0.86 (0.73–1.03) to 0.56 (0.49–0.65)'; q3_model_coefficients.csv rain 0.86346 (0.725048–1.0283)
ledger-C|11,severity,Wet surface 0.62 (0.52–0.74) full → 0.56 (0.49–0.64) without weather,DGT 2016–2024,injury crashes,fatal,injury crashes,exp(beta) surface=wet,q3_adverse_conditions; severity.py:301-302,own refits 0.6183 (0.5157–0.7413); 0.5597 (0.4881–0.6418),agree,'wet' = CONDICION_FIRME 3 (Mojado) only; 'muy encharcado' (4) is in 'other surface',confirmed,
ledger-C|12,severity,Rain and wet surface are one wet-conditions association of about 0.56,DGT 2016–2024,injury crashes,-,-,|log(0.5649/0.5597)|<0.1,severity.py:181-184 check,own refits,agree,,confirmed,
ledger-C|13,severity,49% of crashes in the rain on interurban roads vs 36% of all crashes,DGT 2016–2024,injury crashes,"31,076 rain crashes in zone interurban","63,856 rain crashes / 875,013",48.67% vs 35.68%,q3_adverse_composition (models.level_composition),raw recomputation,agree,,confirmed,
ledger-C|14,severity,"Wet-surface OR 0.63 (0.54–0.74) interurban, 0.57 (0.39–0.82) urban streets",DGT 2016–2024,"interurban (312,238) / street-zone (546,619) crashes",fatal,subset crashes,stratified refits dropping zone (and road),q3_adverse_conditions interurban/street (models.adverse_conditions),own stratified refits with project merge rule: 0.630 (0.539–0.736); 0.568 (0.392–0.823),agree,,confirmed,
ledger-C|15,severity,"Wet interval below 1 in every variant; junction too, 0.75 (0.69–0.81) full",DGT 2016–2024,injury crashes,-,-,max or_high over variants,q3_adverse_conditions; severity.py:191-196 checks,"table: wet max upper 0.82, junction max upper 0.89 (fatal); own refits of 6 variants agree",agree,For death-or-hospitalisation the street-only junction interval crosses 1 (0.93–1.04); the sentence is about death only,corrected,"The wet-surface interval is still below 1 in every variant. The junction OR is now 0.69 (0.65–0.73) in the full model and is below 1 in every variant (862262d). Final check (0370825): site/severity.html: 'A crash at a junction also had lower odds of a death, 0.69 (0.65–0.73) in the full model and below 1 in every variant'; Table 3 junction death ORs 0.55–0.82"
ledger-C|16,severity,Figure 1: same OR under 8 models (full + 7 variants),DGT 2016–2024,"n = 875,013",-,-,variants.variant.nunique()=8,"severity.py:118,317-322; captions.json s2_adverse_conditions; models.ADVERSE_VARIANTS",8 keys in ADVERSE_VARIANTS; SVG labels list 8 models,agree,,revised,"The 8-model chart is now Figure 2; Figure 1 is now the odds ratio of every circumstance (renumbered 0615c4a). Its junction markers come from the corrected flag (862262d), and its alt text now says the wet-surface and junction ORs are below 1 in every variant. Final check (0370825): site/severity.html: 'Figure 2. Adverse conditions and a fatal outcome: the same odds ratio under 8 models'"
ledger-C|17,severity,"Hail/snow 0.63 (0.46–0.85) full; 0.99 (0.62–1.57) conventional roads, interval includes 1",DGT 2016–2024,"injury crashes; conventional subset 201,096",fatal,crashes,exp(beta) weather=hail or snow,q3_adverse_conditions,own refits 0.6267 (0.4607–0.8524); conventional 0.988 (0.620–1.574),agree,,corrected,"Hail/snow is now 0.62 (0.46–0.85) in the full model and 0.98 (0.61–1.56) on conventional roads, where the interval still includes 1 (862262d). Final check (0370825): site/severity.html: 'Their odds ratio is 0.62 (0.46–0.85) in the full model but 0.98 (0.61–1.56) on conventional roads alone'; q3_model_coefficients.csv hail or snow 0.621749 (0.45652–0.84678)"
ledger-C|18,severity,"Hail and snow in only 1,577 crashes, 80% on interurban roads",DGT 2016–2024,injury crashes,"1,268 interurban","1,577",80.4%,q3_adverse_conditions.n_level; q3_adverse_composition,raw recomputation,agree,,confirmed,
ledger-C|19,severity,"Removing three provinces that record most hail/snow leaves OR 0.66 (0.46–0.93), inside full interval",DGT 2016–2024,"crashes outside Madrid, Asturias, León (717,943)",fatal,crashes,"refit without provinces 28, 33, 24",q3_adverse_exclusions (models.level_exclusions),"own refit 0.6554 (0.4597–0.9345); provinces by count 162, 87, 80",agree,,corrected,"Now 0.65 (0.45–0.93) with the three provinces removed, still inside the full interval (862262d). Final check (0370825): site/severity.html: 'leaves the odds ratio at 0.65 (0.45–0.93)'; q3_adverse_exclusions.csv '28, 33, 24' 0.649109 (0.454495–0.927058)"
ledger-C|20,severity,Table 1: ORs for 4 adverse conditions x 8 variants x 2 outcomes,DGT 2016–2024,injury crashes,fatal / fatal-or-hospitalised (TOTAL_HG30DF>0),crashes,variant refits,q3_adverse_conditions; severity.py:336-361,"fatal full/no_weather/no_surface/interurban/street/conventional and serious full (wet 0.6217, rain 0.9318, hail 0.7297, junction 0.9051) recomputed; no_lighting and no_weather_or_surface checked table-to-page only",agree,,corrected,"Now Table 3 (renumbered 0615c4a). The junction correction changed several cells (862262d): junction full model 0.69 (0.65–0.73) for death and 0.86 (0.82–0.91) for death or hospitalisation; rain 0.86 (0.73–1.03); hail 0.62 (0.46–0.85), and 0.98 (0.61–1.56) on conventional roads. Final check (0370825): site/severity.html 'Table 3. Odds ratios for the adverse conditions under every model variant' row 'At a junction | Full model | 0.69 (0.65–0.73) | 0.86 (0.82–0.91)'"
ledger-C|21,severity,"Alignment 'unknown' OR 0.12, among the strongest terms",DGT 2016–2024,injury crashes,-,-,exp(beta),"q3_model_coefficients; severity.py:158-165,370",own refit 0.1186 (0.0727–0.1934); largest |log OR| of all terms,agree,,confirmed,
ledger-C|22,severity,"Alignment unknown: 34.7% of Catalan crashes vs 0.5% elsewhere; 95.7% of its 78,990 crashes Catalan; Catalonia 24.9% of all crashes",DGT 2016–2024,injury crashes,"75,624 Catalan unknown","217,966 Catalan / 657,047 other / 78,990","34.70%, 0.51%, 95.74%, 24.91%",q3_recording_regime (models.recording_regime),"raw recomputation, provinces 8,17,25,43",agree,,confirmed,
ledger-C|23,severity,Other missing-value levels at most 0.07% Catalan,DGT 2016–2024,missing-value levels,23,"32,211 weather not specified",0.0714%,q3_recording_regime; severity.py:378,raw recomputation,agree,,confirmed,
ledger-C|24,severity,"Refit without Catalonia's 217,966 crashes; all 32 other ORs stay inside full interval",DGT 2016–2024,"657,047 non-Catalan crashes",-,-,count non-nuisance non-year terms with point estimate in full CI,"q3_regime_sensitivity (models.regime_sensitivity); severity.py:120-127,380-389",own refit without provinces 8/17/25/43; checked all 32 point estimates against full intervals,agree,'Inside the full interval' is a weak criterion given wide clustered intervals (e.g. zone interurban 1.76–5.81),confirmed,
ledger-C|25,severity,Largest moves in zone and road type; urban crossing 4.18 → 2.57,DGT 2016–2024,-,-,-,rank |ratio-1|,"q3_regime_sensitivity; severity.py:125-126,232-235","own refit 4.1800 → 2.5658; top 3 urban crossing, interurban, other road",agree,,corrected,"Urban crossing is now 4.28 → 2.57 (862262d). Final check (0370825): site/severity.html: 'for the zone “urban crossing”, the odds ratio goes from 4.28 to 2.57'; q3_regime_sensitivity.csv urban crossing 4.28123 → 2.56584"
ledger-C|26,severity,"Wet 0.62→0.72, junction 0.75→0.70 (both below 1), alignment unknown 0.12→0.44",DGT 2016–2024,non-Catalan crashes,-,-,refit ORs,q3_regime_sensitivity,"own refit 0.7188 (0.6608–0.7818), 0.7030 (0.6623–0.7461), 0.4421",agree,,corrected,"Junction is now 0.69 → 0.70. Wet 0.62 → 0.72 and alignment unknown 0.12 → 0.44 are unchanged (862262d). Final check (0370825): site/severity.html: 'the junction odds ratio from 0.69 to 0.70, both still below 1'; q3_regime_sensitivity.csv junction 0.690431 → 0.702982"
ledger-C|27,severity,"Table 2: 8 ORs with and without Catalonia (wet, junction, rain, head-on, pedestrian, interurban zone, conventional, alignment unknown)",DGT 2016–2024,injury crashes,-,-,refit,q3_regime_sensitivity; severity.py:402-425,"all 16 point estimates and intervals reproduced (e.g. rain 0.77 (0.67–0.88), pedestrian 6.73 (5.57–8.14), conventional 2.68 (2.09–3.43))",agree,,corrected,"Now Table 4 (0615c4a). Full-model column (862262d): head-on 5.48 (4.95–6.06), pedestrian 6.27 (5.22–7.53), junction 0.69 (0.65–0.73), rain 0.86 (0.73–1.03), interurban zone 3.24 (1.80–5.85), conventional road 2.04 (1.41–2.96). Wet, alignment unknown and every 'without Catalonia' value are unchanged. Final check (0370825): site/severity.html Table 4 rows 'Head-on collision | 5.48 (4.95–6.06) | 5.60 (5.06–6.20)', 'At a junction | 0.69 (0.65–0.73) | 0.70 (0.66–0.75)'"
ledger-C|28,severity,Fitted probability of a death for illustrative 2024 profiles from 0.4% to 11.9%,"DGT model, year term 2024",profiles,-,-,logistic prediction at profile settings,"q3_profiles (models.profiles, PROFILES); severity.py:427-440",own refit predictions 0.0036 and 0.1194,agree,"Illustrative min/max of 6 chosen profiles, labelled as such",corrected,"Now 0.4% (urban street, side or front-side collision, daylight, two vehicles) to 12.0% (conventional road, head-on collision, daylight, two vehicles) (862262d). Final check (0370825): site/severity.html: 'a fitted probability of a death from 0.4% ... to 12.0% (conventional road, head-on collision, daylight, two vehicles)'; q3_profiles.csv 0.0037278 and 0.119765"
ledger-C|29,severity,"Table 3: six profiles, death and death-or-hospitalisation probabilities",DGT model 2024,profiles,-,-,prediction,q3_profiles,"own predictions: 0.4/5.8, 2.5/14.0, 11.9/34.9, 8.9/26.7, 1.3/6.9, 9.7/23.5 %",agree,"'Weekend' in the last profile includes Friday from 20:00 (derive.py:71-72), not stated on the page (F14)",corrected,"Now Table 2 (0615c4a). Death / death or hospitalisation: 0.4%/6.0%, 2.6%/14.3%, 12.0%/35.1%, 8.9%/26.7%, 1.3%/7.0%, 9.6%/23.5% (862262d). The method now defines the weekend as 'from 20:00 on Friday to the end of Sunday' (28fd6c9), which resolves F14. Final check (0370825): site/severity.html 'Table 2. Fitted probability of each outcome for illustrative crash profiles in 2024'; q3_profiles.csv (0.119765, 0.351457 for the head-on profile)"
ledger-C|30,severity,"Holdout: fitted 2016–2022 without year term, applied to 2023–2024: ROC-AUC 0.80 (death), 0.69 (death or hospitalisation)",DGT 2016–2024,"671,711 train / 203,302 test",-,-,roc_auc_score on held-out years,q3_holdout_summary (models.holdout_check),own fit with merges on training years: 0.8013 and 0.6929,wording,Numbers agree; the sentence calls both the 'fatal-outcome regression' (F6),corrected,'the two regressions'
ledger-C|31,severity,Catalonia crash-severity model ROC-AUC 0.79 on crashes already selected for death or serious injury,"SCT 2010–2023, test 2023","1,732 test crashes",-,-,ml_selected primary roc_auc,"ml_selected; severity.py:105-106,466-469","ml_selected.csv roc_auc 0.790231, prevalence 0.1207 (>5x 1.6%)",agree,Model itself is audited under T9-T11,corrected,"The page now cites the published Catalan severity model's nested rolling-origin score: 'The Catalan severity model scores 0.74 on years it had not seen' (d3e9f76). 0.79 belonged to the retired original model's 2023 test. Final check (0370825): site/severity.html: 'The Catalan severity model scores 0.74 on years it had not seen, but among crashes already selected for a death or serious injury'; sev_rolling_scores.csv 2016-2023 calculator roc_auc 0.7395"
ledger-C|32,severity,Brier score 4.2% lower (death) and 5.3% lower (death or hospitalisation) than training base rate,DGT test 2023–2024,"203,302 test crashes",Brier model,Brier of training base rate,1 - 0.0154691/0.0161398 = 4.16%; 5.25%,q3_holdout_summary.brier_skill,"own holdout recomputation 0.04156, 0.05250",agree,,corrected,The Brier score is now 4.3% lower (death) and 5.4% lower (death or hospitalisation) (862262d). Final check (0370825): site/severity.html: 'their Brier score (mean squared error) is 4.3% lower for a death and 5.4% lower for a death or a hospitalisation'; q3_holdout_summary.csv brier_skill 0.0433825 / 0.0537663
ledger-C|33,severity,"32 of 90 yearly estimates for 10 terms outside full interval; most in 2023 and 2024 (8, 7); road type 20 of 32",DGT 2016–2024 by year,per-year crashes,-,90 = 10 terms x 9 years,point estimate outside full-model CI,"q3_year_stability (models.year_stability, STABILITY_TERMS=10); severity.py:129-139,476-484","own per-year refits: {2016:1, 2017:6, 2018:0, 2019:4, 2020:1, 2021:5, 2022:0, 2023:8, 2024:7}; road 20, crash type 9, zone 3",wording,"Counts agree. The 10 terms are the 10 largest effects, not all 14 crash-type, zone and road-type terms, and the coding-break explanation is not supported (F7)",corrected,"Now '36 of its 108 yearly estimates for its 10 largest terms ... and its junction and wet-surface terms' fall outside the full interval. The full value lies outside the year's own interval for 15, and road type accounts for 21 of the 36. Cochran's Q finds no term for a death varying beyond chance (least stable 'other road', p = 0.07). Coding breaks are named only for the junction flag as published (p = 0.005) and for 'other road' in the death-or-hospitalisation model (p = 0.009) (862262d). The old 32 of 90 and 20 of 32 are superseded. Final check (0370825): site/severity.html stability paragraph; q3_year_stability.csv fatal: 108 rows, 36 outside full interval (road 21, crash type 8, zone 4, junction 3), 15 full outside year interval"
ledger-C|34,severity,2023 and 2024 are the years the coding of junctions and urban road types changed,DGT 2016–2024,injury crashes,NUDO_INFO empty; TIPO_VIA 14 in street zone,crashes per year,NUDO_INFO empty 61.5% (2022) → 48.1% (2023); 'other road' crashes in street zone 43% (2016–23) → 83% (2024),"missingness_by_year, q2_other_road_by_period; severity.py:72-87","raw: NUDO_INFO NA share by year identical; TIPO_VIA=14 crashes 1,160–3,508/yr before 2024, 17,519 in 2024",agree,The breaks are real; their use as an explanation is the issue (F7),revised,"The page is now specific. In 2023 and 2024 the four Catalan provinces' records code the junction flag the wrong way round, and the analysis reads it the other way round. In 2024 they code urban streets as 'other road' (e179eb2; 862262d). Final check (0370825): site/severity.html: 'In 2023 and 2024 DGT's records for the four Catalan provinces code the junction flag the wrong way round (coding breaks)'; 'in 2024 DGT's records for the four Catalan provinces code urban streets as another kind of road'"
ledger-C|35,severity,"File has one row per crash and no fields for drivers, vehicles or people; no data on speed, vehicles or drivers",DGT microdata,-,-,-,-,"severity.py:281-282,491-493 (hardcoded prose)","raw files have 72–74 columns incl. TOTAL_VEHICULOS (used in the model) and casualty counts by road-user and vehicle type (TOT_TUR_MU30DF, TOT_MOTO_MU30DF, ...)",wording,F8,corrected,"Per-crash counts but no records of individual drivers, vehicles or people"
ledger-C|36,severity,"Figure 1 and Figure 2 captions: Spain 2016–2024, n = 875,013 crashes; missing-value levels not drawn",DGT 2016–2024,injury crashes,-,-,-,"reports/figures/captions.json; figures s1_forest_fatal, s2_adverse_conditions",site/figures SVGs identical to reports/figures; s1 labels contain no missing-value levels,agree,,confirmed,
ledger-C|37,policy,Points licence came into force 1 July 2006,Ley 17/2005,-,-,-,policy.INTERVENTIONS['points_licence'].date,src/dgt_stats/policy.py:68-77 (hardcoded constant),matches the known entry-into-force date of Ley 17/2005 (1 July 2006); not web-checked,agree,,confirmed,
ledger-C|38,policy,Summary/estimate: step −7% (95% interval −13% to −1%) with the preferred bent pre-trend,"DGT Series históricas 2024, Jan 2000–Nov 2007","95 monthly counts of 30-day deaths, Spain",-,-,"expm1(beta_post), Poisson GLM, month dummies, t, hinge Aug 2003, post, post_t, HAC 12 lags",q8_points_sensitivity main (policy.points_licence_fits/segmented_fit); site/policy.py:190-197,own refit from raw sheet M_I-U_Meses: −7.08% (−13.20% to −0.52%),agree,Table 3 prints −7.1% (−13.2% to −0.5%),confirmed,
ledger-C|39,policy,Straight-line pre-trend gives −12%,same,same,-,-,same without hinge,q8_points_sensitivity linear_trend,own refit −11.96% (−17.21% to −6.37%),agree,,confirmed,
ledger-C|40,policy,Bend chosen at August 2003 on pre-period months; fits better than straight line by 16 AIC points; >10 is strong evidence,Jan 2000–Jun 2006,78 pre-period months,-,-,Poisson AIC over 42 candidate knots (18-month edges),q8_points_trend_choice (policy.choose_trend_knot); site/policy.py:214-221,"own search: best knot 2003-08, AIC 745.35 vs 761.27, ΔAIC 15.91. Pre-period Pearson dispersion 1.61 (bent) / 1.86 (linear), so QAIC difference = 17.91/ĉ − 2 = 9.1 / 7.6",wording,F2: the 'more than 10' threshold is met only by the unadjusted Poisson AIC,corrected,Knot choice by QAIC (gap 7.1); 'more than 10 is strong evidence' removed
ledger-C|41,policy,Deaths had already begun to fall faster in 2003,same,same,-,-,hinge coefficient at Aug 2003 negative,q8_points_fit t_hinge1 = −0.00438/month,own refit sign agrees,agree,,confirmed,
ledger-C|42,policy,Table 1: AIC of the 8 best knots and the straight line,same,same,-,-,AIC,q8_points_trend_choice,own search reproduces 745.4 best and 761.3 straight line (Δ15.9),agree,,corrected,"Table 1 now ranks the pre-trends by QAIC (log-likelihood divided by the Pearson dispersion 1.61): bend at August 2003 476.2, straight line 483.4, difference 7.1 (28fd6c9). The AIC values 745.4/761.3/15.9 are superseded. Final check (0370825): site/policy.html Table 1: 'Lower QAIC is better ... (1.61)'; rows 'Bend at August 2003 | 476.2 | 0.0', 'Straight line, no bend | 483.4 | 7.1'"
ledger-C|43,policy,"Figure 1 caption: Jan 2000–Nov 2007, n = 38,852 deaths",Series históricas 2024,monthly 30-day deaths,-,-,sum of 95 months,captions.json p1_points_series,"raw sum 38,852",agree,,confirmed,
ledger-C|44,policy,Spanish road deaths peak every July and August,Series históricas 1993–2024,monthly deaths,-,-,month of annual maximum,"site/policy.py:250 (hardcoded, no check); docs/methodology.md:649","raw: peak in Jul/Aug in 27 of 32 years; Sep in 2012, 2014, 2015, Oct 2017, Jun 2021",wording,F3,corrected,"'usually' (July or August deadliest in 27 of 32 years), guarded"
ledger-C|45,policy,"Placebos: straight-line trend, 60 months before and 17 after, every clean July; 15 fits",1993–2019 monthly,"Julys 1998–2004, 2006, 2012–2018",-,-,window rules,q8_points_calendar_placebo (policy.calendar_placebo_fits),own enumeration gives the same 15 years,agree,,confirmed,
ledger-C|46,policy,"July 2006 largest fall of 15, −9.8%; July 2004 −7.2%, July 2001 −5.5%; intervals overlap",same,same,-,-,expm1(beta_post) per placebo,q8_points_calendar_placebo; site/policy.py:254-258,"own refits: 2006 −9.82%, 2004 −7.16%, 2001 −5.54%; CIs (−14.6,−4.8) and (−10.9,−3.3) overlap",agree,,confirmed,
ledger-C|47,policy,"Rank 1 of 15 = one-sided p about 0.07, short of conventional significance",same,same,1,15,1/15 = 0.067,site/policy.py:258-260,arithmetic,agree,,revised,"p ≈ 0.07 is kept. The page now adds that 0.07 'is the smallest this test can give with 15 Julys, so it cannot reach conventional significance' (13ebb44). Final check (0370825): site/policy.html: 'a one-sided p-value of about 0.07. That is the smallest this test can give with 15 Julys, so it cannot reach conventional significance'"
ledger-C|48,policy,Figure 2 alt: step at 1 July of each year from 1998 to 2018,same,15 Julys,-,-,-,site/policy.py:262-266,"only 15 of 21 years are fitted (2005, 2007–2011 excluded); caption is correct",wording,F4,corrected,Alt text names the 14 other Julys
ledger-C|49,policy,"Forecasts: months after July 2006 fall 7% below forecast, 4th of 15; 2004, 2001 and 2000 fell further below their own forecasts",same,17-month windows,"observed 5,547","predicted 5,970.8",abs(log ratio)*100 = 7.4 → 7%; rank by z,"q8_points_forecast (policy.forecast_validation, rank by z :663); site/policy.py:124,268-274","own refit: 2006 −7.10% (z −3.876); 2004 −10.04%, 2001 −8.39%, 2000 −6.05% (z −3.917)",disagree,F1: July 2000 fell less far than July 2006 in proportion; it ranks ahead only on the z-score,corrected,Julys ranked by percentage shortfall: July 2006 third of 15; z order kept in rank_z
ledger-C|50,policy,"Twelve months after vs before: −11.4% across July 2006, 4th largest of 27; larger falls in 2008, 2009, 2012",1993–2024,Julys 1994–2023 minus 2019–2021,"3,862","4,361",3862/4361−1 = −11.44%,q8_points_transitions (policy.seasonal_transitions),"own recomputation: 2008 −16.2%, 2009 −15.6%, 2012 −14.7%, 2006 −11.4%; n ranked 27",agree,,confirmed,
ledger-C|51,policy,"Table 2: eight largest falls, month-to-month and twelve-month changes, ranks; 2019–2021 excluded",same,same,-,-,expm1 of log changes,q8_points_transitions; site/policy.py:282-308,"raw spot checks: 2006 Jun→Jul 352→380 (+8%), Jul→Aug 380→331 (−13%), Aug→Sep 331→350 (+6%); 2011 Jun→Jul 148→222 (+50%)",agree,,confirmed,
ledger-C|52,policy,Adding CORES fuel or toll-motorway traffic moves the step to −8% in both cases vs −7%,"CORES 1996+, toll series",same window,-,-,covariate as centred log,"q8_points_sensitivity fuel/toll (−7.73%, −7.69%)",table-to-page only; covariate fits not recomputed,not checked,Rounding −7.7% → −8% correct,confirmed,Rounding -7.7% to -8% checked by the factors fix
ledger-C|53,policy,"Penal Code reform in force December 2007, 17 months after the licence",LO 15/2007,-,-,-,months Jul 2006 → Dec 2007 = 17,policy.INTERVENTIONS second_break=2007-12-01; site/policy.py:136-138,arithmetic; date consistent with LO 15/2007 (in force 2 Dec 2007),agree,,confirmed,
ledger-C|54,policy,Speed cameras being installed over the same years; the recession reduced traffic and freight,-,-,-,-,none,site/policy.py:323-328 (hardcoded prose),no supporting calculation or table on the page,not checked,Contextual claims with no source; used only to argue against attribution,removed,"The speed-camera sentence and the claim that the recession reduced traffic and freight are both gone (28fd6c9). The page now only names 'the recession that followed' the December 2007 reform as lying outside the fitted window. Final check (0370825): site/policy.html: 'so it leaves out the Penal Code reform ... in force from December 2007, 17 months after the licence, and the recession that followed'; no 'speed cameras' or 'freight' on the page"
ledger-C|55,policy,"12 specifications; straight line gives the largest fall; five intervals include no change (knot Jan 2004, interurban, urban, no slope, extended window)",same,same,-,-,count level_high>0,"q8_points_sensitivity; site/policy.py:188-189,330-336","own refits: knot2004 −6.95% (−13.48, +0.06), interurban −7.42% (−14.38, +0.11), urban −5.47% (−14.76, +4.84), no slope −3.58% (−10.36, +3.72); extended window from table",agree,,confirmed,
ledger-C|56,policy,Table 3: step under each of 12 specifications,same,same,-,-,-,q8_points_sensitivity,"8 of 12 rows recomputed from raw, including 24-hour deaths (−7.96%, −13.86 to −1.65); fuel, toll, NB and extended window table-to-page only",agree,,confirmed,
ledger-C|57,policy,"2019 speed limit: placebo break Jan 2017 gives +12% with interval excluding zero, so no estimate reported",DGT microdata 2016–2020,conventional vs motorway/dual carriageway monthly deaths,-,-,DiD placebo,"q8_speed_placebo (policy.did_placebos); site/policy.py:132-135,358-368",table: 0.1234 (0.0315–0.2236); not refitted,agree,,confirmed,
ledger-C|58,policy,Newey–West SE with 12 lags; negative binomial gives a similar step (−7%),same,same,-,-,HAC_LAGS=12,"policy.py:197,292-303; q8_points_sensitivity negative_binomial −6.96%",own HAC(12) refit reproduces main CIs exactly,agree,,confirmed,
ledger-C|59,policy,"A fall of about 7%, with a wide interval, is as much as the series supports",same,same,-,-,abs(main)*100 rounded,site/policy.py:334-335,−7.08% → 7%,agree,Judgement consistent with the reported sensitivity,revised,"The sentence was removed (f933a81). The page now leads with 'An immediate fall of about 7% that did not last': after the step the slope changes by +7.5% a year, the average over the 17 months is −2.5% (−7.8% to +3.2%), and the placebo Julys show that the model intervals are too narrow (28fd6c9). Final check (0370825): site/policy.html heading 'An immediate fall of about 7% that did not last'; 'Averaged over the 17 months, every specification except the straight-line pre-trend gives a change whose interval includes no change'"
ledger-C|60,catalonia,"24,478 crashes with a death or serious injury, 2010–2023",SCT 2010–2023,crashes with death or serious injury,-,-,row count,cat_fatal_share unit-type 'all' row (descriptive.flag_shares); regional.py:127-130,"raw CSV 24,478 rows, years 2010–2023",agree,,confirmed,
ledger-C|61,catalonia,"3,093 (12.6%) fatal, with a death within 24 hours; 95% interval 12.2–13.1%",SCT,"24,478","3,093 D_GRAVETAT='Accident mortal'","24,478","12.64%, Wilson",cat_fatal_share; catalonia.SEVERITY,raw recomputation; 24-hour definition confirmed against raw DGT (32/32 province-years equal TOTAL_MU24H>0 counts),agree,,confirmed,
ledger-C|62,catalonia,"Fatal share 19.2% interurban, almost three times the 6.9% on urban streets",SCT,zone (D_SUBZONA),"2,112 / 844","11,026 / 12,272",19.15% / 6.88%; ratio 2.78,cat_fatal_share zone; regional.py:152-158 check (2.5<=ratio<3),raw recomputation (D_SUBZONA),agree,,confirmed,
ledger-C|63,catalonia,27.8% when a heavy vehicle was involved; 28.1% at night without street lighting,SCT,crashes involving heavy vehicle / lighting,756 / 460,"2,717 / 1,637",27.82% / 28.10%,cat_fatal_share,raw recomputation (F_VEH_PESANTS_IMPLICADES>0; D_LLUMINOSITAT),agree,,confirmed,
ledger-C|64,catalonia,"Most fatal crashes on conventional roads: 1,981 of 3,093; 18.8% of 10,540 fatal",SCT,road type Carretera convencional,"1,981","10,540","18.80%; 1,981/3,093 = 64%",cat_fatal_share road type,raw recomputation,agree,,confirmed,
ledger-C|65,catalonia,"Motorways highest fatal share (20.5%), only 224 crashes, CI 15.8–26.3% overlaps conventional",SCT,Autopista,46,224,"20.54%, Wilson",cat_fatal_share; regional.py:164-172 check,raw recomputation; conventional CI 18.1–19.6,agree,,confirmed,
ledger-C|66,catalonia,"Through-town roads 11.6%, between interurban and urban",SCT,D_SUBZONA Travessera,137,"1,180",11.61%,cat_fatal_share zone,raw recomputation,agree,,confirmed,
ledger-C|67,catalonia,Head-on collisions most often fatal (25.0%),SCT,crash subtype n>=30,539,"2,157",24.99%,cat_fatal_share crash subtype,raw recomputation; subtypes with n<30 excluded,agree,,confirmed,
ledger-C|68,catalonia,"Motorcycles in 9,457 crashes, more than any vehicle except light vehicles; only 9.9% fatal, below 12.6% average",SCT,crashes with motorcycle,940,"9,457",9.94%; CI upper 10.6% < 12.6%,cat_fatal_share unit type; regional.py:189-200 checks,"raw: light 17,465 > motorcycle 9,457 > pedestrian 5,374",agree,,confirmed,
ledger-C|69,catalonia,"Heavy vehicles in 2,717 crashes, 27.8% fatal, more than twice the average",SCT,crashes with heavy vehicle,756,"2,717",27.8/12.6 = 2.2,cat_fatal_share,raw recomputation,agree,,confirmed,
ledger-C|70,catalonia,Unlit night 28.1% and adequately lit night 9.8%: highest and lowest of any lighting condition,SCT,lighting n>=30,460 / 267,"1,637 / 2,713",28.10% / 9.84%,cat_fatal_share; regional.py:201-207,raw: other conditions 11.0–17.0%,agree,,confirmed,
ledger-C|71,catalonia,Away from a junction 14.8%; inside a junction 7.7%,SCT,D_INTER_SECCIO,"2,439 / 516","16,441 / 6,730",14.83% / 7.67%,cat_fatal_share intersection,raw recomputation,agree,,confirmed,
ledger-C|72,catalonia,"Table 1: fatal share by zone, road type, vehicle, crash type, lighting, junction (36 rows, n>=30)",SCT,"24,478",-,-,Wilson 95%,"cat_fatal_share; regional.py:81-98,292-324","all rows recomputed from raw (counts, shares, Wilson intervals), e.g. hit an animal 1/49 (0.4–10.7%)",agree,Uses 'rear-end collision' for 'Encalç' (see F11),confirmed,"The table is unchanged since d111da8, but it has 38 rows, not 36: the all-crashes row plus 37 groups with at least 30 crashes (3 zone, 6 road type, 7 involving, 12 crash type, 6 lighting, 3 junction). A note now says the zone and road-type urban-street groups differ slightly. Final check (0370825): site/catalonia.html Table 1: 38 data rows counted at 0370825 and at d111da8"
ledger-C|73,catalonia,"Figures 1–4 captions: 2010–2023, 95% intervals, groups <30 left out, n = 24,478",SCT,-,-,-,-,captions.json cat1–cat4,SVG n-labels match table rows,agree,cat4 label 'hit an object on the road' differs from the table's 'hit an object without leaving the road' (cosmetic),confirmed,
ledger-C|74,catalonia,"17,969 crashes (73.4%) with no posted limit (generic limit for the road)",SCT,"24,478","17,969 D_LIMIT_VELOCITAT='Genérica via'","24,478",73.41%,cat_fatal_share speed limit (catalonia.speed_limit),raw recomputation,agree,,confirmed,
ledger-C|75,catalonia,"Fatal share rises with the posted limit, from 7.4% at 10–30 km/h to 23.9% at 100–120 km/h",SCT,"posted limits, plausible values",92 / 141,"1,251 / 591","7.35% → 23.86%, monotonic across 5 bands",cat_fatal_share; regional.py:326-357,"raw: 7.35, 11.00, 19.23, 21.79, 23.86%",agree,,confirmed,
ledger-C|76,catalonia,"Higher limits are posted on faster, mostly interurban roads",SCT,posted limits,interurban crashes,crashes per band,share zona='Carretera',"regional.py:355-356 (prose, no check)","raw: 11% (10–30), 52% (40–50), 93% (60–70), 95% (80–90), 98% (100–120) interurban",agree,,confirmed,
ledger-C|77,catalonia,"Crashes fell from 1,984 (2010) to 1,208 (2020, lowest) and were 1,732 in 2023",SCT,by year,-,-,counts,cat_frequency; regional.py:366-391,raw recomputation,agree,,confirmed,
ledger-C|78,catalonia,"Table 2: crashes, fatal crashes and deaths by year 2010–2023",SCT,by year,-,-,sum F_MORTS,cat_frequency,all 42 cells recomputed from raw,agree,,confirmed,
ledger-C|79,catalonia,"2023 per 100,000 residents: Lleida 41.7, Tarragona 30.4, Girona 21.9, Barcelona 19.0",SCT 2023; INE ECP 1 July 2023,province residents,"187 / 260 / 178 / 1,107","448,929 / 854,134 / 814,110 / 5,841,228",x 1e5,cat_per_resident_province_year,raw SCT counts and raw INE table 56947 (1 July 2023),agree,Location-based crash counts over residents; caveated. Lleida highest every year 2010–2023,revised,"The page now gives 2010–2023 averages, not 2023 rates: Lleida 42.5 a year per 100,000 residents (highest in every year), then Girona 32.3, Tarragona 29.9 and Barcelona 19.3 (4ce9e4b). The 2023 values (41.7, 30.4, 21.9, 19.0) now appear only in the table. Final check (0370825): site/catalonia.html: 'most frequent in the province of Lleida in every year. Over 2010–2023 it recorded 42.5 a year per 100,000 residents, followed by the provinces of Girona (32.3), Tarragona (29.9) and Barcelona (19.3)'; cat_per_resident_province_year.csv pooled 42.5/32.3/29.9/19.3, 2023 41.65/30.44/21.86/18.95"
ledger-C|80,catalonia,Fatal count equals DGT's 24-hour fatal-crash count in 32 of 32 province-years (2016–2023),SCT and DGT microdata 2016–2023,Catalan provinces,-,32 province-years,equality,cat_vs_dgt_province_year; regional.py:214-228,"own raw DGT recomputation (TOTAL_MU24H>0 by COD_PROVINCIA, ANYO): 32/32 equal",agree,,confirmed,
ledger-C|81,catalonia,Total count matches DGT's 24-hour death-or-serious-injury count to within one crash in every province-year,same,same,-,-,|diff|<=1,cat_vs_dgt_province_year,own raw: max |diff| 1 (4 province-years differ by 1),agree,,confirmed,
ledger-C|82,catalonia,Fatal count is 67%–95% of DGT's 30-day count,same,same,SCT fatal,DGT TOTAL_MU30DF>0,"min 12/18, max 20/21",cat_vs_dgt_province_year.ratio_fatal_30d,own raw: 0.667 (Lleida 2022) to 0.952 (Lleida 2020),agree,,confirmed,
ledger-C|83,catalonia,Eight fields blank or 'not specified' more often in non-fatal than fatal crashes,SCT 2010–2022 (model training rows),"22,746 crashes",-,-,distinct columns with verdict 'outcome-dependent recording',ml_recording_artefacts (microdata/ml/recording.audit on modelling.refit_rows); regional.py:430-452,table: 8 distinct columns,wording,"A classification, not a literal count (e.g. D_ACC_AMB_FUGA ratio 0.28 is 'too rare'); computed on 2010–2022 (F9)",corrected,"The page now says the recording check was run on the crashes of 2010–2022 and that the eight fields are left blank or 'not specified' much more often in non-fatal crashes (a classification, not a literal count)."
ledger-C|84,catalonia,Special-lanes field blank in 7.7% of non-fatal and 1.0% of fatal crashes,stated: the file (2010–2023); actual: 2010–2022,-,blank D_CARRIL_ESPECIAL,non-fatal / fatal,"rate_serious, rate_fatal",ml_recording_artefacts; regional.py:453-455,"raw full file: 1,710/21,385 = 8.0% and 31/3,093 = 1.0%; 2010–2022 only: 7.67% and 0.97%",disagree,Population mismatch (F9); conclusion unchanged (year-adjusted OR 0.115),corrected,"The special-lanes shares are now stated inside the 2010–2022 recording-check sentence, so their population is named; the conclusion was unchanged."
ledger-C|85,catalonia,No duplicated rows; every severity label agrees with deaths and injuries on the row,SCT,"24,478",0,-,full-row duplicates; label checks,mq_cat_checks; regional.py:437-449,raw: 0 duplicates; 0 fatal without death; 0 serious with death; 0 serious without serious injury,agree,14 rows identical except time are documented in DATA_QUALITY_MICRODATA.md,confirmed,
ledger-C|86,catalonia,Limitation: no records of the people involved and no alcohol or drug results,SCT,-,-,-,-,regional.py:461-464,raw has 58 crash-level columns only,agree,,confirmed,
ledger-C|87,barcelona,"Guàrdia Urbana recorded 7,741 crashes in 2025, with every person involved",GU BCN 2025,crashes attended,-,-,rows,mq_bcn_structure; regional.py:525,"raw accidents_gu_bcn_2025.csv 7,741 unique Numero_expedient, months 1–12 all present",agree,,confirmed,
ledger-C|88,barcelona,"15,848 people with recorded outcome; 1.6% seriously or fatally injured",GU 2025,person records with a victimisation,260 (247 serious + 13 deaths),"17,200 − 1,351 blank − 1 natural = 15,848",1.64%,bcn_person_severity_share; regional.py:527-535,raw person file recomputation; no duplicate rows,agree,,confirmed,
ledger-C|89,barcelona,"Pedestrians 6.5%, motorcyclists 3.3%, vs 3 of 4,671 car drivers (0.06%)",GU 2025,road-user groups,67 / 132 / 3,"1,032 / 4,040 / 4,671",6.49% / 3.27% / 0.064%,bcn_person_severity_share road user (descriptive.road_user),raw recomputation with project vehicle grouping,agree,Table 1 shows car driver as 0.1% (1 decimal),confirmed,
ledger-C|90,barcelona,One death recorded as natural and people with no recorded outcome left out,GU 2025,persons,"1 'Mort natural'; 1,351 blank",-,-,"bcn_people_by_severity; regional.py:530-535,643-654",raw victimisation counts,agree,,confirmed,
ledger-C|91,barcelona,"Cyclists 1.3%, moped riders 2.2%, PMV riders 2.1% lie between car drivers and motorcyclists",GU 2025,drivers/riders,11 / 7 / 11,819 / 324 / 528,1.34% / 2.16% / 2.08%,bcn_person_severity_share; regional.py:563-572,raw recomputation,agree,,confirmed,
ledger-C|92,barcelona,75 and over 5.3% highest; younger bands 0.9%–2.1%,GU 2025,age bands,30,564,"5.32%; min 16–24 0.87%, max 65–74 2.11%",bcn_person_severity_share age band,raw recomputation,agree,,confirmed,
ledger-C|93,barcelona,Women and men differ little (1.8% and 1.6%),GU 2025,persons by sex,91 / 169,"4,950 / 10,815",1.84% / 1.56%,bcn_person_severity_share sex; regional.py:582-588,raw; two-proportion z-test p = 0.21,agree,,confirmed,
ledger-C|94,barcelona,"Table 1: road user (17), age (9) and sex (3) rows with counts, shares, Wilson intervals",GU 2025,persons with recorded outcome,-,-,-,bcn_person_severity_share; regional.py:676-697,"all road-user rows recomputed from raw (e.g. other driver 85/2, bus passenger 677/16, taxi passenger 65/1); age and sex rows recomputed",agree,,revised,"Split into Table 1 (road user, 17 rows), Table 2 (age, 9 rows) and Table 3 (sex, 3 rows), with the same counts, shares and intervals (0615c4a). Final check (0370825): site/barcelona.html: 'Table 1. Serious or fatal injury by road user', 'Table 2. Serious or fatal injury by age', 'Table 3. Serious or fatal injury by sex'"
ledger-C|95,barcelona,"Figures 1–2 captions: n = 15,848 people, groups <30 left out",GU 2025,-,-,-,-,"captions.json bcn1, bcn2",SVG n labels match Table 1,agree,,confirmed,
ledger-C|96,barcelona,"3.3% of crashes had at least one serious or fatal injury, more than the share of people",GU 2025,"7,741 crashes",252,"7,741",3.26% > 1.64%,bcn_crash_severity_share; barcelona.crash_core serious_or_fatal_crash,raw crash table; the same 252 crashes as person-level serious or fatal,agree,,confirmed,
ledger-C|97,barcelona,"Pedestrian struck 7.3%, more than twice the average",GU 2025,crash type Atropellament,65,885,7.34%; ratio 2.25,bcn_crash_severity_share crash type,raw recomputation,agree,,confirmed,
ledger-C|98,barcelona,Highest share 60.5% of 43 crashes (rear collision while catching up),GU 2025,crash type 'Encalç',26,43,60.47%,bcn_crash_severity_share; regional.py:598-607,raw recomputation,wording,Highest only among types with >=30 crashes ('Resta sortides de via' 2/2); see F13 and F11,corrected,"The 60.5% of 43 crashes was the Catalan file's rear-end term, which is used when a crash is serious. The page now says 26 of those 43 had a serious or fatal injury 'against 2 of the other 1,672, coded with the Guàrdia Urbana's own rear-end code (and none of the 193 multiple rear-end collisions, a crash type of their own)'. It counts the term with the other rear-end collisions (1.6% of 1,715) and names pedestrian strikes (7.3%) as the highest share (c1ef923). The old '2 of 1,865' is superseded. Final check (0370825): site/barcelona.html crash-type paragraph; bcn_crash_severity_share.csv Encalç 43/26, Abast 1672/2, Abast multiple 193/0, rear-end collision 1715/28"
ledger-C|99,barcelona,"Of 1,672 rear-end collisions, 0.1% serious or fatal",GU 2025,'Abast',2,"1,672",0.12%,bcn_crash_severity_share,raw recomputation,agree,,revised,"The 1,672 are now 'the other 1,672, coded with the Guàrdia Urbana's own rear-end code', 2 of them with a serious or fatal injury. The published rear-end category holds 1,715 crashes, 1.6% serious or fatal (4ce9e4b; c1ef923). Final check (0370825): site/barcelona.html: 'Rear-end collisions had a serious or fatal injury in 1.6% of 1,715 crashes ... against 2 of the other 1,672'"
ledger-C|100,barcelona,A model of these crashes ranked them no better than the grouping by accident type,GU 2025 test months 10–12,"1,994 test crashes",-,-,"ROC-AUC model 0.737 vs rule 0.734, gain 0.003 (−0.039 to 0.051)",ml_rule_comparison (not read by regional.py:708-710),table value; model not refitted (T9–T11),agree,Supported today but hardcoded without a build check (F12),confirmed,
ledger-C|101,barcelona,"Figure 3 caption: n = 7,741 crashes; types <30 left out",GU 2025,-,-,-,-,captions.json bcn4,SVG n labels match raw counts,agree,,confirmed,
ledger-C|102,barcelona,For each crash the Guàrdia Urbana records one or more causes or contributing factors,GU 2025,"7,741 crashes",-,-,crashes with any non-blank cause,regional.py:720-727 (prose),raw: 368 crashes (4.8%) have no driver or mediate cause; 981 (12.7%) have none except 'No determinada',wording,F10,corrected,"Now 'For most crashes the Guàrdia Urbana records one or more causes', with the counts of crashes with no driver cause (436) and only 'not determined' (631)."
ledger-C|103,barcelona,No key links a cause to the driver or vehicle concerned,GU 2025,-,-,-,-,barcelona.aggregate_driver_causes docstring,"raw cause files contain only crash number, place and time columns",agree,,confirmed,
ledger-C|104,barcelona,"Cause recorded most often: lack of attention (2,082 crashes)",GU 2025,crashes,"2,082",-,distinct crashes per cause,bcn_crash_severity_share cause recorded,raw recomputation,agree,,confirmed,
ledger-C|105,barcelona,Excessive or inappropriate speed: 18.4% of 38 crashes (9.2–33.4%) vs 3.3% of all crashes,GU 2025,crashes with speed recorded,7,38,"18.42%, Wilson",bcn_crash_severity_share; regional.py:621-630,raw recomputation,agree,Highest among causes with >=30 crashes,confirmed,
ledger-C|106,barcelona,"Alcohol recorded in 337 crashes, 47.5% at night vs 9.3% of other crashes",GU 2025,crashes,160 / 692,"337 / 7,404",47.48% / 9.35%,bcn_cause_profiles night_shift (Descripcio_torn='Nit' = 22:00–05:59),raw; shift 'Nit' covers hours 22–5 in the crosstab,agree,"'Night' is the police shift 22:00–05:59, not stated",confirmed,
ledger-C|107,barcelona,"Table 2: 18 causes with >=30 crashes, counts and shares",GU 2025,crashes,-,-,-,"bcn_crash_severity_share; regional.py:495-505,738-743",all 18 rows recomputed from raw,wording,"Includes 'Not determined', which the code treats as non-substantive (F10)",corrected,"'Not determined' is no longer a row of the cause table, which is now Table 4 with 17 causes (0615c4a). It is counted in the text ('only “not determined” for 631'). Final check (0370825): site/barcelona.html 'Table 4. Crashes by recorded cause ...' (17 rows); text 'No driver cause is recorded for 436 crashes and only “not determined” for 631'"
ledger-D|1,severity-models#summary,"model fitted on the 24,478 such crashes recorded in 2010–2023",SCT 2010–2023,Catalan crashes with a death or serious injury,"24,478 crashes (3,093 fatal)",n/a,row count,"models.py:345-347 reads model['training'] from reports/models/severity_model.json; severity_model.export line 722 (years literal [2010,2023]), crashes=len(y)","Own read of data/raw/catalonia/...2010_2023.csv: 24,478 rows, Any 2010–2023, D_GRAVETAT 'Accident mortal' 3,093",agree,"years are a literal in severity_model.py:722, not derived (F18)",corrected,"Now 'fitted to the 22,638 crashes of 2010–2023'. The 1,840 conventional-road crashes whose owner is 'other' or blank are left out (b0c9f7f). Final check (0370825): site/severity-models.html: 'The model is a logistic regression fitted to the 22,638 crashes of 2010–2023'; 'Left out are 1,840 crashes on conventional roads whose owner is recorded as “other” or left blank'"
ledger-D|2,severity-models#summary,"Tested on each year 2016–2023 with a model fitted only on earlier years, its predictions matched what happened",SCT 2016–2023 rolling origin,"12,961 test crashes",observed fatal per band,crashes per band,calibration bands + slope,"sev_calibration, sev_rolling_scores from scripts/severity_calculator.py run_calculator; severity_model.rolling_predictions",Own Wilson intervals on reproduced predictions: all 8 bands contain the mean prediction; my slope 1.0366; also holds on choosable roads (slope 0.957),agree,penalty C and deviation scale were chosen on 2021–2022 outcomes (F11),revised,"The test is now nested. Summary: 'Each year from 2016 to 2023 was predicted by a model whose settings and coefficients came only from earlier years. Over those years together its estimates matched the overall fatal share (though not in 2016) ... in the provinces of Barcelona, Girona and Tarragona some of its estimates by kind of road missed' (c1ef923, after b9b032c/fe7a76e). This resolves F11. Final check (0370825): site/severity-models.html summary; sev_rolling_scores.csv 2016 calculator mean 0.1302 vs observed 0.1098 (0.0957–0.1257)"
ledger-D|3,severity-models#summary,"separates fatal from serious better than a table of the same records, though not by much",2016–2023,"12,961 test crashes",AUC calculator 0.7717,AUC road×crash table 0.7448,difference; sev_comparison table−calc −0.035 to −0.019,models.py:350; sev_comparison,Recomputed AUCs from reproduced predictions; on choosable roads 0.738 vs 0.709 (diff CI 0.019–0.038),agree,,confirmed,
ledger-D|4,severity-models#summary,well on interurban roads but barely in towns,2016–2023,test crashes by zone,AUC interurban 0.766,AUC urban 0.673 / through-town 0.596,zone subsets of sev_rolling_scores,models.py:350-351; _check at :331-336,"Reproduced predictions: interurban AUC excluding owner 'other'/blank categories (4,358 crashes, 913 fatal) = 0.682, slope 0.889; owner-artefact crashes alone AUC 0.938",disagree,contrast is driven by training-only recording categories (F01),corrected,"The calculator model was refitted without the 1,840 artefact crashes (b0c9f7f). It is now tested by nested rolling origin, with every choice made on earlier years, the province intercepts included (b9b032c, fe7a76e, c1ef923). On 11,611 crashes: ROC-AUC 0.74 (0.739, 95% 0.725–0.753) against 0.71 (0.709) for the table. By zone: interurban 0.70, urban 0.66, and roads through towns get the provincial average (0.55). The non-nested 0.743 is superseded. Final check (0370825): site/severity-models.html: 'The model's ROC-AUC is 0.74 and the table's 0.71'; 'The model ranks interurban crashes best (ROC-AUC 0.70) and urban ones less well (0.66)'; sev_rolling_scores.csv calculator 0.7395, zone interurban 0.6973, urban 0.6597, through_town 0.5456"
ledger-D|5,severity-models#predicted-and-observed (Fig 1 alt),8 bands of prediction from under 3% to over 45%,2016–2023,"12,961 crashes",bands,,"len(calc_bands), band_high.min, band_low.max",models.py:356-363; sev_calibration,"sev_calibration has 8 calculator bands 0–0.03 … 0.45–1; SVG labels n=1,459…382 match table",agree,,corrected,"Figure 1 now shows ten equal groups for the model and for the road × crash-type table: 'The model's groups run from about 3% to 36% fatal, the table's from about 4% to 32%' (b0c9f7f; values b9b032c). Final check (0370825): site/severity-models.html Figure 1 alt text; sev_calibration.csv calculator groups observed 0.0284–0.3575"
ledger-D|6,severity-models#predicted-and-observed (Fig 1 alt),Every dot lies on or close to the diagonal,2016–2023,"12,961",observed share per band,mean predicted,Wilson CI,sev_calibration,"Own recompute: max gap 0.020 (band 0.15–0.20: pred 0.174, obs 0.194, CI 0.172–0.219)",agree,,confirmed,
ledger-D|7,severity-models#predicted-and-observed (caption),"n = 12,961",SCT 2016–2023,crashes with death or serious injury,"12,961",,count,reports/figures/captions.json sev1_predicted_observed,"Raw SCT 2016–2023 = 12,961 rows",agree,,corrected,"Now n = 11,611, the crashes on roads a reader can choose (b0c9f7f). Final check (0370825): site/severity-models.html Figure 1 source line: 'n = 11,611'"
ledger-D|8,severity-models#predicted-and-observed,In every group the average prediction lies inside the 95% interval of the observed share,2016–2023,8 bands,fatal per band,crashes per band,Wilson 95%,"models.py:365-372, _check :303-311",Own Wilson recompute: 8/8 inside (band 0.15–0.20 marginal: 0.1744 vs lower bound 0.1721),agree,,revised,"The groups are now ten equal groups (about 1,161 crashes each) from the nested test on 11,611 crashes: 'In all ten groups ... its mean estimate lies inside the 95% interval of the share observed' (c1ef923). The intermediate nested run without the province choice had 9 of 10. Final check (0370825): site/severity-models.html; sev_calibration.csv calculator groups 1–10 all mean_predicted within observed_low–observed_high"
ledger-D|9,severity-models#predicted-and-observed,"predicted 12.5% fatal on average, against 12.6% observed",2016–2023,"12,961","mean prediction 0.12472; 1,627 fatal","12,961","mean; 1,627/12,961=12.55%",sev_rolling_scores 2016-2023 calculator,"Raw count 1,627/12,961; reproduced predictions mean 0.12472",agree,,corrected,"Now 'the model estimated 12.4% fatal, and 12.3% were (11.7–12.9%)' (c1ef923). Final check (0370825): site/severity-models.html; sev_rolling_scores.csv 2016-2023 calculator mean_predicted 0.12369, prevalence 0.12307 (0.11722–0.12917)"
ledger-D|10,severity-models#predicted-and-observed,calibration slope is 1.04: predictions spread about as far as outcomes,2016–2023,"12,961",,,logistic recalibration slope,sev_rolling_scores.calibration_slope,Own GLM of outcome on logit(p): 1.0366,agree,,corrected,The calibration slope is now 1.03 (c1ef923). Final check (0370825): site/severity-models.html: 'Its calibration slope ... is 1.03'; sev_rolling_scores.csv calibration_slope 1.03255
ledger-D|11,severity-models#separation (key result),ROC-AUC 0.77 (95% interval 0.76–0.78) on crashes of 2016–2023 predicted from earlier years,2016–2023,"12,961 incl. 1,350 crashes in training-only owner categories",,,AUC; bootstrap CI from sev_comparison,models.py:377-383,"Own AUC 0.7717; on roads a reader can choose 0.738 (own bootstrap 0.725–0.751), committed in sev_rolling_scores row 'roads a reader can choose' but not shown",wording,value correct; population includes the artefact categories the calculator cannot represent (F01),corrected,"The key-result box is gone (b0c9f7f), but the text still makes the claim: 'The model's ROC-AUC is 0.74 and the table's 0.71; the model's lead is 0.02–0.04 (95% interval)' (d3e9f76; nested values c1ef923). External validation gives 0.74 (0.73–0.75). Superseded: 0.77 (12,961 crashes including the artefact), 0.743 (not nested) and 0.741 (nested without the province choice). Final check (0370825): site/severity-models.html; site/validation.html 'a ROC-AUC of 0.74 (95% interval 0.73–0.75)'; sev_comparison.csv calculator 0.7251–0.7529"
ledger-D|12,severity-models#separation (key result),against 0.74 for a table of the fatal share by road and crash type,2016–2023,"12,961",,,AUC of shrunken road×crash-type rates,severity_model._table; sev_rolling_scores road_x_crash_table,Own AUC on reproduced predictions 0.7448,agree,the table also uses the owner categories,corrected,"The table's ROC-AUC is now 0.71 (0.709) on the 11,611 crashes (d3e9f76; c1ef923). Final check (0370825): site/severity-models.html 'and the table's 0.71'; sev_rolling_scores.csv road_x_crash_table 0.70901"
ledger-D|13,severity-models#separation (Table 1 title),"12,961 crashes, 12.6% fatal",2016–2023,test crashes,"1,627","12,961",12.55%,models.py:_scores_table :136-144,Raw recount,agree,,corrected,"The scores table was removed (b0c9f7f); the current Table 1 is the one-input-changed table. The text gives 'the 11,611 crashes of 2016–2023 on the roads the calculator offers', 12.3% fatal (11.7–12.9%) (c1ef923). Final check (0370825): site/severity-models.html: 'The test covers the 11,611 crashes of 2016–2023 on the roads the calculator offers'"
ledger-D|14,severity-models#separation (Table 1),"Calculator: ROC-AUC 0.77, Brier skill 0.14, slope 1.04, mean predicted 12.5%",2016–2023,"12,961",,,scores(),models.py:_scores_table; sev_rolling_scores,"Own recompute AUC 0.7717, BSS 0.1365, slope 1.037, mean 0.1247",agree,,corrected,"The comparison table was removed (b0c9f7f). The text gives ROC-AUC 0.74, calibration slope 1.03 and mean estimate 12.4% (c1ef923). Brier skill is no longer published (0.096 in sev_rolling_scores.csv). Final check (0370825): site/severity-models.html; sev_rolling_scores.csv calculator roc_auc 0.7395, brier_skill 0.0963, slope 1.0326, mean 0.1237"
ledger-D|15,severity-models#separation (Table 1),"Boosted trees: 0.78, 0.14, 1.12, 12.4%",2016–2023,"12,961",,,,sev_rolling_scores boosted_trees,Own AUC on reproduced predictions 0.7779; other cells from table,agree,,corrected,"The trees now 'ranked crashes a little better (0.75)'. Their Brier skill, slope and mean are no longer published (b9b032c). Final check (0370825): site/severity-models.html: 'A more flexible method, gradient-boosted trees, ranked crashes a little better (0.75)'; sev_rolling_scores.csv boosted_trees 0.74759"
ledger-D|16,severity-models#separation (Table 1),"Table: 0.74, 0.10, 1.19, 12.0%",2016–2023,"12,961",,,,sev_rolling_scores road_x_crash_table,Table values; AUC recomputed 0.7448,agree,,corrected,"The table's ROC-AUC is now 0.71. Its Brier skill, slope and mean are no longer published (b0c9f7f; c1ef923). Final check (0370825): site/severity-models.html 'and the table's 0.71'; sev_rolling_scores.csv road_x_crash_table 0.70901"
ledger-D|17,severity-models#separation,ranks better than the table in every year from 2016 to 2023,2016–2023 by year,yearly test sets,,,per-year AUC comparison,models.py:385-387; _check :321-328,Table: 2016 .744>.679 … 2022 .777>.773; own per-year check on choosable roads also holds (2022 .737>.731),agree,,confirmed,
ledger-D|18,severity-models#separation,trees rank slightly better (0.778 against 0.772; difference 0.002 to 0.010),2016–2023,"12,961",,,paired bootstrap difference,sev_comparison boosted_trees roc_auc_minus_calculator 0.00197–0.0104,Table values; point AUCs recomputed,agree,,corrected,Now trees 0.75 against the model's 0.74. The difference interval (0.002–0.014 in sev_comparison.csv) is not printed (b9b032c). Final check (0370825): site/severity-models.html 'ranked crashes a little better (0.75)'; sev_comparison.csv boosted_trees roc_auc_minus_calculator 0.00244–0.01393
ledger-D|19,severity-models#separation,trees' predictions spread too far (calibration slope 1.12),2016–2023,"12,961",,,slope>1 means predictions too narrow,models.py:390-392,"Trees' calibration bands: lowest band pred 2.4% vs obs 1.2%, top band pred 56.6% vs obs 59.9%, so predictions are too narrow; validation.html reads slope 1.10 as 'a little less extreme'",disagree,direction of interpretation inverted (F04b),removed,"The trees' calibration slope is no longer on the page. The trees are mentioned only for their ROC-AUC (0.75), and because they give no interval and cannot be read term by term (b0c9f7f; b9b032c). Final check (0370825): site/severity-models.html: '... (0.75) but gives no interval for an estimate and cannot be read term by term'; no trees slope on any page"
ledger-D|20,severity-models#separation (Table 2),"Interurban 5,708 crashes / 1,111 fatal; Urban 6,505 / 430; Through towns 748 / 86",SCT 2016–2023,test crashes by D_SUBZONA,fatal,crashes,counts,models.py:_zone_table :158-183,"Raw crosstab D_SUBZONA × fatal 2016–2023: Carretera 5,708/1,111; Zona urbana 6,505/430; Travessera 748/86",agree,,removed,"The zone table was removed (b0c9f7f), and the page gives only zone scores. The nested test has 4,358 interurban, 6,505 urban and 748 through-town crashes (sev_rolling_scores.csv), none of them printed. Final check (0370825): site/severity-models.html has no zone table; sev_rolling_scores.csv zone rows n 4358/6505/748"
ledger-D|21,severity-models#separation (Table 2),ROC-AUC 0.77 / 0.67 / 0.60; calibration slope 1.06 / 0.85 / 0.53,2016–2023,zones,,,,sev_rolling_scores zone rows,"Own recompute urban 0.673/0.848, through-town 0.596/0.526, interurban 0.766; interurban without owner categories 0.682/0.889",wording,"interurban row includes 1,350 artefact crashes (F01)",corrected,"Nested zone scores on choosable roads: interurban 0.70, urban 0.66. Roads through towns now get the provincial average, which scores 0.55 there (d3e9f76; c1ef923). Zone calibration slopes are no longer printed. The non-nested 0.704/0.664/0.595 are superseded. Final check (0370825): site/severity-models.html: 'interurban crashes best (ROC-AUC 0.70) and urban ones less well (0.66)'; '(ROC-AUC 0.55 on those roads)'"
ledger-D|22,severity-models#separation,Most of the model's skill is on interurban roads,2016–2023,zones,,,,models.py:397,On choosable interurban roads AUC 0.682 ≈ urban 0.673,disagree,F01,corrected,"Rewritten: 'Within one kind of road the ranking is harder, because the kind of road alone separates many fatal crashes from the rest. The model ranks interurban crashes best (ROC-AUC 0.70) and urban ones less well (0.66)' (d3e9f76; c1ef923). Final check (0370825): site/severity-models.html, same sentence"
ledger-D|23,severity-models#separation,"3.3% for the reference crash in town, against 18.0% on a regional road",model fitted 2010–2023,modelled scenarios,,,expit(x'b),models.py:399-401; sev_contrasts base_probability (interurban/urban),Ran src/dgt_stats/site/assets/severity-engine.js under node on exported JSON: 0.0330870 and 0.1802124,agree,,corrected,"The sentence was removed. Table 1 now gives 13.4% for the reference crash on a regional road and 3.7% (2.9–4.7%) on an urban street (b9b032c). Final check (0370825): site/severity-models.html Table 1 rows '(the reference crash) | 13.4%' and 'On an urban street | 3.7% (2.9–4.7%) | 0.27 (0.20–0.37)'; sev_contrasts.csv urban_street 0.03666, base 0.13409"
ledger-D|24,severity-models#separation,on roads through towns it barely ranks them at all,2016–2023,748 crashes,,,AUC 0.596,models.py:401-403,Own recompute 0.596,agree,,revised,"Now 'On roads through towns the calculator shows the average fatal share of such roads in the province instead of an estimate'. That rule is chosen like the other settings and scores ROC-AUC 0.55 on those roads (b9b032c; c1ef923). Final check (0370825): site/severity-models.html, same sentence; sev_rolling_scores.csv zone through_town calculator 0.5456"
ledger-D|25,severity-models#what-the-model-shows,The largest is a heavy vehicle: 1.97 times that of the same crash between cars (1.79–2.24),final model + 200 bootstrap refits,modelled scenarios,P(heavy+car),P(reference),"ratio, bootstrap percentiles",models.py:405-413; sev_contrasts users/heavy_vehicle,Table: 1.972 (1.787–2.239); JS engine 0.35538/0.18021 = 1.972; largest ratio above 1 among interurban contrasts,wording,'largest' only among increases; urban street 0.18 (5.4-fold lower) is a larger association (F13),corrected,"'The largest increase comes with a heavy vehicle', now 1.98 times (95% confidence interval 1.75–2.24) (b9b032c). Final check (0370825): site/severity-models.html: 'the estimated fatal share is 1.98 times that of the same crash between cars (95% confidence interval 1.75–2.24)'; sev_contrasts.csv heavy_vehicle ratio 1.9795 (1.7479–2.2418)"
ledger-D|26,severity-models#what-the-model-shows (Table 3),(the reference crash) 18.0%,model 2010–2023,scenario,,,,models.py:_examples_table,sev_contrasts base_probability 0.18021; JS engine identical,agree,,corrected,The reference crash is now 13.4% (b9b032c). Final check (0370825): site/severity-models.html Table 1 '(the reference crash) | 13.4%'; sev_contrasts.csv base_probability 0.13409
ledger-D|27,severity-models#what-the-model-shows (Table 3),"Heavy vehicle 35.5% (31.2%–40.5%), ratio 1.97 (1.79–2.24)",,scenario,,,bootstrap percentile intervals,sev_contrasts,Table values match; the calculator's own interval for the same scenario is 30.7%–40.6% (delta-normal on bootstrap covariance),wording,table and calculator give different intervals for the same crash (F12),corrected,"Heavy vehicle is now 26.5% (22.4–31.2%), ratio 1.98 (1.75–2.24). The table and the calculator use the same arithmetic ('The calculator gives the same numbers') (b0c9f7f; b9b032c). Final check (0370825): site/severity-models.html Table 1 'A heavy vehicle ... | 26.5% (22.4–31.2%) | 1.98 (1.75–2.24)'; sev_contrasts.csv 0.26544 (0.22369–0.31185)"
ledger-D|28,severity-models#what-the-model-shows (Table 3),"Ran off road 27.9%/1.55; pedestrian 26.8%/1.49; head-on 25.1%/1.39; 22–23h 27.5%/1.52; 00–05h 25.4%/1.41; unlit 21.9%/1.22; junction 13.4%/0.75; 40–50 km/h 10.9%/0.60; heavy rain 12.7%/0.71; urban street 3.3%/0.18, with intervals",,scenarios,,,,models.py EXAMPLES; sev_contrasts interurban rows,Each cell checked against sev_contrasts (rounding correct); pedestrian point also matched by JS engine 0.26846,agree,associations; page states so,corrected,Now Table 1 (b0c9f7f; values b9b032c): ran off 19.7%/1.47 (1.23–1.75); pedestrian 20.1%/1.50 (1.24–1.81); head-on 18.8%/1.40 (1.22–1.62); 22–23h 18.9%/1.41 (1.16–1.72); 00–05h 17.4%/1.29 (1.07–1.57); unlit 17.8%/1.33 (1.15–1.53); junction 10.1%/0.76 (0.65–0.88); 40–50 km/h 8.8%/0.66 (0.56–0.77); heavy rain 9.8%/0.73 (0.54–0.99); urban street 3.7%/0.27 (0.20–0.37). Final check (0370825): site/severity-models.html Table 1; sev_contrasts.csv interurban-base rows
ledger-D|29,severity-models#calculator (technical),combinations with fewer than 20 similar recorded crashes carry a warning,,,,,,models.py:444-446 reads rules few_similar threshold; severity_model.SUPPORT_FEW=20,JSON rule threshold 20,agree,,confirmed,
ledger-D|30,severity-models#calculator (technical),browser arithmetic gives the same results as the project's Python code to ten decimal places,,,,,,assets/severity-engine.js; severity_model.predict_exported,"node run of the engine: reference 0.1802123582 vs unrounded fit 0.1802123595 (difference 1.3e-9, from 8-decimal export); identical arithmetic to predict_exported",agree,,revised,"'Ten decimal places' was removed (b0c9f7f). The page now says 'The calculator gives the same numbers' as Table 1, and that 'the calculator and the table above use the same arithmetic'. Final check (0370825): site/severity-models.html; 'decimal places' appears on no page"
ledger-D|31,severity-models#every-model (Table 4),Catalan original (boosted trees): ROC-AUC 0.78 against 0.70 for a type × zone table,rolling 2016–2023,"12,961",,,,"models.py:_review_table; review_catalonia_rolling 2016-2023 boosted 0.7785, type_x_zone 0.6988",Table values,agree,,removed,"Table 4 was removed (b0c9f7f), and the original model's type × zone comparison (0.78 against 0.70) is no longer published. External validation gives its 2023 score against a model fitted on that year (0.79 against 0.70), which is a different benchmark. Final check (0370825): site/severity-models.html has no every-model table; site/validation.html 'it scores 0.79, against 0.70 for a model fitted and cross-validated on the 1,732 crashes of that year alone'"
ledger-D|32,severity-models#every-model (Table 4),"its strongest predictor was a recording artefact (the road's owner, blank on some fatal records)",,,,,,ml_importance.csv row 1 (D_TITULARITAT_VIA AUC drop 0.073),"Raw SCT: conventional interurban crashes with blank owner 227/420 fatal (54%), 'Altres' 42/1,410 (3%) vs 15–26% named networks",agree,the calculator keeps these categories in training and in evaluation (F01),confirmed,"Table 4 was removed from this page (b0c9f7f). The claim is now on External validation ('Its strongest predictor was the road's owner ... That model was retired', d3e9f76) and on Methodology. Final check (0370825): site/validation.html 'The original Catalan model (retired), tested within Catalonia'; site/data.html 'It was replaced by the Catalan severity model, because its strongest predictor was the road's owner'"
ledger-D|33,severity-models#every-model (Table 4),"Barcelona person severity: ROC-AUC 0.85 against 0.78, on 58 serious or fatal cases","GU 2025, months 10–12","4,049 persons",58 positives,,,"review_barcelona person boosted 0.8513, table 0.7800",Table values,agree,,removed,"The Barcelona person model's test-split score (0.85 against 0.78) is on no page (b0c9f7f). The pages say only that the model 'can only rank people, not give probabilities'; External validation gives 0.86 with each district left out. Final check (0370825): site/severity-models.html; site/validation.html Table 2 'Each Barcelona district left out in turn | ... | 0.86 (0.84–0.88) | 0.86'"
ledger-D|34,severity-models#every-model (Table 4),Barcelona crash severity: 0.737 against 0.734,GU 2025,"1,994 crashes",58,,,"review_barcelona crash logistic 0.7374, table 0.7344",Table values,agree,,revised,"The scores are no longer printed (b0c9f7f). The severity-models, Barcelona and Methodology pages say the model 'ranked crashes no better than a table of shares by type of accident'. Final check (0370825): site/severity-models.html; site/barcelona.html 'A model of these crashes ranked them no better than a table of shares by accident type'"
ledger-D|35,severity-models#every-model (Table 4),"Forecast: error 6.6% of a year's deaths against 5.9% for last year's count, ordinary held-out years","holdout 2016–2019, 2022–2024",annual deaths,,,RMSE of log annual total,review_forecast holdout window 4: 0.0661; naive 0.0587; model_review.forecast_diagnosis; forecast.HOLDOUT_YEARS,Table values; definition read in code,agree,window 8 (0.068) also worse,confirmed,"No longer on the severity-models page (b0c9f7f). The same figures are on the forecast notice (4ce9e4b) and in the Methodology assumptions table. Final check (0370825): site/forecast.html: 'its error in a year's deaths was 6.6%, against 5.9% for repeating the same months of the year before'; site/data.html 'its error was 6.6% against 5.9% for last year's count'"
ledger-D|36,severity-models#every-model,"The original Catalan model's gain rested partly on a recording artefact, so it was rebuilt as the calculator's model",,,,,,models.py:458-462,Calculator's own evaluation still includes the artefact categories (AUC 0.938 on them; overall 0.772 vs 0.738 without),wording,F01,confirmed,"Confirmed and quantified: the original model scores 0.7475 on choosable roads, the same as boosted trees on the calculator's inputs"
ledger-D|37,severity-models#limitations,crashes the SCT classifies as fatal (a death within 24 hours),2016–2023 overlap,Catalan provinces,SCT fatal,DGT crashes with TOTAL_MU24H>0,province-year equality,models.py:466-471,Own join of raw SCT and DGT parquet: 32/32 province-years equal,agree,,confirmed,
ledger-D|38,severity-models#limitations,On roads through towns its estimates are close to the average for such roads,2016–2023,748 through-town crashes,,,spread of predictions,models.py:469-470,"Predictions 5th–95th percentile 3.6%–25.0% (mean 11.7%); slope 0.53, so they spread too far; quartiles observed 7.5%–17.6% vs predicted 4.8%–20.9%",disagree,F10,corrected,"Roads through towns show the observed average for the province, not an estimate"
ledger-D|39,validation#summary,kept only the ten variables DGT records the same way,,,10,,,validation.py:329; ml_common_feature_validation enters_cross_source_tests,10 fields True,agree,,corrected,"Now eleven variables, because junction is used once the inverted Catalan flag is read the other way round: 'restricted to the eleven variables both sources record in the same way, none of them the road's owner' (cfd67f4; 862262d). Final check (0370825): site/validation.html; 'The eleven variables are year, month, day of the week, time of day, urban or interurban zone, crash type, lighting, weather, road surface, junction and number of vehicles'"
ledger-D|40,validation#summary,"applied it to the 67,971 crashes with a death or serious injury that DGT recorded elsewhere in Spain",DGT 2016–2024,crashes outside Catalonia with MU24H+HG24H>0,"67,971",,count,ml_transport_validation test_n,"Own count from DGT parquet (rows match raw 875,013)",agree,,confirmed,
ledger-D|41,validation#summary / key figures,0.708 vs 0.712; little ranking lost,DGT 2016–2024,"67,971",,,AUC transferred vs in-domain 5-fold CV,validation.py:342-357,ml_transport_validation rows 45/44: 0.70768 / 0.71213,agree,,corrected,"Now 0.71 (95% interval 0.71–0.72) against 0.72 (0.710 against 0.721). The summary says the model ranked crashes elsewhere in Spain 'nearly as well as a model fitted there' (862262d). Final check (0370825): site/validation.html: 'the harmonised version has a ROC-AUC of 0.71 (95% interval 0.71–0.72), against 0.72'; ml_outward_path.csv 'ROC-AUC 0.710 (0.705-0.715), in-domain 0.721, gap -0.011'"
ledger-D|42,validation#dgt,95% interval 0.702–0.712; difference −0.004,,"67,971",,,,validation.py:410-416,"Table: low 0.7023, high 0.7125, gap −0.00445",agree,,corrected,"The interval is now 0.71–0.72 (0.705–0.715), and Table 2 gives the difference as −0.01 (−0.011) (862262d). Final check (0370825): site/validation.html Table 2 'Spain outside Catalonia, DGT records 2016–2024 | ... | 0.71 (0.71–0.72) | 0.72 | −0.01 | 0.92'"
ledger-D|43,validation#dgt,Fatal crashes commoner in the test (15.4%) than in Catalan training (12.6%),DGT 2016–2024; SCT 2010–2023,,"10,457; 3,093","67,971; 24,478",15.38%; 12.64%,validation.py:417-419,Own counts from DGT parquet and raw SCT,agree,,confirmed,
ledger-D|44,validation#dgt,"mean prediction 14.2% falls between; slope 1.10, a little less extreme than outcomes warrant",,"67,971",,,,validation.py:419-425,"Table: mean 0.1415, slope 1.101; slope>1 interpretation correct",agree,,corrected,"The mean estimate is now 14.5% and the slope 0.92: 'the estimates are a little more extreme than the outcomes warrant' (862262d). Final check (0370825): site/validation.html: 'its mean estimate, 14.5%, falls between the two. Its calibration slope ... is 0.92'"
ledger-D|45,validation#dgt,Its probabilities are close to calibrated,,,,,slope in 0.8–1.25 and |mean−obs| ≤ 25% of obs,validation.py:248-256; modelling.CALIBRATION_SLOPE_RANGE,1.10 in range; |0.1415−0.1538|/0.1538 = 8%,agree,,revised,"Now 'Taken together, its estimates are close to calibrated, but not province by province: in 23 of the 46 provinces ... the observed fatal share differs from the mean estimate by more than 3 percentage points (19 higher, four lower; largest gap 15.7 points)' (862262d). Final check (0370825): site/validation.html, same sentence"
ledger-D|46,validation#dgt,Catalan fatal crashes match DGT's 24 h fatal crashes in every province and year,2016–2023,4 provinces × 8 years,,,equality,validation.py:383-392; cat_vs_dgt_province_year,Own join raw SCT vs DGT: 32/32 equal; severe-crash ratio 1.000–1.005,agree,,confirmed,
ledger-D|47,validation#dgt (Fig 1 alt),scores lie between 0.65 and 0.72,,harmonised model tests,,,min/max,validation.py:426-434,"Reported harmonised rows: min 0.653 (Barcelona province), max 0.724 (Tarragona)",agree,,corrected,"Now Figure 2, whose alt text says 'The scores lie between 0.66 and 0.73' (862262d). Final check (0370825): site/validation.html Figure 2 alt text"
ledger-D|48,validation#dgt,"46 provinces … ROC-AUC from 0.60 (León) to 0.79 (Zaragoza), median 0.68",DGT 2016–2024,provinces with ≥30 fatal and ≥30 non-fatal,,,,validation.py:435-457; ml_transport_provinces,"46 reported (Ceuta, Melilla dropped); min 0.6035, max 0.7893, median 0.6793",agree,,corrected,"Now 0.61 (Cáceres) to 0.78 (Zaragoza), median 0.68; the 46 provinces are unchanged (862262d). Final check (0370825): site/validation.html: 'the ROC-AUC runs from 0.61 (Cáceres) to 0.78 (Zaragoza), with a median of 0.68'"
ledger-D|49,validation#dgt (Fig 2 caption),"n = 67,704 crashes",,46 provinces,,,"67,971 − 127 − 140",captions.json tr3_province_auc,"Sum of reported province n = 67,704",agree,,confirmed,
ledger-D|50,validation#dgt (technical),not-specified values at most 0.8% of any source's records; weather unspecified in 6.1% outside Catalonia,,,,,,dgt_audit_transfer missingness; gen_representativeness weather/not specified share_b 0.0611,Table values,agree,,corrected,"Not-specified values are now at most 0.7%. Weather is still unspecified in 6.1% outside Catalonia (862262d). Final check (0370825): site/validation.html: 'values recorded as not specified make up at most 0.7% of any source's records, although weather is unspecified in 6.1%'"
ledger-D|51,validation#within-catalonia,"2023 later year: 0.79 against 0.70 for a model trained on the 1,732 crashes of that year",SCT 2023,"1,732 (209 fatal)",,,,validation.py:540-546,"Table boosted 0.7927, in-domain 0.7030; raw 2023 = 1,732/209",agree,model's strongest predictor is the owner artefact (F03),confirmed,"Same numbers (0.79 against 0.70 on 1,732 crashes), but now labelled as the original Catalan model (retired), under 'The original Catalan model (retired), tested within Catalonia' (d3e9f76). The published model scores 0.76 against 0.72 on 2023's 1,527 crashes. Final check (0370825): site/validation.html: 'On the last year of the Catalan file (2023) ... it scores 0.79, against 0.70'; Table 2 'Later year (2023) | Catalan severity model | 21,111 | 1,527 | 182 | 0.76 (0.72–0.79) | 0.72'"
ledger-D|52,validation#within-catalonia,"a different benchmark from the table on the models page, which happens to score 0.70 too",,,,,,validation.py:531-549 reads ml_rule_comparison rule_roc_auc 0.695 (2023 only),"models page prints 0.70 from review_catalonia_rolling (0.6988, pooled 2016–2023) and 0.74 for its road×crash table",wording,code checks a number the models page does not show (F09),corrected,The cross-reference to a benchmark the models page does not show is gone; the page compares the Catalan severity model with its own table (0.74 against 0.71).
ledger-D|53,validation#within-catalonia,"each of four provinces left out: 0.69 (Barcelona) to 0.79 (Tarragona); better than own model in Girona, Lleida, Tarragona; 0.03 below in Barcelona",SCT 2010–2023,provinces,,,,validation.py:550-557,"Table: 0.689/0.737/0.731/0.788; gaps −0.034, +0.049, +0.040, +0.034; raw test sizes 15,043/3,453/2,593/3,389",agree,,confirmed,"Same numbers, now labelled as the retired original model (d3e9f76). With each province left out, the published model scores 0.68 (Barcelona) to 0.77 (Tarragona). Final check (0370825): site/validation.html: 'it scores between 0.69 (Barcelona) and 0.79 (Tarragona) on the province it did not see' (original); 'it scores between 0.68 (Barcelona) and 0.77 (Tarragona)' (published)"
ledger-D|54,validation#barcelona,0.642 against 0.656; difference −0.015 (95% interval −0.054 to 0.021),SCT,"3,179 Barcelona city crashes (335 fatal)",,,,validation.py:626-634; components transport cost,"Table: 0.6416/0.6564; transport cost 0.0147 (−0.021, 0.054); raw nomMun Barcelona 3,179/335",agree,,revised,"Now printed to two decimals and attributed to the retired original model: 'ranks the city's crashes at 0.64, against 0.66 ...; the 95% interval of the difference, −0.05 to 0.02, includes zero'. Table 2 gives −0.01 (4ce9e4b; d3e9f76). Final check (0370825): site/validation.html Barcelona section; Table 2 'Rest of Catalonia to Barcelona city | Original Catalan model (retired) ... | 0.64 (0.61–0.68) | 0.66 | −0.01 | 0.44'"
ledger-D|55,validation#barcelona,well below the 0.764 reached in the rest of Catalonia,,"21,299 crashes",,,,from_bcn.in_domain_cv_roc_auc,0.76366,agree,,revised,Now 'the 0.76 that a model reaches when fitted and tested in the rest of Catalonia' (two decimals; 4ce9e4b). Final check (0370825): site/validation.html: 'Both scores are well below the 0.76 ...'
ledger-D|56,validation#barcelona,mainly because Barcelona's crashes are harder to rank and fewer are available to train,,,0.054 + 0.053,0.122 total drop,decomposition,"ml_barcelona_diagnosis_verdicts/components (full, boosted)",Table; but 'intrinsic difference against urban crashes' = −0.039 (−0.077 to −0.003): Barcelona easier to rank than the rest of Catalonia's urban crashes,wording,F16,corrected,"Now states the tested reason: at the same fitting size Barcelona's crashes are harder to rank than the rest of Catalonia's mix of interurban and urban crashes, but not harder than its urban crashes (difference −0.04, −0.08 to 0.00)."
ledger-D|57,validation#barcelona,calibration slope there is 0.44,,"3,179",,,,to_bcn.calibration_slope,0.4353,agree,,confirmed,
ledger-D|58,validation#barcelona,"GU 2025 records hold 252 crashes defined compatibly, only 11 fatal",GU 2025,crashes with a death or serious injury,11,252,count,ml_transport_validation 'Catalonia -> Barcelona 2025',Own raw count: Numero_morts>0 or Numero_lesionats_greus>0 = 252; deaths>0 = 11,agree,,confirmed,
ledger-D|59,validation#barcelona,"predicts 10.0% fatal, against 4.4% observed (2.5–7.6%)",GU 2025,252,11,252,Wilson,validation.py:643-648,Boosted mean 0.0999; own Wilson for 11/252: 2.46%–7.64%,agree,,confirmed,
ledger-D|60,validation#barcelona,ten districts left out: 0.864 vs 0.855 in ordinary cross-validation,GU 2025,"15,848 persons, 260 serious/fatal",,,,ml_transport_validation rows 56-57,Table values,agree,,revised,"Now '0.86 on the district it did not see, the same to two decimals as in ordinary cross-validation'. Table 2 gives 0.86 against 0.86, +0.01 (d3e9f76; 862262d). Final check (0370825): site/validation.html Barcelona section and Table 2 last row"
ledger-D|61,validation#populations,death or serious injury in 6.8% of injury crashes in Catalonia vs 10.3% elsewhere,DGT 2016–2024,injury crashes,"14,812; 67,971","217,966; 657,047",share,gen_outcomes,Own recount from DGT parquet identical,agree,,confirmed,
ledger-D|62,validation#populations,fatal within 24 h: 12.2% vs 15.4%,DGT 2016–2024,serious/fatal crashes,"1,803; 10,457","14,812; 67,971",,gen_outcomes,Own recount identical,agree,,confirmed,
ledger-D|63,validation#populations,Barcelona city at 2.7% and 9.1%,DGT 2016–2024,municipality 08019,"1,912; 174","71,042; 1,912",,gen_outcomes,Own recount identical,agree,,confirmed,
ledger-D|64,validation#populations,Catalan serious crashes happen more often on dual carriageways (27.2% vs 10.7%) and less often on conventional roads (14.1% vs 34.0%),DGT 2016–2024,serious/fatal crashes,,,road_group shares,validation.py:752-756; derive.ROAD_GROUP_BY_TYPE (5→dual_carriageway); gen_representativeness,"Catalonia used TIPO_VIA 5 for every conventional-road crash in 2016–2020 (0 code-6 crashes) and code 6 from 2021; with 5 counted as conventional: 35.0% vs 36.1% conventional, 6.4% vs 8.6% dual; SCT file: autovía 0.5%",disagree,coding artefact (F02),corrected,"The dual-carriageway gap was the Catalan coding artefact. The page now compares all conventional roads together (35.0% against 36.1%, within the limit) and explains the coding break."
ledger-D|65,validation#populations,fewer run-off-road crashes (13.4% vs 25.8%),DGT 2016–2024,serious/fatal,,,,gen_representativeness,"Table; SCT file 2016–2023 run-off-road subtypes 13.7%, consistent",agree,,confirmed,
ledger-D|66,validation#populations,"Five of the eleven variables differ by more than a limit set in advance: alignment, road type, crash type, weather, surface",,,5,11,JSD > 0.02,validation.py:757-760,"Reproduced road-type JSD 0.0633; with code 5 grouped as conventional 0.0070, so four exceed the limit",disagree,F02,corrected,"With road type compared on a consistent coding, four of the eleven variables differ beyond the limit: road alignment, crash type, weather and road surface."
ledger-D|67,validation#populations,unknown road alignment 14.0% in Catalonia vs 0.4%; weather unspecified 6.1% outside Catalonia,DGT 2016–2024,,,,,gen_representativeness,Table values,agree,,confirmed,
ledger-D|68,validation#populations,"Barcelona city's crashes differ on seven variables, led by alignment, road type and zone",,,7,11,,gen_representativeness,"Own count of JSD>0.02: 7; top three alignment 0.297, road_class 0.208, zone 0.157",agree,road_class shares the code-5 issue for Catalonia only,confirmed,
ledger-D|69,validation#support,the harmonised model loses only 0.004 of ROC-AUC,,,,,,validation.py:792-797,gap −0.00445,agree,,corrected,The sentence was deleted along with 'What the tests support' (d3e9f76). The harmonised model's loss is now 0.01 (0.710 against 0.721; Table 2 −0.01) (862262d). Final check (0370825): site/validation.html Table 2 Spain row '0.71 (0.71–0.72) | 0.72 | −0.01'; 'losing only 0.004' is on no page
ledger-D|70,validation#support,The tests support ranking serious and fatal crashes with the Catalonia crash-severity model within Catalonia,,,,,,validation.py:792,That model (ml_selected context boosted_trees) ranks D_TITULARITAT_VIA first in ml_importance; the models page says it was rebuilt because of that artefact; the calculator model is not tested here,wording,F03,corrected,"The 'What the tests support' paragraph is deleted; the summary says the published model has been tested only within Catalonia, and national use is not established."
ledger-D|71,validation (Table 1),passed/not run/too few/no cells per model,,,,,,validation.py:evidence_cell; ml_outward_path,Every cell matches ml_outward_path status,agree,,revised,"Table 1 now reads 'ranking held' instead of 'passed' (c1ef923). It gained rows for the Catalan severity model and for the original Catalan model (retired) (d3e9f76), and its note says 'ranking held' says nothing about whether the estimates of the fatal share were right. Final check (0370825): site/validation.html 'Table 1. Whether the ranking of each model held in each kind of test' rows 'Catalan severity model | ranking held | ranking held | ranking held | not run | no'"
ledger-D|72,validation (Table 1 note),no more than 0.05 below; JSD limit 0.02; Barcelona 2025 records hold 11 fatal crashes,,,,,,"generalisability.MAX_TRANSFER_GAP=0.05, MAX_RESEMBLANCE_JSD=0.02",Constants read; 11 recounted from raw,agree,,confirmed,
ledger-D|73,validation (Table 2),"training/test/outcome counts per test (22,746/1,732/209; 21,299/3,179/335; 9,435/15,043/1,554; 21,025/3,453/561; 21,885/2,593/431; 21,089/3,389/547; 16,067/740/70; 11,517/12,961/1,627; 12,957; 24,478/1,855/176; 67,971/10,457)",SCT 2010–2023; DGT 2016–2024,,,,,validation.py:868-904; ml_transport_validation,Each recomputed from raw SCT and DGT parquet; all match,agree,,confirmed,
ledger-D|74,validation (Table 2),"AUCs, references, differences, calibration slopes per test",,,,,,ml_transport_validation (chosen estimator),"Spot-checked all 22 rows against the table, rounding correct",agree,,corrected,"Table 2 now prints two decimals. It gained the published model's rows (d3e9f76; c1ef923): nested 0.74 (0.73–0.75), slope 1.03; 2023 0.76 against 0.72; provinces 0.68–0.77; Barcelona city 0.66 against 0.68. The harmonised rows changed after the junction correction (862262d): Spain 0.71 against 0.72, slope 0.92; Catalonia 2024 0.73 against 0.64; Barcelona province left out 0.66 against 0.67, slope 0.61. Final check (0370825): site/validation.html Table 2; ml_outward_path.csv catalonia_common_dgt stage 4"
ledger-D|75,validation (Table 2 caption),"this version scores 0.793, against 0.790 for the version with province reported on the models page",,,,,,validation.py:887-903 (ml_selected roc_auc 0.7902),grep of site/severity-models.html: no 0.79x value anywhere,disagree,stale cross-reference (F08),corrected,The stale cross-reference to 0.790 on the models page is gone; the retired model's 2023 score (0.79) is set against a model fitted on that year (0.70).
ledger-D|76,sources#summary,The national crash records describe Spain but do not train a model,,,,,,sources.py:422,"In-domain reference models are trained on DGT records (validation in_domain_cv), and so is the DGT association model (models Table 4)",wording,F21,corrected,"Now 'the national crash records describe Spain but train no published model', with the reason (uneven provincial recording, and which fields are unrecorded carries information about the outcome)."
ledger-D|77,sources (Table 1),"National crash records: Spain 2016–2024, 875,013 crashes",DGT microdata,injury crashes,"875,013",,sum of rows,sources.py numbers dgt_rows from validation row_count,"Own openpyxl count of the 9 raw xlsx files: 875,013 (per year 102,362 … 101,996)",agree,,confirmed,
ledger-D|78,sources (Table 1),Yearbook series 1993–2024; Statistical tables 2014–2024; Speed report 2014–2023; Census 2014–2025 (text files from 2023); INE 2002–2025; toll from 1990; interurban vkm 2004–2023,,,,,year spans,sources.py:_source_table via data_inventory and result tables,q1_annual_headline 1993–2024; inventory chapters 2014–2019 + tablas 2020–2024; factor_shares 2014–2023; census 2014–2025; ine 2002–2025; peaje 1990; longrun_km_panel 2004–2023,agree,,confirmed,
ledger-D|79,sources (Table 1),Kilometre estimates used for rates per km by owner's age band (2024),DGT km 2024,,,,,sources.py:159-172,drivers.html now presents owner-age figures only as 'The former owner-age figures' that 'inflated the young drivers' rate',wording,stale use (F14),corrected,"The kilometre-estimates row now describes its use for the national driver-age rates (car kilometres total) and vehicle types, not owner-age rates."
ledger-D|80,sources (Table 1),Road fuel: complete years 1996–2024; input of the monthly deaths forecast,CORES,,,,,sources.py:176-182; numbers fuel_span from risk_frequency_severity,Raw cores_consumos_pp.xlsx updated 14-09-2026 runs to July 2026 (2025 complete); forecast withdrawn,wording,F14,corrected,The road-fuel row no longer names the withdrawn monthly deaths forecast as a use.
ledger-D|81,sources (Table 1),"Catalan crash records 2010–2023, 24,478 crashes; Barcelona 2025: 7,741 crashes, 17,200 person records",SCT; GU 2025,,,,,sources.py:197-213,Own raw counts identical,agree,,confirmed,
ledger-D|82,sources (Table 1),the sources used in the study (12 rows),,,,,,sources.py:113-215,"EMEF 2014–2024 (ATM) and EDM2018 (CRTM) drive the km-by-age results (risk_national_rates, risk_barcelona_rates, data.html) but are absent",disagree,F04,corrected,"Table 1 now has 18 rows. The additions are INE population by single year of age, the EMEF, Madrid's EDM2018, MOVILIA 2006–2007, RACC's 'Mayores al volante' survey (c1ef923) and Idescat's 2024 census. No row count is stated (4ce9e4b; c1ef923). Final check (0370825): site/sources.html 'Table 1. Sources used in the study' (18 rows)"
ledger-D|83,sources#records,"3,093 of 24,478 crashes (12.6%) fatal; deaths within 24 h; no crash identifier",SCT 2010–2023,,"3,093","24,478",12.64%,sources.py:_crash_records; cat_fatal_share,"Raw: 3,093 'Accident mortal'; no ID column among 58; 24 h confirmed by province-year match with DGT MU24H",agree,,confirmed,
ledger-D|84,sources#records,"crashes 7,741, of which 890 record no victim; vehicles 16,536 records; crash table reports 14,350 vehicles",GU 2025,,,,,"mq_bcn_structure, mq_bcn_count_semantics, bcn_vehicle_audit_counts","Own raw: 890 blank Numero_victimes (0 explicit zeros); 16,536 vehicle rows; sum Numero_vehicles_implicats 14,350",agree,,confirmed,
ledger-D|85,sources#records,"13 people died and 247 were seriously injured; 1,351 person records carry no severity",GU 2025,"17,200 person records",,,,bcn_people_by_severity,"Raw Descripcio_victimitzacio: 11 died within 24 h + 2 later = 13; 247 'Ferit greu'; 1,351 NaN; 1 natural death excluded",agree,,revised,"Now '11 people died within 24 hours and 2 later, and 247 were seriously injured; 1,351 person records carry no severity. The crash table classifies at 24 hours, so its 249 serious injuries include the 2 later deaths' (4ce9e4b). Final check (0370825): site/sources.html 'The three sets of crash records'"
ledger-D|86,sources#meeting,Catalan fatal crashes equal DGT's 24 h crashes in every province-year of 2016–2023,2016–2023,,,,,sources.py:_meeting,Own join: 32/32,agree,,confirmed,
ledger-D|87,sources#audit,All 482 reconciliation checks pass; DGT's 2024 tables,,,482,,,sources.py:_audit; validation.csv,"validation.csv 482 rows, all passed; table_1_1_province max year 2024; row_count and deaths_30d match my raw counts",agree,,confirmed,"The sources page no longer gives the count; it says the file 'matches every published total it was checked against' (183c216). Methodology states the 482 checks, all passing (D|108). Final check (0370825): site/sources.html: 'DGT's national crash file matches every published total it was checked against'; site/data.html: 'Before any analysis, 482 checks ... All of them pass'"
ledger-D|88,sources#audit,"Of the 30 circumstance fields examined, nine have blank shares varying by ≤10 pp across provinces with ≥2,000 crashes",DGT 2016–2024,,9,30,,"dgt_audit_regional; dgt_audit.MAX_REGIONAL_SPREAD=0.10, MIN_PROVINCE_CRASHES=2000",Table: 9 comparable; 13 of the 30 'fields' are PRIORI_* right-of-way sub-flags with identical blanks,wording,F15,corrected,"Now 'Of the 18 fields examined (the 13 that record who had right of way counted as one), eight have an unrecorded share that varies by more than 10 percentage points across the provinces with at least 2,000 crashes, counting only the crashes each field applies to' (067aaeb; b49f9fd). This supersedes 'nine ... no more than 10'. Final check (0370825): site/sources.html 'Uneven recording in the national crash records'"
ledger-D|89,sources#audit,right-of-way fields blank in 31% of crashes in one province and 78% in another,,,,,,"dgt_audit_regional PRIORI_* province_min 0.309, max 0.775",Table values,agree,,corrected,"Now 'Among crashes recorded at a junction, the share with the right-of-way fields unrecorded runs from 0% in one province to 51% in another, and reaches 39% without the Catalan provinces' records from 2023' (b49f9fd). 31%/78% is superseded. Final check (0370825): site/sources.html, same sentence"
ledger-D|90,sources#audit,"blank-only model ROC-AUC 0.72 vs 0.83; blanks give 67% of the gain, above the 50% limit; 49% among serious crashes",DGT,"200,000-row sample; 82,783 serious crashes",,,(0.724−0.5)/(0.834−0.5)=0.671,dgt_audit_artefacts; dgt_audit.MAX_ARTEFACT_SHARE=0.5,Recomputed share from table AUCs,agree,,corrected,"Now ROC-AUC 0.68 against 0.83. Unrecorded fields give 54% (95% interval 52%–56%) of the gain, above the 50% limit 'but only by four percentage points', and 25% among crashes with a death or serious injury (b49f9fd). The old 0.72, 67% and 49% are superseded. Final check (0370825): site/sources.html: 'ranks crashes with a death within 30 days with a ROC-AUC of 0.68 ... gives 54% of the recorded model's gain over chance (95% interval 52% to 56%) ... the share is 25%'"
ledger-D|91,sources#scope,"Rates per trip or per km in Catalonia or Barcelona: neither source has a measure of travel; their only rates are per resident, at province level",,,,,,sources.py:58-62 SCOPE,"risk_barcelona_rates.csv: car drivers involved per bn km inside Barcelona from EMEF 2022–2024, published on drivers.html and quoted on data.html",disagree,F05,corrected,Corrected: Barcelona has rates per kilometre for car drivers by age on working days from the EMEF; Catalonia's rates are per resident at province level.
ledger-D|92,sources (Table 1 note),Yearbook series used for … the monthly deaths forecast,,,,,,sources.py:132,forecast.html is a withdrawal notice,wording,F14,corrected,The yearbook note no longer names the withdrawn forecast; 24-hour deaths are said to be used to check the crash records and in sensitivity tests on Long-run trends and the 2006 points licence.
ledger-D|93,data#definitions,"In DGT's records for 2016–2024, 14.2% of deaths within 30 days occurred after the first 24 hours",DGT 2016–2024,deaths,"15,441 − 13,256","15,441","1 − 13,256/15,441 = 14.15%",data.py:_definitions from validation victim_total,"Own raw xlsx sums: MU24H 13,256, MU30DF 15,441",agree,,confirmed,
ledger-D|94,data#rates,"over 2013–2019, 1.5× Poisson variance for deaths, 7.7× for admissions, 68× for injury crashes",yearbook 2013–2019,annual counts,,,Pearson dispersion of log-linear Poisson trend,risk_trends.year_to_year_dispersion; risk_dispersion,"Own GLM on q1_annual_headline: 1.450, 7.700, 67.71",agree,,revised,"Methodology no longer gives the multiples. Its assumptions table says the scatter exceeds Poisson variation for admissions and injury crashes but is 'not established' for deaths (interval includes 1), and that 'Since 2019 gives the factors' (183c216). The multiples 1.5, 7.7 and 68 are now on Since 2019, with the deaths factor's interval at 0.6–8.7. Final check (0370825): site/data.html Table 1 row 'A year's count varies around its trend only by chance'; site/trends.html '1.5 times ... for deaths, 7.7 times for hospital admissions and 68 times for injury crashes ... runs from 0.6 to 8.7'"
ledger-D|95,data#rates,Kilometres by driver age from the EMEF working-day age profile applied to Spain and scaled to DGT car km,,,,,,data.py:182-188,"Consistent with risk_national_rates method 'A: EMEF, province of Barcelona'",agree,,confirmed,
ledger-D|96,data#records,median circumstance field is blank in 52.8% of crashes,DGT 2016–2024,30 fields,,,median of unrecorded_share,data.py:368-369,Median = mean of 0.4365 and 0.6205 = 0.5285; 13 near-identical PRIORI_* flags put the median there,wording,F15,corrected,"Now 'three are unrecorded in more than 30% of the crashes they apply to, one of them only just (30.2%)' (067aaeb; b49f9fd). This supersedes 'five'. Final check (0370825): site/data.html 'Reading police crash records'"
ledger-D|97,data#records (Fig 1 caption),"n = 875,013 crashes",DGT 2016–2024,,,,,captions.json d1_missingness,"Raw count 875,013",agree,,confirmed,
ledger-D|98,data#records,nine placeholder levels in eight Catalan fields recorded ≥1.5× as often in non-fatal crashes; these fields left out of the model,SCT,,,,,data.py:_records; ml_recording_artefacts,Table: 9 'outcome-dependent' rows in 8 columns; none in main feature set,agree,"the check is one-directional and pooled across zones, so it missed the blank road owner (54% fatal on interurban conventional roads) (F06)",confirmed,
ledger-D|99,data#records,seven DGT fields left blank at rates differing by ≥1.5× between fatal and other crashes in at least one region,,,7,,,"dgt_audit_outcome_recording; recording.RATIO_LIMIT=1.5, MIN_RATE=0.01",Own filter: 7 distinct fields,agree,,corrected,"Methodology no longer gives the DGT count. Data sources and scope says 'In nine fields the unrecorded share differs by a factor of 1.5 or more between fatal and other crashes, in Catalonia or in the rest of Spain' (b49f9fd). Final check (0370825): site/sources.html, same sentence; site/data.html gives only the Catalan nine levels in eight fields"
ledger-D|100,data#coding-breaks,"In 2024, 83% of that year's 'other' crashes are on urban streets, against 43% in 2016–2023",DGT,road_group 'other',"16,217; 12,992","19,563; 30,025",,q2_other_road_by_period,Table values,agree,,confirmed,
ledger-D|101,data#coding-breaks,In 2021 most crashes on conventional roads with a dual carriageway move to the single-carriageway code,DGT 2016–2024,,,,,data.py:58-60 hardcoded DUAL_CARRIAGEWAY_RECODE_YEAR ('No result table records it'),"Code 5 by year: Catalonia 5,955 (2019) → 0 (2021), rest of Spain 1,666 → 1,608; the switch is Catalonia's alone",wording,F07,corrected,"Now: until 2020 the records of the four Catalan provinces code almost every crash on a conventional road with the dual-carriageway code (3,727 in 2020, 7 on single carriageways), and from 2021 the single-carriageway code."
ledger-D|102,data#coding-breaks,"junction field in 2023: blanks 61%→48%, 'not specified' 1%→15%, recorded 37.8% and 37.4%",DGT 2022–2023,,,,,missingness_by_year NUDO_INFO,"Table; own count of code 999 in 2023 = 14,732/101,306 = 14.5%",agree,,corrected,"The 2023 blank/'not specified' statistic is gone. The break is now identified as the four Catalan provinces' records coding the junction flag the wrong way round from 2023: share at a junction 62% in 2023 and 63% in 2024, against 38–42% in 2016–2022 and 37–40% elsewhere (b49f9fd; 862262d). Final check (0370825): site/data.html 'Coding breaks in DGT's records': 'From 2023 the same records code the junction flag the wrong way round'; q3_junction_coding.csv Catalonia flagged-at share 0.6214 (2023), 0.6340 (2024)"
ledger-D|103,data#models,"The Catalonia model was trained on 2010–2020, settings chosen on 2021–2022, tested once on 2023",,,,,,data.py:455-458; ml_split_isolation,"modelling.refit_rows refits on train+validation, so validation Table 2 shows 22,746 training records (2010–2022, raw recount)",wording,F17; also describes the superseded model only (F06),corrected,"The methodology now describes the published (calculator) model's rolling-origin test first, and the single split only as the history of the original model it replaced."
ledger-D|104,data#models,"Barcelona models trained on months 1–9 of 2025, 5-fold grouped CV, tested on months 10–12",GU 2025,,,,,ml_split_isolation,Table design strings and 0 shared ids,agree,,confirmed,
ledger-D|105,data#models,retained only if ROC-AUC exceeds the table by ≥0.02 and CI excludes zero; the Catalonia model and the Barcelona person model meet this rule,,,,,,ml_rule_comparison; rules.MIN_GAIN=0.02,Gains 0.095 (0.067–0.123) and 0.063 (0.020–0.106) in the table; models page lists these models as 'Rebuilt' and 'Research only',wording,F06,corrected,"Now 'Over 2016–2023 the Catalan severity model scores 0.74 against 0.71 for its table, a gain of 0.03 (95% interval 0.02–0.04)'. The nested values are 0.739 against 0.709, gain 0.030 (0.021–0.040) (d3e9f76; c1ef923). The resolution's 0.743 against 0.709, gain 0.034 (0.023–0.044), is superseded. Final check (0370825): site/data.html 'How the models were built and judged'; sev_comparison.csv road_x_crash_table roc_auc_minus_calculator −0.0403 to −0.0205"
ledger-D|106,data#models,"probabilities shown only if slope in 0.8–1.25 and mean within 25%; 1,000 bootstrap resamples",,,,,,"modelling.CALIBRATION_SLOPE_RANGE, CALIBRATION_LARGE_TOLERANCE, N_BOOT",Constants match,agree,"the calculator shows probabilities on through-town roads (slope 0.53), with a warning",confirmed,
ledger-D|107,data#models,four provinces; 10 of 12 candidate variables (road type and junction do not match); eight variables for Barcelona,,,,,,"mq_cat_checks, ml_common_feature_validation, ml_common_features",Tables: 10/12 exact or defensible; 8 Barcelona fields enter tests,agree,,corrected,Now '11 of 12 candidate variables ... (road type does not)'. Junction is used once the inverted Catalan flag is read the other way round (862262d). Final check (0370825): site/data.html: 'refits the original model's specification on the 11 of 12 candidate variables whose mapped distributions match ... (road type does not)'
ledger-D|108,data#checks,"482 checks, all pass; crash records match the yearbook exactly, year by year",,,,,,data.py:_checks,validation.csv; own raw row and death counts match the expected values,agree,,confirmed,
ledger-D|109,data#checks,owner-age km table reconciles with the published fleet to within 0.5%,DGT km 2024,,,,,"io_exposure.KM_OWNER_TOLERANCE=0.005, enforced at read (io_exposure.py:461-467)",Code read; the build would raise otherwise,agree,not in validation.csv,confirmed,
ledger-D|110,data#assumptions (Table 1),interurban km per tonne rise in 2011–2019 and 2019–2023; deaths per measured km in 2023 within trend interval,MITMA 2004–2023; CORES,,,,,"longrun_km_panel, longrun_km_check","8,413→8,741→9,420 km/t; 2023 observed 1,288 in [1,117, 1,337]",agree,,confirmed,
ledger-D|111,data#assumptions (Table 1),biofuel 6.6% of road fuel by mass in 2019 and 7.8% in 2023,CORES,,,,,longrun_fuel_bio,0.0660 and 0.0783,agree,,confirmed,
ledger-D|112,data#assumptions (Table 1),involvement per km at 18–29: 1.64× to 3.65× (2.57× centrally); at 65+: 1.00× to 1.70× (1.16×),DGT 2024; EMEF; EDM2018,car drivers,,,,risk_national_rates (km_total 'less taxi and ride-hailing'),"Table: 16-29 min 1.643, max 3.6465, A 2.566; 65+ min 0.9959, max 1.7034, A 1.1636",agree,"table group '16-29' printed as 18–29, consistent with drivers page",corrected,"Now central 2.53 at 18–29 and 1.19 at 65+, with sensitivity ranges 1.49–3.63 and 0.85–1.82 (e47281f; method eb7b70f). Superseded: 2.57 (1.64–3.65), 1.16 (1.00–1.70), and 1.49–3.75 / 0.85–1.75. Final check (0370825): site/data.html assumptions row 'One region's age profile of driving holds for Spain': 'the sensitivity range is 1.49–3.63 at 18–29 and 0.85–1.82 at 65 and over'; risk_national_sensitivity.csv min/max 1.4913–3.6341, 0.8545–1.8210"
ledger-D|113,data#assumptions (Table 1),Barcelona's working-day crashes against the same survey's city driving give 0.78×–1.07× at 65 and over,GU 2025; EMEF 2022–2024,,,,,risk_barcelona_rates 65+ ratio_to_45_64,"0.775, 1.074, 0.909 across the three denominators",agree,,corrected,"Now 0.80–1.11 at 65 and over under three versions of the city's kilometres (183c216). 0.78–1.07 is superseded. Final check (0370825): site/data.html: 'Inside Barcelona on working days, with no transfer, the ratio at 65 and over is 0.80–1.11 under three versions of the city's kilometres'"
ledger-D|114,data#assumptions (Table 1),Assumption 'one region's age profile holds for Spain' tested,,,,,,data.py:570-586,"The row reports a sensitivity range (65+: 1.00× to 1.70×), not a test with a pass/fail outcome",wording,F19,corrected,"The assumptions table now says no source measures driving by age for Spain as a whole, so the transfer cannot be tested; it gives the sensitivity ranges instead."
ledger-D|115,forecast (withdrawn notice),"scored on ordinary years not used in choosing it, the model forecast less accurately than repeating last year's count","holdout 2016–2019, 2022–2024",,,,,components.py WITHDRAWN_PAGES/LEADS; review_forecast,RMSE 0.066 (window 4) and 0.068 (window 8) vs naive 0.0587,agree,'model review' not linked (F20),confirmed,"The notice now gives the errors and links the model review (docs/research/ML_MODEL_REVIEW.md) (4ce9e4b), which resolves F20. Final check (0370825): site/forecast.html: 'its error in a year's deaths was 6.6%, against 5.9% for repeating the same months of the year before. The re-evaluation is in the model review.'"
ledger-D|116,simulator (withdrawn notice),results came from speeds measured in other countries and from published estimates,,,,,,components.py:121-125,"data/raw/compiled/evidence/simulator_parameters.csv: speeds from EU Baseline KPI Speeding, Spain, radar 24 Aug–16 Oct 2022",disagree,speeds were measured in Spain (F22),corrected,The simulator notice now says it started from free-flow speeds measured in Spain (EU Baseline) and took the speed response and casualty response from studies in other countries.
ledger-D|117,distraction (withdrawn notice),crash risk measured in a driving study in the United States,,,,,,components.py:126-131,factor_parameters.csv: Dingus et al. (2016) naturalistic driving study (US),agree,,confirmed,
ledger-D|118,alcohol-drugs (withdrawn notice),relative risks from a European study applied to the share of fatal crashes with police-recorded alcohol,,,,,,components.py:132-137,factor_parameters.csv: Schulze et al. 2012 DRUID; the earlier notice (f840b03) also named INTCF toxicology weighting,agree,omits the INTCF weighting (minor),confirmed,
ledger-D|119,enforcement (withdrawn notice),combining the three withdrawn models with evaluations from other countries; no data on enforcement in Spain,,,,,,components.py:138-143,"factor_parameters.csv includes Novoa et al. (2010), Barcelona fixed speed cameras (−30%), a Spanish evaluation",wording,F22,corrected,The enforcement notice now says the evaluations were all from other countries but one study of Barcelona's fixed speed cameras.
ledger-D|120,older-drivers / context / transport (moved),What was on this page is now on Drivers / Long-run trends / External validation,,,,,,__init__.py:page_moved; components.MOVED_PAGES,meta refresh and canonical present; no live page links to any withdrawn or moved slug (grep of site/*.html),agree,,confirmed,
ledger-E|1,"index finding 4; drivers#summary; drivers#ages-75-and-over (Table 5 caption, Figures 1 and 3); data (assumptions)","For drivers aged 75 and over the sensitivity range is 0.97 to 3.20 times the 45–64 rate per km (65–74: 0.67 to 1.70), across four splits of the 65+ km crossed with every alternative. The data therefore do not establish that they are involved more often per km, or by how much. A sensitivity range is not an interval and carries no probability.",DGT tablas 2024; EMEF 2022–2024; EDM2018; DGT census 2024; RACC 2013; MOVILIA 2006/2007; DGT km 2024,"Car drivers involved in injury crashes, Spain 2024, aged 65–74 and 75+","4,455 involved at 75+; 6,970 at 65–74","Rate of drivers aged 45–64 (35,092 involved / 138.2 bn km)","min/max of ratio_75_plus and ratio_65_74 over the 460 rows of risk_older_sensitivity.csv: 0.9747–3.1985 and 0.6701–1.6980. Minimum: equal km per licence holder with Barcelona-city profile and weekend mixes. Maximum: Madrid profile, long-journey mix for the remainder, Madrid km per DGT licence holder (risk_older_extremes.csv)",exposure_risk/national.py older_sensitivity; site/numbers.py _older_numbers (tier INTERMEDIATE); site/overview.py _drivers; site/drivers.py,"Recomputed from risk_older_sensitivity.csv at 0370825: 75+ 0.9747–3.1985, 65–74 0.6701–1.6980, 460 rows, 115 per split; part below 1.21 reached only by rows with at_odds_with_mens_driving = True",agree,"Superseded: 0.97–3.28 and 65–74 0.66–1.63, which held until 316a52f standardised the Madrid profile and made owner-age km a bound (eb7b70f). Before that: 1.13–3.09, and as first published 1.3–2.2 (1.32–2.19).",added,"Printed as 0.97 to 3.20 (65–74 0.67 to 1.70) on index, drivers summary, Table 5, Figure 1 and 3 alt texts and data"
ledger-E|2,drivers#involvement-in-crashes-per-kilometre-driven; drivers#ages-75-and-over,"Three allocations of the unexplained km are reported but left out of the range. At 75+, across the profiles and splits, they give 1.04–1.94 with the same km per licence holder at every age, 1.62–4.63 with no driving at 65+, and 1.10–2.56 with DGT's km by the owner's age. With each region's profile, owner-age km would give 2.02–3.75 at 18–29 and 0.96–1.46 at 65+.",DGT km 2024 by owner age; DGT census 2024; EMEF 2022–2024; EDM2018,"Car drivers involved in injury crashes, Spain 2024","Drivers involved by age, 2024",45–64 rate under the same allocation,"risk_coverage_scenarios.csv rows with credible == False, grouped by remainder_mix: ratio_75_plus 1.0428–1.9363 (equal km per B-licence holder), 1.6215–4.6344 (under 65 only), 1.0979–2.5564 (owner age); owner age ratio_18_29 2.0211–3.7493, ratio_65_plus 0.9626–1.4554",exposure_risk/coverage.py; exposure_risk/national.py; site/drivers.py,Recomputed min/max by remainder_mix from risk_coverage_scenarios.csv at 0370825,agree,Owner-age km became a bound outside the range in eb7b70f (tables 316a52f); before that it fed the 75+ range. The two constructed bounds are labelled as having no supporting source.,added,
ledger-E|3,drivers#ages-75-and-over (Table 5),"Under each split of the 65+ km, the 75+ ratio to 45–64 is given with its 95% sampling interval, its range under the split and the 65–74 ratio. Madrid km per resident: 2.06 (1.6–2.6), 1.47–3.15, 0.94 (0.8–1.1). Madrid km per DGT licence holder applied to Spain's holders: 2.09 (1.7–2.7), 1.50–3.20, 0.93 (0.8–1.1). RACC limit for men: 1.69 (1.4–2.0), 1.21–2.57, 1.00 (0.9–1.1). Equal km per licence holder: 1.36 (1.2–1.6), 0.97–2.05, 1.10 (1.0–1.3). Men's implied km per holder are 0.48 / 0.48 / 0.68 / 1.00.",2024; EDM2018; RACC 2013; DGT census 2024,"Car drivers involved in injury crashes, Spain 2024","4,455 (75+), 6,970 (65–74)",45–64 rate,"risk_older_split.csv ratio_to_45_64 (ratio_low–ratio_high) per assumption, printed to the Monte Carlo-supported digit; per-split ranges = min/max ratio_75_plus by assumption in risk_older_sensitivity.csv",exposure_risk/national.py older_split; site/drivers.py Table 5; site/numbers.py mc_interval,"risk_older_split.csv 75+ 2.0552 (1.6311–2.6429), 2.0922 (1.6583–2.6915), 1.6928 (1.4493–1.9506), 1.3579 (1.1589–1.5713); per-split ranges 1.4739–3.1463, 1.5006–3.1985, 1.2146–2.5734, 0.9747–2.0537",agree,"The conditional estimate itself (2.06) is ledger-B|94. The licence split is superseded: 2.24 (1.8–2.9), and 65–74 0.92, before eb7b70f/316a52f.",added,
ledger-E|4,drivers#summary; drivers#involvement-in-crashes-per-kilometre-driven (Table 2); index finding 4,"Carried to Spain's population, the survey's working-day driving accounts for 51% of DGT's 2024 car km less taxis and ride-hailing (146.5 of 289.8 bn; the home page says 'about half'), and the central estimate gives the rest the same age mix. The parts: professionals' work trips 3–7% (9.4–18.9 bn); more driving per resident in Spain 3–14% (7.6–40.8); weekends and holidays 15–30% (43.9–86.9); months outside the fieldwork −1% to 2% (−2.6 to 5.9); not explained −3% to 29% (−9.3 to 85.0). Company cars (14%, 40.4) and hire cars (4%, 11.1) overlap these parts.",EMEF 2022–2024; INE 2024; DGT km 2024; MOVILIA 2006; DGT census; CORES; toll traffic,"Private-car km, Spain 2024",Survey working-day km carried to Spain over 248 working days: 146.53 bn,DGT car km less taxis and ride-hailing: 289.78 bn,146.53 / 289.78 = 0.5057; other parts at least- and most-explained settings,exposure_risk/coverage.py; site/drivers.py; site/overview.py guard 0.45 < share < 0.55,risk_coverage.csv at 0370825: working days share 0.5057; remainder 0.2932 / −0.0321; companies 0.1395; hire 0.0381,agree,Introduced in 16e9ef6 (coverage of DGT's car km); regenerated in 316a52f,added,
ledger-E|5,drivers#involvement-in-crashes-per-kilometre-driven (Table 3 and coverage paragraph),"The non-working days and the largest unexplained part are given age mixes measured elsewhere. With the survey's profile for the rest this gives 1.95–2.50 at 18–29 and 1.03–1.36 at 65+. Combined with another region's profile it gives 1.49–3.52 at 18–29, 1.13–1.72 at 30–44 and 0.85–1.82 at 65+, which set the low end of the 18–29 range and both ends of the 65+ range.",EMEF 2022–2024; MOVILIA 2006/2007; EDM2018,"Car drivers involved in injury crashes, Spain 2024",Drivers involved by age,45–64 rate,"risk_national_sensitivity.csv source 'uncovered kilometres': 18–29 1.950–2.504, 65+ 1.027–1.363. Source 'regional profile with the uncovered kilometres': 1.491–3.522, 1.128–1.717, 0.855–1.821. Overall ranges 1.491–3.634, 1.116–1.717, 0.855–1.821",exposure_risk/coverage.py; exposure_risk/national.py; site/drivers.py,Recomputed per-source min/max from risk_national_sensitivity.csv at 0370825,agree,"These combinations replaced the earlier range ends (65+ 1.00–1.70, then 0.85–1.75) in 16e9ef6 and 316a52f",added,
ledger-E|6,drivers (Table 1 note; applies to every sampling interval on the page); data,"Each sampling interval is printed with both ends to the last digit that the larger of their Monte Carlo standard errors supports: a unit at least twice that error. The ratios' ends carry errors of up to 0.017 for involvement and 0.030 for deaths per km, so the ratios' intervals are given to one decimal. The rates' ends carry errors of up to 3.8 per bn km, so the rates are given to whole numbers or tens. No sentence rests on which side of 1 an end lies unless the printed end shows it and stands three Monte Carlo errors clear of 1.",2024,Bootstrap replicates of EMEF (and EDM2018) crossed with 50 gamma draws of each count,n/a,n/a,"risk_national_rates.csv MC se maxima: involved_ratio 0.01737 (18–29 low), killed_ratio 0.02980 (65+ high), involved_per_bn_km 3.810 (18–29 low). mc_digits: 2 × worst ≤ 10^-digits","site/numbers.py mc_digits, mc_interval, MC_MARGIN = 3; site/drivers.py line 161","Read the *_mc_se_* columns of risk_national_rates.csv (A, less taxi and ride-hailing) at 0370825: maxima match 0.017, 0.030, 3.8",agree,"Introduced in e74cd57 for the national and Barcelona rates and in bd444f3 for the 75+ intervals. It supersedes two-decimal intervals such as 2.25–2.82, 1.03–1.36, 1.30–1.53 and 1.63–2.64.",added,
ledger-E|7,severity-models (summary and first section); validation#within-catalonia,"With every choice nested, including whether each province has a starting level of its own, the Catalan severity model's held-out ROC-AUC over 2016–2023 is 0.74 (95% interval 0.73–0.75) against 0.71 for the road × crash-type table. Its lead is 0.02–0.04, and it is ahead in every year. It estimated 12.4% fatal against 12.3% observed (11.7–12.9%). All ten calibration groups lie inside the observed interval, and the calibration slope is 1.03. The test covers 11,611 crashes on roads a reader can choose.",Servei Català de Trànsit 2010–2023,"Crashes with a death or serious injury in Catalonia, 2016–2023, on choosable roads","1,429 fatal (24 h)","11,611 crashes","sev_rolling_scores.csv 2016-2023: calculator roc_auc 0.7395, table 0.7090, mean_predicted 0.1237, prevalence 0.1231 (0.1172–0.1292), slope 1.0326. sev_comparison: 0.7251–0.7529. sev_nested_steps step 4: gain 0.0305 (0.0205–0.0403). sev_calibration: 10/10 inside",severity calculator pipeline; site/models.py; site/validation.py,Read the four tables at 0370825; values as listed,agree,"Superseded figures: 0.772 against 0.745 on 12,961 crashes including the road-owner artefact; 0.743 (not nested, b0c9f7f); 0.741 (0.727–0.754), gain 0.032, slope 1.05, 9 of 10 groups (nested without the province choice, 7187c92). The province choice was nested in fe7a76e. The published model is unchanged (model_id 924e1606d1d6, not re-verified here).",added,
ledger-E|8,severity (summary; 'Lower odds of a death on wet roads and at junctions'; Table of variants),"A crash at a junction had lower odds of a death, 0.69 (0.65–0.73), once the junction flag that DGT's records for the Catalan provinces invert in 2023 and 2024 is read the other way round. This affects 47,705 crashes, 5.5% of all. As published, the flag gives 0.75 (0.69–0.81). Read from junction type alone the figure is 0.69 (0.65–0.73); with the junction left unrecorded it is 0.70 (0.66–0.74).",DGT microdata 2016–2024,"Injury crashes, Spain",Crashes with at least one death within 30 days,"875,013 injury crashes (337,477 at a junction after the correction)","q3_junction_sensitivity.csv fatal/flip/full: 0.6904 (0.6544–0.7285), recoded 47,705. As published: 0.7488 (0.6918–0.8104). Junction type: 0.6870 (0.6502–0.7259). Unrecorded: 0.7002 (0.6630–0.7394)",q3 severity regression; q3_junction_coding.csv; site/severity.py,Read q3_junction_sensitivity.csv at 0370825,agree,"Introduced in e179eb2. It supersedes the junction odds ratio of 0.75 (0.749) in ledger-C|6 and ledger-C|15, which belong to section C. The odds ratios for head-on (5.48) and pedestrian struck (6.27) moved with it (superseded 5.66, 6.44).",added,
ledger-E|9,index finding 1,"Against the falling trend of the 2010s, deaths per tonne of road fuel in 2023 and 2024 were higher than projected, by 8% to 16% depending on where that trend is taken to start. With the trend started in 2013, neither year lies outside the trend's range, and on interurban roads deaths per measured km stayed within theirs.",DGT Series históricas 2024; CORES; Ministerio de Transportes 2023,"Spain, all roads (interurban for the km check)","Deaths within 30 days, 2023 and 2024 (1,806; 1,785)",Projected trend per tonne of road fuel,longrun_projection_sensitivity.csv road_fuel: main 2023 1.1616 and 2024 1.1434 (both outside); start_2013 1.1028 and 1.0764 (both inside). Range shown 8%–16%. longrun_km_check per_km: none outside,site/overview.py _long_run guards 'recent years',Read longrun_projection_sensitivity.csv at 0370825,agree,Added in c35dd36; the counter-evidence was added in 84ee283,added,
ledger-E|10,trends (summary),"Set against the 2011–2019 trend, deaths per tonne of fuel in 2023 and 2024 were 16% and 14% above it, outside its range, or 10% and 8% for a trend started in 2013, within its range. The rise in hospital admissions per tonne of fuel, 13.0%, is beyond ordinary variation, but 'that excess would disappear if kilometres per tonne of fuel had grown 0.3% a year faster than before'.",2019–2024,"Spain, all roads","9,561 people hospitalised in 2024",28.33 Mt road fuel,risk_index.csv hospitalised_30d road_fuel 2024 ratio_low_yty 1.01621; 1.01621^(1/5) − 1 = 0.32% a year,site/trends.py summary; risk_trends,Recomputed from risk_index.csv at 0370825,agree,Added in 9d2697b (reconciliation with Long-run trends) and 84ee283 (drift),added,
ledger-E|11,long-run#deaths-fell-steeply (first section),"Fitted on its own, the count of 2013–2019 rises 1.2% a year (95% interval −0.2% to +2.7%), so a slight rise since 2013 cannot be ruled out.",DGT 2013–2019,"Spain, all road deaths within 30 days",Annual deaths 2013–2019,n/a,"longrun_projection_sensitivity.csv count main: annual_change 0.01235 (−0.00170 to 0.02661), dispersion 1.45, df 5",site/long_run.py; risk_trends long-run projection,Read longrun_projection_sensitivity.csv at 0370825,agree,Added in c72e359 beside the joinpoint segment +0.7% (−1.2% to +2.6%),added,
ledger-E|12,drivers (ages 75 and over),"Leaving out equal km per licence holder, which surveys of men's driving are at odds with (Madrid 2018: 0.48 (0.4–0.6) times as far per licence holder; RACC 2013: about 0.68 times as many days), the lowest combination at 75+ is about 1.2 (1.21). Its 95% sampling interval, 0.9–1.8, includes the 45–64 rate.",DGT 2024; EMEF; EDM2018; MOVILIA 2006; RACC 2013,"Private-car drivers 75+ against 45–64, Spain 2024","4,455 involved","car-driver km at 75+ with Barcelona city profile, MOVILIA 2006 weekend mixes and the RACC driving-days limit for men",lowest unmarked combination,risk_older_extremes.csv (end 'lowest unmarked'); risk_older_sensitivity.csv (at_odds_with_mens_driving False); src/dgt_stats/site/drivers.py,Table check: value 1.2146 (0.9092–1.7563),agree,Checked against committed tables,added,"Added with the 75+ constraint work (76baddd, 5398f54); final in eb7b70f/e47281f"
ledger-E|13,severity-models; validation#summary,"The nested estimate fell outside the observed 95% interval in 2016 (13.0% against 11.0%, 9.6–12.6%), on urban streets (7.3% against 6.6%), and in the provinces of Barcelona (10.0% against 9.1%) and Girona (15.5% against 17.6%). By province and kind of road it missed on Barcelona urban streets (7.54% against 6.70%), Girona interurban roads (23.2% against 26.8%) and Tarragona interurban roads (26.7% against 31.0%). With each province left out it missed Barcelona (11.2% against 9.5%), Girona (14.3% against 17.2%) and Tarragona (14.3% against 17.0%); only Lleida was inside (16.4% against 17.6%). Left-out ROC-AUC was 0.68–0.77.",Servei Català de Trànsit 2010–2023,Catalan crashes with a death or serious injury on choosable roads,fatal crashes,crashes per subset,mean prediction against Wilson 95% interval of observed share,"sev_rolling_scores.csv (year, zone, province, province-and-zone rows); sev_geography.csv; src/dgt_stats/site/models.py, validation.py",Table check: 2016 0.1302 vs 0.1098 (0.0957–0.1257); Barcelona|urban 0.0754 vs 0.0670 (0.0602–0.0745); Girona|interurban 0.2319 vs 0.2682; Tarragona|interurban 0.2673 vs 0.3099; left-out Barcelona 0.1120 vs 0.0953 (0.0906–0.1003),agree,Checked against committed tables,added,Added c1ef923 (after fe7a76e nested the province intercepts)
ledger-E|14,policy#summary,"After the immediate step of −7% in July 2006, the slope changes by +7.5% a year (+1.4% to +14.0%), so deaths drifted back to the projected path by about July 2007. Averaged over the 17 months to November 2007, deaths were 2.5% below the projection (−7.8% to +3.2%). Only the straight-line pre-trend gives a lasting fall (−9.5% on average, −14.3% to −4.5%). Extended to December 2009, the step is −0.8% (−9.4% to +8.7%).",DGT Series históricas del Anuario 2024,"Road deaths within 30 days, Spain, Jan 2000–Nov 2007","38,852 deaths",,"Poisson segmented regression with month terms, bent pre-trend chosen by QAIC, Newey–West 12 lags","q8_points_sensitivity.csv (mean_change, slope_change_annual, months_to_zero); src/dgt_stats/policy.py; src/dgt_stats/site/policy.py","Table check: main mean −0.02484 (−0.07831 to 0.03173), slope 0.07508 (0.01353–0.14036), months_to_zero 12.2; straight line mean −0.09512 (−0.14292 to −0.04465)",agree,Not in the ledger although published since 28fd6c9,added,Added 28fd6c9
ledger-E|15,policy (placebo section),"At 6 of the 14 other Julys, where nothing was introduced, the model's 95% interval excludes zero (about 0.7 expected). The placebo steps vary 2.5 times as much as the model's standard errors imply, and an interval set by that spread puts the July 2006 step at −21% to +3%, so the page's model-based intervals are probably too narrow.",DGT Series históricas del Anuario 2024,"Monthly deaths, 15 July placebo windows 1998–2018",,,placebo SD over median nominal SE; calibrated interval with t quantile,q8_points_calibration.csv; src/dgt_stats/policy.py; src/dgt_stats/site/policy.py,"Table check: n_excluding_zero 6 of 14, expected 0.7, se_ratio 2.464, calibrated −0.2122 to +0.0323",agree,Not in the ledger,added,Added 28fd6c9
ledger-E|16,severity#summary; severity Table 1,"Against a crash on an urban street, a crash on a conventional interurban road had 6.63 times the odds of a death (4.95–8.89). The four interurban road types run 5.66–7.23, and a conventional road through a town 8.75 (6.52–11.75). Road type 'other' is 1.74, rising to 2.40 without Catalonia's crashes.",DGT microdatos 2016–2024,"Injury crashes, Spain",fatal crashes,"875,013 injury crashes",zone + road-type coefficients combined with their covariance,q3_location_contrasts.csv; q3_regime_sensitivity.csv; src/dgt_stats/site/severity.py,Table check: interurban|conventional 6.63352 (4.94808–8.89306); urban crossing|conventional 8.75223 (6.52006–11.7486); other road 1.7445 → 2.40214 without Catalonia,agree,Not in the ledger,added,Added 0615c4a (summary and Table 1); values 862262d
