year,community,road_type,crash_type,injury_crashes,fatal_crashes,deaths_30d,deaths_pedestrians,deaths_cyclists,deaths_moped_riders,deaths_motorcyclists,deaths_car_occupants,deaths_van_light_truck,deaths_heavy_vehicle,deaths_other
2016,Andalusia,Urban streets,Head-on collision,244,7,9,0,0,1,6,2,0,0,0
2016,Andalusia,Urban streets,Head-on/side collision,3064,10,10,0,1,2,6,1,0,0,0
2016,Andalusia,Urban streets,Side collision,752,0,0,0,0,0,0,0,0,0,0
2016,Andalusia,Urban streets,Rear-end collision,1786,1,1,0,1,0,0,0,0,0,0
2016,Andalusia,Urban streets,Multiple or chain collision,195,2,2,0,0,0,1,1,0,0,0
2016,Andalusia,Urban streets,Collision with obstacle or road element,204,6,6,0,0,1,3,1,0,0,1
2016,Andalusia,Urban streets,Pedestrian struck,1792,35,35,34,0,0,0,1,0,0,0
2016,Andalusia,Urban streets,Animal struck,42,0,0,0,0,0,0,0,0,0,0
2016,Andalusia,Urban streets,Overturn,127,0,0,0,0,0,0,0,0,0,0
2016,Andalusia,Urban streets,Fall (rider or occupant),907,3,3,0,1,1,0,0,0,1,0
2016,Andalusia,Urban streets,Run-off road,393,17,17,1,0,2,7,4,0,0,3
2016,Andalusia,Urban streets,Other crash type,216,0,0,0,0,0,0,0,0,0,0
2016,Andalusia,Conventional roads,Head-on collision,261,38,46,0,1,1,5,34,4,1,0
2016,Andalusia,Conventional roads,Head-on/side collision,583,17,20,0,0,1,6,13,0,0,0
2016,Andalusia,Conventional roads,Side collision,181,0,0,0,0,0,0,0,0,0,0
2016,Andalusia,Conventional roads,Rear-end collision,408,4,4,0,1,0,2,1,0,0,0
2016,Andalusia,Conventional roads,Multiple or chain collision,81,1,1,0,0,0,0,0,1,0,0
2016,Andalusia,Conventional roads,Collision with obstacle or road element,28,1,1,0,0,0,1,0,0,0,0
2016,Andalusia,Conventional roads,Pedestrian struck,82,14,14,13,0,0,1,0,0,0,0
2016,Andalusia,Conventional roads,Animal struck,47,0,0,0,0,0,0,0,0,0,0
2016,Andalusia,Conventional roads,Overturn,53,1,1,0,0,1,0,0,0,0,0
2016,Andalusia,Conventional roads,Fall (rider or occupant),80,0,0,0,0,0,0,0,0,0,0
2016,Andalusia,Conventional roads,Run-off road,1303,49,50,1,0,1,11,33,3,1,0
2016,Andalusia,Conventional roads,Other crash type,39,1,1,0,1,0,0,0,0,0,0
2016,Andalusia,Dual carriageways,Head-on collision,15,3,6,0,0,0,0,5,1,0,0
2016,Andalusia,Dual carriageways,Head-on/side collision,114,1,1,0,0,1,0,0,0,0,0
2016,Andalusia,Dual carriageways,Side collision,147,1,1,0,0,0,1,0,0,0,0
2016,Andalusia,Dual carriageways,Rear-end collision,589,10,10,0,0,1,3,6,0,0,0
2016,Andalusia,Dual carriageways,Multiple or chain collision,220,2,2,0,0,0,1,1,0,0,0
2016,Andalusia,Dual carriageways,Collision with obstacle or road element,38,3,4,0,0,1,1,0,0,2,0
2016,Andalusia,Dual carriageways,Pedestrian struck,45,14,15,14,0,0,0,1,0,0,0
2016,Andalusia,Dual carriageways,Animal struck,12,0,0,0,0,0,0,0,0,0,0
2016,Andalusia,Dual carriageways,Overturn,25,2,2,0,0,1,1,0,0,0,0
2016,Andalusia,Dual carriageways,Fall (rider or occupant),44,0,0,0,0,0,0,0,0,0,0
2016,Andalusia,Dual carriageways,Run-off road,534,21,22,0,0,0,1,17,1,3,0
2016,Andalusia,Dual carriageways,Other crash type,29,0,0,0,0,0,0,0,0,0,0
2016,Andalusia,Motorways,Head-on/side collision,1,0,0,0,0,0,0,0,0,0,0
2016,Andalusia,Motorways,Side collision,19,0,0,0,0,0,0,0,0,0,0
2016,Andalusia,Motorways,Rear-end collision,54,0,0,0,0,0,0,0,0,0,0
2016,Andalusia,Motorways,Multiple or chain collision,24,0,0,0,0,0,0,0,0,0,0
2016,Andalusia,Motorways,Collision with obstacle or road element,7,0,0,0,0,0,0,0,0,0,0
2016,Andalusia,Motorways,Pedestrian struck,1,1,1,1,0,0,0,0,0,0,0
2016,Andalusia,Motorways,Animal struck,1,0,0,0,0,0,0,0,0,0,0
2016,Andalusia,Motorways,Overturn,4,0,0,0,0,0,0,0,0,0,0
2016,Andalusia,Motorways,Fall (rider or occupant),4,0,0,0,0,0,0,0,0,0,0
2016,Andalusia,Motorways,Run-off road,55,1,1,0,0,0,0,0,1,0,0
2016,Andalusia,Motorways,Other crash type,2,0,0,0,0,0,0,0,0,0,0
2016,Andalusia,Other roads,Head-on collision,52,0,0,0,0,0,0,0,0,0,0
2016,Andalusia,Other roads,Head-on/side collision,155,2,2,0,0,1,1,0,0,0,0
2016,Andalusia,Other roads,Side collision,72,0,0,0,0,0,0,0,0,0,0
2016,Andalusia,Other roads,Rear-end collision,118,1,1,0,0,0,0,0,0,0,1
2016,Andalusia,Other roads,Multiple or chain collision,20,0,0,0,0,0,0,0,0,0,0
2016,Andalusia,Other roads,Collision with obstacle or road element,14,0,0,0,0,0,0,0,0,0,0
2016,Andalusia,Other roads,Pedestrian struck,68,5,5,5,0,0,0,0,0,0,0
2016,Andalusia,Other roads,Animal struck,5,0,0,0,0,0,0,0,0,0,0
2016,Andalusia,Other roads,Overturn,15,0,0,0,0,0,0,0,0,0,0
2016,Andalusia,Other roads,Fall (rider or occupant),52,1,1,0,0,0,1,0,0,0,0
2016,Andalusia,Other roads,Run-off road,134,7,8,0,1,0,1,5,0,1,0
2016,Andalusia,Other roads,Other crash type,20,0,0,0,0,0,0,0,0,0,0
2016,Aragon,Urban streets,Head-on collision,19,0,0,0,0,0,0,0,0,0,0
2016,Aragon,Urban streets,Head-on/side collision,229,1,1,0,1,0,0,0,0,0,0
2016,Aragon,Urban streets,Side collision,96,0,0,0,0,0,0,0,0,0,0
2016,Aragon,Urban streets,Rear-end collision,228,1,1,0,1,0,0,0,0,0,0
2016,Aragon,Urban streets,Multiple or chain collision,9,0,0,0,0,0,0,0,0,0,0
2016,Aragon,Urban streets,Collision with obstacle or road element,15,0,0,0,0,0,0,0,0,0,0
2016,Aragon,Urban streets,Pedestrian struck,271,5,5,5,0,0,0,0,0,0,0
2016,Aragon,Urban streets,Animal struck,1,0,0,0,0,0,0,0,0,0,0
2016,Aragon,Urban streets,Overturn,3,0,0,0,0,0,0,0,0,0,0
2016,Aragon,Urban streets,Fall (rider or occupant),94,0,0,0,0,0,0,0,0,0,0
2016,Aragon,Urban streets,Run-off road,58,3,3,1,0,0,0,1,0,0,1
2016,Aragon,Urban streets,Other crash type,45,0,0,0,0,0,0,0,0,0,0
2016,Aragon,Conventional roads,Head-on collision,39,15,17,0,0,0,1,16,0,0,0
2016,Aragon,Conventional roads,Head-on/side collision,90,6,7,0,0,0,3,4,0,0,0
2016,Aragon,Conventional roads,Side collision,25,1,1,0,0,0,0,1,0,0,0
2016,Aragon,Conventional roads,Rear-end collision,67,3,3,0,0,0,2,0,0,1,0
2016,Aragon,Conventional roads,Multiple or chain collision,4,1,1,0,0,0,0,1,0,0,0
2016,Aragon,Conventional roads,Collision with obstacle or road element,6,0,0,0,0,0,0,0,0,0,0
2016,Aragon,Conventional roads,Pedestrian struck,22,2,3,1,2,0,0,0,0,0,0
2016,Aragon,Conventional roads,Animal struck,15,0,0,0,0,0,0,0,0,0,0
2016,Aragon,Conventional roads,Overturn,20,1,2,0,0,0,2,0,0,0,0
2016,Aragon,Conventional roads,Fall (rider or occupant),39,1,1,0,0,0,1,0,0,0,0
2016,Aragon,Conventional roads,Run-off road,350,15,17,0,0,0,3,10,3,1,0
2016,Aragon,Conventional roads,Other crash type,6,0,0,0,0,0,0,0,0,0,0
2016,Aragon,Dual carriageways,Head-on collision,2,0,0,0,0,0,0,0,0,0,0
2016,Aragon,Dual carriageways,Head-on/side collision,13,0,0,0,0,0,0,0,0,0,0
2016,Aragon,Dual carriageways,Side collision,20,0,0,0,0,0,0,0,0,0,0
2016,Aragon,Dual carriageways,Rear-end collision,91,2,2,0,1,0,0,1,0,0,0
2016,Aragon,Dual carriageways,Multiple or chain collision,17,1,2,0,0,0,0,2,0,0,0
2016,Aragon,Dual carriageways,Collision with obstacle or road element,6,0,0,0,0,0,0,0,0,0,0
2016,Aragon,Dual carriageways,Pedestrian struck,1,1,1,1,0,0,0,0,0,0,0
2016,Aragon,Dual carriageways,Animal struck,2,0,0,0,0,0,0,0,0,0,0
2016,Aragon,Dual carriageways,Overturn,8,2,2,0,0,0,1,0,0,1,0
2016,Aragon,Dual carriageways,Fall (rider or occupant),8,0,0,0,0,0,0,0,0,0,0
2016,Aragon,Dual carriageways,Run-off road,97,1,1,0,0,0,0,1,0,0,0
2016,Aragon,Dual carriageways,Other crash type,4,0,0,0,0,0,0,0,0,0,0
2016,Aragon,Motorways,Head-on/side collision,1,0,0,0,0,0,0,0,0,0,0
2016,Aragon,Motorways,Side collision,1,0,0,0,0,0,0,0,0,0,0
2016,Aragon,Motorways,Rear-end collision,9,0,0,0,0,0,0,0,0,0,0
2016,Aragon,Motorways,Collision with obstacle or road element,1,0,0,0,0,0,0,0,0,0,0
2016,Aragon,Motorways,Pedestrian struck,1,0,0,0,0,0,0,0,0,0,0
2016,Aragon,Motorways,Run-off road,11,0,0,0,0,0,0,0,0,0,0
2016,Aragon,Other roads,Head-on collision,6,0,0,0,0,0,0,0,0,0,0
2016,Aragon,Other roads,Head-on/side collision,21,0,0,0,0,0,0,0,0,0,0
2016,Aragon,Other roads,Side collision,7,0,0,0,0,0,0,0,0,0,0
2016,Aragon,Other roads,Rear-end collision,7,0,0,0,0,0,0,0,0,0,0
2016,Aragon,Other roads,Multiple or chain collision,2,0,0,0,0,0,0,0,0,0,0
2016,Aragon,Other roads,Collision with obstacle or road element,3,0,0,0,0,0,0,0,0,0,0
2016,Aragon,Other roads,Pedestrian struck,12,0,0,0,0,0,0,0,0,0,0
2016,Aragon,Other roads,Overturn,4,0,0,0,0,0,0,0,0,0,0
2016,Aragon,Other roads,Fall (rider or occupant),15,0,0,0,0,0,0,0,0,0,0
2016,Aragon,Other roads,Run-off road,50,3,3,0,0,0,1,1,1,0,0
2016,Aragon,Other roads,Other crash type,3,0,0,0,0,0,0,0,0,0,0
2016,Asturias,Urban streets,Head-on collision,30,0,0,0,0,0,0,0,0,0,0
2016,Asturias,Urban streets,Head-on/side collision,298,0,0,0,0,0,0,0,0,0,0
2016,Asturias,Urban streets,Side collision,87,0,0,0,0,0,0,0,0,0,0
2016,Asturias,Urban streets,Rear-end collision,231,0,0,0,0,0,0,0,0,0,0
2016,Asturias,Urban streets,Multiple or chain collision,16,0,0,0,0,0,0,0,0,0,0
2016,Asturias,Urban streets,Collision with obstacle or road element,15,0,0,0,0,0,0,0,0,0,0
2016,Asturias,Urban streets,Pedestrian struck,340,9,9,9,0,0,0,0,0,0,0
2016,Asturias,Urban streets,Animal struck,1,0,0,0,0,0,0,0,0,0,0
2016,Asturias,Urban streets,Overturn,4,0,0,0,0,0,0,0,0,0,0
2016,Asturias,Urban streets,Fall (rider or occupant),92,0,0,0,0,0,0,0,0,0,0
2016,Asturias,Urban streets,Run-off road,57,0,0,0,0,0,0,0,0,0,0
2016,Asturias,Urban streets,Other crash type,33,0,0,0,0,0,0,0,0,0,0
2016,Asturias,Conventional roads,Head-on collision,55,4,4,0,0,0,0,3,1,0,0
2016,Asturias,Conventional roads,Head-on/side collision,113,0,0,0,0,0,0,0,0,0,0
2016,Asturias,Conventional roads,Side collision,42,0,0,0,0,0,0,0,0,0,0
2016,Asturias,Conventional roads,Rear-end collision,72,1,1,0,0,0,1,0,0,0,0
2016,Asturias,Conventional roads,Multiple or chain collision,25,1,1,0,0,0,0,1,0,0,0
2016,Asturias,Conventional roads,Collision with obstacle or road element,7,0,0,0,0,0,0,0,0,0,0
2016,Asturias,Conventional roads,Pedestrian struck,26,0,0,0,0,0,0,0,0,0,0
2016,Asturias,Conventional roads,Animal struck,19,0,0,0,0,0,0,0,0,0,0
2016,Asturias,Conventional roads,Overturn,16,0,0,0,0,0,0,0,0,0,0
2016,Asturias,Conventional roads,Fall (rider or occupant),32,0,0,0,0,0,0,0,0,0,0
2016,Asturias,Conventional roads,Run-off road,244,10,11,0,0,1,5,4,0,1,0
2016,Asturias,Conventional roads,Other crash type,6,0,0,0,0,0,0,0,0,0,0
2016,Asturias,Dual carriageways,Head-on collision,1,0,0,0,0,0,0,0,0,0,0
2016,Asturias,Dual carriageways,Head-on/side collision,10,0,0,0,0,0,0,0,0,0,0
2016,Asturias,Dual carriageways,Side collision,21,0,0,0,0,0,0,0,0,0,0
2016,Asturias,Dual carriageways,Rear-end collision,64,3,3,0,0,0,1,1,1,0,0
2016,Asturias,Dual carriageways,Multiple or chain collision,23,0,0,0,0,0,0,0,0,0,0
2016,Asturias,Dual carriageways,Collision with obstacle or road element,7,0,0,0,0,0,0,0,0,0,0
2016,Asturias,Dual carriageways,Pedestrian struck,2,1,1,1,0,0,0,0,0,0,0
2016,Asturias,Dual carriageways,Animal struck,10,0,0,0,0,0,0,0,0,0,0
2016,Asturias,Dual carriageways,Overturn,5,0,0,0,0,0,0,0,0,0,0
2016,Asturias,Dual carriageways,Fall (rider or occupant),5,0,0,0,0,0,0,0,0,0,0
2016,Asturias,Dual carriageways,Run-off road,88,2,2,0,0,0,1,1,0,0,0
2016,Asturias,Dual carriageways,Other crash type,2,0,0,0,0,0,0,0,0,0,0
2016,Asturias,Motorways,Run-off road,2,0,0,0,0,0,0,0,0,0,0
2016,Asturias,Other roads,Head-on collision,12,0,0,0,0,0,0,0,0,0,0
2016,Asturias,Other roads,Head-on/side collision,25,0,0,0,0,0,0,0,0,0,0
2016,Asturias,Other roads,Side collision,5,0,0,0,0,0,0,0,0,0,0
2016,Asturias,Other roads,Rear-end collision,17,0,0,0,0,0,0,0,0,0,0
2016,Asturias,Other roads,Multiple or chain collision,1,0,0,0,0,0,0,0,0,0,0
2016,Asturias,Other roads,Collision with obstacle or road element,4,0,0,0,0,0,0,0,0,0,0
2016,Asturias,Other roads,Pedestrian struck,13,0,0,0,0,0,0,0,0,0,0
2016,Asturias,Other roads,Overturn,4,0,0,0,0,0,0,0,0,0,0
2016,Asturias,Other roads,Fall (rider or occupant),11,1,1,0,0,0,0,0,0,0,1
2016,Asturias,Other roads,Run-off road,28,2,2,0,0,0,0,1,0,0,1
2016,Asturias,Other roads,Other crash type,3,0,0,0,0,0,0,0,0,0,0
2016,Balearic Islands,Urban streets,Head-on collision,70,0,0,0,0,0,0,0,0,0,0
2016,Balearic Islands,Urban streets,Head-on/side collision,661,0,0,0,0,0,0,0,0,0,0
2016,Balearic Islands,Urban streets,Side collision,244,0,0,0,0,0,0,0,0,0,0
2016,Balearic Islands,Urban streets,Rear-end collision,440,0,0,0,0,0,0,0,0,0,0
2016,Balearic Islands,Urban streets,Multiple or chain collision,49,0,0,0,0,0,0,0,0,0,0
2016,Balearic Islands,Urban streets,Collision with obstacle or road element,69,2,2,0,0,0,0,1,0,0,1
2016,Balearic Islands,Urban streets,Pedestrian struck,376,3,3,3,0,0,0,0,0,0,0
2016,Balearic Islands,Urban streets,Animal struck,4,0,0,0,0,0,0,0,0,0,0
2016,Balearic Islands,Urban streets,Overturn,9,0,0,0,0,0,0,0,0,0,0
2016,Balearic Islands,Urban streets,Fall (rider or occupant),234,0,0,0,0,0,0,0,0,0,0
2016,Balearic Islands,Urban streets,Run-off road,97,2,2,0,0,0,2,0,0,0,0
2016,Balearic Islands,Urban streets,Other crash type,76,1,1,0,0,0,0,1,0,0,0
2016,Balearic Islands,Conventional roads,Head-on collision,56,4,6,0,2,0,2,2,0,0,0
2016,Balearic Islands,Conventional roads,Head-on/side collision,216,9,13,0,3,2,3,5,0,0,0
2016,Balearic Islands,Conventional roads,Side collision,50,1,1,0,0,0,1,0,0,0,0
2016,Balearic Islands,Conventional roads,Rear-end collision,147,1,1,0,1,0,0,0,0,0,0
2016,Balearic Islands,Conventional roads,Multiple or chain collision,25,0,0,0,0,0,0,0,0,0,0
2016,Balearic Islands,Conventional roads,Collision with obstacle or road element,6,0,0,0,0,0,0,0,0,0,0
2016,Balearic Islands,Conventional roads,Pedestrian struck,20,6,6,6,0,0,0,0,0,0,0
2016,Balearic Islands,Conventional roads,Animal struck,4,1,1,0,0,0,0,1,0,0,0
2016,Balearic Islands,Conventional roads,Overturn,1,0,0,0,0,0,0,0,0,0,0
2016,Balearic Islands,Conventional roads,Fall (rider or occupant),26,0,0,0,0,0,0,0,0,0,0
2016,Balearic Islands,Conventional roads,Run-off road,194,10,10,0,0,1,2,5,1,0,1
2016,Balearic Islands,Conventional roads,Other crash type,24,0,0,0,0,0,0,0,0,0,0
2016,Balearic Islands,Dual carriageways,Head-on collision,1,0,0,0,0,0,0,0,0,0,0
2016,Balearic Islands,Dual carriageways,Head-on/side collision,38,1,1,0,0,0,0,1,0,0,0
2016,Balearic Islands,Dual carriageways,Side collision,17,0,0,0,0,0,0,0,0,0,0
2016,Balearic Islands,Dual carriageways,Rear-end collision,104,0,0,0,0,0,0,0,0,0,0
2016,Balearic Islands,Dual carriageways,Multiple or chain collision,53,0,0,0,0,0,0,0,0,0,0
2016,Balearic Islands,Dual carriageways,Collision with obstacle or road element,4,0,0,0,0,0,0,0,0,0,0
2016,Balearic Islands,Dual carriageways,Pedestrian struck,6,2,2,2,0,0,0,0,0,0,0
2016,Balearic Islands,Dual carriageways,Overturn,3,0,0,0,0,0,0,0,0,0,0
2016,Balearic Islands,Dual carriageways,Fall (rider or occupant),10,0,0,0,0,0,0,0,0,0,0
2016,Balearic Islands,Dual carriageways,Run-off road,48,0,0,0,0,0,0,0,0,0,0
2016,Balearic Islands,Dual carriageways,Other crash type,3,0,0,0,0,0,0,0,0,0,0
2016,Balearic Islands,Motorways,Head-on collision,2,0,0,0,0,0,0,0,0,0,0
2016,Balearic Islands,Motorways,Head-on/side collision,9,1,3,0,0,0,1,2,0,0,0
2016,Balearic Islands,Motorways,Side collision,12,0,0,0,0,0,0,0,0,0,0
2016,Balearic Islands,Motorways,Rear-end collision,95,0,0,0,0,0,0,0,0,0,0
2016,Balearic Islands,Motorways,Multiple or chain collision,36,0,0,0,0,0,0,0,0,0,0
2016,Balearic Islands,Motorways,Collision with obstacle or road element,2,0,0,0,0,0,0,0,0,0,0
2016,Balearic Islands,Motorways,Pedestrian struck,4,2,2,2,0,0,0,0,0,0,0
2016,Balearic Islands,Motorways,Fall (rider or occupant),7,1,1,0,0,0,1,0,0,0,0
2016,Balearic Islands,Motorways,Run-off road,41,2,3,0,0,0,0,3,0,0,0
2016,Balearic Islands,Other roads,Head-on collision,21,1,1,0,0,1,0,0,0,0,0
2016,Balearic Islands,Other roads,Head-on/side collision,55,0,0,0,0,0,0,0,0,0,0
2016,Balearic Islands,Other roads,Side collision,13,0,0,0,0,0,0,0,0,0,0
2016,Balearic Islands,Other roads,Rear-end collision,26,1,1,0,0,0,1,0,0,0,0
2016,Balearic Islands,Other roads,Multiple or chain collision,5,0,0,0,0,0,0,0,0,0,0
2016,Balearic Islands,Other roads,Collision with obstacle or road element,2,0,0,0,0,0,0,0,0,0,0
2016,Balearic Islands,Other roads,Pedestrian struck,10,0,0,0,0,0,0,0,0,0,0
2016,Balearic Islands,Other roads,Overturn,2,0,0,0,0,0,0,0,0,0,0
2016,Balearic Islands,Other roads,Fall (rider or occupant),36,0,0,0,0,0,0,0,0,0,0
2016,Balearic Islands,Other roads,Run-off road,52,0,0,0,0,0,0,0,0,0,0
2016,Balearic Islands,Other roads,Other crash type,6,0,0,0,0,0,0,0,0,0,0
2016,Canary Islands,Urban streets,Head-on collision,65,1,1,0,0,0,0,1,0,0,0
2016,Canary Islands,Urban streets,Head-on/side collision,386,1,1,0,0,0,1,0,0,0,0
2016,Canary Islands,Urban streets,Side collision,133,0,0,0,0,0,0,0,0,0,0
2016,Canary Islands,Urban streets,Rear-end collision,317,0,0,0,0,0,0,0,0,0,0
2016,Canary Islands,Urban streets,Multiple or chain collision,47,0,0,0,0,0,0,0,0,0,0
2016,Canary Islands,Urban streets,Collision with obstacle or road element,30,2,2,0,0,0,1,1,0,0,0
2016,Canary Islands,Urban streets,Pedestrian struck,350,9,10,10,0,0,0,0,0,0,0
2016,Canary Islands,Urban streets,Animal struck,1,0,0,0,0,0,0,0,0,0,0
2016,Canary Islands,Urban streets,Overturn,14,0,0,0,0,0,0,0,0,0,0
2016,Canary Islands,Urban streets,Fall (rider or occupant),68,0,0,0,0,0,0,0,0,0,0
2016,Canary Islands,Urban streets,Run-off road,117,6,6,0,0,2,1,3,0,0,0
2016,Canary Islands,Urban streets,Other crash type,46,1,1,0,0,0,0,1,0,0,0
2016,Canary Islands,Conventional roads,Head-on collision,97,5,6,0,0,0,0,3,3,0,0
2016,Canary Islands,Conventional roads,Head-on/side collision,241,5,5,0,1,0,3,1,0,0,0
2016,Canary Islands,Conventional roads,Side collision,78,0,0,0,0,0,0,0,0,0,0
2016,Canary Islands,Conventional roads,Rear-end collision,193,1,1,0,0,1,0,0,0,0,0
2016,Canary Islands,Conventional roads,Multiple or chain collision,56,0,0,0,0,0,0,0,0,0,0
2016,Canary Islands,Conventional roads,Collision with obstacle or road element,10,1,1,0,0,0,1,0,0,0,0
2016,Canary Islands,Conventional roads,Pedestrian struck,53,3,3,3,0,0,0,0,0,0,0
2016,Canary Islands,Conventional roads,Animal struck,2,0,0,0,0,0,0,0,0,0,0
2016,Canary Islands,Conventional roads,Overturn,5,0,0,0,0,0,0,0,0,0,0
2016,Canary Islands,Conventional roads,Fall (rider or occupant),70,1,1,0,0,0,1,0,0,0,0
2016,Canary Islands,Conventional roads,Run-off road,343,14,15,0,1,1,5,7,1,0,0
2016,Canary Islands,Conventional roads,Other crash type,23,0,0,0,0,0,0,0,0,0,0
2016,Canary Islands,Dual carriageways,Head-on collision,3,2,2,0,0,0,0,2,0,0,0
2016,Canary Islands,Dual carriageways,Head-on/side collision,16,0,0,0,0,0,0,0,0,0,0
2016,Canary Islands,Dual carriageways,Side collision,14,0,0,0,0,0,0,0,0,0,0
2016,Canary Islands,Dual carriageways,Rear-end collision,71,0,0,0,0,0,0,0,0,0,0
2016,Canary Islands,Dual carriageways,Multiple or chain collision,47,0,0,0,0,0,0,0,0,0,0
2016,Canary Islands,Dual carriageways,Collision with obstacle or road element,2,0,0,0,0,0,0,0,0,0,0
2016,Canary Islands,Dual carriageways,Pedestrian struck,14,4,4,4,0,0,0,0,0,0,0
2016,Canary Islands,Dual carriageways,Overturn,1,0,0,0,0,0,0,0,0,0,0
2016,Canary Islands,Dual carriageways,Fall (rider or occupant),7,0,0,0,0,0,0,0,0,0,0
2016,Canary Islands,Dual carriageways,Run-off road,56,2,2,0,0,0,1,1,0,0,0
2016,Canary Islands,Dual carriageways,Other crash type,8,0,0,0,0,0,0,0,0,0,0
2016,Canary Islands,Motorways,Head-on collision,2,0,0,0,0,0,0,0,0,0,0
2016,Canary Islands,Motorways,Head-on/side collision,24,0,0,0,0,0,0,0,0,0,0
2016,Canary Islands,Motorways,Side collision,23,0,0,0,0,0,0,0,0,0,0
2016,Canary Islands,Motorways,Rear-end collision,135,1,1,0,0,0,1,0,0,0,0
2016,Canary Islands,Motorways,Multiple or chain collision,81,0,0,0,0,0,0,0,0,0,0
2016,Canary Islands,Motorways,Collision with obstacle or road element,7,1,1,0,0,0,1,0,0,0,0
2016,Canary Islands,Motorways,Pedestrian struck,4,3,3,2,1,0,0,0,0,0,0
2016,Canary Islands,Motorways,Animal struck,3,0,0,0,0,0,0,0,0,0,0
2016,Canary Islands,Motorways,Overturn,4,0,0,0,0,0,0,0,0,0,0
2016,Canary Islands,Motorways,Fall (rider or occupant),10,0,0,0,0,0,0,0,0,0,0
2016,Canary Islands,Motorways,Run-off road,137,3,3,0,0,0,1,2,0,0,0
2016,Canary Islands,Motorways,Other crash type,9,0,0,0,0,0,0,0,0,0,0
2016,Canary Islands,Other roads,Head-on collision,3,0,0,0,0,0,0,0,0,0,0
2016,Canary Islands,Other roads,Head-on/side collision,25,1,1,0,0,0,0,1,0,0,0
2016,Canary Islands,Other roads,Side collision,12,0,0,0,0,0,0,0,0,0,0
2016,Canary Islands,Other roads,Rear-end collision,26,0,0,0,0,0,0,0,0,0,0
2016,Canary Islands,Other roads,Multiple or chain collision,5,0,0,0,0,0,0,0,0,0,0
2016,Canary Islands,Other roads,Collision with obstacle or road element,2,0,0,0,0,0,0,0,0,0,0
2016,Canary Islands,Other roads,Pedestrian struck,30,1,1,1,0,0,0,0,0,0,0
2016,Canary Islands,Other roads,Overturn,1,0,0,0,0,0,0,0,0,0,0
2016,Canary Islands,Other roads,Fall (rider or occupant),11,0,0,0,0,0,0,0,0,0,0
2016,Canary Islands,Other roads,Run-off road,25,0,0,0,0,0,0,0,0,0,0
2016,Canary Islands,Other roads,Other crash type,8,0,0,0,0,0,0,0,0,0,0
2016,Cantabria,Urban streets,Head-on collision,6,0,0,0,0,0,0,0,0,0,0
2016,Cantabria,Urban streets,Head-on/side collision,15,0,0,0,0,0,0,0,0,0,0
2016,Cantabria,Urban streets,Side collision,8,0,0,0,0,0,0,0,0,0,0
2016,Cantabria,Urban streets,Rear-end collision,16,0,0,0,0,0,0,0,0,0,0
2016,Cantabria,Urban streets,Multiple or chain collision,2,0,0,0,0,0,0,0,0,0,0
2016,Cantabria,Urban streets,Collision with obstacle or road element,1,0,0,0,0,0,0,0,0,0,0
2016,Cantabria,Urban streets,Pedestrian struck,48,3,3,3,0,0,0,0,0,0,0
2016,Cantabria,Urban streets,Animal struck,1,0,0,0,0,0,0,0,0,0,0
2016,Cantabria,Urban streets,Overturn,1,0,0,0,0,0,0,0,0,0,0
2016,Cantabria,Urban streets,Fall (rider or occupant),5,0,0,0,0,0,0,0,0,0,0
2016,Cantabria,Urban streets,Run-off road,9,1,3,0,0,0,0,3,0,0,0
2016,Cantabria,Urban streets,Other crash type,2,0,0,0,0,0,0,0,0,0,0
2016,Cantabria,Conventional roads,Head-on collision,28,1,1,0,0,0,0,1,0,0,0
2016,Cantabria,Conventional roads,Head-on/side collision,64,1,1,0,0,1,0,0,0,0,0
2016,Cantabria,Conventional roads,Side collision,20,0,0,0,0,0,0,0,0,0,0
2016,Cantabria,Conventional roads,Rear-end collision,55,0,0,0,0,0,0,0,0,0,0
2016,Cantabria,Conventional roads,Multiple or chain collision,20,0,0,0,0,0,0,0,0,0,0
2016,Cantabria,Conventional roads,Collision with obstacle or road element,3,0,0,0,0,0,0,0,0,0,0
2016,Cantabria,Conventional roads,Pedestrian struck,22,1,1,1,0,0,0,0,0,0,0
2016,Cantabria,Conventional roads,Animal struck,6,0,0,0,0,0,0,0,0,0,0
2016,Cantabria,Conventional roads,Overturn,1,0,0,0,0,0,0,0,0,0,0
2016,Cantabria,Conventional roads,Fall (rider or occupant),23,0,0,0,0,0,0,0,0,0,0
2016,Cantabria,Conventional roads,Run-off road,94,6,6,0,0,0,3,3,0,0,0
2016,Cantabria,Conventional roads,Other crash type,2,0,0,0,0,0,0,0,0,0,0
2016,Cantabria,Dual carriageways,Head-on collision,1,1,1,0,0,0,0,1,0,0,0
2016,Cantabria,Dual carriageways,Head-on/side collision,6,0,0,0,0,0,0,0,0,0,0
2016,Cantabria,Dual carriageways,Side collision,14,0,0,0,0,0,0,0,0,0,0
2016,Cantabria,Dual carriageways,Rear-end collision,73,0,0,0,0,0,0,0,0,0,0
2016,Cantabria,Dual carriageways,Multiple or chain collision,24,0,0,0,0,0,0,0,0,0,0
2016,Cantabria,Dual carriageways,Collision with obstacle or road element,3,0,0,0,0,0,0,0,0,0,0
2016,Cantabria,Dual carriageways,Pedestrian struck,2,0,0,0,0,0,0,0,0,0,0
2016,Cantabria,Dual carriageways,Animal struck,1,0,0,0,0,0,0,0,0,0,0
2016,Cantabria,Dual carriageways,Overturn,2,0,0,0,0,0,0,0,0,0,0
2016,Cantabria,Dual carriageways,Fall (rider or occupant),1,0,0,0,0,0,0,0,0,0,0
2016,Cantabria,Dual carriageways,Run-off road,88,0,0,0,0,0,0,0,0,0,0
2016,Cantabria,Dual carriageways,Other crash type,4,0,0,0,0,0,0,0,0,0,0
2016,Cantabria,Motorways,Rear-end collision,1,0,0,0,0,0,0,0,0,0,0
2016,Cantabria,Other roads,Head-on collision,4,0,0,0,0,0,0,0,0,0,0
2016,Cantabria,Other roads,Head-on/side collision,9,2,3,0,0,0,1,2,0,0,0
2016,Cantabria,Other roads,Side collision,2,0,0,0,0,0,0,0,0,0,0
2016,Cantabria,Other roads,Rear-end collision,5,0,0,0,0,0,0,0,0,0,0
2016,Cantabria,Other roads,Multiple or chain collision,2,0,0,0,0,0,0,0,0,0,0
2016,Cantabria,Other roads,Pedestrian struck,4,0,0,0,0,0,0,0,0,0,0
2016,Cantabria,Other roads,Fall (rider or occupant),5,1,1,0,0,0,0,0,0,0,1
2016,Cantabria,Other roads,Run-off road,7,1,1,0,0,0,0,0,0,0,1
2016,Castile and León,Urban streets,Head-on collision,50,0,0,0,0,0,0,0,0,0,0
2016,Castile and León,Urban streets,Head-on/side collision,529,3,3,0,0,1,2,0,0,0,0
2016,Castile and León,Urban streets,Side collision,100,0,0,0,0,0,0,0,0,0,0
2016,Castile and León,Urban streets,Rear-end collision,334,0,0,0,0,0,0,0,0,0,0
2016,Castile and León,Urban streets,Multiple or chain collision,53,1,1,0,0,0,1,0,0,0,0
2016,Castile and León,Urban streets,Collision with obstacle or road element,47,0,0,0,0,0,0,0,0,0,0
2016,Castile and León,Urban streets,Pedestrian struck,722,21,21,21,0,0,0,0,0,0,0
2016,Castile and León,Urban streets,Animal struck,2,0,0,0,0,0,0,0,0,0,0
2016,Castile and León,Urban streets,Overturn,4,0,0,0,0,0,0,0,0,0,0
2016,Castile and León,Urban streets,Fall (rider or occupant),154,1,1,0,0,0,1,0,0,0,0
2016,Castile and León,Urban streets,Run-off road,120,1,1,0,0,0,0,1,0,0,0
2016,Castile and León,Urban streets,Other crash type,70,1,1,0,0,0,0,0,0,1,0
2016,Castile and León,Conventional roads,Head-on collision,96,20,29,0,0,0,1,27,1,0,0
2016,Castile and León,Conventional roads,Head-on/side collision,289,25,29,0,3,0,1,21,3,1,0
2016,Castile and León,Conventional roads,Side collision,62,1,1,0,0,0,1,0,0,0,0
2016,Castile and León,Conventional roads,Rear-end collision,137,0,0,0,0,0,0,0,0,0,0
2016,Castile and León,Conventional roads,Multiple or chain collision,15,0,0,0,0,0,0,0,0,0,0
2016,Castile and León,Conventional roads,Collision with obstacle or road element,13,0,0,0,0,0,0,0,0,0,0
2016,Castile and León,Conventional roads,Pedestrian struck,60,8,8,8,0,0,0,0,0,0,0
2016,Castile and León,Conventional roads,Animal struck,67,0,0,0,0,0,0,0,0,0,0
2016,Castile and León,Conventional roads,Overturn,14,0,0,0,0,0,0,0,0,0,0
2016,Castile and León,Conventional roads,Fall (rider or occupant),66,2,2,0,0,0,2,0,0,0,0
2016,Castile and León,Conventional roads,Run-off road,772,31,34,0,0,0,7,23,1,3,0
2016,Castile and León,Conventional roads,Other crash type,23,2,2,0,0,0,1,1,0,0,0
2016,Castile and León,Dual carriageways,Head-on collision,2,1,1,0,0,0,0,0,0,1,0
2016,Castile and León,Dual carriageways,Head-on/side collision,15,1,1,0,0,0,0,1,0,0,0
2016,Castile and León,Dual carriageways,Side collision,18,0,0,0,0,0,0,0,0,0,0
2016,Castile and León,Dual carriageways,Rear-end collision,127,6,8,0,1,0,1,5,0,1,0
2016,Castile and León,Dual carriageways,Multiple or chain collision,33,0,0,0,0,0,0,0,0,0,0
2016,Castile and León,Dual carriageways,Collision with obstacle or road element,7,1,1,0,0,0,1,0,0,0,0
2016,Castile and León,Dual carriageways,Pedestrian struck,10,4,4,4,0,0,0,0,0,0,0
2016,Castile and León,Dual carriageways,Animal struck,13,0,0,0,0,0,0,0,0,0,0
2016,Castile and León,Dual carriageways,Overturn,6,0,0,0,0,0,0,0,0,0,0
2016,Castile and León,Dual carriageways,Fall (rider or occupant),12,0,0,0,0,0,0,0,0,0,0
2016,Castile and León,Dual carriageways,Run-off road,260,13,14,0,0,0,3,7,2,2,0
2016,Castile and León,Dual carriageways,Other crash type,9,1,2,0,0,0,0,0,2,0,0
2016,Castile and León,Motorways,Head-on/side collision,1,0,0,0,0,0,0,0,0,0,0
2016,Castile and León,Motorways,Side collision,1,0,0,0,0,0,0,0,0,0,0
2016,Castile and León,Motorways,Rear-end collision,14,1,1,0,0,0,0,1,0,0,0
2016,Castile and León,Motorways,Multiple or chain collision,2,0,0,0,0,0,0,0,0,0,0
2016,Castile and León,Motorways,Collision with obstacle or road element,2,0,0,0,0,0,0,0,0,0,0
2016,Castile and León,Motorways,Pedestrian struck,1,0,0,0,0,0,0,0,0,0,0
2016,Castile and León,Motorways,Animal struck,2,0,0,0,0,0,0,0,0,0,0
2016,Castile and León,Motorways,Fall (rider or occupant),1,0,0,0,0,0,0,0,0,0,0
2016,Castile and León,Motorways,Run-off road,37,3,4,0,0,0,0,1,0,3,0
2016,Castile and León,Other roads,Head-on collision,10,0,0,0,0,0,0,0,0,0,0
2016,Castile and León,Other roads,Head-on/side collision,27,0,0,0,0,0,0,0,0,0,0
2016,Castile and León,Other roads,Side collision,7,0,0,0,0,0,0,0,0,0,0
2016,Castile and León,Other roads,Rear-end collision,19,0,0,0,0,0,0,0,0,0,0
2016,Castile and León,Other roads,Multiple or chain collision,3,0,0,0,0,0,0,0,0,0,0
2016,Castile and León,Other roads,Collision with obstacle or road element,3,0,0,0,0,0,0,0,0,0,0
2016,Castile and León,Other roads,Pedestrian struck,26,1,1,1,0,0,0,0,0,0,0
2016,Castile and León,Other roads,Overturn,3,1,1,0,0,0,0,1,0,0,0
2016,Castile and León,Other roads,Fall (rider or occupant),30,0,0,0,0,0,0,0,0,0,0
2016,Castile and León,Other roads,Run-off road,77,4,4,1,0,0,0,1,1,0,1
2016,Castile and León,Other roads,Other crash type,4,0,0,0,0,0,0,0,0,0,0
2016,Castile-La Mancha,Urban streets,Head-on collision,26,0,0,0,0,0,0,0,0,0,0
2016,Castile-La Mancha,Urban streets,Head-on/side collision,400,2,2,0,0,0,1,1,0,0,0
2016,Castile-La Mancha,Urban streets,Side collision,107,1,1,0,0,1,0,0,0,0,0
2016,Castile-La Mancha,Urban streets,Rear-end collision,157,0,0,0,0,0,0,0,0,0,0
2016,Castile-La Mancha,Urban streets,Multiple or chain collision,16,0,0,0,0,0,0,0,0,0,0
2016,Castile-La Mancha,Urban streets,Collision with obstacle or road element,36,0,0,0,0,0,0,0,0,0,0
2016,Castile-La Mancha,Urban streets,Pedestrian struck,318,4,4,4,0,0,0,0,0,0,0
2016,Castile-La Mancha,Urban streets,Animal struck,1,0,0,0,0,0,0,0,0,0,0
2016,Castile-La Mancha,Urban streets,Overturn,6,0,0,0,0,0,0,0,0,0,0
2016,Castile-La Mancha,Urban streets,Fall (rider or occupant),71,1,1,0,0,0,0,1,0,0,0
2016,Castile-La Mancha,Urban streets,Run-off road,65,2,2,0,0,1,1,0,0,0,0
2016,Castile-La Mancha,Urban streets,Other crash type,33,0,0,0,0,0,0,0,0,0,0
2016,Castile-La Mancha,Conventional roads,Head-on collision,48,15,16,0,0,0,1,13,2,0,0
2016,Castile-La Mancha,Conventional roads,Head-on/side collision,126,11,12,0,0,0,2,9,1,0,0
2016,Castile-La Mancha,Conventional roads,Side collision,37,0,0,0,0,0,0,0,0,0,0
2016,Castile-La Mancha,Conventional roads,Rear-end collision,85,3,3,0,1,0,0,1,1,0,0
2016,Castile-La Mancha,Conventional roads,Multiple or chain collision,12,0,0,0,0,0,0,0,0,0,0
2016,Castile-La Mancha,Conventional roads,Collision with obstacle or road element,6,0,0,0,0,0,0,0,0,0,0
2016,Castile-La Mancha,Conventional roads,Pedestrian struck,14,1,1,1,0,0,0,0,0,0,0
2016,Castile-La Mancha,Conventional roads,Animal struck,13,0,0,0,0,0,0,0,0,0,0
2016,Castile-La Mancha,Conventional roads,Overturn,10,0,0,0,0,0,0,0,0,0,0
2016,Castile-La Mancha,Conventional roads,Fall (rider or occupant),21,0,0,0,0,0,0,0,0,0,0
2016,Castile-La Mancha,Conventional roads,Run-off road,514,28,29,0,0,1,2,21,2,3,0
2016,Castile-La Mancha,Conventional roads,Other crash type,4,1,1,0,1,0,0,0,0,0,0
2016,Castile-La Mancha,Dual carriageways,Head-on collision,7,4,6,0,0,0,0,4,2,0,0
2016,Castile-La Mancha,Dual carriageways,Head-on/side collision,7,0,0,0,0,0,0,0,0,0,0
2016,Castile-La Mancha,Dual carriageways,Side collision,24,0,0,0,0,0,0,0,0,0,0
2016,Castile-La Mancha,Dual carriageways,Rear-end collision,158,3,3,0,0,0,0,3,0,0,0
2016,Castile-La Mancha,Dual carriageways,Multiple or chain collision,42,2,3,0,0,0,0,3,0,0,0
2016,Castile-La Mancha,Dual carriageways,Collision with obstacle or road element,14,0,0,0,0,0,0,0,0,0,0
2016,Castile-La Mancha,Dual carriageways,Pedestrian struck,8,4,4,3,1,0,0,0,0,0,0
2016,Castile-La Mancha,Dual carriageways,Animal struck,2,0,0,0,0,0,0,0,0,0,0
2016,Castile-La Mancha,Dual carriageways,Overturn,3,1,1,0,0,0,0,0,0,1,0
2016,Castile-La Mancha,Dual carriageways,Fall (rider or occupant),6,1,1,0,0,0,1,0,0,0,0
2016,Castile-La Mancha,Dual carriageways,Run-off road,272,13,16,2,0,0,1,10,0,3,0
2016,Castile-La Mancha,Dual carriageways,Other crash type,6,0,0,0,0,0,0,0,0,0,0
2016,Castile-La Mancha,Motorways,Run-off road,7,2,2,0,0,0,0,2,0,0,0
2016,Castile-La Mancha,Other roads,Head-on collision,5,0,0,0,0,0,0,0,0,0,0
2016,Castile-La Mancha,Other roads,Head-on/side collision,13,0,0,0,0,0,0,0,0,0,0
2016,Castile-La Mancha,Other roads,Side collision,6,0,0,0,0,0,0,0,0,0,0
2016,Castile-La Mancha,Other roads,Rear-end collision,2,0,0,0,0,0,0,0,0,0,0
2016,Castile-La Mancha,Other roads,Multiple or chain collision,1,0,0,0,0,0,0,0,0,0,0
2016,Castile-La Mancha,Other roads,Collision with obstacle or road element,2,0,0,0,0,0,0,0,0,0,0
2016,Castile-La Mancha,Other roads,Pedestrian struck,19,1,1,1,0,0,0,0,0,0,0
2016,Castile-La Mancha,Other roads,Overturn,7,0,0,0,0,0,0,0,0,0,0
2016,Castile-La Mancha,Other roads,Fall (rider or occupant),16,0,0,0,0,0,0,0,0,0,0
2016,Castile-La Mancha,Other roads,Run-off road,64,9,9,0,0,0,2,6,0,1,0
2016,Castile-La Mancha,Other roads,Other crash type,2,0,0,0,0,0,0,0,0,0,0
2016,Catalonia,Urban streets,Head-on collision,345,2,2,0,0,1,0,1,0,0,0
2016,Catalonia,Urban streets,Head-on/side collision,4172,14,14,0,4,0,9,1,0,0,0
2016,Catalonia,Urban streets,Side collision,2956,4,4,0,0,0,2,2,0,0,0
2016,Catalonia,Urban streets,Rear-end collision,3338,2,2,0,1,0,1,0,0,0,0
2016,Catalonia,Urban streets,Collision with obstacle or road element,477,5,5,0,0,0,4,1,0,0,0
2016,Catalonia,Urban streets,Pedestrian struck,3146,45,46,44,0,0,1,1,0,0,0
2016,Catalonia,Urban streets,Overturn,1127,4,4,0,1,1,2,0,0,0,0
2016,Catalonia,Urban streets,Run-off road,1183,2,2,0,0,0,1,0,0,0,1
2016,Catalonia,Urban streets,Other crash type,575,8,8,0,0,1,4,3,0,0,0
2016,Catalonia,Dual carriageways,Head-on collision,430,35,37,0,1,0,9,23,4,0,0
2016,Catalonia,Dual carriageways,Head-on/side collision,888,22,29,0,1,0,3,23,1,0,1
2016,Catalonia,Dual carriageways,Side collision,804,4,4,0,1,0,2,1,0,0,0
2016,Catalonia,Dual carriageways,Rear-end collision,2003,20,21,0,6,0,3,11,0,0,1
2016,Catalonia,Dual carriageways,Collision with obstacle or road element,250,3,3,0,0,0,2,1,0,0,0
2016,Catalonia,Dual carriageways,Pedestrian struck,223,16,16,16,0,0,0,0,0,0,0
2016,Catalonia,Dual carriageways,Overturn,712,3,3,0,0,0,3,0,0,0,0
2016,Catalonia,Dual carriageways,Run-off road,2176,33,37,0,0,0,8,25,0,3,1
2016,Catalonia,Dual carriageways,Other crash type,406,4,4,0,1,1,1,1,0,0,0
2016,Catalonia,Motorways,Head-on collision,7,1,1,0,0,0,0,1,0,0,0
2016,Catalonia,Motorways,Head-on/side collision,57,1,3,0,0,0,0,3,0,0,0
2016,Catalonia,Motorways,Side collision,249,1,1,0,0,0,1,0,0,0,0
2016,Catalonia,Motorways,Rear-end collision,866,3,4,0,0,0,0,4,0,0,0
2016,Catalonia,Motorways,Collision with obstacle or road element,95,0,0,0,0,0,0,0,0,0,0
2016,Catalonia,Motorways,Pedestrian struck,12,3,3,3,0,0,0,0,0,0,0
2016,Catalonia,Motorways,Overturn,114,3,3,0,0,0,3,0,0,0,0
2016,Catalonia,Motorways,Run-off road,255,7,20,0,0,0,3,3,0,14,0
2016,Catalonia,Motorways,Other crash type,96,3,3,0,0,0,2,1,0,0,0
2016,Catalonia,Other roads,Head-on collision,3,0,0,0,0,0,0,0,0,0,0
2016,Catalonia,Other roads,Head-on/side collision,3,0,0,0,0,0,0,0,0,0,0
2016,Catalonia,Other roads,Side collision,2,0,0,0,0,0,0,0,0,0,0
2016,Catalonia,Other roads,Rear-end collision,2,0,0,0,0,0,0,0,0,0,0
2016,Catalonia,Other roads,Collision with obstacle or road element,1,1,1,0,0,0,1,0,0,0,0
2016,Catalonia,Other roads,Pedestrian struck,1,0,0,0,0,0,0,0,0,0,0
2016,Catalonia,Other roads,Overturn,8,1,1,0,1,0,0,0,0,0,0
2016,Catalonia,Other roads,Run-off road,7,0,0,0,0,0,0,0,0,0,0
2016,Catalonia,Other roads,Other crash type,4,1,1,0,0,0,0,0,0,0,1
2016,Valencian Community,Urban streets,Head-on collision,76,2,2,0,0,0,2,0,0,0,0
2016,Valencian Community,Urban streets,Head-on/side collision,1189,8,8,0,4,2,2,0,0,0,0
2016,Valencian Community,Urban streets,Side collision,587,2,2,0,0,1,1,0,0,0,0
2016,Valencian Community,Urban streets,Rear-end collision,741,0,0,0,0,0,0,0,0,0,0
2016,Valencian Community,Urban streets,Multiple or chain collision,49,0,0,0,0,0,0,0,0,0,0
2016,Valencian Community,Urban streets,Collision with obstacle or road element,99,7,7,0,1,2,1,3,0,0,0
2016,Valencian Community,Urban streets,Pedestrian struck,939,13,13,13,0,0,0,0,0,0,0
2016,Valencian Community,Urban streets,Animal struck,5,0,0,0,0,0,0,0,0,0,0
2016,Valencian Community,Urban streets,Overturn,11,0,0,0,0,0,0,0,0,0,0
2016,Valencian Community,Urban streets,Fall (rider or occupant),523,5,5,0,1,1,3,0,0,0,0
2016,Valencian Community,Urban streets,Run-off road,165,9,9,2,0,0,1,6,0,0,0
2016,Valencian Community,Urban streets,Other crash type,165,0,0,0,0,0,0,0,0,0,0
2016,Valencian Community,Conventional roads,Head-on collision,116,18,19,0,1,0,1,13,0,3,1
2016,Valencian Community,Conventional roads,Head-on/side collision,350,6,6,0,0,2,3,1,0,0,0
2016,Valencian Community,Conventional roads,Side collision,126,2,2,0,0,0,1,1,0,0,0
2016,Valencian Community,Conventional roads,Rear-end collision,323,2,2,0,0,0,1,0,0,0,1
2016,Valencian Community,Conventional roads,Multiple or chain collision,78,2,2,0,0,0,1,1,0,0,0
2016,Valencian Community,Conventional roads,Collision with obstacle or road element,23,0,0,0,0,0,0,0,0,0,0
2016,Valencian Community,Conventional roads,Pedestrian struck,44,13,13,13,0,0,0,0,0,0,0
2016,Valencian Community,Conventional roads,Animal struck,18,0,0,0,0,0,0,0,0,0,0
2016,Valencian Community,Conventional roads,Overturn,46,0,0,0,0,0,0,0,0,0,0
2016,Valencian Community,Conventional roads,Fall (rider or occupant),99,0,0,0,0,0,0,0,0,0,0
2016,Valencian Community,Conventional roads,Run-off road,661,21,24,0,0,0,9,12,1,0,2
2016,Valencian Community,Conventional roads,Other crash type,19,2,2,0,1,0,0,1,0,0,0
2016,Valencian Community,Dual carriageways,Head-on collision,6,1,1,0,0,0,1,0,0,0,0
2016,Valencian Community,Dual carriageways,Head-on/side collision,79,1,1,0,1,0,0,0,0,0,0
2016,Valencian Community,Dual carriageways,Side collision,114,0,0,0,0,0,0,0,0,0,0
2016,Valencian Community,Dual carriageways,Rear-end collision,389,5,5,0,1,0,2,1,0,1,0
2016,Valencian Community,Dual carriageways,Multiple or chain collision,129,1,1,0,0,0,0,1,0,0,0
2016,Valencian Community,Dual carriageways,Collision with obstacle or road element,23,1,1,0,0,0,0,0,1,0,0
2016,Valencian Community,Dual carriageways,Pedestrian struck,15,4,4,4,0,0,0,0,0,0,0
2016,Valencian Community,Dual carriageways,Animal struck,5,0,0,0,0,0,0,0,0,0,0
2016,Valencian Community,Dual carriageways,Overturn,24,0,0,0,0,0,0,0,0,0,0
2016,Valencian Community,Dual carriageways,Fall (rider or occupant),32,1,1,0,0,0,1,0,0,0,0
2016,Valencian Community,Dual carriageways,Run-off road,363,18,22,1,1,0,4,14,1,1,0
2016,Valencian Community,Dual carriageways,Other crash type,17,0,0,0,0,0,0,0,0,0,0
2016,Valencian Community,Motorways,Head-on collision,1,0,0,0,0,0,0,0,0,0,0
2016,Valencian Community,Motorways,Side collision,5,0,0,0,0,0,0,0,0,0,0
2016,Valencian Community,Motorways,Rear-end collision,22,5,5,0,0,0,1,1,1,2,0
2016,Valencian Community,Motorways,Multiple or chain collision,1,0,0,0,0,0,0,0,0,0,0
2016,Valencian Community,Motorways,Collision with obstacle or road element,2,0,0,0,0,0,0,0,0,0,0
2016,Valencian Community,Motorways,Pedestrian struck,1,0,0,0,0,0,0,0,0,0,0
2016,Valencian Community,Motorways,Animal struck,1,0,0,0,0,0,0,0,0,0,0
2016,Valencian Community,Motorways,Overturn,1,0,0,0,0,0,0,0,0,0,0
2016,Valencian Community,Motorways,Run-off road,50,7,7,0,0,0,0,6,0,1,0
2016,Valencian Community,Motorways,Other crash type,1,0,0,0,0,0,0,0,0,0,0
2016,Valencian Community,Other roads,Head-on collision,36,2,2,0,1,0,1,0,0,0,0
2016,Valencian Community,Other roads,Head-on/side collision,92,1,1,0,0,0,1,0,0,0,0
2016,Valencian Community,Other roads,Side collision,42,0,0,0,0,0,0,0,0,0,0
2016,Valencian Community,Other roads,Rear-end collision,35,0,0,0,0,0,0,0,0,0,0
2016,Valencian Community,Other roads,Multiple or chain collision,2,0,0,0,0,0,0,0,0,0,0
2016,Valencian Community,Other roads,Collision with obstacle or road element,14,0,0,0,0,0,0,0,0,0,0
2016,Valencian Community,Other roads,Pedestrian struck,40,3,3,3,0,0,0,0,0,0,0
2016,Valencian Community,Other roads,Overturn,18,1,1,0,0,0,0,0,0,0,1
2016,Valencian Community,Other roads,Fall (rider or occupant),42,1,1,0,0,0,1,0,0,0,0
2016,Valencian Community,Other roads,Run-off road,156,8,8,0,1,0,0,2,2,0,3
2016,Valencian Community,Other roads,Other crash type,6,0,0,0,0,0,0,0,0,0,0
2016,Extremadura,Urban streets,Head-on collision,21,0,0,0,0,0,0,0,0,0,0
2016,Extremadura,Urban streets,Head-on/side collision,132,1,1,0,0,0,1,0,0,0,0
2016,Extremadura,Urban streets,Side collision,65,0,0,0,0,0,0,0,0,0,0
2016,Extremadura,Urban streets,Rear-end collision,120,0,0,0,0,0,0,0,0,0,0
2016,Extremadura,Urban streets,Multiple or chain collision,11,0,0,0,0,0,0,0,0,0,0
2016,Extremadura,Urban streets,Collision with obstacle or road element,11,0,0,0,0,0,0,0,0,0,0
2016,Extremadura,Urban streets,Pedestrian struck,175,10,10,9,0,0,0,0,0,1,0
2016,Extremadura,Urban streets,Animal struck,2,0,0,0,0,0,0,0,0,0,0
2016,Extremadura,Urban streets,Fall (rider or occupant),52,0,0,0,0,0,0,0,0,0,0
2016,Extremadura,Urban streets,Run-off road,27,3,3,0,0,1,0,2,0,0,0
2016,Extremadura,Urban streets,Other crash type,10,0,0,0,0,0,0,0,0,0,0
2016,Extremadura,Conventional roads,Head-on collision,28,7,7,0,0,0,0,4,3,0,0
2016,Extremadura,Conventional roads,Head-on/side collision,54,4,4,0,0,0,0,4,0,0,0
2016,Extremadura,Conventional roads,Side collision,21,0,0,0,0,0,0,0,0,0,0
2016,Extremadura,Conventional roads,Rear-end collision,37,1,1,0,0,0,0,0,1,0,0
2016,Extremadura,Conventional roads,Multiple or chain collision,9,0,0,0,0,0,0,0,0,0,0
2016,Extremadura,Conventional roads,Collision with obstacle or road element,2,0,0,0,0,0,0,0,0,0,0
2016,Extremadura,Conventional roads,Pedestrian struck,14,1,1,1,0,0,0,0,0,0,0
2016,Extremadura,Conventional roads,Animal struck,16,1,1,0,0,0,0,1,0,0,0
2016,Extremadura,Conventional roads,Overturn,5,0,0,0,0,0,0,0,0,0,0
2016,Extremadura,Conventional roads,Fall (rider or occupant),7,1,1,0,0,0,1,0,0,0,0
2016,Extremadura,Conventional roads,Run-off road,269,20,22,0,0,0,2,16,2,0,2
2016,Extremadura,Conventional roads,Other crash type,5,0,0,0,0,0,0,0,0,0,0
2016,Extremadura,Dual carriageways,Head-on/side collision,5,0,0,0,0,0,0,0,0,0,0
2016,Extremadura,Dual carriageways,Side collision,8,0,0,0,0,0,0,0,0,0,0
2016,Extremadura,Dual carriageways,Rear-end collision,30,2,2,0,0,0,1,1,0,0,0
2016,Extremadura,Dual carriageways,Multiple or chain collision,7,0,0,0,0,0,0,0,0,0,0
2016,Extremadura,Dual carriageways,Collision with obstacle or road element,4,1,1,0,0,0,0,0,0,1,0
2016,Extremadura,Dual carriageways,Pedestrian struck,8,1,1,1,0,0,0,0,0,0,0
2016,Extremadura,Dual carriageways,Animal struck,4,0,0,0,0,0,0,0,0,0,0
2016,Extremadura,Dual carriageways,Overturn,2,0,0,0,0,0,0,0,0,0,0
2016,Extremadura,Dual carriageways,Fall (rider or occupant),1,0,0,0,0,0,0,0,0,0,0
2016,Extremadura,Dual carriageways,Run-off road,55,2,2,0,0,0,0,1,1,0,0
2016,Extremadura,Dual carriageways,Other crash type,4,0,0,0,0,0,0,0,0,0,0
2016,Extremadura,Other roads,Head-on collision,7,1,3,0,0,0,0,0,3,0,0
2016,Extremadura,Other roads,Head-on/side collision,5,0,0,0,0,0,0,0,0,0,0
2016,Extremadura,Other roads,Side collision,2,0,0,0,0,0,0,0,0,0,0
2016,Extremadura,Other roads,Rear-end collision,5,0,0,0,0,0,0,0,0,0,0
2016,Extremadura,Other roads,Multiple or chain collision,1,0,0,0,0,0,0,0,0,0,0
2016,Extremadura,Other roads,Collision with obstacle or road element,2,0,0,0,0,0,0,0,0,0,0
2016,Extremadura,Other roads,Pedestrian struck,13,0,0,0,0,0,0,0,0,0,0
2016,Extremadura,Other roads,Animal struck,3,0,0,0,0,0,0,0,0,0,0
2016,Extremadura,Other roads,Overturn,2,0,0,0,0,0,0,0,0,0,0
2016,Extremadura,Other roads,Fall (rider or occupant),7,0,0,0,0,0,0,0,0,0,0
2016,Extremadura,Other roads,Run-off road,38,2,2,0,0,0,0,2,0,0,0
2016,Extremadura,Other roads,Other crash type,2,0,0,0,0,0,0,0,0,0,0
2016,Galicia,Urban streets,Head-on collision,39,0,0,0,0,0,0,0,0,0,0
2016,Galicia,Urban streets,Head-on/side collision,308,1,1,0,0,0,0,0,1,0,0
2016,Galicia,Urban streets,Side collision,104,0,0,0,0,0,0,0,0,0,0
2016,Galicia,Urban streets,Rear-end collision,249,0,0,0,0,0,0,0,0,0,0
2016,Galicia,Urban streets,Multiple or chain collision,54,0,0,0,0,0,0,0,0,0,0
2016,Galicia,Urban streets,Collision with obstacle or road element,45,0,0,0,0,0,0,0,0,0,0
2016,Galicia,Urban streets,Pedestrian struck,539,13,13,12,0,0,0,0,0,1,0
2016,Galicia,Urban streets,Overturn,6,0,0,0,0,0,0,0,0,0,0
2016,Galicia,Urban streets,Fall (rider or occupant),84,1,1,0,0,0,1,0,0,0,0
2016,Galicia,Urban streets,Run-off road,129,3,3,0,0,0,2,0,1,0,0
2016,Galicia,Urban streets,Other crash type,54,0,0,0,0,0,0,0,0,0,0
2016,Galicia,Conventional roads,Head-on collision,170,21,23,0,0,1,3,14,4,0,1
2016,Galicia,Conventional roads,Head-on/side collision,479,12,12,0,0,1,4,5,2,0,0
2016,Galicia,Conventional roads,Side collision,110,1,1,0,0,1,0,0,0,0,0
2016,Galicia,Conventional roads,Rear-end collision,303,3,3,0,1,0,0,2,0,0,0
2016,Galicia,Conventional roads,Multiple or chain collision,78,1,1,0,0,0,0,1,0,0,0
2016,Galicia,Conventional roads,Collision with obstacle or road element,15,1,1,0,0,0,0,1,0,0,0
2016,Galicia,Conventional roads,Pedestrian struck,145,18,18,18,0,0,0,0,0,0,0
2016,Galicia,Conventional roads,Animal struck,38,2,2,0,0,0,1,1,0,0,0
2016,Galicia,Conventional roads,Overturn,4,0,0,0,0,0,0,0,0,0,0
2016,Galicia,Conventional roads,Fall (rider or occupant),62,1,1,0,0,0,1,0,0,0,0
2016,Galicia,Conventional roads,Run-off road,901,33,34,0,0,0,4,29,0,0,1
2016,Galicia,Conventional roads,Other crash type,35,2,2,0,1,0,0,1,0,0,0
2016,Galicia,Dual carriageways,Head-on collision,6,1,1,0,0,0,0,1,0,0,0
2016,Galicia,Dual carriageways,Head-on/side collision,28,1,1,0,0,0,0,1,0,0,0
2016,Galicia,Dual carriageways,Side collision,26,0,0,0,0,0,0,0,0,0,0
2016,Galicia,Dual carriageways,Rear-end collision,107,3,3,0,0,0,1,1,1,0,0
2016,Galicia,Dual carriageways,Multiple or chain collision,15,0,0,0,0,0,0,0,0,0,0
2016,Galicia,Dual carriageways,Collision with obstacle or road element,4,0,0,0,0,0,0,0,0,0,0
2016,Galicia,Dual carriageways,Pedestrian struck,9,2,2,1,0,0,0,0,0,1,0
2016,Galicia,Dual carriageways,Animal struck,10,0,0,0,0,0,0,0,0,0,0
2016,Galicia,Dual carriageways,Overturn,1,1,1,0,0,0,0,1,0,0,0
2016,Galicia,Dual carriageways,Fall (rider or occupant),11,0,0,0,0,0,0,0,0,0,0
2016,Galicia,Dual carriageways,Run-off road,203,5,5,1,0,0,1,2,0,1,0
2016,Galicia,Dual carriageways,Other crash type,3,0,0,0,0,0,0,0,0,0,0
2016,Galicia,Motorways,Head-on collision,1,0,0,0,0,0,0,0,0,0,0
2016,Galicia,Motorways,Head-on/side collision,2,0,0,0,0,0,0,0,0,0,0
2016,Galicia,Motorways,Side collision,10,0,0,0,0,0,0,0,0,0,0
2016,Galicia,Motorways,Rear-end collision,23,1,1,0,0,0,0,1,0,0,0
2016,Galicia,Motorways,Multiple or chain collision,8,0,0,0,0,0,0,0,0,0,0
2016,Galicia,Motorways,Collision with obstacle or road element,1,0,0,0,0,0,0,0,0,0,0
2016,Galicia,Motorways,Pedestrian struck,1,0,0,0,0,0,0,0,0,0,0
2016,Galicia,Motorways,Animal struck,5,0,0,0,0,0,0,0,0,0,0
2016,Galicia,Motorways,Overturn,1,0,0,0,0,0,0,0,0,0,0
2016,Galicia,Motorways,Fall (rider or occupant),3,0,0,0,0,0,0,0,0,0,0
2016,Galicia,Motorways,Run-off road,56,0,0,0,0,0,0,0,0,0,0
2016,Galicia,Motorways,Other crash type,4,0,0,0,0,0,0,0,0,0,0
2016,Galicia,Other roads,Head-on collision,25,0,0,0,0,0,0,0,0,0,0
2016,Galicia,Other roads,Head-on/side collision,42,0,0,0,0,0,0,0,0,0,0
2016,Galicia,Other roads,Side collision,7,0,0,0,0,0,0,0,0,0,0
2016,Galicia,Other roads,Rear-end collision,26,0,0,0,0,0,0,0,0,0,0
2016,Galicia,Other roads,Multiple or chain collision,4,0,0,0,0,0,0,0,0,0,0
2016,Galicia,Other roads,Collision with obstacle or road element,8,0,0,0,0,0,0,0,0,0,0
2016,Galicia,Other roads,Pedestrian struck,41,2,2,2,0,0,0,0,0,0,0
2016,Galicia,Other roads,Animal struck,2,0,0,0,0,0,0,0,0,0,0
2016,Galicia,Other roads,Overturn,1,0,0,0,0,0,0,0,0,0,0
2016,Galicia,Other roads,Fall (rider or occupant),10,0,0,0,0,0,0,0,0,0,0
2016,Galicia,Other roads,Run-off road,75,8,9,0,0,0,1,3,0,0,5
2016,Galicia,Other roads,Other crash type,7,0,0,0,0,0,0,0,0,0,0
2016,Madrid,Urban streets,Head-on collision,43,2,2,0,1,0,1,0,0,0,0
2016,Madrid,Urban streets,Head-on/side collision,3187,8,8,0,1,1,5,1,0,0,0
2016,Madrid,Urban streets,Side collision,173,0,0,0,0,0,0,0,0,0,0
2016,Madrid,Urban streets,Rear-end collision,3013,7,8,0,1,0,5,2,0,0,0
2016,Madrid,Urban streets,Multiple or chain collision,625,4,4,1,0,0,2,0,0,0,1
2016,Madrid,Urban streets,Collision with obstacle or road element,604,3,3,0,0,0,0,3,0,0,0
2016,Madrid,Urban streets,Pedestrian struck,2444,27,28,28,0,0,0,0,0,0,0
2016,Madrid,Urban streets,Animal struck,3,0,0,0,0,0,0,0,0,0,0
2016,Madrid,Urban streets,Overturn,62,0,0,0,0,0,0,0,0,0,0
2016,Madrid,Urban streets,Fall (rider or occupant),1796,1,1,0,0,0,1,0,0,0,0
2016,Madrid,Urban streets,Run-off road,119,3,3,0,0,0,2,0,0,1,0
2016,Madrid,Urban streets,Other crash type,211,1,1,0,0,0,0,0,0,1,0
2016,Madrid,Conventional roads,Head-on collision,62,4,5,0,0,0,1,3,1,0,0
2016,Madrid,Conventional roads,Head-on/side collision,131,6,7,0,0,0,2,5,0,0,0
2016,Madrid,Conventional roads,Side collision,48,0,0,0,0,0,0,0,0,0,0
2016,Madrid,Conventional roads,Rear-end collision,136,0,0,0,0,0,0,0,0,0,0
2016,Madrid,Conventional roads,Multiple or chain collision,34,0,0,0,0,0,0,0,0,0,0
2016,Madrid,Conventional roads,Collision with obstacle or road element,8,1,1,0,0,0,1,0,0,0,0
2016,Madrid,Conventional roads,Pedestrian struck,25,0,0,0,0,0,0,0,0,0,0
2016,Madrid,Conventional roads,Animal struck,14,0,0,0,0,0,0,0,0,0,0
2016,Madrid,Conventional roads,Overturn,2,0,0,0,0,0,0,0,0,0,0
2016,Madrid,Conventional roads,Fall (rider or occupant),44,3,3,0,0,1,1,1,0,0,0
2016,Madrid,Conventional roads,Run-off road,350,6,6,0,0,0,3,3,0,0,0
2016,Madrid,Conventional roads,Other crash type,3,0,0,0,0,0,0,0,0,0,0
2016,Madrid,Dual carriageways,Head-on collision,16,0,0,0,0,0,0,0,0,0,0
2016,Madrid,Dual carriageways,Head-on/side collision,222,1,2,0,0,0,0,2,0,0,0
2016,Madrid,Dual carriageways,Side collision,151,1,1,0,0,0,1,0,0,0,0
2016,Madrid,Dual carriageways,Rear-end collision,698,4,4,0,0,0,3,1,0,0,0
2016,Madrid,Dual carriageways,Multiple or chain collision,408,1,2,2,0,0,0,0,0,0,0
2016,Madrid,Dual carriageways,Collision with obstacle or road element,91,0,0,0,0,0,0,0,0,0,0
2016,Madrid,Dual carriageways,Pedestrian struck,32,9,9,7,1,0,0,1,0,0,0
2016,Madrid,Dual carriageways,Overturn,29,0,0,0,0,0,0,0,0,0,0
2016,Madrid,Dual carriageways,Fall (rider or occupant),135,2,2,0,0,0,2,0,0,0,0
2016,Madrid,Dual carriageways,Run-off road,557,12,14,0,0,0,3,10,0,1,0
2016,Madrid,Dual carriageways,Other crash type,20,0,0,0,0,0,0,0,0,0,0
2016,Madrid,Motorways,Head-on collision,3,0,0,0,0,0,0,0,0,0,0
2016,Madrid,Motorways,Head-on/side collision,20,0,0,0,0,0,0,0,0,0,0
2016,Madrid,Motorways,Side collision,53,0,0,0,0,0,0,0,0,0,0
2016,Madrid,Motorways,Rear-end collision,184,1,2,0,0,0,0,0,0,2,0
2016,Madrid,Motorways,Multiple or chain collision,83,0,0,0,0,0,0,0,0,0,0
2016,Madrid,Motorways,Collision with obstacle or road element,15,1,1,0,0,0,0,0,0,1,0
2016,Madrid,Motorways,Pedestrian struck,3,2,2,0,0,0,0,0,0,2,0
2016,Madrid,Motorways,Animal struck,1,0,0,0,0,0,0,0,0,0,0
2016,Madrid,Motorways,Overturn,1,0,0,0,0,0,0,0,0,0,0
2016,Madrid,Motorways,Fall (rider or occupant),13,0,0,0,0,0,0,0,0,0,0
2016,Madrid,Motorways,Run-off road,144,2,2,0,0,0,0,1,1,0,0
2016,Madrid,Motorways,Other crash type,1,0,0,0,0,0,0,0,0,0,0
2016,Madrid,Other roads,Head-on collision,5,0,0,0,0,0,0,0,0,0,0
2016,Madrid,Other roads,Head-on/side collision,24,0,0,0,0,0,0,0,0,0,0
2016,Madrid,Other roads,Side collision,4,0,0,0,0,0,0,0,0,0,0
2016,Madrid,Other roads,Rear-end collision,26,0,0,0,0,0,0,0,0,0,0
2016,Madrid,Other roads,Multiple or chain collision,4,0,0,0,0,0,0,0,0,0,0
2016,Madrid,Other roads,Collision with obstacle or road element,8,0,0,0,0,0,0,0,0,0,0
2016,Madrid,Other roads,Pedestrian struck,24,0,0,0,0,0,0,0,0,0,0
2016,Madrid,Other roads,Animal struck,1,0,0,0,0,0,0,0,0,0,0
2016,Madrid,Other roads,Overturn,3,0,0,0,0,0,0,0,0,0,0
2016,Madrid,Other roads,Fall (rider or occupant),24,0,0,0,0,0,0,0,0,0,0
2016,Madrid,Other roads,Run-off road,17,0,0,0,0,0,0,0,0,0,0
2016,Madrid,Other roads,Other crash type,1,0,0,0,0,0,0,0,0,0,0
2016,Murcia,Urban streets,Head-on collision,52,0,0,0,0,0,0,0,0,0,0
2016,Murcia,Urban streets,Head-on/side collision,474,1,1,0,0,0,1,0,0,0,0
2016,Murcia,Urban streets,Side collision,120,1,1,0,0,0,1,0,0,0,0
2016,Murcia,Urban streets,Rear-end collision,235,1,1,0,0,0,0,1,0,0,0
2016,Murcia,Urban streets,Multiple or chain collision,26,0,0,0,0,0,0,0,0,0,0
2016,Murcia,Urban streets,Collision with obstacle or road element,27,0,0,0,0,0,0,0,0,0,0
2016,Murcia,Urban streets,Pedestrian struck,251,6,6,6,0,0,0,0,0,0,0
2016,Murcia,Urban streets,Animal struck,4,0,0,0,0,0,0,0,0,0,0
2016,Murcia,Urban streets,Overturn,3,0,0,0,0,0,0,0,0,0,0
2016,Murcia,Urban streets,Fall (rider or occupant),127,0,0,0,0,0,0,0,0,0,0
2016,Murcia,Urban streets,Run-off road,107,3,4,0,0,1,0,3,0,0,0
2016,Murcia,Urban streets,Other crash type,74,2,2,0,1,0,1,0,0,0,0
2016,Murcia,Conventional roads,Head-on collision,21,3,3,0,0,0,0,3,0,0,0
2016,Murcia,Conventional roads,Head-on/side collision,57,1,1,0,0,0,0,1,0,0,0
2016,Murcia,Conventional roads,Side collision,12,0,0,0,0,0,0,0,0,0,0
2016,Murcia,Conventional roads,Rear-end collision,23,0,0,0,0,0,0,0,0,0,0
2016,Murcia,Conventional roads,Multiple or chain collision,7,0,0,0,0,0,0,0,0,0,0
2016,Murcia,Conventional roads,Pedestrian struck,7,2,2,2,0,0,0,0,0,0,0
2016,Murcia,Conventional roads,Animal struck,2,0,0,0,0,0,0,0,0,0,0
2016,Murcia,Conventional roads,Overturn,5,0,0,0,0,0,0,0,0,0,0
2016,Murcia,Conventional roads,Fall (rider or occupant),4,0,0,0,0,0,0,0,0,0,0
2016,Murcia,Conventional roads,Run-off road,83,10,10,0,0,1,2,7,0,0,0
2016,Murcia,Conventional roads,Other crash type,3,0,0,0,0,0,0,0,0,0,0
2016,Murcia,Dual carriageways,Head-on/side collision,3,2,2,0,0,1,1,0,0,0,0
2016,Murcia,Dual carriageways,Side collision,3,0,0,0,0,0,0,0,0,0,0
2016,Murcia,Dual carriageways,Rear-end collision,30,1,1,0,0,0,0,1,0,0,0
2016,Murcia,Dual carriageways,Multiple or chain collision,8,0,0,0,0,0,0,0,0,0,0
2016,Murcia,Dual carriageways,Pedestrian struck,1,1,1,1,0,0,0,0,0,0,0
2016,Murcia,Dual carriageways,Animal struck,1,0,0,0,0,0,0,0,0,0,0
2016,Murcia,Dual carriageways,Overturn,6,0,0,0,0,0,0,0,0,0,0
2016,Murcia,Dual carriageways,Fall (rider or occupant),5,0,0,0,0,0,0,0,0,0,0
2016,Murcia,Dual carriageways,Run-off road,43,7,14,0,0,0,1,4,7,2,0
2016,Murcia,Dual carriageways,Other crash type,3,1,1,0,0,0,0,1,0,0,0
2016,Murcia,Motorways,Rear-end collision,3,0,0,0,0,0,0,0,0,0,0
2016,Murcia,Motorways,Run-off road,6,0,0,0,0,0,0,0,0,0,0
2016,Murcia,Other roads,Head-on collision,20,0,0,0,0,0,0,0,0,0,0
2016,Murcia,Other roads,Head-on/side collision,147,1,1,0,0,1,0,0,0,0,0
2016,Murcia,Other roads,Side collision,37,0,0,0,0,0,0,0,0,0,0
2016,Murcia,Other roads,Rear-end collision,81,0,0,0,0,0,0,0,0,0,0
2016,Murcia,Other roads,Multiple or chain collision,8,0,0,0,0,0,0,0,0,0,0
2016,Murcia,Other roads,Collision with obstacle or road element,14,0,0,0,0,0,0,0,0,0,0
2016,Murcia,Other roads,Pedestrian struck,44,3,3,3,0,0,0,0,0,0,0
2016,Murcia,Other roads,Animal struck,2,0,0,0,0,0,0,0,0,0,0
2016,Murcia,Other roads,Overturn,3,0,0,0,0,0,0,0,0,0,0
2016,Murcia,Other roads,Fall (rider or occupant),36,0,0,0,0,0,0,0,0,0,0
2016,Murcia,Other roads,Run-off road,59,3,3,0,0,0,0,2,0,0,1
2016,Murcia,Other roads,Other crash type,17,1,1,0,0,1,0,0,0,0,0
2016,Navarre,Urban streets,Head-on collision,4,0,0,0,0,0,0,0,0,0,0
2016,Navarre,Urban streets,Head-on/side collision,43,0,0,0,0,0,0,0,0,0,0
2016,Navarre,Urban streets,Side collision,99,0,0,0,0,0,0,0,0,0,0
2016,Navarre,Urban streets,Rear-end collision,80,0,0,0,0,0,0,0,0,0,0
2016,Navarre,Urban streets,Multiple or chain collision,6,0,0,0,0,0,0,0,0,0,0
2016,Navarre,Urban streets,Collision with obstacle or road element,4,0,0,0,0,0,0,0,0,0,0
2016,Navarre,Urban streets,Pedestrian struck,157,6,6,6,0,0,0,0,0,0,0
2016,Navarre,Urban streets,Fall (rider or occupant),28,0,0,0,0,0,0,0,0,0,0
2016,Navarre,Urban streets,Run-off road,21,0,0,0,0,0,0,0,0,0,0
2016,Navarre,Urban streets,Other crash type,14,0,0,0,0,0,0,0,0,0,0
2016,Navarre,Conventional roads,Head-on collision,16,3,3,0,0,0,0,2,1,0,0
2016,Navarre,Conventional roads,Head-on/side collision,27,3,3,0,0,0,1,1,1,0,0
2016,Navarre,Conventional roads,Side collision,6,0,0,0,0,0,0,0,0,0,0
2016,Navarre,Conventional roads,Rear-end collision,16,1,1,0,0,0,1,0,0,0,0
2016,Navarre,Conventional roads,Multiple or chain collision,1,0,0,0,0,0,0,0,0,0,0
2016,Navarre,Conventional roads,Collision with obstacle or road element,1,0,0,0,0,0,0,0,0,0,0
2016,Navarre,Conventional roads,Pedestrian struck,4,1,1,1,0,0,0,0,0,0,0
2016,Navarre,Conventional roads,Animal struck,7,0,0,0,0,0,0,0,0,0,0
2016,Navarre,Conventional roads,Overturn,2,0,0,0,0,0,0,0,0,0,0
2016,Navarre,Conventional roads,Fall (rider or occupant),13,0,0,0,0,0,0,0,0,0,0
2016,Navarre,Conventional roads,Run-off road,78,6,6,0,0,0,2,4,0,0,0
2016,Navarre,Conventional roads,Other crash type,4,0,0,0,0,0,0,0,0,0,0
2016,Navarre,Dual carriageways,Head-on/side collision,5,0,0,0,0,0,0,0,0,0,0
2016,Navarre,Dual carriageways,Side collision,1,0,0,0,0,0,0,0,0,0,0
2016,Navarre,Dual carriageways,Rear-end collision,19,1,1,0,0,0,0,1,0,0,0
2016,Navarre,Dual carriageways,Multiple or chain collision,4,0,0,0,0,0,0,0,0,0,0
2016,Navarre,Dual carriageways,Pedestrian struck,1,0,0,0,0,0,0,0,0,0,0
2016,Navarre,Dual carriageways,Overturn,1,0,0,0,0,0,0,0,0,0,0
2016,Navarre,Dual carriageways,Fall (rider or occupant),4,0,0,0,0,0,0,0,0,0,0
2016,Navarre,Dual carriageways,Run-off road,18,2,3,0,0,0,2,0,1,0,0
2016,Navarre,Dual carriageways,Other crash type,2,0,0,0,0,0,0,0,0,0,0
2016,Navarre,Motorways,Head-on/side collision,2,0,0,0,0,0,0,0,0,0,0
2016,Navarre,Motorways,Side collision,2,0,0,0,0,0,0,0,0,0,0
2016,Navarre,Motorways,Rear-end collision,1,0,0,0,0,0,0,0,0,0,0
2016,Navarre,Motorways,Multiple or chain collision,2,0,0,0,0,0,0,0,0,0,0
2016,Navarre,Motorways,Collision with obstacle or road element,3,1,1,0,0,0,0,1,0,0,0
2016,Navarre,Motorways,Run-off road,8,0,0,0,0,0,0,0,0,0,0
2016,Navarre,Other roads,Head-on collision,1,0,0,0,0,0,0,0,0,0,0
2016,Navarre,Other roads,Head-on/side collision,2,0,0,0,0,0,0,0,0,0,0
2016,Navarre,Other roads,Side collision,3,0,0,0,0,0,0,0,0,0,0
2016,Navarre,Other roads,Rear-end collision,1,0,0,0,0,0,0,0,0,0,0
2016,Navarre,Other roads,Pedestrian struck,4,0,0,0,0,0,0,0,0,0,0
2016,Navarre,Other roads,Fall (rider or occupant),3,0,0,0,0,0,0,0,0,0,0
2016,Navarre,Other roads,Run-off road,11,1,1,0,0,0,0,1,0,0,0
2016,Navarre,Other roads,Other crash type,2,0,0,0,0,0,0,0,0,0,0
2016,Basque Country,Urban streets,Head-on collision,76,0,0,0,0,0,0,0,0,0,0
2016,Basque Country,Urban streets,Head-on/side collision,466,1,1,0,1,0,0,0,0,0,0
2016,Basque Country,Urban streets,Side collision,123,0,0,0,0,0,0,0,0,0,0
2016,Basque Country,Urban streets,Rear-end collision,284,0,0,0,0,0,0,0,0,0,0
2016,Basque Country,Urban streets,Multiple or chain collision,316,3,3,0,0,0,1,1,0,0,1
2016,Basque Country,Urban streets,Collision with obstacle or road element,51,0,0,0,0,0,0,0,0,0,0
2016,Basque Country,Urban streets,Pedestrian struck,491,8,8,8,0,0,0,0,0,0,0
2016,Basque Country,Urban streets,Animal struck,1,0,0,0,0,0,0,0,0,0,0
2016,Basque Country,Urban streets,Overturn,180,0,0,0,0,0,0,0,0,0,0
2016,Basque Country,Urban streets,Run-off road,139,1,1,0,0,0,1,0,0,0,0
2016,Basque Country,Urban streets,Other crash type,256,0,0,0,0,0,0,0,0,0,0
2016,Basque Country,Conventional roads,Head-on collision,12,2,2,0,0,0,1,0,1,0,0
2016,Basque Country,Conventional roads,Head-on/side collision,59,2,2,0,0,0,1,1,0,0,0
2016,Basque Country,Conventional roads,Side collision,11,0,0,0,0,0,0,0,0,0,0
2016,Basque Country,Conventional roads,Rear-end collision,64,0,0,0,0,0,0,0,0,0,0
2016,Basque Country,Conventional roads,Multiple or chain collision,10,0,0,0,0,0,0,0,0,0,0
2016,Basque Country,Conventional roads,Overturn,8,0,0,0,0,0,0,0,0,0,0
2016,Basque Country,Conventional roads,Run-off road,77,0,0,0,0,0,0,0,0,0,0
2016,Basque Country,Conventional roads,Other crash type,90,3,3,1,0,0,0,2,0,0,0
2016,Basque Country,Dual carriageways,Head-on/side collision,12,0,0,0,0,0,0,0,0,0,0
2016,Basque Country,Dual carriageways,Side collision,17,0,0,0,0,0,0,0,0,0,0
2016,Basque Country,Dual carriageways,Rear-end collision,102,2,2,0,0,0,1,0,1,0,0
2016,Basque Country,Dual carriageways,Multiple or chain collision,10,0,0,0,0,0,0,0,0,0,0
2016,Basque Country,Dual carriageways,Overturn,3,0,0,0,0,0,0,0,0,0,0
2016,Basque Country,Dual carriageways,Run-off road,140,5,6,0,0,0,2,4,0,0,0
2016,Basque Country,Dual carriageways,Other crash type,43,2,2,2,0,0,0,0,0,0,0
2016,Basque Country,Motorways,Head-on collision,1,0,0,0,0,0,0,0,0,0,0
2016,Basque Country,Motorways,Head-on/side collision,4,0,0,0,0,0,0,0,0,0,0
2016,Basque Country,Motorways,Side collision,13,0,0,0,0,0,0,0,0,0,0
2016,Basque Country,Motorways,Rear-end collision,31,0,0,0,0,0,0,0,0,0,0
2016,Basque Country,Motorways,Multiple or chain collision,3,0,0,0,0,0,0,0,0,0,0
2016,Basque Country,Motorways,Overturn,3,0,0,0,0,0,0,0,0,0,0
2016,Basque Country,Motorways,Run-off road,100,0,0,0,0,0,0,0,0,0,0
2016,Basque Country,Motorways,Other crash type,40,0,0,0,0,0,0,0,0,0,0
2016,Basque Country,Other roads,Head-on collision,95,2,3,0,0,0,1,2,0,0,0
2016,Basque Country,Other roads,Head-on/side collision,239,3,4,0,0,0,1,3,0,0,0
2016,Basque Country,Other roads,Side collision,86,1,1,0,0,0,1,0,0,0,0
2016,Basque Country,Other roads,Rear-end collision,321,2,2,0,1,0,1,0,0,0,0
2016,Basque Country,Other roads,Multiple or chain collision,35,0,0,0,0,0,0,0,0,0,0
2016,Basque Country,Other roads,Overturn,17,0,0,0,0,0,0,0,0,0,0
2016,Basque Country,Other roads,Run-off road,379,9,9,0,0,0,2,6,1,0,0
2016,Basque Country,Other roads,Other crash type,459,7,7,3,0,0,1,2,1,0,0
2016,La Rioja,Urban streets,Head-on collision,4,0,0,0,0,0,0,0,0,0,0
2016,La Rioja,Urban streets,Head-on/side collision,99,1,1,0,0,0,1,0,0,0,0
2016,La Rioja,Urban streets,Side collision,20,0,0,0,0,0,0,0,0,0,0
2016,La Rioja,Urban streets,Rear-end collision,71,0,0,0,0,0,0,0,0,0,0
2016,La Rioja,Urban streets,Multiple or chain collision,9,0,0,0,0,0,0,0,0,0,0
2016,La Rioja,Urban streets,Collision with obstacle or road element,3,0,0,0,0,0,0,0,0,0,0
2016,La Rioja,Urban streets,Pedestrian struck,133,3,3,3,0,0,0,0,0,0,0
2016,La Rioja,Urban streets,Overturn,2,0,0,0,0,0,0,0,0,0,0
2016,La Rioja,Urban streets,Fall (rider or occupant),28,0,0,0,0,0,0,0,0,0,0
2016,La Rioja,Urban streets,Run-off road,16,0,0,0,0,0,0,0,0,0,0
2016,La Rioja,Urban streets,Other crash type,17,0,0,0,0,0,0,0,0,0,0
2016,La Rioja,Conventional roads,Head-on collision,12,5,8,0,0,0,0,5,1,2,0
2016,La Rioja,Conventional roads,Head-on/side collision,21,1,1,0,0,0,0,1,0,0,0
2016,La Rioja,Conventional roads,Side collision,11,0,0,0,0,0,0,0,0,0,0
2016,La Rioja,Conventional roads,Rear-end collision,31,0,0,0,0,0,0,0,0,0,0
2016,La Rioja,Conventional roads,Multiple or chain collision,2,1,1,0,0,0,0,1,0,0,0
2016,La Rioja,Conventional roads,Collision with obstacle or road element,5,1,1,0,0,0,0,0,0,1,0
2016,La Rioja,Conventional roads,Pedestrian struck,6,1,1,1,0,0,0,0,0,0,0
2016,La Rioja,Conventional roads,Animal struck,1,0,0,0,0,0,0,0,0,0,0
2016,La Rioja,Conventional roads,Overturn,4,0,0,0,0,0,0,0,0,0,0
2016,La Rioja,Conventional roads,Fall (rider or occupant),11,1,1,0,0,0,1,0,0,0,0
2016,La Rioja,Conventional roads,Run-off road,90,5,6,0,0,0,2,3,1,0,0
2016,La Rioja,Conventional roads,Other crash type,10,1,1,0,0,0,1,0,0,0,0
2016,La Rioja,Dual carriageways,Head-on/side collision,2,0,0,0,0,0,0,0,0,0,0
2016,La Rioja,Dual carriageways,Side collision,2,0,0,0,0,0,0,0,0,0,0
2016,La Rioja,Dual carriageways,Rear-end collision,17,0,0,0,0,0,0,0,0,0,0
2016,La Rioja,Dual carriageways,Multiple or chain collision,6,0,0,0,0,0,0,0,0,0,0
2016,La Rioja,Dual carriageways,Overturn,2,0,0,0,0,0,0,0,0,0,0
2016,La Rioja,Dual carriageways,Run-off road,16,0,0,0,0,0,0,0,0,0,0
2016,La Rioja,Dual carriageways,Other crash type,2,0,0,0,0,0,0,0,0,0,0
2016,La Rioja,Motorways,Rear-end collision,5,0,0,0,0,0,0,0,0,0,0
2016,La Rioja,Motorways,Animal struck,3,0,0,0,0,0,0,0,0,0,0
2016,La Rioja,Motorways,Overturn,2,0,0,0,0,0,0,0,0,0,0
2016,La Rioja,Motorways,Run-off road,5,0,0,0,0,0,0,0,0,0,0
2016,La Rioja,Other roads,Head-on collision,1,0,0,0,0,0,0,0,0,0,0
2016,La Rioja,Other roads,Head-on/side collision,1,0,0,0,0,0,0,0,0,0,0
2016,La Rioja,Other roads,Rear-end collision,4,0,0,0,0,0,0,0,0,0,0
2016,La Rioja,Other roads,Multiple or chain collision,1,0,0,0,0,0,0,0,0,0,0
2016,La Rioja,Other roads,Collision with obstacle or road element,2,0,0,0,0,0,0,0,0,0,0
2016,La Rioja,Other roads,Pedestrian struck,5,0,0,0,0,0,0,0,0,0,0
2016,La Rioja,Other roads,Overturn,2,0,0,0,0,0,0,0,0,0,0
2016,La Rioja,Other roads,Fall (rider or occupant),11,0,0,0,0,0,0,0,0,0,0
2016,La Rioja,Other roads,Run-off road,13,1,1,0,0,0,0,0,0,0,1
2016,La Rioja,Other roads,Other crash type,4,0,0,0,0,0,0,0,0,0,0
2016,Ceuta,Urban streets,Head-on collision,11,1,1,0,0,0,1,0,0,0,0
2016,Ceuta,Urban streets,Head-on/side collision,68,0,0,0,0,0,0,0,0,0,0
2016,Ceuta,Urban streets,Side collision,22,0,0,0,0,0,0,0,0,0,0
2016,Ceuta,Urban streets,Rear-end collision,70,0,0,0,0,0,0,0,0,0,0
2016,Ceuta,Urban streets,Multiple or chain collision,7,1,1,0,0,0,1,0,0,0,0
2016,Ceuta,Urban streets,Collision with obstacle or road element,2,0,0,0,0,0,0,0,0,0,0
2016,Ceuta,Urban streets,Pedestrian struck,49,0,0,0,0,0,0,0,0,0,0
2016,Ceuta,Urban streets,Overturn,1,0,0,0,0,0,0,0,0,0,0
2016,Ceuta,Urban streets,Fall (rider or occupant),4,0,0,0,0,0,0,0,0,0,0
2016,Ceuta,Urban streets,Run-off road,8,0,0,0,0,0,0,0,0,0,0
2016,Ceuta,Urban streets,Other crash type,6,0,0,0,0,0,0,0,0,0,0
2016,Ceuta,Conventional roads,Head-on/side collision,17,0,0,0,0,0,0,0,0,0,0
2016,Ceuta,Conventional roads,Side collision,2,0,0,0,0,0,0,0,0,0,0
2016,Ceuta,Conventional roads,Rear-end collision,6,0,0,0,0,0,0,0,0,0,0
2016,Ceuta,Conventional roads,Multiple or chain collision,3,0,0,0,0,0,0,0,0,0,0
2016,Ceuta,Conventional roads,Pedestrian struck,8,0,0,0,0,0,0,0,0,0,0
2016,Ceuta,Conventional roads,Overturn,1,0,0,0,0,0,0,0,0,0,0
2016,Ceuta,Conventional roads,Fall (rider or occupant),1,0,0,0,0,0,0,0,0,0,0
2016,Ceuta,Conventional roads,Run-off road,3,0,0,0,0,0,0,0,0,0,0
2016,Ceuta,Other roads,Head-on/side collision,5,0,0,0,0,0,0,0,0,0,0
2016,Ceuta,Other roads,Rear-end collision,1,0,0,0,0,0,0,0,0,0,0
2016,Ceuta,Other roads,Pedestrian struck,1,0,0,0,0,0,0,0,0,0,0
2016,Ceuta,Other roads,Fall (rider or occupant),1,0,0,0,0,0,0,0,0,0,0
2016,Melilla,Urban streets,Head-on collision,9,0,0,0,0,0,0,0,0,0,0
2016,Melilla,Urban streets,Head-on/side collision,176,0,0,0,0,0,0,0,0,0,0
2016,Melilla,Urban streets,Side collision,39,0,0,0,0,0,0,0,0,0,0
2016,Melilla,Urban streets,Rear-end collision,111,1,1,0,0,1,0,0,0,0,0
2016,Melilla,Urban streets,Multiple or chain collision,14,0,0,0,0,0,0,0,0,0,0
2016,Melilla,Urban streets,Collision with obstacle or road element,7,0,0,0,0,0,0,0,0,0,0
2016,Melilla,Urban streets,Pedestrian struck,150,0,0,0,0,0,0,0,0,0,0
2016,Melilla,Urban streets,Animal struck,1,0,0,0,0,0,0,0,0,0,0
2016,Melilla,Urban streets,Fall (rider or occupant),13,0,0,0,0,0,0,0,0,0,0
2016,Melilla,Urban streets,Run-off road,16,0,0,0,0,0,0,0,0,0,0
2016,Melilla,Urban streets,Other crash type,17,0,0,0,0,0,0,0,0,0,0
2016,Melilla,Other roads,Side collision,1,0,0,0,0,0,0,0,0,0,0
2016,Melilla,Other roads,Rear-end collision,1,0,0,0,0,0,0,0,0,0,0
2016,Melilla,Other roads,Pedestrian struck,6,0,0,0,0,0,0,0,0,0,0
2016,Melilla,Other roads,Overturn,1,0,0,0,0,0,0,0,0,0,0
2017,Andalusia,Urban streets,Head-on collision,219,1,1,0,0,0,1,0,0,0,0
2017,Andalusia,Urban streets,Head-on/side collision,3045,5,6,0,2,1,0,3,0,0,0
2017,Andalusia,Urban streets,Side collision,699,3,3,0,0,1,1,1,0,0,0
2017,Andalusia,Urban streets,Rear-end collision,1738,2,2,0,1,0,1,0,0,0,0
2017,Andalusia,Urban streets,Multiple or chain collision,198,1,1,1,0,0,0,0,0,0,0
2017,Andalusia,Urban streets,Collision with obstacle or road element,195,5,5,0,1,0,3,1,0,0,0
2017,Andalusia,Urban streets,Pedestrian struck,1767,29,29,29,0,0,0,0,0,0,0
2017,Andalusia,Urban streets,Animal struck,29,0,0,0,0,0,0,0,0,0,0
2017,Andalusia,Urban streets,Overturn,173,0,0,0,0,0,0,0,0,0,0
2017,Andalusia,Urban streets,Fall (rider or occupant),979,1,1,0,0,0,1,0,0,0,0
2017,Andalusia,Urban streets,Run-off road,400,21,21,0,0,2,10,7,0,1,1
2017,Andalusia,Urban streets,Other crash type,211,1,1,0,1,0,0,0,0,0,0
2017,Andalusia,Conventional roads,Head-on collision,238,37,42,0,0,0,6,29,5,0,2
2017,Andalusia,Conventional roads,Head-on/side collision,586,14,14,0,0,1,3,10,0,0,0
2017,Andalusia,Conventional roads,Side collision,173,2,2,0,1,1,0,0,0,0,0
2017,Andalusia,Conventional roads,Rear-end collision,427,5,5,0,1,0,0,1,1,1,1
2017,Andalusia,Conventional roads,Multiple or chain collision,116,6,7,0,0,0,2,5,0,0,0
2017,Andalusia,Conventional roads,Collision with obstacle or road element,22,0,0,0,0,0,0,0,0,0,0
2017,Andalusia,Conventional roads,Pedestrian struck,85,7,7,7,0,0,0,0,0,0,0
2017,Andalusia,Conventional roads,Animal struck,57,0,0,0,0,0,0,0,0,0,0
2017,Andalusia,Conventional roads,Overturn,44,0,0,0,0,0,0,0,0,0,0
2017,Andalusia,Conventional roads,Fall (rider or occupant),95,3,3,0,1,0,2,0,0,0,0
2017,Andalusia,Conventional roads,Run-off road,1250,69,72,0,0,3,20,43,4,2,0
2017,Andalusia,Conventional roads,Other crash type,32,2,2,0,1,0,0,1,0,0,0
2017,Andalusia,Dual carriageways,Head-on collision,18,4,6,0,0,0,0,6,0,0,0
2017,Andalusia,Dual carriageways,Head-on/side collision,98,0,0,0,0,0,0,0,0,0,0
2017,Andalusia,Dual carriageways,Side collision,149,0,0,0,0,0,0,0,0,0,0
2017,Andalusia,Dual carriageways,Rear-end collision,587,4,5,0,0,0,2,3,0,0,0
2017,Andalusia,Dual carriageways,Multiple or chain collision,206,5,5,0,0,0,3,2,0,0,0
2017,Andalusia,Dual carriageways,Collision with obstacle or road element,32,1,1,0,0,0,0,0,1,0,0
2017,Andalusia,Dual carriageways,Pedestrian struck,32,9,10,9,0,0,1,0,0,0,0
2017,Andalusia,Dual carriageways,Animal struck,14,0,0,0,0,0,0,0,0,0,0
2017,Andalusia,Dual carriageways,Overturn,20,0,0,0,0,0,0,0,0,0,0
2017,Andalusia,Dual carriageways,Fall (rider or occupant),47,0,0,0,0,0,0,0,0,0,0
2017,Andalusia,Dual carriageways,Run-off road,479,20,23,1,0,0,7,13,0,2,0
2017,Andalusia,Dual carriageways,Other crash type,27,0,0,0,0,0,0,0,0,0,0
2017,Andalusia,Motorways,Head-on collision,1,1,1,0,0,0,0,1,0,0,0
2017,Andalusia,Motorways,Head-on/side collision,3,0,0,0,0,0,0,0,0,0,0
2017,Andalusia,Motorways,Side collision,16,0,0,0,0,0,0,0,0,0,0
2017,Andalusia,Motorways,Rear-end collision,74,1,1,0,0,0,1,0,0,0,0
2017,Andalusia,Motorways,Multiple or chain collision,27,0,0,0,0,0,0,0,0,0,0
2017,Andalusia,Motorways,Collision with obstacle or road element,2,0,0,0,0,0,0,0,0,0,0
2017,Andalusia,Motorways,Pedestrian struck,2,1,1,1,0,0,0,0,0,0,0
2017,Andalusia,Motorways,Animal struck,1,0,0,0,0,0,0,0,0,0,0
2017,Andalusia,Motorways,Overturn,4,0,0,0,0,0,0,0,0,0,0
2017,Andalusia,Motorways,Fall (rider or occupant),5,0,0,0,0,0,0,0,0,0,0
2017,Andalusia,Motorways,Run-off road,44,1,1,0,0,0,1,0,0,0,0
2017,Andalusia,Motorways,Other crash type,3,1,3,0,0,0,0,3,0,0,0
2017,Andalusia,Other roads,Head-on collision,44,1,1,0,1,0,0,0,0,0,0
2017,Andalusia,Other roads,Head-on/side collision,169,4,4,0,0,1,1,1,1,0,0
2017,Andalusia,Other roads,Side collision,57,0,0,0,0,0,0,0,0,0,0
2017,Andalusia,Other roads,Rear-end collision,104,3,3,0,0,1,1,1,0,0,0
2017,Andalusia,Other roads,Multiple or chain collision,15,0,0,0,0,0,0,0,0,0,0
2017,Andalusia,Other roads,Collision with obstacle or road element,9,0,0,0,0,0,0,0,0,0,0
2017,Andalusia,Other roads,Pedestrian struck,69,3,3,3,0,0,0,0,0,0,0
2017,Andalusia,Other roads,Animal struck,7,1,1,0,1,0,0,0,0,0,0
2017,Andalusia,Other roads,Overturn,16,0,0,0,0,0,0,0,0,0,0
2017,Andalusia,Other roads,Fall (rider or occupant),62,2,2,0,0,0,1,0,1,0,0
2017,Andalusia,Other roads,Run-off road,147,8,8,1,0,0,2,4,1,0,0
2017,Andalusia,Other roads,Other crash type,18,1,2,0,0,0,0,2,0,0,0
2017,Aragon,Urban streets,Head-on collision,10,1,1,0,0,0,1,0,0,0,0
2017,Aragon,Urban streets,Head-on/side collision,243,4,4,0,1,0,1,1,1,0,0
2017,Aragon,Urban streets,Side collision,109,0,0,0,0,0,0,0,0,0,0
2017,Aragon,Urban streets,Rear-end collision,207,0,0,0,0,0,0,0,0,0,0
2017,Aragon,Urban streets,Multiple or chain collision,18,0,0,0,0,0,0,0,0,0,0
2017,Aragon,Urban streets,Collision with obstacle or road element,18,0,0,0,0,0,0,0,0,0,0
2017,Aragon,Urban streets,Pedestrian struck,321,5,5,5,0,0,0,0,0,0,0
2017,Aragon,Urban streets,Overturn,2,0,0,0,0,0,0,0,0,0,0
2017,Aragon,Urban streets,Fall (rider or occupant),89,0,0,0,0,0,0,0,0,0,0
2017,Aragon,Urban streets,Run-off road,51,0,0,0,0,0,0,0,0,0,0
2017,Aragon,Urban streets,Other crash type,47,1,1,0,0,0,0,0,0,1,0
2017,Aragon,Conventional roads,Head-on collision,51,13,14,0,0,0,2,10,2,0,0
2017,Aragon,Conventional roads,Head-on/side collision,121,11,12,0,0,1,1,10,0,0,0
2017,Aragon,Conventional roads,Side collision,33,0,0,0,0,0,0,0,0,0,0
2017,Aragon,Conventional roads,Rear-end collision,84,0,0,0,0,0,0,0,0,0,0
2017,Aragon,Conventional roads,Multiple or chain collision,19,1,1,0,0,0,0,1,0,0,0
2017,Aragon,Conventional roads,Collision with obstacle or road element,12,0,0,0,0,0,0,0,0,0,0
2017,Aragon,Conventional roads,Pedestrian struck,21,5,5,4,1,0,0,0,0,0,0
2017,Aragon,Conventional roads,Animal struck,13,0,0,0,0,0,0,0,0,0,0
2017,Aragon,Conventional roads,Overturn,15,0,0,0,0,0,0,0,0,0,0
2017,Aragon,Conventional roads,Fall (rider or occupant),32,0,0,0,0,0,0,0,0,0,0
2017,Aragon,Conventional roads,Run-off road,383,24,24,0,0,0,5,13,2,2,2
2017,Aragon,Conventional roads,Other crash type,8,1,1,0,1,0,0,0,0,0,0
2017,Aragon,Dual carriageways,Head-on collision,2,0,0,0,0,0,0,0,0,0,0
2017,Aragon,Dual carriageways,Head-on/side collision,18,0,0,0,0,0,0,0,0,0,0
2017,Aragon,Dual carriageways,Side collision,24,0,0,0,0,0,0,0,0,0,0
2017,Aragon,Dual carriageways,Rear-end collision,130,1,1,0,0,0,1,0,0,0,0
2017,Aragon,Dual carriageways,Multiple or chain collision,24,0,0,0,0,0,0,0,0,0,0
2017,Aragon,Dual carriageways,Collision with obstacle or road element,6,0,0,0,0,0,0,0,0,0,0
2017,Aragon,Dual carriageways,Pedestrian struck,1,1,1,1,0,0,0,0,0,0,0
2017,Aragon,Dual carriageways,Overturn,7,0,0,0,0,0,0,0,0,0,0
2017,Aragon,Dual carriageways,Fall (rider or occupant),8,0,0,0,0,0,0,0,0,0,0
2017,Aragon,Dual carriageways,Run-off road,102,3,3,0,0,0,0,3,0,0,0
2017,Aragon,Dual carriageways,Other crash type,4,0,0,0,0,0,0,0,0,0,0
2017,Aragon,Motorways,Side collision,3,0,0,0,0,0,0,0,0,0,0
2017,Aragon,Motorways,Rear-end collision,13,1,1,0,0,0,0,1,0,0,0
2017,Aragon,Motorways,Collision with obstacle or road element,2,0,0,0,0,0,0,0,0,0,0
2017,Aragon,Motorways,Pedestrian struck,1,0,0,0,0,0,0,0,0,0,0
2017,Aragon,Motorways,Animal struck,1,0,0,0,0,0,0,0,0,0,0
2017,Aragon,Motorways,Overturn,1,0,0,0,0,0,0,0,0,0,0
2017,Aragon,Motorways,Fall (rider or occupant),1,0,0,0,0,0,0,0,0,0,0
2017,Aragon,Motorways,Run-off road,18,2,3,0,0,0,0,3,0,0,0
2017,Aragon,Other roads,Head-on collision,9,0,0,0,0,0,0,0,0,0,0
2017,Aragon,Other roads,Head-on/side collision,9,1,1,0,0,0,1,0,0,0,0
2017,Aragon,Other roads,Side collision,4,0,0,0,0,0,0,0,0,0,0
2017,Aragon,Other roads,Rear-end collision,12,0,0,0,0,0,0,0,0,0,0
2017,Aragon,Other roads,Multiple or chain collision,2,0,0,0,0,0,0,0,0,0,0
2017,Aragon,Other roads,Collision with obstacle or road element,5,0,0,0,0,0,0,0,0,0,0
2017,Aragon,Other roads,Pedestrian struck,6,0,0,0,0,0,0,0,0,0,0
2017,Aragon,Other roads,Overturn,4,1,1,0,0,0,0,0,0,0,1
2017,Aragon,Other roads,Fall (rider or occupant),27,0,0,0,0,0,0,0,0,0,0
2017,Aragon,Other roads,Run-off road,54,1,1,0,0,0,0,1,0,0,0
2017,Aragon,Other roads,Other crash type,1,0,0,0,0,0,0,0,0,0,0
2017,Asturias,Urban streets,Head-on collision,35,0,0,0,0,0,0,0,0,0,0
2017,Asturias,Urban streets,Head-on/side collision,266,0,0,0,0,0,0,0,0,0,0
2017,Asturias,Urban streets,Side collision,93,0,0,0,0,0,0,0,0,0,0
2017,Asturias,Urban streets,Rear-end collision,243,0,0,0,0,0,0,0,0,0,0
2017,Asturias,Urban streets,Multiple or chain collision,23,0,0,0,0,0,0,0,0,0,0
2017,Asturias,Urban streets,Collision with obstacle or road element,14,0,0,0,0,0,0,0,0,0,0
2017,Asturias,Urban streets,Pedestrian struck,338,5,5,5,0,0,0,0,0,0,0
2017,Asturias,Urban streets,Animal struck,3,0,0,0,0,0,0,0,0,0,0
2017,Asturias,Urban streets,Overturn,5,0,0,0,0,0,0,0,0,0,0
2017,Asturias,Urban streets,Fall (rider or occupant),102,0,0,0,0,0,0,0,0,0,0
2017,Asturias,Urban streets,Run-off road,55,0,0,0,0,0,0,0,0,0,0
2017,Asturias,Urban streets,Other crash type,42,0,0,0,0,0,0,0,0,0,0
2017,Asturias,Conventional roads,Head-on collision,74,4,4,0,0,0,1,3,0,0,0
2017,Asturias,Conventional roads,Head-on/side collision,115,3,3,0,0,0,2,1,0,0,0
2017,Asturias,Conventional roads,Side collision,41,1,1,0,0,0,1,0,0,0,0
2017,Asturias,Conventional roads,Rear-end collision,93,1,1,0,1,0,0,0,0,0,0
2017,Asturias,Conventional roads,Multiple or chain collision,17,0,0,0,0,0,0,0,0,0,0
2017,Asturias,Conventional roads,Collision with obstacle or road element,6,0,0,0,0,0,0,0,0,0,0
2017,Asturias,Conventional roads,Pedestrian struck,25,3,3,3,0,0,0,0,0,0,0
2017,Asturias,Conventional roads,Animal struck,15,0,0,0,0,0,0,0,0,0,0
2017,Asturias,Conventional roads,Overturn,24,2,2,0,0,0,2,0,0,0,0
2017,Asturias,Conventional roads,Fall (rider or occupant),58,1,1,0,0,1,0,0,0,0,0
2017,Asturias,Conventional roads,Run-off road,252,6,6,0,1,0,2,2,0,1,0
2017,Asturias,Conventional roads,Other crash type,9,1,1,0,0,0,0,1,0,0,0
2017,Asturias,Dual carriageways,Head-on collision,1,0,0,0,0,0,0,0,0,0,0
2017,Asturias,Dual carriageways,Head-on/side collision,18,0,0,0,0,0,0,0,0,0,0
2017,Asturias,Dual carriageways,Side collision,15,0,0,0,0,0,0,0,0,0,0
2017,Asturias,Dual carriageways,Rear-end collision,76,0,0,0,0,0,0,0,0,0,0
2017,Asturias,Dual carriageways,Multiple or chain collision,25,0,0,0,0,0,0,0,0,0,0
2017,Asturias,Dual carriageways,Collision with obstacle or road element,8,0,0,0,0,0,0,0,0,0,0
2017,Asturias,Dual carriageways,Pedestrian struck,3,0,0,0,0,0,0,0,0,0,0
2017,Asturias,Dual carriageways,Animal struck,6,0,0,0,0,0,0,0,0,0,0
2017,Asturias,Dual carriageways,Overturn,5,0,0,0,0,0,0,0,0,0,0
2017,Asturias,Dual carriageways,Fall (rider or occupant),7,0,0,0,0,0,0,0,0,0,0
2017,Asturias,Dual carriageways,Run-off road,89,2,2,0,0,0,2,0,0,0,0
2017,Asturias,Dual carriageways,Other crash type,6,0,0,0,0,0,0,0,0,0,0
2017,Asturias,Motorways,Side collision,1,0,0,0,0,0,0,0,0,0,0
2017,Asturias,Motorways,Rear-end collision,1,0,0,0,0,0,0,0,0,0,0
2017,Asturias,Motorways,Multiple or chain collision,1,0,0,0,0,0,0,0,0,0,0
2017,Asturias,Motorways,Run-off road,7,0,0,0,0,0,0,0,0,0,0
2017,Asturias,Other roads,Head-on collision,8,0,0,0,0,0,0,0,0,0,0
2017,Asturias,Other roads,Head-on/side collision,13,0,0,0,0,0,0,0,0,0,0
2017,Asturias,Other roads,Side collision,4,0,0,0,0,0,0,0,0,0,0
2017,Asturias,Other roads,Rear-end collision,10,0,0,0,0,0,0,0,0,0,0
2017,Asturias,Other roads,Collision with obstacle or road element,7,0,0,0,0,0,0,0,0,0,0
2017,Asturias,Other roads,Pedestrian struck,7,1,1,1,0,0,0,0,0,0,0
2017,Asturias,Other roads,Overturn,4,0,0,0,0,0,0,0,0,0,0
2017,Asturias,Other roads,Fall (rider or occupant),6,0,0,0,0,0,0,0,0,0,0
2017,Asturias,Other roads,Run-off road,32,5,6,0,0,0,0,4,1,0,1
2017,Asturias,Other roads,Other crash type,4,1,1,0,0,0,0,0,0,0,1
2017,Balearic Islands,Urban streets,Head-on collision,66,1,1,0,0,0,0,0,1,0,0
2017,Balearic Islands,Urban streets,Head-on/side collision,653,2,2,0,0,1,0,1,0,0,0
2017,Balearic Islands,Urban streets,Side collision,240,2,2,0,0,0,2,0,0,0,0
2017,Balearic Islands,Urban streets,Rear-end collision,394,1,1,0,1,0,0,0,0,0,0
2017,Balearic Islands,Urban streets,Multiple or chain collision,21,0,0,0,0,0,0,0,0,0,0
2017,Balearic Islands,Urban streets,Collision with obstacle or road element,60,2,2,0,0,1,0,1,0,0,0
2017,Balearic Islands,Urban streets,Pedestrian struck,337,5,5,4,0,0,0,0,0,1,0
2017,Balearic Islands,Urban streets,Animal struck,1,0,0,0,0,0,0,0,0,0,0
2017,Balearic Islands,Urban streets,Overturn,7,0,0,0,0,0,0,0,0,0,0
2017,Balearic Islands,Urban streets,Fall (rider or occupant),219,0,0,0,0,0,0,0,0,0,0
2017,Balearic Islands,Urban streets,Run-off road,82,2,2,0,0,0,1,1,0,0,0
2017,Balearic Islands,Urban streets,Other crash type,67,0,0,0,0,0,0,0,0,0,0
2017,Balearic Islands,Conventional roads,Head-on collision,54,5,5,0,0,0,4,1,0,0,0
2017,Balearic Islands,Conventional roads,Head-on/side collision,244,10,12,0,0,1,4,4,2,1,0
2017,Balearic Islands,Conventional roads,Side collision,64,0,0,0,0,0,0,0,0,0,0
2017,Balearic Islands,Conventional roads,Rear-end collision,177,4,4,0,0,0,3,0,0,0,1
2017,Balearic Islands,Conventional roads,Multiple or chain collision,24,1,3,0,0,0,0,3,0,0,0
2017,Balearic Islands,Conventional roads,Collision with obstacle or road element,8,0,0,0,0,0,0,0,0,0,0
2017,Balearic Islands,Conventional roads,Pedestrian struck,30,6,6,5,1,0,0,0,0,0,0
2017,Balearic Islands,Conventional roads,Animal struck,3,0,0,0,0,0,0,0,0,0,0
2017,Balearic Islands,Conventional roads,Overturn,1,0,0,0,0,0,0,0,0,0,0
2017,Balearic Islands,Conventional roads,Fall (rider or occupant),32,0,0,0,0,0,0,0,0,0,0
2017,Balearic Islands,Conventional roads,Run-off road,264,5,5,0,0,0,1,4,0,0,0
2017,Balearic Islands,Conventional roads,Other crash type,13,0,0,0,0,0,0,0,0,0,0
2017,Balearic Islands,Dual carriageways,Head-on collision,2,0,0,0,0,0,0,0,0,0,0
2017,Balearic Islands,Dual carriageways,Head-on/side collision,36,0,0,0,0,0,0,0,0,0,0
2017,Balearic Islands,Dual carriageways,Side collision,18,0,0,0,0,0,0,0,0,0,0
2017,Balearic Islands,Dual carriageways,Rear-end collision,93,0,0,0,0,0,0,0,0,0,0
2017,Balearic Islands,Dual carriageways,Multiple or chain collision,35,1,1,0,0,0,0,1,0,0,0
2017,Balearic Islands,Dual carriageways,Collision with obstacle or road element,1,0,0,0,0,0,0,0,0,0,0
2017,Balearic Islands,Dual carriageways,Pedestrian struck,9,2,2,2,0,0,0,0,0,0,0
2017,Balearic Islands,Dual carriageways,Fall (rider or occupant),11,0,0,0,0,0,0,0,0,0,0
2017,Balearic Islands,Dual carriageways,Run-off road,49,0,0,0,0,0,0,0,0,0,0
2017,Balearic Islands,Dual carriageways,Other crash type,4,0,0,0,0,0,0,0,0,0,0
2017,Balearic Islands,Motorways,Head-on/side collision,10,0,0,0,0,0,0,0,0,0,0
2017,Balearic Islands,Motorways,Side collision,21,0,0,0,0,0,0,0,0,0,0
2017,Balearic Islands,Motorways,Rear-end collision,103,1,1,0,0,0,0,1,0,0,0
2017,Balearic Islands,Motorways,Multiple or chain collision,70,0,0,0,0,0,0,0,0,0,0
2017,Balearic Islands,Motorways,Collision with obstacle or road element,2,0,0,0,0,0,0,0,0,0,0
2017,Balearic Islands,Motorways,Pedestrian struck,3,2,2,2,0,0,0,0,0,0,0
2017,Balearic Islands,Motorways,Fall (rider or occupant),6,1,1,0,0,0,1,0,0,0,0
2017,Balearic Islands,Motorways,Run-off road,48,1,1,0,0,0,0,1,0,0,0
2017,Balearic Islands,Other roads,Head-on collision,27,3,4,0,0,0,2,2,0,0,0
2017,Balearic Islands,Other roads,Head-on/side collision,42,2,2,0,0,0,2,0,0,0,0
2017,Balearic Islands,Other roads,Side collision,11,0,0,0,0,0,0,0,0,0,0
2017,Balearic Islands,Other roads,Rear-end collision,30,0,0,0,0,0,0,0,0,0,0
2017,Balearic Islands,Other roads,Collision with obstacle or road element,6,0,0,0,0,0,0,0,0,0,0
2017,Balearic Islands,Other roads,Pedestrian struck,15,2,2,1,0,0,1,0,0,0,0
2017,Balearic Islands,Other roads,Overturn,2,0,0,0,0,0,0,0,0,0,0
2017,Balearic Islands,Other roads,Fall (rider or occupant),26,0,0,0,0,0,0,0,0,0,0
2017,Balearic Islands,Other roads,Run-off road,36,2,2,0,0,0,1,1,0,0,0
2017,Balearic Islands,Other roads,Other crash type,6,0,0,0,0,0,0,0,0,0,0
2017,Canary Islands,Urban streets,Head-on collision,49,0,0,0,0,0,0,0,0,0,0
2017,Canary Islands,Urban streets,Head-on/side collision,353,2,2,0,0,0,2,0,0,0,0
2017,Canary Islands,Urban streets,Side collision,111,0,0,0,0,0,0,0,0,0,0
2017,Canary Islands,Urban streets,Rear-end collision,268,0,0,0,0,0,0,0,0,0,0
2017,Canary Islands,Urban streets,Multiple or chain collision,38,1,1,0,0,0,0,1,0,0,0
2017,Canary Islands,Urban streets,Collision with obstacle or road element,28,1,1,0,0,0,0,1,0,0,0
2017,Canary Islands,Urban streets,Pedestrian struck,356,3,3,3,0,0,0,0,0,0,0
2017,Canary Islands,Urban streets,Animal struck,4,0,0,0,0,0,0,0,0,0,0
2017,Canary Islands,Urban streets,Overturn,14,0,0,0,0,0,0,0,0,0,0
2017,Canary Islands,Urban streets,Fall (rider or occupant),99,0,0,0,0,0,0,0,0,0,0
2017,Canary Islands,Urban streets,Run-off road,124,3,3,0,0,1,1,1,0,0,0
2017,Canary Islands,Urban streets,Other crash type,35,1,1,0,0,0,0,1,0,0,0
2017,Canary Islands,Conventional roads,Head-on collision,81,6,6,0,0,0,2,4,0,0,0
2017,Canary Islands,Conventional roads,Head-on/side collision,221,8,8,0,0,0,4,3,1,0,0
2017,Canary Islands,Conventional roads,Side collision,78,0,0,0,0,0,0,0,0,0,0
2017,Canary Islands,Conventional roads,Rear-end collision,217,0,0,0,0,0,0,0,0,0,0
2017,Canary Islands,Conventional roads,Multiple or chain collision,68,0,0,0,0,0,0,0,0,0,0
2017,Canary Islands,Conventional roads,Collision with obstacle or road element,6,0,0,0,0,0,0,0,0,0,0
2017,Canary Islands,Conventional roads,Pedestrian struck,44,4,4,4,0,0,0,0,0,0,0
2017,Canary Islands,Conventional roads,Animal struck,7,0,0,0,0,0,0,0,0,0,0
2017,Canary Islands,Conventional roads,Overturn,7,1,1,0,1,0,0,0,0,0,0
2017,Canary Islands,Conventional roads,Fall (rider or occupant),67,1,1,0,0,0,1,0,0,0,0
2017,Canary Islands,Conventional roads,Run-off road,321,12,14,0,0,0,6,5,2,0,1
2017,Canary Islands,Conventional roads,Other crash type,27,1,1,0,0,0,0,1,0,0,0
2017,Canary Islands,Dual carriageways,Head-on collision,4,0,0,0,0,0,0,0,0,0,0
2017,Canary Islands,Dual carriageways,Head-on/side collision,13,0,0,0,0,0,0,0,0,0,0
2017,Canary Islands,Dual carriageways,Side collision,23,0,0,0,0,0,0,0,0,0,0
2017,Canary Islands,Dual carriageways,Rear-end collision,91,0,0,0,0,0,0,0,0,0,0
2017,Canary Islands,Dual carriageways,Multiple or chain collision,60,1,1,0,0,0,0,1,0,0,0
2017,Canary Islands,Dual carriageways,Collision with obstacle or road element,4,0,0,0,0,0,0,0,0,0,0
2017,Canary Islands,Dual carriageways,Pedestrian struck,7,3,3,3,0,0,0,0,0,0,0
2017,Canary Islands,Dual carriageways,Overturn,1,0,0,0,0,0,0,0,0,0,0
2017,Canary Islands,Dual carriageways,Fall (rider or occupant),18,2,2,0,0,0,2,0,0,0,0
2017,Canary Islands,Dual carriageways,Run-off road,61,2,2,0,0,0,1,1,0,0,0
2017,Canary Islands,Dual carriageways,Other crash type,3,0,0,0,0,0,0,0,0,0,0
2017,Canary Islands,Motorways,Head-on collision,6,1,2,0,0,0,0,1,1,0,0
2017,Canary Islands,Motorways,Head-on/side collision,18,0,0,0,0,0,0,0,0,0,0
2017,Canary Islands,Motorways,Side collision,45,0,0,0,0,0,0,0,0,0,0
2017,Canary Islands,Motorways,Rear-end collision,171,0,0,0,0,0,0,0,0,0,0
2017,Canary Islands,Motorways,Multiple or chain collision,100,1,1,0,0,0,1,0,0,0,0
2017,Canary Islands,Motorways,Collision with obstacle or road element,8,1,1,0,0,0,0,1,0,0,0
2017,Canary Islands,Motorways,Pedestrian struck,6,0,0,0,0,0,0,0,0,0,0
2017,Canary Islands,Motorways,Animal struck,1,0,0,0,0,0,0,0,0,0,0
2017,Canary Islands,Motorways,Fall (rider or occupant),9,1,1,0,0,0,1,0,0,0,0
2017,Canary Islands,Motorways,Run-off road,129,3,4,0,0,0,1,1,2,0,0
2017,Canary Islands,Motorways,Other crash type,5,0,0,0,0,0,0,0,0,0,0
2017,Canary Islands,Other roads,Head-on collision,8,0,0,0,0,0,0,0,0,0,0
2017,Canary Islands,Other roads,Head-on/side collision,18,0,0,0,0,0,0,0,0,0,0
2017,Canary Islands,Other roads,Side collision,8,1,1,0,0,0,1,0,0,0,0
2017,Canary Islands,Other roads,Rear-end collision,20,0,0,0,0,0,0,0,0,0,0
2017,Canary Islands,Other roads,Multiple or chain collision,6,0,0,0,0,0,0,0,0,0,0
2017,Canary Islands,Other roads,Collision with obstacle or road element,3,0,0,0,0,0,0,0,0,0,0
2017,Canary Islands,Other roads,Pedestrian struck,21,1,1,1,0,0,0,0,0,0,0
2017,Canary Islands,Other roads,Overturn,3,0,0,0,0,0,0,0,0,0,0
2017,Canary Islands,Other roads,Fall (rider or occupant),6,0,0,0,0,0,0,0,0,0,0
2017,Canary Islands,Other roads,Run-off road,16,1,2,0,0,0,0,2,0,0,0
2017,Canary Islands,Other roads,Other crash type,3,0,0,0,0,0,0,0,0,0,0
2017,Cantabria,Urban streets,Head-on collision,5,0,0,0,0,0,0,0,0,0,0
2017,Cantabria,Urban streets,Head-on/side collision,16,0,0,0,0,0,0,0,0,0,0
2017,Cantabria,Urban streets,Side collision,7,0,0,0,0,0,0,0,0,0,0
2017,Cantabria,Urban streets,Rear-end collision,14,0,0,0,0,0,0,0,0,0,0
2017,Cantabria,Urban streets,Multiple or chain collision,1,0,0,0,0,0,0,0,0,0,0
2017,Cantabria,Urban streets,Collision with obstacle or road element,2,0,0,0,0,0,0,0,0,0,0
2017,Cantabria,Urban streets,Pedestrian struck,35,3,3,3,0,0,0,0,0,0,0
2017,Cantabria,Urban streets,Fall (rider or occupant),5,0,0,0,0,0,0,0,0,0,0
2017,Cantabria,Urban streets,Run-off road,8,1,1,0,0,0,0,1,0,0,0
2017,Cantabria,Urban streets,Other crash type,2,0,0,0,0,0,0,0,0,0,0
2017,Cantabria,Conventional roads,Head-on collision,24,0,0,0,0,0,0,0,0,0,0
2017,Cantabria,Conventional roads,Head-on/side collision,79,0,0,0,0,0,0,0,0,0,0
2017,Cantabria,Conventional roads,Side collision,26,1,1,0,0,0,1,0,0,0,0
2017,Cantabria,Conventional roads,Rear-end collision,51,0,0,0,0,0,0,0,0,0,0
2017,Cantabria,Conventional roads,Multiple or chain collision,15,0,0,0,0,0,0,0,0,0,0
2017,Cantabria,Conventional roads,Pedestrian struck,20,1,1,1,0,0,0,0,0,0,0
2017,Cantabria,Conventional roads,Animal struck,8,0,0,0,0,0,0,0,0,0,0
2017,Cantabria,Conventional roads,Overturn,2,0,0,0,0,0,0,0,0,0,0
2017,Cantabria,Conventional roads,Fall (rider or occupant),21,1,1,0,1,0,0,0,0,0,0
2017,Cantabria,Conventional roads,Run-off road,96,3,3,0,1,0,0,2,0,0,0
2017,Cantabria,Conventional roads,Other crash type,3,0,0,0,0,0,0,0,0,0,0
2017,Cantabria,Dual carriageways,Head-on/side collision,8,0,0,0,0,0,0,0,0,0,0
2017,Cantabria,Dual carriageways,Side collision,13,0,0,0,0,0,0,0,0,0,0
2017,Cantabria,Dual carriageways,Rear-end collision,72,0,0,0,0,0,0,0,0,0,0
2017,Cantabria,Dual carriageways,Multiple or chain collision,34,0,0,0,0,0,0,0,0,0,0
2017,Cantabria,Dual carriageways,Collision with obstacle or road element,1,1,2,2,0,0,0,0,0,0,0
2017,Cantabria,Dual carriageways,Pedestrian struck,4,2,2,2,0,0,0,0,0,0,0
2017,Cantabria,Dual carriageways,Animal struck,2,0,0,0,0,0,0,0,0,0,0
2017,Cantabria,Dual carriageways,Overturn,3,0,0,0,0,0,0,0,0,0,0
2017,Cantabria,Dual carriageways,Fall (rider or occupant),4,1,1,0,0,0,1,0,0,0,0
2017,Cantabria,Dual carriageways,Run-off road,107,4,5,0,0,0,0,4,0,1,0
2017,Cantabria,Dual carriageways,Other crash type,4,0,0,0,0,0,0,0,0,0,0
2017,Cantabria,Motorways,Run-off road,1,0,0,0,0,0,0,0,0,0,0
2017,Cantabria,Other roads,Head-on collision,3,1,1,0,0,0,0,0,0,0,1
2017,Cantabria,Other roads,Head-on/side collision,4,1,1,0,0,0,0,1,0,0,0
2017,Cantabria,Other roads,Side collision,1,0,0,0,0,0,0,0,0,0,0
2017,Cantabria,Other roads,Pedestrian struck,1,0,0,0,0,0,0,0,0,0,0
2017,Cantabria,Other roads,Animal struck,1,0,0,0,0,0,0,0,0,0,0
2017,Cantabria,Other roads,Overturn,1,0,0,0,0,0,0,0,0,0,0
2017,Cantabria,Other roads,Fall (rider or occupant),3,0,0,0,0,0,0,0,0,0,0
2017,Cantabria,Other roads,Run-off road,7,0,0,0,0,0,0,0,0,0,0
2017,Castile and León,Urban streets,Head-on collision,32,1,1,0,0,0,0,1,0,0,0
2017,Castile and León,Urban streets,Head-on/side collision,447,4,4,0,1,0,1,2,0,0,0
2017,Castile and León,Urban streets,Side collision,119,0,0,0,0,0,0,0,0,0,0
2017,Castile and León,Urban streets,Rear-end collision,317,2,2,0,0,0,2,0,0,0,0
2017,Castile and León,Urban streets,Multiple or chain collision,44,0,0,0,0,0,0,0,0,0,0
2017,Castile and León,Urban streets,Collision with obstacle or road element,17,0,0,0,0,0,0,0,0,0,0
2017,Castile and León,Urban streets,Pedestrian struck,648,10,10,10,0,0,0,0,0,0,0
2017,Castile and León,Urban streets,Animal struck,2,0,0,0,0,0,0,0,0,0,0
2017,Castile and León,Urban streets,Overturn,14,1,1,0,0,0,0,0,0,0,1
2017,Castile and León,Urban streets,Fall (rider or occupant),139,0,0,0,0,0,0,0,0,0,0
2017,Castile and León,Urban streets,Run-off road,117,4,4,0,0,0,2,1,0,0,1
2017,Castile and León,Urban streets,Other crash type,81,1,1,0,0,0,0,0,1,0,0
2017,Castile and León,Conventional roads,Head-on collision,72,17,21,0,1,0,2,15,2,1,0
2017,Castile and León,Conventional roads,Head-on/side collision,261,19,26,0,0,0,3,20,3,0,0
2017,Castile and León,Conventional roads,Side collision,61,2,2,0,0,0,0,1,0,1,0
2017,Castile and León,Conventional roads,Rear-end collision,132,2,2,0,1,0,0,0,0,1,0
2017,Castile and León,Conventional roads,Multiple or chain collision,19,0,0,0,0,0,0,0,0,0,0
2017,Castile and León,Conventional roads,Collision with obstacle or road element,12,0,0,0,0,0,0,0,0,0,0
2017,Castile and León,Conventional roads,Pedestrian struck,46,2,2,2,0,0,0,0,0,0,0
2017,Castile and León,Conventional roads,Animal struck,62,0,0,0,0,0,0,0,0,0,0
2017,Castile and León,Conventional roads,Overturn,13,0,0,0,0,0,0,0,0,0,0
2017,Castile and León,Conventional roads,Fall (rider or occupant),62,0,0,0,0,0,0,0,0,0,0
2017,Castile and León,Conventional roads,Run-off road,854,37,39,1,0,0,7,27,1,1,2
2017,Castile and León,Conventional roads,Other crash type,19,3,3,0,2,0,0,1,0,0,0
2017,Castile and León,Dual carriageways,Head-on collision,5,3,3,0,0,0,0,3,0,0,0
2017,Castile and León,Dual carriageways,Head-on/side collision,16,1,1,0,0,0,0,1,0,0,0
2017,Castile and León,Dual carriageways,Side collision,32,1,1,0,0,0,0,1,0,0,0
2017,Castile and León,Dual carriageways,Rear-end collision,141,6,6,0,0,0,2,1,2,1,0
2017,Castile and León,Dual carriageways,Multiple or chain collision,19,1,2,0,0,0,0,0,2,0,0
2017,Castile and León,Dual carriageways,Collision with obstacle or road element,11,1,1,1,0,0,0,0,0,0,0
2017,Castile and León,Dual carriageways,Pedestrian struck,7,3,3,3,0,0,0,0,0,0,0
2017,Castile and León,Dual carriageways,Animal struck,15,0,0,0,0,0,0,0,0,0,0
2017,Castile and León,Dual carriageways,Overturn,4,0,0,0,0,0,0,0,0,0,0
2017,Castile and León,Dual carriageways,Fall (rider or occupant),8,0,0,0,0,0,0,0,0,0,0
2017,Castile and León,Dual carriageways,Run-off road,257,13,14,1,0,0,0,10,0,3,0
2017,Castile and León,Dual carriageways,Other crash type,13,2,2,1,0,0,0,0,0,1,0
2017,Castile and León,Motorways,Head-on/side collision,2,0,0,0,0,0,0,0,0,0,0
2017,Castile and León,Motorways,Side collision,2,0,0,0,0,0,0,0,0,0,0
2017,Castile and León,Motorways,Rear-end collision,9,0,0,0,0,0,0,0,0,0,0
2017,Castile and León,Motorways,Multiple or chain collision,2,0,0,0,0,0,0,0,0,0,0
2017,Castile and León,Motorways,Collision with obstacle or road element,1,1,1,0,0,0,0,1,0,0,0
2017,Castile and León,Motorways,Run-off road,28,2,2,0,0,0,0,1,0,1,0
2017,Castile and León,Other roads,Head-on collision,5,0,0,0,0,0,0,0,0,0,0
2017,Castile and León,Other roads,Head-on/side collision,25,1,2,0,0,0,0,0,2,0,0
2017,Castile and León,Other roads,Side collision,10,0,0,0,0,0,0,0,0,0,0
2017,Castile and León,Other roads,Rear-end collision,21,0,0,0,0,0,0,0,0,0,0
2017,Castile and León,Other roads,Multiple or chain collision,3,0,0,0,0,0,0,0,0,0,0
2017,Castile and León,Other roads,Collision with obstacle or road element,8,0,0,0,0,0,0,0,0,0,0
2017,Castile and León,Other roads,Pedestrian struck,15,0,0,0,0,0,0,0,0,0,0
2017,Castile and León,Other roads,Animal struck,2,0,0,0,0,0,0,0,0,0,0
2017,Castile and León,Other roads,Overturn,1,1,1,0,0,0,0,0,0,0,1
2017,Castile and León,Other roads,Fall (rider or occupant),18,2,2,0,1,1,0,0,0,0,0
2017,Castile and León,Other roads,Run-off road,68,4,5,0,0,0,1,3,0,0,1
2017,Castile and León,Other roads,Other crash type,7,0,0,0,0,0,0,0,0,0,0
2017,Castile-La Mancha,Urban streets,Head-on collision,24,1,1,0,0,0,0,1,0,0,0
2017,Castile-La Mancha,Urban streets,Head-on/side collision,312,2,3,0,0,3,0,0,0,0,0
2017,Castile-La Mancha,Urban streets,Side collision,93,0,0,0,0,0,0,0,0,0,0
2017,Castile-La Mancha,Urban streets,Rear-end collision,119,0,0,0,0,0,0,0,0,0,0
2017,Castile-La Mancha,Urban streets,Multiple or chain collision,20,0,0,0,0,0,0,0,0,0,0
2017,Castile-La Mancha,Urban streets,Collision with obstacle or road element,23,0,0,0,0,0,0,0,0,0,0
2017,Castile-La Mancha,Urban streets,Pedestrian struck,293,7,7,7,0,0,0,0,0,0,0
2017,Castile-La Mancha,Urban streets,Overturn,8,0,0,0,0,0,0,0,0,0,0
2017,Castile-La Mancha,Urban streets,Fall (rider or occupant),93,0,0,0,0,0,0,0,0,0,0
2017,Castile-La Mancha,Urban streets,Run-off road,69,0,0,0,0,0,0,0,0,0,0
2017,Castile-La Mancha,Urban streets,Other crash type,35,0,0,0,0,0,0,0,0,0,0
2017,Castile-La Mancha,Conventional roads,Head-on collision,51,15,20,0,0,0,0,14,4,1,1
2017,Castile-La Mancha,Conventional roads,Head-on/side collision,113,6,8,0,0,1,1,6,0,0,0
2017,Castile-La Mancha,Conventional roads,Side collision,30,1,1,0,0,0,0,0,1,0,0
2017,Castile-La Mancha,Conventional roads,Rear-end collision,76,0,0,0,0,0,0,0,0,0,0
2017,Castile-La Mancha,Conventional roads,Multiple or chain collision,13,0,0,0,0,0,0,0,0,0,0
2017,Castile-La Mancha,Conventional roads,Collision with obstacle or road element,3,0,0,0,0,0,0,0,0,0,0
2017,Castile-La Mancha,Conventional roads,Pedestrian struck,12,3,3,2,1,0,0,0,0,0,0
2017,Castile-La Mancha,Conventional roads,Animal struck,16,1,1,0,0,0,1,0,0,0,0
2017,Castile-La Mancha,Conventional roads,Overturn,17,0,0,0,0,0,0,0,0,0,0
2017,Castile-La Mancha,Conventional roads,Fall (rider or occupant),34,2,2,0,1,0,1,0,0,0,0
2017,Castile-La Mancha,Conventional roads,Run-off road,504,35,39,0,0,0,6,26,3,4,0
2017,Castile-La Mancha,Conventional roads,Other crash type,9,1,1,0,1,0,0,0,0,0,0
2017,Castile-La Mancha,Dual carriageways,Head-on collision,5,1,1,0,0,0,0,1,0,0,0
2017,Castile-La Mancha,Dual carriageways,Head-on/side collision,15,0,0,0,0,0,0,0,0,0,0
2017,Castile-La Mancha,Dual carriageways,Side collision,28,2,4,0,0,0,1,3,0,0,0
2017,Castile-La Mancha,Dual carriageways,Rear-end collision,165,4,4,0,0,0,0,3,0,1,0
2017,Castile-La Mancha,Dual carriageways,Multiple or chain collision,44,0,0,0,0,0,0,0,0,0,0
2017,Castile-La Mancha,Dual carriageways,Collision with obstacle or road element,15,1,2,0,0,0,0,2,0,0,0
2017,Castile-La Mancha,Dual carriageways,Pedestrian struck,12,5,5,5,0,0,0,0,0,0,0
2017,Castile-La Mancha,Dual carriageways,Animal struck,1,0,0,0,0,0,0,0,0,0,0
2017,Castile-La Mancha,Dual carriageways,Overturn,5,0,0,0,0,0,0,0,0,0,0
2017,Castile-La Mancha,Dual carriageways,Fall (rider or occupant),9,1,1,0,0,0,1,0,0,0,0
2017,Castile-La Mancha,Dual carriageways,Run-off road,198,12,12,0,0,0,0,8,1,3,0
2017,Castile-La Mancha,Dual carriageways,Other crash type,6,0,0,0,0,0,0,0,0,0,0
2017,Castile-La Mancha,Motorways,Rear-end collision,3,0,0,0,0,0,0,0,0,0,0
2017,Castile-La Mancha,Motorways,Run-off road,7,1,1,0,0,0,0,1,0,0,0
2017,Castile-La Mancha,Other roads,Head-on collision,8,1,1,0,0,0,0,1,0,0,0
2017,Castile-La Mancha,Other roads,Head-on/side collision,28,3,5,0,0,0,0,2,2,1,0
2017,Castile-La Mancha,Other roads,Side collision,5,0,0,0,0,0,0,0,0,0,0
2017,Castile-La Mancha,Other roads,Rear-end collision,6,0,0,0,0,0,0,0,0,0,0
2017,Castile-La Mancha,Other roads,Collision with obstacle or road element,2,0,0,0,0,0,0,0,0,0,0
2017,Castile-La Mancha,Other roads,Pedestrian struck,11,0,0,0,0,0,0,0,0,0,0
2017,Castile-La Mancha,Other roads,Overturn,4,0,0,0,0,0,0,0,0,0,0
2017,Castile-La Mancha,Other roads,Fall (rider or occupant),19,0,0,0,0,0,0,0,0,0,0
2017,Castile-La Mancha,Other roads,Run-off road,82,7,7,0,1,0,1,2,1,1,1
2017,Castile-La Mancha,Other roads,Other crash type,4,0,0,0,0,0,0,0,0,0,0
2017,Catalonia,Urban streets,Head-on collision,314,1,5,0,0,0,0,5,0,0,0
2017,Catalonia,Urban streets,Head-on/side collision,3925,10,10,0,1,1,5,1,0,0,2
2017,Catalonia,Urban streets,Side collision,2912,4,4,0,1,0,3,0,0,0,0
2017,Catalonia,Urban streets,Rear-end collision,1970,1,1,0,0,0,0,1,0,0,0
2017,Catalonia,Urban streets,Collision with obstacle or road element,546,7,7,0,0,0,2,3,1,0,1
2017,Catalonia,Urban streets,Pedestrian struck,2966,34,34,32,1,0,0,1,0,0,0
2017,Catalonia,Urban streets,Overturn,1762,1,1,0,0,0,1,0,0,0,0
2017,Catalonia,Urban streets,Run-off road,585,6,6,0,0,0,3,3,0,0,0
2017,Catalonia,Urban streets,Other crash type,2100,8,8,2,0,0,4,2,0,0,0
2017,Catalonia,Dual carriageways,Head-on collision,448,52,64,0,1,0,14,43,6,0,0
2017,Catalonia,Dual carriageways,Head-on/side collision,928,20,22,0,8,1,3,9,0,0,1
2017,Catalonia,Dual carriageways,Side collision,864,5,7,0,1,0,2,2,0,2,0
2017,Catalonia,Dual carriageways,Rear-end collision,2008,15,16,0,3,1,5,2,5,0,0
2017,Catalonia,Dual carriageways,Collision with obstacle or road element,278,4,4,0,0,0,3,1,0,0,0
2017,Catalonia,Dual carriageways,Pedestrian struck,204,9,9,9,0,0,0,0,0,0,0
2017,Catalonia,Dual carriageways,Overturn,756,6,6,1,1,0,4,0,0,0,0
2017,Catalonia,Dual carriageways,Run-off road,2154,39,44,0,0,0,4,32,2,2,4
2017,Catalonia,Dual carriageways,Other crash type,581,8,9,0,0,0,3,5,0,1,0
2017,Catalonia,Motorways,Head-on collision,6,0,0,0,0,0,0,0,0,0,0
2017,Catalonia,Motorways,Head-on/side collision,61,0,0,0,0,0,0,0,0,0,0
2017,Catalonia,Motorways,Side collision,297,1,1,0,0,0,0,0,0,1,0
2017,Catalonia,Motorways,Rear-end collision,711,13,15,0,0,0,7,6,1,1,0
2017,Catalonia,Motorways,Collision with obstacle or road element,60,1,1,0,0,0,0,1,0,0,0
2017,Catalonia,Motorways,Pedestrian struck,3,2,2,2,0,0,0,0,0,0,0
2017,Catalonia,Motorways,Overturn,121,1,1,0,0,0,1,0,0,0,0
2017,Catalonia,Motorways,Run-off road,256,2,2,0,0,0,2,0,0,0,0
2017,Catalonia,Motorways,Other crash type,228,3,4,0,0,0,2,2,0,0,0
2017,Catalonia,Other roads,Head-on collision,3,0,0,0,0,0,0,0,0,0,0
2017,Catalonia,Other roads,Head-on/side collision,2,0,0,0,0,0,0,0,0,0,0
2017,Catalonia,Other roads,Rear-end collision,1,0,0,0,0,0,0,0,0,0,0
2017,Catalonia,Other roads,Collision with obstacle or road element,1,0,0,0,0,0,0,0,0,0,0
2017,Catalonia,Other roads,Run-off road,1,0,0,0,0,0,0,0,0,0,0
2017,Valencian Community,Urban streets,Head-on collision,78,3,3,0,0,0,2,1,0,0,0
2017,Valencian Community,Urban streets,Head-on/side collision,1169,9,9,0,3,1,4,0,1,0,0
2017,Valencian Community,Urban streets,Side collision,508,1,1,0,1,0,0,0,0,0,0
2017,Valencian Community,Urban streets,Rear-end collision,693,1,1,0,0,0,1,0,0,0,0
2017,Valencian Community,Urban streets,Multiple or chain collision,56,0,0,0,0,0,0,0,0,0,0
2017,Valencian Community,Urban streets,Collision with obstacle or road element,66,2,2,0,0,1,0,1,0,0,0
2017,Valencian Community,Urban streets,Pedestrian struck,923,29,29,29,0,0,0,0,0,0,0
2017,Valencian Community,Urban streets,Animal struck,7,0,0,0,0,0,0,0,0,0,0
2017,Valencian Community,Urban streets,Overturn,13,1,1,0,0,0,0,0,0,0,1
2017,Valencian Community,Urban streets,Fall (rider or occupant),463,2,2,0,0,1,1,0,0,0,0
2017,Valencian Community,Urban streets,Run-off road,162,11,11,1,0,1,6,3,0,0,0
2017,Valencian Community,Urban streets,Other crash type,152,0,0,0,0,0,0,0,0,0,0
2017,Valencian Community,Conventional roads,Head-on collision,117,26,33,0,3,0,5,25,0,0,0
2017,Valencian Community,Conventional roads,Head-on/side collision,333,7,7,0,2,1,1,2,1,0,0
2017,Valencian Community,Conventional roads,Side collision,139,0,0,0,0,0,0,0,0,0,0
2017,Valencian Community,Conventional roads,Rear-end collision,371,1,1,0,1,0,0,0,0,0,0
2017,Valencian Community,Conventional roads,Multiple or chain collision,88,3,3,0,0,0,0,3,0,0,0
2017,Valencian Community,Conventional roads,Collision with obstacle or road element,12,0,0,0,0,0,0,0,0,0,0
2017,Valencian Community,Conventional roads,Pedestrian struck,31,2,2,1,1,0,0,0,0,0,0
2017,Valencian Community,Conventional roads,Animal struck,21,0,0,0,0,0,0,0,0,0,0
2017,Valencian Community,Conventional roads,Overturn,37,0,0,0,0,0,0,0,0,0,0
2017,Valencian Community,Conventional roads,Fall (rider or occupant),123,1,1,0,0,0,1,0,0,0,0
2017,Valencian Community,Conventional roads,Run-off road,602,21,21,1,3,1,5,7,3,1,0
2017,Valencian Community,Conventional roads,Other crash type,18,1,1,0,0,0,0,0,1,0,0
2017,Valencian Community,Dual carriageways,Head-on collision,14,3,3,0,0,0,2,1,0,0,0
2017,Valencian Community,Dual carriageways,Head-on/side collision,82,2,2,0,0,0,0,2,0,0,0
2017,Valencian Community,Dual carriageways,Side collision,128,1,1,0,0,0,0,1,0,0,0
2017,Valencian Community,Dual carriageways,Rear-end collision,447,2,2,0,0,0,1,1,0,0,0
2017,Valencian Community,Dual carriageways,Multiple or chain collision,119,2,2,0,0,0,0,1,0,1,0
2017,Valencian Community,Dual carriageways,Collision with obstacle or road element,19,0,0,0,0,0,0,0,0,0,0
2017,Valencian Community,Dual carriageways,Pedestrian struck,16,3,3,3,0,0,0,0,0,0,0
2017,Valencian Community,Dual carriageways,Animal struck,3,0,0,0,0,0,0,0,0,0,0
2017,Valencian Community,Dual carriageways,Overturn,17,2,2,0,0,0,2,0,0,0,0
2017,Valencian Community,Dual carriageways,Fall (rider or occupant),42,0,0,0,0,0,0,0,0,0,0
2017,Valencian Community,Dual carriageways,Run-off road,305,10,13,0,0,2,1,10,0,0,0
2017,Valencian Community,Dual carriageways,Other crash type,10,1,1,0,0,0,1,0,0,0,0
2017,Valencian Community,Motorways,Head-on/side collision,3,0,0,0,0,0,0,0,0,0,0
2017,Valencian Community,Motorways,Side collision,7,0,0,0,0,0,0,0,0,0,0
2017,Valencian Community,Motorways,Rear-end collision,21,1,1,0,0,0,0,1,0,0,0
2017,Valencian Community,Motorways,Multiple or chain collision,6,0,0,0,0,0,0,0,0,0,0
2017,Valencian Community,Motorways,Collision with obstacle or road element,3,0,0,0,0,0,0,0,0,0,0
2017,Valencian Community,Motorways,Pedestrian struck,2,1,1,1,0,0,0,0,0,0,0
2017,Valencian Community,Motorways,Animal struck,1,0,0,0,0,0,0,0,0,0,0
2017,Valencian Community,Motorways,Overturn,1,0,0,0,0,0,0,0,0,0,0
2017,Valencian Community,Motorways,Fall (rider or occupant),1,0,0,0,0,0,0,0,0,0,0
2017,Valencian Community,Motorways,Run-off road,69,6,6,0,0,0,2,4,0,0,0
2017,Valencian Community,Motorways,Other crash type,2,0,0,0,0,0,0,0,0,0,0
2017,Valencian Community,Other roads,Head-on collision,42,1,1,0,1,0,0,0,0,0,0
2017,Valencian Community,Other roads,Head-on/side collision,116,2,2,0,0,1,1,0,0,0,0
2017,Valencian Community,Other roads,Side collision,41,0,0,0,0,0,0,0,0,0,0
2017,Valencian Community,Other roads,Rear-end collision,55,0,0,0,0,0,0,0,0,0,0
2017,Valencian Community,Other roads,Multiple or chain collision,8,0,0,0,0,0,0,0,0,0,0
2017,Valencian Community,Other roads,Collision with obstacle or road element,13,0,0,0,0,0,0,0,0,0,0
2017,Valencian Community,Other roads,Pedestrian struck,43,1,1,1,0,0,0,0,0,0,0
2017,Valencian Community,Other roads,Animal struck,3,0,0,0,0,0,0,0,0,0,0
2017,Valencian Community,Other roads,Overturn,11,0,0,0,0,0,0,0,0,0,0
2017,Valencian Community,Other roads,Fall (rider or occupant),54,0,0,0,0,0,0,0,0,0,0
2017,Valencian Community,Other roads,Run-off road,145,6,7,0,0,0,1,3,2,0,1
2017,Valencian Community,Other roads,Other crash type,10,0,0,0,0,0,0,0,0,0,0
2017,Extremadura,Urban streets,Head-on collision,22,0,0,0,0,0,0,0,0,0,0
2017,Extremadura,Urban streets,Head-on/side collision,186,1,1,0,0,1,0,0,0,0,0
2017,Extremadura,Urban streets,Side collision,66,0,0,0,0,0,0,0,0,0,0
2017,Extremadura,Urban streets,Rear-end collision,147,0,0,0,0,0,0,0,0,0,0
2017,Extremadura,Urban streets,Multiple or chain collision,9,0,0,0,0,0,0,0,0,0,0
2017,Extremadura,Urban streets,Collision with obstacle or road element,16,1,1,0,0,0,0,1,0,0,0
2017,Extremadura,Urban streets,Pedestrian struck,214,5,5,4,1,0,0,0,0,0,0
2017,Extremadura,Urban streets,Animal struck,1,0,0,0,0,0,0,0,0,0,0
2017,Extremadura,Urban streets,Fall (rider or occupant),76,0,0,0,0,0,0,0,0,0,0
2017,Extremadura,Urban streets,Run-off road,30,1,1,0,0,0,1,0,0,0,0
2017,Extremadura,Urban streets,Other crash type,18,0,0,0,0,0,0,0,0,0,0
2017,Extremadura,Conventional roads,Head-on collision,21,7,11,0,0,0,1,7,2,1,0
2017,Extremadura,Conventional roads,Head-on/side collision,84,2,2,0,0,0,0,2,0,0,0
2017,Extremadura,Conventional roads,Side collision,16,1,1,0,0,0,0,1,0,0,0
2017,Extremadura,Conventional roads,Rear-end collision,65,0,0,0,0,0,0,0,0,0,0
2017,Extremadura,Conventional roads,Multiple or chain collision,9,0,0,0,0,0,0,0,0,0,0
2017,Extremadura,Conventional roads,Collision with obstacle or road element,4,0,0,0,0,0,0,0,0,0,0
2017,Extremadura,Conventional roads,Pedestrian struck,15,3,3,3,0,0,0,0,0,0,0
2017,Extremadura,Conventional roads,Animal struck,22,0,0,0,0,0,0,0,0,0,0
2017,Extremadura,Conventional roads,Fall (rider or occupant),12,0,0,0,0,0,0,0,0,0,0
2017,Extremadura,Conventional roads,Run-off road,256,16,18,0,1,1,0,14,2,0,0
2017,Extremadura,Conventional roads,Other crash type,8,0,0,0,0,0,0,0,0,0,0
2017,Extremadura,Dual carriageways,Head-on/side collision,9,3,4,0,0,0,1,3,0,0,0
2017,Extremadura,Dual carriageways,Side collision,5,0,0,0,0,0,0,0,0,0,0
2017,Extremadura,Dual carriageways,Rear-end collision,27,1,1,0,0,0,0,0,1,0,0
2017,Extremadura,Dual carriageways,Multiple or chain collision,3,1,1,0,0,0,0,1,0,0,0
2017,Extremadura,Dual carriageways,Collision with obstacle or road element,6,0,0,0,0,0,0,0,0,0,0
2017,Extremadura,Dual carriageways,Pedestrian struck,1,1,1,1,0,0,0,0,0,0,0
2017,Extremadura,Dual carriageways,Animal struck,2,0,0,0,0,0,0,0,0,0,0
2017,Extremadura,Dual carriageways,Fall (rider or occupant),1,0,0,0,0,0,0,0,0,0,0
2017,Extremadura,Dual carriageways,Run-off road,53,6,6,2,0,0,1,1,1,1,0
2017,Extremadura,Dual carriageways,Other crash type,1,0,0,0,0,0,0,0,0,0,0
2017,Extremadura,Other roads,Head-on collision,5,0,0,0,0,0,0,0,0,0,0
2017,Extremadura,Other roads,Head-on/side collision,11,0,0,0,0,0,0,0,0,0,0
2017,Extremadura,Other roads,Side collision,5,0,0,0,0,0,0,0,0,0,0
2017,Extremadura,Other roads,Rear-end collision,7,0,0,0,0,0,0,0,0,0,0
2017,Extremadura,Other roads,Multiple or chain collision,1,1,1,0,0,0,0,1,0,0,0
2017,Extremadura,Other roads,Collision with obstacle or road element,5,1,1,0,0,0,0,1,0,0,0
2017,Extremadura,Other roads,Pedestrian struck,12,0,0,0,0,0,0,0,0,0,0
2017,Extremadura,Other roads,Animal struck,2,0,0,0,0,0,0,0,0,0,0
2017,Extremadura,Other roads,Overturn,2,0,0,0,0,0,0,0,0,0,0
2017,Extremadura,Other roads,Fall (rider or occupant),2,0,0,0,0,0,0,0,0,0,0
2017,Extremadura,Other roads,Run-off road,33,4,4,0,0,1,0,2,0,0,1
2017,Extremadura,Other roads,Other crash type,1,0,0,0,0,0,0,0,0,0,0
2017,Galicia,Urban streets,Head-on collision,46,0,0,0,0,0,0,0,0,0,0
2017,Galicia,Urban streets,Head-on/side collision,264,0,0,0,0,0,0,0,0,0,0
2017,Galicia,Urban streets,Side collision,93,0,0,0,0,0,0,0,0,0,0
2017,Galicia,Urban streets,Rear-end collision,251,0,0,0,0,0,0,0,0,0,0
2017,Galicia,Urban streets,Multiple or chain collision,46,0,0,0,0,0,0,0,0,0,0
2017,Galicia,Urban streets,Collision with obstacle or road element,46,1,1,0,0,0,0,1,0,0,0
2017,Galicia,Urban streets,Pedestrian struck,523,16,16,16,0,0,0,0,0,0,0
2017,Galicia,Urban streets,Animal struck,1,0,0,0,0,0,0,0,0,0,0
2017,Galicia,Urban streets,Overturn,6,0,0,0,0,0,0,0,0,0,0
2017,Galicia,Urban streets,Fall (rider or occupant),92,1,1,0,0,0,1,0,0,0,0
2017,Galicia,Urban streets,Run-off road,134,5,5,1,0,0,1,3,0,0,0
2017,Galicia,Urban streets,Other crash type,46,0,0,0,0,0,0,0,0,0,0
2017,Galicia,Conventional roads,Head-on collision,186,13,14,0,0,1,3,9,0,1,0
2017,Galicia,Conventional roads,Head-on/side collision,490,7,8,0,0,0,3,5,0,0,0
2017,Galicia,Conventional roads,Side collision,125,2,2,0,0,1,0,1,0,0,0
2017,Galicia,Conventional roads,Rear-end collision,276,0,0,0,0,0,0,0,0,0,0
2017,Galicia,Conventional roads,Multiple or chain collision,68,1,1,0,1,0,0,0,0,0,0
2017,Galicia,Conventional roads,Collision with obstacle or road element,15,0,0,0,0,0,0,0,0,0,0
2017,Galicia,Conventional roads,Pedestrian struck,154,16,16,16,0,0,0,0,0,0,0
2017,Galicia,Conventional roads,Animal struck,36,1,1,1,0,0,0,0,0,0,0
2017,Galicia,Conventional roads,Overturn,8,0,0,0,0,0,0,0,0,0,0
2017,Galicia,Conventional roads,Fall (rider or occupant),61,0,0,0,0,0,0,0,0,0,0
2017,Galicia,Conventional roads,Run-off road,888,36,39,1,0,0,6,22,5,3,2
2017,Galicia,Conventional roads,Other crash type,44,0,0,0,0,0,0,0,0,0,0
2017,Galicia,Dual carriageways,Head-on collision,4,2,2,0,0,0,0,2,0,0,0
2017,Galicia,Dual carriageways,Head-on/side collision,25,1,1,0,0,0,1,0,0,0,0
2017,Galicia,Dual carriageways,Side collision,19,0,0,0,0,0,0,0,0,0,0
2017,Galicia,Dual carriageways,Rear-end collision,97,2,2,0,0,0,1,0,0,1,0
2017,Galicia,Dual carriageways,Multiple or chain collision,42,0,0,0,0,0,0,0,0,0,0
2017,Galicia,Dual carriageways,Collision with obstacle or road element,6,1,1,0,0,0,0,1,0,0,0
2017,Galicia,Dual carriageways,Pedestrian struck,6,2,2,2,0,0,0,0,0,0,0
2017,Galicia,Dual carriageways,Animal struck,2,0,0,0,0,0,0,0,0,0,0
2017,Galicia,Dual carriageways,Overturn,5,0,0,0,0,0,0,0,0,0,0
2017,Galicia,Dual carriageways,Fall (rider or occupant),5,0,0,0,0,0,0,0,0,0,0
2017,Galicia,Dual carriageways,Run-off road,199,1,1,0,0,0,0,1,0,0,0
2017,Galicia,Dual carriageways,Other crash type,5,0,0,0,0,0,0,0,0,0,0
2017,Galicia,Motorways,Head-on collision,3,0,0,0,0,0,0,0,0,0,0
2017,Galicia,Motorways,Head-on/side collision,1,0,0,0,0,0,0,0,0,0,0
2017,Galicia,Motorways,Side collision,9,0,0,0,0,0,0,0,0,0,0
2017,Galicia,Motorways,Rear-end collision,38,0,0,0,0,0,0,0,0,0,0
2017,Galicia,Motorways,Multiple or chain collision,11,1,1,0,0,0,0,1,0,0,0
2017,Galicia,Motorways,Collision with obstacle or road element,3,0,0,0,0,0,0,0,0,0,0
2017,Galicia,Motorways,Pedestrian struck,2,0,0,0,0,0,0,0,0,0,0
2017,Galicia,Motorways,Animal struck,3,0,0,0,0,0,0,0,0,0,0
2017,Galicia,Motorways,Fall (rider or occupant),1,0,0,0,0,0,0,0,0,0,0
2017,Galicia,Motorways,Run-off road,46,2,2,0,0,0,1,1,0,0,0
2017,Galicia,Motorways,Other crash type,1,0,0,0,0,0,0,0,0,0,0
2017,Galicia,Other roads,Head-on collision,19,0,0,0,0,0,0,0,0,0,0
2017,Galicia,Other roads,Head-on/side collision,35,0,0,0,0,0,0,0,0,0,0
2017,Galicia,Other roads,Side collision,9,0,0,0,0,0,0,0,0,0,0
2017,Galicia,Other roads,Rear-end collision,9,0,0,0,0,0,0,0,0,0,0
2017,Galicia,Other roads,Multiple or chain collision,1,0,0,0,0,0,0,0,0,0,0
2017,Galicia,Other roads,Collision with obstacle or road element,6,0,0,0,0,0,0,0,0,0,0
2017,Galicia,Other roads,Pedestrian struck,35,1,1,1,0,0,0,0,0,0,0
2017,Galicia,Other roads,Animal struck,2,0,0,0,0,0,0,0,0,0,0
2017,Galicia,Other roads,Overturn,4,0,0,0,0,0,0,0,0,0,0
2017,Galicia,Other roads,Fall (rider or occupant),7,0,0,0,0,0,0,0,0,0,0
2017,Galicia,Other roads,Run-off road,62,0,0,0,0,0,0,0,0,0,0
2017,Galicia,Other roads,Other crash type,8,0,0,0,0,0,0,0,0,0,0
2017,Madrid,Urban streets,Head-on collision,47,1,1,0,0,0,1,0,0,0,0
2017,Madrid,Urban streets,Head-on/side collision,3251,4,4,0,1,0,1,2,0,0,0
2017,Madrid,Urban streets,Side collision,144,0,0,0,0,0,0,0,0,0,0
2017,Madrid,Urban streets,Rear-end collision,3227,3,3,0,0,0,2,1,0,0,0
2017,Madrid,Urban streets,Multiple or chain collision,610,0,0,0,0,0,0,0,0,0,0
2017,Madrid,Urban streets,Collision with obstacle or road element,557,6,6,1,0,1,2,2,0,0,0
2017,Madrid,Urban streets,Pedestrian struck,2337,27,27,27,0,0,0,0,0,0,0
2017,Madrid,Urban streets,Animal struck,4,0,0,0,0,0,0,0,0,0,0
2017,Madrid,Urban streets,Overturn,54,0,0,0,0,0,0,0,0,0,0
2017,Madrid,Urban streets,Fall (rider or occupant),1732,6,6,0,1,0,5,0,0,0,0
2017,Madrid,Urban streets,Run-off road,102,1,1,0,0,0,1,0,0,0,0
2017,Madrid,Urban streets,Other crash type,229,0,0,0,0,0,0,0,0,0,0
2017,Madrid,Conventional roads,Head-on collision,63,11,15,0,1,0,1,13,0,0,0
2017,Madrid,Conventional roads,Head-on/side collision,162,5,6,0,1,0,4,1,0,0,0
2017,Madrid,Conventional roads,Side collision,60,0,0,0,0,0,0,0,0,0,0
2017,Madrid,Conventional roads,Rear-end collision,159,0,0,0,0,0,0,0,0,0,0
2017,Madrid,Conventional roads,Multiple or chain collision,38,0,0,0,0,0,0,0,0,0,0
2017,Madrid,Conventional roads,Collision with obstacle or road element,3,0,0,0,0,0,0,0,0,0,0
2017,Madrid,Conventional roads,Pedestrian struck,41,0,0,0,0,0,0,0,0,0,0
2017,Madrid,Conventional roads,Animal struck,8,0,0,0,0,0,0,0,0,0,0
2017,Madrid,Conventional roads,Overturn,3,0,0,0,0,0,0,0,0,0,0
2017,Madrid,Conventional roads,Fall (rider or occupant),67,1,1,0,0,0,1,0,0,0,0
2017,Madrid,Conventional roads,Run-off road,348,19,21,0,0,0,6,15,0,0,0
2017,Madrid,Conventional roads,Other crash type,6,0,0,0,0,0,0,0,0,0,0
2017,Madrid,Dual carriageways,Head-on collision,10,2,2,0,0,0,0,2,0,0,0
2017,Madrid,Dual carriageways,Head-on/side collision,264,0,0,0,0,0,0,0,0,0,0
2017,Madrid,Dual carriageways,Side collision,162,0,0,0,0,0,0,0,0,0,0
2017,Madrid,Dual carriageways,Rear-end collision,792,4,4,0,0,0,2,2,0,0,0
2017,Madrid,Dual carriageways,Multiple or chain collision,421,1,1,0,0,0,0,1,0,0,0
2017,Madrid,Dual carriageways,Collision with obstacle or road element,55,0,0,0,0,0,0,0,0,0,0
2017,Madrid,Dual carriageways,Pedestrian struck,24,5,5,4,0,0,0,1,0,0,0
2017,Madrid,Dual carriageways,Animal struck,3,0,0,0,0,0,0,0,0,0,0
2017,Madrid,Dual carriageways,Overturn,5,0,0,0,0,0,0,0,0,0,0
2017,Madrid,Dual carriageways,Fall (rider or occupant),157,1,1,0,0,0,1,0,0,0,0
2017,Madrid,Dual carriageways,Run-off road,329,8,9,0,0,0,4,5,0,0,0
2017,Madrid,Dual carriageways,Other crash type,15,0,0,0,0,0,0,0,0,0,0
2017,Madrid,Motorways,Head-on/side collision,19,0,0,0,0,0,0,0,0,0,0
2017,Madrid,Motorways,Side collision,64,1,1,0,0,0,1,0,0,0,0
2017,Madrid,Motorways,Rear-end collision,226,3,4,0,0,0,4,0,0,0,0
2017,Madrid,Motorways,Multiple or chain collision,110,0,0,0,0,0,0,0,0,0,0
2017,Madrid,Motorways,Collision with obstacle or road element,8,1,1,0,0,0,0,1,0,0,0
2017,Madrid,Motorways,Pedestrian struck,10,2,2,2,0,0,0,0,0,0,0
2017,Madrid,Motorways,Fall (rider or occupant),19,1,1,0,0,0,1,0,0,0,0
2017,Madrid,Motorways,Run-off road,125,2,2,0,0,0,0,1,0,1,0
2017,Madrid,Motorways,Other crash type,7,0,0,0,0,0,0,0,0,0,0
2017,Madrid,Other roads,Head-on collision,5,0,0,0,0,0,0,0,0,0,0
2017,Madrid,Other roads,Head-on/side collision,19,0,0,0,0,0,0,0,0,0,0
2017,Madrid,Other roads,Side collision,7,0,0,0,0,0,0,0,0,0,0
2017,Madrid,Other roads,Rear-end collision,25,0,0,0,0,0,0,0,0,0,0
2017,Madrid,Other roads,Multiple or chain collision,3,0,0,0,0,0,0,0,0,0,0
2017,Madrid,Other roads,Collision with obstacle or road element,6,0,0,0,0,0,0,0,0,0,0
2017,Madrid,Other roads,Pedestrian struck,15,0,0,0,0,0,0,0,0,0,0
2017,Madrid,Other roads,Overturn,2,0,0,0,0,0,0,0,0,0,0
2017,Madrid,Other roads,Fall (rider or occupant),22,1,1,0,1,0,0,0,0,0,0
2017,Madrid,Other roads,Run-off road,26,0,0,0,0,0,0,0,0,0,0
2017,Madrid,Other roads,Other crash type,2,0,0,0,0,0,0,0,0,0,0
2017,Madrid,Not recorded,Head-on/side collision,11,0,0,0,0,0,0,0,0,0,0
2017,Madrid,Not recorded,Rear-end collision,11,0,0,0,0,0,0,0,0,0,0
2017,Madrid,Not recorded,Multiple or chain collision,4,0,0,0,0,0,0,0,0,0,0
2017,Madrid,Not recorded,Pedestrian struck,3,0,0,0,0,0,0,0,0,0,0
2017,Madrid,Not recorded,Overturn,1,0,0,0,0,0,0,0,0,0,0
2017,Madrid,Not recorded,Fall (rider or occupant),8,0,0,0,0,0,0,0,0,0,0
2017,Madrid,Not recorded,Other crash type,1,0,0,0,0,0,0,0,0,0,0
2017,Murcia,Urban streets,Head-on collision,63,0,0,0,0,0,0,0,0,0,0
2017,Murcia,Urban streets,Head-on/side collision,654,5,7,0,1,0,3,2,1,0,0
2017,Murcia,Urban streets,Side collision,149,1,1,0,0,1,0,0,0,0,0
2017,Murcia,Urban streets,Rear-end collision,320,1,1,0,0,0,0,1,0,0,0
2017,Murcia,Urban streets,Multiple or chain collision,48,0,0,0,0,0,0,0,0,0,0
2017,Murcia,Urban streets,Collision with obstacle or road element,43,0,0,0,0,0,0,0,0,0,0
2017,Murcia,Urban streets,Pedestrian struck,268,16,16,16,0,0,0,0,0,0,0
2017,Murcia,Urban streets,Animal struck,2,0,0,0,0,0,0,0,0,0,0
2017,Murcia,Urban streets,Overturn,4,0,0,0,0,0,0,0,0,0,0
2017,Murcia,Urban streets,Fall (rider or occupant),140,1,1,0,0,0,1,0,0,0,0
2017,Murcia,Urban streets,Run-off road,174,5,5,0,0,2,1,2,0,0,0
2017,Murcia,Urban streets,Other crash type,87,0,0,0,0,0,0,0,0,0,0
2017,Murcia,Conventional roads,Head-on collision,26,3,3,0,0,0,0,3,0,0,0
2017,Murcia,Conventional roads,Head-on/side collision,74,1,5,0,0,0,0,5,0,0,0
2017,Murcia,Conventional roads,Side collision,10,0,0,0,0,0,0,0,0,0,0
2017,Murcia,Conventional roads,Rear-end collision,33,1,1,0,0,0,0,0,0,1,0
2017,Murcia,Conventional roads,Multiple or chain collision,7,0,0,0,0,0,0,0,0,0,0
2017,Murcia,Conventional roads,Collision with obstacle or road element,3,1,1,0,0,1,0,0,0,0,0
2017,Murcia,Conventional roads,Pedestrian struck,12,1,1,0,1,0,0,0,0,0,0
2017,Murcia,Conventional roads,Animal struck,1,0,0,0,0,0,0,0,0,0,0
2017,Murcia,Conventional roads,Overturn,9,1,1,0,0,0,0,0,0,0,1
2017,Murcia,Conventional roads,Fall (rider or occupant),3,0,0,0,0,0,0,0,0,0,0
2017,Murcia,Conventional roads,Run-off road,110,13,14,0,0,2,4,6,0,1,1
2017,Murcia,Conventional roads,Other crash type,2,0,0,0,0,0,0,0,0,0,0
2017,Murcia,Dual carriageways,Head-on collision,2,0,0,0,0,0,0,0,0,0,0
2017,Murcia,Dual carriageways,Head-on/side collision,7,0,0,0,0,0,0,0,0,0,0
2017,Murcia,Dual carriageways,Side collision,11,0,0,0,0,0,0,0,0,0,0
2017,Murcia,Dual carriageways,Rear-end collision,49,1,1,0,0,0,0,1,0,0,0
2017,Murcia,Dual carriageways,Multiple or chain collision,11,3,9,0,0,0,0,8,1,0,0
2017,Murcia,Dual carriageways,Collision with obstacle or road element,6,2,2,1,0,0,0,0,1,0,0
2017,Murcia,Dual carriageways,Pedestrian struck,4,3,3,3,0,0,0,0,0,0,0
2017,Murcia,Dual carriageways,Overturn,1,0,0,0,0,0,0,0,0,0,0
2017,Murcia,Dual carriageways,Fall (rider or occupant),1,0,0,0,0,0,0,0,0,0,0
2017,Murcia,Dual carriageways,Run-off road,60,9,9,0,0,0,0,5,2,2,0
2017,Murcia,Dual carriageways,Other crash type,4,0,0,0,0,0,0,0,0,0,0
2017,Murcia,Motorways,Rear-end collision,4,0,0,0,0,0,0,0,0,0,0
2017,Murcia,Motorways,Animal struck,1,0,0,0,0,0,0,0,0,0,0
2017,Murcia,Motorways,Run-off road,3,1,1,0,0,0,0,1,0,0,0
2017,Murcia,Other roads,Head-on collision,10,0,0,0,0,0,0,0,0,0,0
2017,Murcia,Other roads,Head-on/side collision,14,0,0,0,0,0,0,0,0,0,0
2017,Murcia,Other roads,Side collision,5,0,0,0,0,0,0,0,0,0,0
2017,Murcia,Other roads,Rear-end collision,9,0,0,0,0,0,0,0,0,0,0
2017,Murcia,Other roads,Pedestrian struck,6,1,1,1,0,0,0,0,0,0,0
2017,Murcia,Other roads,Fall (rider or occupant),3,0,0,0,0,0,0,0,0,0,0
2017,Murcia,Other roads,Run-off road,21,2,2,0,0,0,0,2,0,0,0
2017,Murcia,Other roads,Other crash type,6,0,0,0,0,0,0,0,0,0,0
2017,Navarre,Urban streets,Head-on collision,7,0,0,0,0,0,0,0,0,0,0
2017,Navarre,Urban streets,Head-on/side collision,78,0,0,0,0,0,0,0,0,0,0
2017,Navarre,Urban streets,Side collision,107,0,0,0,0,0,0,0,0,0,0
2017,Navarre,Urban streets,Rear-end collision,103,1,1,0,1,0,0,0,0,0,0
2017,Navarre,Urban streets,Multiple or chain collision,15,0,0,0,0,0,0,0,0,0,0
2017,Navarre,Urban streets,Collision with obstacle or road element,6,0,0,0,0,0,0,0,0,0,0
2017,Navarre,Urban streets,Pedestrian struck,159,6,6,6,0,0,0,0,0,0,0
2017,Navarre,Urban streets,Overturn,1,0,0,0,0,0,0,0,0,0,0
2017,Navarre,Urban streets,Fall (rider or occupant),55,0,0,0,0,0,0,0,0,0,0
2017,Navarre,Urban streets,Run-off road,21,1,1,0,0,0,1,0,0,0,0
2017,Navarre,Urban streets,Other crash type,9,0,0,0,0,0,0,0,0,0,0
2017,Navarre,Conventional roads,Head-on collision,13,5,7,0,0,0,0,7,0,0,0
2017,Navarre,Conventional roads,Head-on/side collision,31,3,3,0,0,1,0,2,0,0,0
2017,Navarre,Conventional roads,Side collision,11,0,0,0,0,0,0,0,0,0,0
2017,Navarre,Conventional roads,Rear-end collision,21,1,1,0,1,0,0,0,0,0,0
2017,Navarre,Conventional roads,Multiple or chain collision,4,0,0,0,0,0,0,0,0,0,0
2017,Navarre,Conventional roads,Collision with obstacle or road element,4,0,0,0,0,0,0,0,0,0,0
2017,Navarre,Conventional roads,Pedestrian struck,10,1,1,1,0,0,0,0,0,0,0
2017,Navarre,Conventional roads,Animal struck,3,0,0,0,0,0,0,0,0,0,0
2017,Navarre,Conventional roads,Fall (rider or occupant),20,0,0,0,0,0,0,0,0,0,0
2017,Navarre,Conventional roads,Run-off road,83,1,1,0,0,0,1,0,0,0,0
2017,Navarre,Conventional roads,Other crash type,3,0,0,0,0,0,0,0,0,0,0
2017,Navarre,Dual carriageways,Head-on collision,1,1,2,0,0,0,0,2,0,0,0
2017,Navarre,Dual carriageways,Head-on/side collision,4,0,0,0,0,0,0,0,0,0,0
2017,Navarre,Dual carriageways,Side collision,2,0,0,0,0,0,0,0,0,0,0
2017,Navarre,Dual carriageways,Rear-end collision,15,1,1,0,0,1,0,0,0,0,0
2017,Navarre,Dual carriageways,Multiple or chain collision,3,0,0,0,0,0,0,0,0,0,0
2017,Navarre,Dual carriageways,Collision with obstacle or road element,2,0,0,0,0,0,0,0,0,0,0
2017,Navarre,Dual carriageways,Pedestrian struck,2,0,0,0,0,0,0,0,0,0,0
2017,Navarre,Dual carriageways,Animal struck,1,0,0,0,0,0,0,0,0,0,0
2017,Navarre,Dual carriageways,Fall (rider or occupant),1,0,0,0,0,0,0,0,0,0,0
2017,Navarre,Dual carriageways,Run-off road,16,0,0,0,0,0,0,0,0,0,0
2017,Navarre,Motorways,Side collision,1,0,0,0,0,0,0,0,0,0,0
2017,Navarre,Motorways,Rear-end collision,4,1,1,0,0,0,0,0,0,1,0
2017,Navarre,Motorways,Multiple or chain collision,1,0,0,0,0,0,0,0,0,0,0
2017,Navarre,Motorways,Collision with obstacle or road element,1,0,0,0,0,0,0,0,0,0,0
2017,Navarre,Motorways,Pedestrian struck,2,0,0,0,0,0,0,0,0,0,0
2017,Navarre,Motorways,Run-off road,20,0,0,0,0,0,0,0,0,0,0
2017,Navarre,Motorways,Other crash type,1,0,0,0,0,0,0,0,0,0,0
2017,Navarre,Other roads,Head-on collision,1,0,0,0,0,0,0,0,0,0,0
2017,Navarre,Other roads,Head-on/side collision,4,1,1,0,0,0,1,0,0,0,0
2017,Navarre,Other roads,Side collision,5,0,0,0,0,0,0,0,0,0,0
2017,Navarre,Other roads,Rear-end collision,1,0,0,0,0,0,0,0,0,0,0
2017,Navarre,Other roads,Collision with obstacle or road element,1,0,0,0,0,0,0,0,0,0,0
2017,Navarre,Other roads,Pedestrian struck,8,2,2,1,0,0,0,0,0,0,1
2017,Navarre,Other roads,Fall (rider or occupant),4,0,0,0,0,0,0,0,0,0,0
2017,Navarre,Other roads,Run-off road,7,1,1,0,0,0,1,0,0,0,0
2017,Basque Country,Urban streets,Head-on collision,89,0,0,0,0,0,0,0,0,0,0
2017,Basque Country,Urban streets,Head-on/side collision,424,1,1,0,1,0,0,0,0,0,0
2017,Basque Country,Urban streets,Side collision,123,0,0,0,0,0,0,0,0,0,0
2017,Basque Country,Urban streets,Rear-end collision,602,0,0,0,0,0,0,0,0,0,0
2017,Basque Country,Urban streets,Multiple or chain collision,44,0,0,0,0,0,0,0,0,0,0
2017,Basque Country,Urban streets,Collision with obstacle or road element,88,0,0,0,0,0,0,0,0,0,0
2017,Basque Country,Urban streets,Pedestrian struck,355,5,5,5,0,0,0,0,0,0,0
2017,Basque Country,Urban streets,Animal struck,1,0,0,0,0,0,0,0,0,0,0
2017,Basque Country,Urban streets,Overturn,238,0,0,0,0,0,0,0,0,0,0
2017,Basque Country,Urban streets,Fall (rider or occupant),30,0,0,0,0,0,0,0,0,0,0
2017,Basque Country,Urban streets,Run-off road,120,2,2,0,0,0,2,0,0,0,0
2017,Basque Country,Urban streets,Other crash type,427,7,7,6,0,0,1,0,0,0,0
2017,Basque Country,Conventional roads,Head-on collision,73,5,6,0,0,0,1,5,0,0,0
2017,Basque Country,Conventional roads,Head-on/side collision,163,3,3,0,0,0,0,3,0,0,0
2017,Basque Country,Conventional roads,Side collision,58,0,0,0,0,0,0,0,0,0,0
2017,Basque Country,Conventional roads,Rear-end collision,192,0,0,0,0,0,0,0,0,0,0
2017,Basque Country,Conventional roads,Multiple or chain collision,17,1,3,0,0,0,0,3,0,0,0
2017,Basque Country,Conventional roads,Collision with obstacle or road element,118,2,2,0,0,0,0,2,0,0,0
2017,Basque Country,Conventional roads,Pedestrian struck,23,1,1,1,0,0,0,0,0,0,0
2017,Basque Country,Conventional roads,Animal struck,13,0,0,0,0,0,0,0,0,0,0
2017,Basque Country,Conventional roads,Overturn,58,0,0,0,0,0,0,0,0,0,0
2017,Basque Country,Conventional roads,Fall (rider or occupant),146,1,1,0,0,0,1,0,0,0,0
2017,Basque Country,Conventional roads,Run-off road,67,2,2,0,0,0,1,1,0,0,0
2017,Basque Country,Conventional roads,Other crash type,71,0,0,0,0,0,0,0,0,0,0
2017,Basque Country,Dual carriageways,Head-on collision,8,1,2,0,0,0,0,2,0,0,0
2017,Basque Country,Dual carriageways,Head-on/side collision,44,0,0,0,0,0,0,0,0,0,0
2017,Basque Country,Dual carriageways,Side collision,43,0,0,0,0,0,0,0,0,0,0
2017,Basque Country,Dual carriageways,Rear-end collision,170,1,1,0,0,0,0,1,0,0,0
2017,Basque Country,Dual carriageways,Multiple or chain collision,17,0,0,0,0,0,0,0,0,0,0
2017,Basque Country,Dual carriageways,Collision with obstacle or road element,113,2,2,0,0,0,2,0,0,0,0
2017,Basque Country,Dual carriageways,Pedestrian struck,7,1,1,1,0,0,0,0,0,0,0
2017,Basque Country,Dual carriageways,Animal struck,5,0,0,0,0,0,0,0,0,0,0
2017,Basque Country,Dual carriageways,Overturn,23,2,2,0,0,0,0,1,0,1,0
2017,Basque Country,Dual carriageways,Fall (rider or occupant),36,1,1,0,1,0,0,0,0,0,0
2017,Basque Country,Dual carriageways,Run-off road,34,0,0,0,0,0,0,0,0,0,0
2017,Basque Country,Dual carriageways,Other crash type,24,0,0,0,0,0,0,0,0,0,0
2017,Basque Country,Motorways,Head-on collision,4,1,1,0,0,0,0,0,0,1,0
2017,Basque Country,Motorways,Head-on/side collision,17,1,2,0,0,0,0,2,0,0,0
2017,Basque Country,Motorways,Side collision,28,0,0,0,0,0,0,0,0,0,0
2017,Basque Country,Motorways,Rear-end collision,53,0,0,0,0,0,0,0,0,0,0
2017,Basque Country,Motorways,Multiple or chain collision,11,0,0,0,0,0,0,0,0,0,0
2017,Basque Country,Motorways,Collision with obstacle or road element,99,0,0,0,0,0,0,0,0,0,0
2017,Basque Country,Motorways,Pedestrian struck,8,3,3,2,0,0,0,1,0,0,0
2017,Basque Country,Motorways,Animal struck,1,0,0,0,0,0,0,0,0,0,0
2017,Basque Country,Motorways,Overturn,17,0,0,0,0,0,0,0,0,0,0
2017,Basque Country,Motorways,Fall (rider or occupant),6,0,0,0,0,0,0,0,0,0,0
2017,Basque Country,Motorways,Run-off road,12,0,0,0,0,0,0,0,0,0,0
2017,Basque Country,Motorways,Other crash type,7,0,0,0,0,0,0,0,0,0,0
2017,Basque Country,Other roads,Head-on collision,19,0,0,0,0,0,0,0,0,0,0
2017,Basque Country,Other roads,Head-on/side collision,43,0,0,0,0,0,0,0,0,0,0
2017,Basque Country,Other roads,Side collision,13,0,0,0,0,0,0,0,0,0,0
2017,Basque Country,Other roads,Rear-end collision,86,0,0,0,0,0,0,0,0,0,0
2017,Basque Country,Other roads,Multiple or chain collision,5,0,0,0,0,0,0,0,0,0,0
2017,Basque Country,Other roads,Collision with obstacle or road element,46,0,0,0,0,0,0,0,0,0,0
2017,Basque Country,Other roads,Pedestrian struck,39,0,0,0,0,0,0,0,0,0,0
2017,Basque Country,Other roads,Overturn,14,0,0,0,0,0,0,0,0,0,0
2017,Basque Country,Other roads,Fall (rider or occupant),89,1,1,0,0,0,1,0,0,0,0
2017,Basque Country,Other roads,Run-off road,15,0,0,0,0,0,0,0,0,0,0
2017,Basque Country,Other roads,Other crash type,27,2,2,0,0,0,0,2,0,0,0
2017,La Rioja,Urban streets,Head-on collision,3,0,0,0,0,0,0,0,0,0,0
2017,La Rioja,Urban streets,Head-on/side collision,95,0,0,0,0,0,0,0,0,0,0
2017,La Rioja,Urban streets,Side collision,17,0,0,0,0,0,0,0,0,0,0
2017,La Rioja,Urban streets,Rear-end collision,84,0,0,0,0,0,0,0,0,0,0
2017,La Rioja,Urban streets,Multiple or chain collision,6,0,0,0,0,0,0,0,0,0,0
2017,La Rioja,Urban streets,Collision with obstacle or road element,4,0,0,0,0,0,0,0,0,0,0
2017,La Rioja,Urban streets,Pedestrian struck,134,2,2,2,0,0,0,0,0,0,0
2017,La Rioja,Urban streets,Animal struck,1,0,0,0,0,0,0,0,0,0,0
2017,La Rioja,Urban streets,Overturn,1,0,0,0,0,0,0,0,0,0,0
2017,La Rioja,Urban streets,Fall (rider or occupant),29,0,0,0,0,0,0,0,0,0,0
2017,La Rioja,Urban streets,Run-off road,14,0,0,0,0,0,0,0,0,0,0
2017,La Rioja,Urban streets,Other crash type,9,0,0,0,0,0,0,0,0,0,0
2017,La Rioja,Conventional roads,Head-on collision,16,8,11,0,0,0,0,7,2,2,0
2017,La Rioja,Conventional roads,Head-on/side collision,23,1,1,0,0,0,0,1,0,0,0
2017,La Rioja,Conventional roads,Side collision,10,0,0,0,0,0,0,0,0,0,0
2017,La Rioja,Conventional roads,Rear-end collision,21,0,0,0,0,0,0,0,0,0,0
2017,La Rioja,Conventional roads,Multiple or chain collision,6,0,0,0,0,0,0,0,0,0,0
2017,La Rioja,Conventional roads,Collision with obstacle or road element,2,0,0,0,0,0,0,0,0,0,0
2017,La Rioja,Conventional roads,Pedestrian struck,7,2,2,2,0,0,0,0,0,0,0
2017,La Rioja,Conventional roads,Animal struck,4,0,0,0,0,0,0,0,0,0,0
2017,La Rioja,Conventional roads,Overturn,1,0,0,0,0,0,0,0,0,0,0
2017,La Rioja,Conventional roads,Fall (rider or occupant),13,0,0,0,0,0,0,0,0,0,0
2017,La Rioja,Conventional roads,Run-off road,89,6,6,0,0,0,1,5,0,0,0
2017,La Rioja,Conventional roads,Other crash type,2,0,0,0,0,0,0,0,0,0,0
2017,La Rioja,Dual carriageways,Head-on collision,1,1,3,0,0,0,0,0,3,0,0
2017,La Rioja,Dual carriageways,Side collision,3,0,0,0,0,0,0,0,0,0,0
2017,La Rioja,Dual carriageways,Rear-end collision,22,0,0,0,0,0,0,0,0,0,0
2017,La Rioja,Dual carriageways,Multiple or chain collision,2,0,0,0,0,0,0,0,0,0,0
2017,La Rioja,Dual carriageways,Fall (rider or occupant),1,0,0,0,0,0,0,0,0,0,0
2017,La Rioja,Dual carriageways,Run-off road,11,0,0,0,0,0,0,0,0,0,0
2017,La Rioja,Motorways,Side collision,1,0,0,0,0,0,0,0,0,0,0
2017,La Rioja,Motorways,Rear-end collision,3,0,0,0,0,0,0,0,0,0,0
2017,La Rioja,Motorways,Collision with obstacle or road element,2,0,0,0,0,0,0,0,0,0,0
2017,La Rioja,Motorways,Animal struck,1,0,0,0,0,0,0,0,0,0,0
2017,La Rioja,Motorways,Overturn,1,0,0,0,0,0,0,0,0,0,0
2017,La Rioja,Motorways,Run-off road,14,0,0,0,0,0,0,0,0,0,0
2017,La Rioja,Motorways,Other crash type,1,0,0,0,0,0,0,0,0,0,0
2017,La Rioja,Other roads,Head-on collision,3,0,0,0,0,0,0,0,0,0,0
2017,La Rioja,Other roads,Head-on/side collision,6,0,0,0,0,0,0,0,0,0,0
2017,La Rioja,Other roads,Side collision,3,0,0,0,0,0,0,0,0,0,0
2017,La Rioja,Other roads,Rear-end collision,6,0,0,0,0,0,0,0,0,0,0
2017,La Rioja,Other roads,Multiple or chain collision,2,0,0,0,0,0,0,0,0,0,0
2017,La Rioja,Other roads,Collision with obstacle or road element,1,0,0,0,0,0,0,0,0,0,0
2017,La Rioja,Other roads,Pedestrian struck,6,0,0,0,0,0,0,0,0,0,0
2017,La Rioja,Other roads,Overturn,1,0,0,0,0,0,0,0,0,0,0
2017,La Rioja,Other roads,Fall (rider or occupant),12,0,0,0,0,0,0,0,0,0,0
2017,La Rioja,Other roads,Run-off road,15,1,1,0,0,0,1,0,0,0,0
2017,Ceuta,Urban streets,Head-on collision,12,1,1,0,0,0,1,0,0,0,0
2017,Ceuta,Urban streets,Head-on/side collision,98,0,0,0,0,0,0,0,0,0,0
2017,Ceuta,Urban streets,Side collision,28,0,0,0,0,0,0,0,0,0,0
2017,Ceuta,Urban streets,Rear-end collision,107,0,0,0,0,0,0,0,0,0,0
2017,Ceuta,Urban streets,Multiple or chain collision,7,0,0,0,0,0,0,0,0,0,0
2017,Ceuta,Urban streets,Pedestrian struck,62,0,0,0,0,0,0,0,0,0,0
2017,Ceuta,Urban streets,Animal struck,1,0,0,0,0,0,0,0,0,0,0
2017,Ceuta,Urban streets,Overturn,1,0,0,0,0,0,0,0,0,0,0
2017,Ceuta,Urban streets,Fall (rider or occupant),16,0,0,0,0,0,0,0,0,0,0
2017,Ceuta,Urban streets,Run-off road,1,0,0,0,0,0,0,0,0,0,0
2017,Ceuta,Urban streets,Other crash type,11,0,0,0,0,0,0,0,0,0,0
2017,Ceuta,Conventional roads,Head-on collision,1,0,0,0,0,0,0,0,0,0,0
2017,Ceuta,Conventional roads,Head-on/side collision,12,0,0,0,0,0,0,0,0,0,0
2017,Ceuta,Conventional roads,Side collision,1,0,0,0,0,0,0,0,0,0,0
2017,Ceuta,Conventional roads,Rear-end collision,8,0,0,0,0,0,0,0,0,0,0
2017,Ceuta,Conventional roads,Multiple or chain collision,5,0,0,0,0,0,0,0,0,0,0
2017,Ceuta,Conventional roads,Pedestrian struck,9,1,1,1,0,0,0,0,0,0,0
2017,Ceuta,Conventional roads,Fall (rider or occupant),2,0,0,0,0,0,0,0,0,0,0
2017,Ceuta,Conventional roads,Run-off road,4,0,0,0,0,0,0,0,0,0,0
2017,Ceuta,Conventional roads,Other crash type,1,0,0,0,0,0,0,0,0,0,0
2017,Ceuta,Other roads,Head-on collision,2,0,0,0,0,0,0,0,0,0,0
2017,Ceuta,Other roads,Head-on/side collision,1,0,0,0,0,0,0,0,0,0,0
2017,Ceuta,Other roads,Rear-end collision,7,0,0,0,0,0,0,0,0,0,0
2017,Ceuta,Other roads,Pedestrian struck,4,0,0,0,0,0,0,0,0,0,0
2017,Ceuta,Other roads,Fall (rider or occupant),4,0,0,0,0,0,0,0,0,0,0
2017,Ceuta,Other roads,Run-off road,3,0,0,0,0,0,0,0,0,0,0
2017,Ceuta,Other roads,Other crash type,1,0,0,0,0,0,0,0,0,0,0
2017,Melilla,Urban streets,Head-on collision,23,0,0,0,0,0,0,0,0,0,0
2017,Melilla,Urban streets,Head-on/side collision,176,0,0,0,0,0,0,0,0,0,0
2017,Melilla,Urban streets,Side collision,33,1,1,0,0,1,0,0,0,0,0
2017,Melilla,Urban streets,Rear-end collision,61,1,1,0,1,0,0,0,0,0,0
2017,Melilla,Urban streets,Multiple or chain collision,6,0,0,0,0,0,0,0,0,0,0
2017,Melilla,Urban streets,Collision with obstacle or road element,7,0,0,0,0,0,0,0,0,0,0
2017,Melilla,Urban streets,Pedestrian struck,122,0,0,0,0,0,0,0,0,0,0
2017,Melilla,Urban streets,Overturn,2,0,0,0,0,0,0,0,0,0,0
2017,Melilla,Urban streets,Fall (rider or occupant),11,0,0,0,0,0,0,0,0,0,0
2017,Melilla,Urban streets,Run-off road,9,0,0,0,0,0,0,0,0,0,0
2017,Melilla,Urban streets,Other crash type,8,0,0,0,0,0,0,0,0,0,0
2017,Melilla,Other roads,Head-on/side collision,2,0,0,0,0,0,0,0,0,0,0
2017,Melilla,Other roads,Rear-end collision,1,0,0,0,0,0,0,0,0,0,0
2017,Melilla,Other roads,Collision with obstacle or road element,1,0,0,0,0,0,0,0,0,0,0
2017,Melilla,Other roads,Pedestrian struck,2,0,0,0,0,0,0,0,0,0,0
2017,Melilla,Other roads,Fall (rider or occupant),2,0,0,0,0,0,0,0,0,0,0
2018,Andalusia,Urban streets,Head-on collision,232,2,2,0,0,1,1,0,0,0,0
2018,Andalusia,Urban streets,Head-on/side collision,3447,12,12,0,0,2,9,1,0,0,0
2018,Andalusia,Urban streets,Side collision,882,3,3,0,0,1,2,0,0,0,0
2018,Andalusia,Urban streets,Rear-end collision,2052,3,3,0,1,1,1,0,0,0,0
2018,Andalusia,Urban streets,Multiple or chain collision,216,1,1,0,0,0,0,1,0,0,0
2018,Andalusia,Urban streets,Collision with obstacle or road element,187,3,3,0,0,0,2,0,0,0,1
2018,Andalusia,Urban streets,Pedestrian struck,1844,32,32,32,0,0,0,0,0,0,0
2018,Andalusia,Urban streets,Animal struck,21,0,0,0,0,0,0,0,0,0,0
2018,Andalusia,Urban streets,Overturn,122,0,0,0,0,0,0,0,0,0,0
2018,Andalusia,Urban streets,Fall (rider or occupant),1192,1,1,0,0,0,1,0,0,0,0
2018,Andalusia,Urban streets,Run-off road,411,16,16,1,1,3,6,5,0,0,0
2018,Andalusia,Urban streets,Other crash type,235,1,1,0,0,1,0,0,0,0,0
2018,Andalusia,Conventional roads,Head-on collision,244,29,34,0,0,1,2,25,5,0,1
2018,Andalusia,Conventional roads,Head-on/side collision,624,12,15,0,0,1,2,12,0,0,0
2018,Andalusia,Conventional roads,Side collision,188,1,1,0,0,0,0,1,0,0,0
2018,Andalusia,Conventional roads,Rear-end collision,387,1,1,0,0,1,0,0,0,0,0
2018,Andalusia,Conventional roads,Multiple or chain collision,91,4,4,0,0,0,2,2,0,0,0
2018,Andalusia,Conventional roads,Collision with obstacle or road element,35,2,2,0,0,1,1,0,0,0,0
2018,Andalusia,Conventional roads,Pedestrian struck,74,12,12,10,0,1,1,0,0,0,0
2018,Andalusia,Conventional roads,Animal struck,52,1,1,0,0,0,0,1,0,0,0
2018,Andalusia,Conventional roads,Overturn,37,3,3,0,0,0,2,0,0,0,1
2018,Andalusia,Conventional roads,Fall (rider or occupant),104,3,3,0,1,0,2,0,0,0,0
2018,Andalusia,Conventional roads,Run-off road,1267,45,47,0,0,1,12,28,4,1,1
2018,Andalusia,Conventional roads,Other crash type,35,2,2,0,0,0,0,1,0,1,0
2018,Andalusia,Dual carriageways,Head-on collision,21,3,4,0,0,0,0,4,0,0,0
2018,Andalusia,Dual carriageways,Head-on/side collision,100,1,1,0,0,0,0,1,0,0,0
2018,Andalusia,Dual carriageways,Side collision,216,0,0,0,0,0,0,0,0,0,0
2018,Andalusia,Dual carriageways,Rear-end collision,651,11,11,0,1,1,3,3,0,3,0
2018,Andalusia,Dual carriageways,Multiple or chain collision,219,2,2,0,0,0,0,1,0,0,1
2018,Andalusia,Dual carriageways,Collision with obstacle or road element,45,2,3,0,0,0,1,0,0,2,0
2018,Andalusia,Dual carriageways,Pedestrian struck,27,6,6,6,0,0,0,0,0,0,0
2018,Andalusia,Dual carriageways,Animal struck,14,0,0,0,0,0,0,0,0,0,0
2018,Andalusia,Dual carriageways,Overturn,31,0,0,0,0,0,0,0,0,0,0
2018,Andalusia,Dual carriageways,Fall (rider or occupant),52,1,1,0,0,0,1,0,0,0,0
2018,Andalusia,Dual carriageways,Run-off road,526,16,20,0,0,0,6,12,0,2,0
2018,Andalusia,Dual carriageways,Other crash type,19,2,3,2,0,0,1,0,0,0,0
2018,Andalusia,Motorways,Head-on collision,1,0,0,0,0,0,0,0,0,0,0
2018,Andalusia,Motorways,Head-on/side collision,5,0,0,0,0,0,0,0,0,0,0
2018,Andalusia,Motorways,Side collision,17,0,0,0,0,0,0,0,0,0,0
2018,Andalusia,Motorways,Rear-end collision,77,1,1,0,0,0,0,1,0,0,0
2018,Andalusia,Motorways,Multiple or chain collision,29,0,0,0,0,0,0,0,0,0,0
2018,Andalusia,Motorways,Collision with obstacle or road element,11,2,2,0,0,0,0,1,0,1,0
2018,Andalusia,Motorways,Pedestrian struck,5,1,1,1,0,0,0,0,0,0,0
2018,Andalusia,Motorways,Animal struck,2,0,0,0,0,0,0,0,0,0,0
2018,Andalusia,Motorways,Overturn,4,0,0,0,0,0,0,0,0,0,0
2018,Andalusia,Motorways,Fall (rider or occupant),5,0,0,0,0,0,0,0,0,0,0
2018,Andalusia,Motorways,Run-off road,51,2,2,0,0,0,0,2,0,0,0
2018,Andalusia,Motorways,Other crash type,1,0,0,0,0,0,0,0,0,0,0
2018,Andalusia,Other roads,Head-on collision,41,3,3,0,0,0,2,1,0,0,0
2018,Andalusia,Other roads,Head-on/side collision,143,2,2,0,1,0,1,0,0,0,0
2018,Andalusia,Other roads,Side collision,67,0,0,0,0,0,0,0,0,0,0
2018,Andalusia,Other roads,Rear-end collision,106,0,0,0,0,0,0,0,0,0,0
2018,Andalusia,Other roads,Multiple or chain collision,17,0,0,0,0,0,0,0,0,0,0
2018,Andalusia,Other roads,Collision with obstacle or road element,16,0,0,0,0,0,0,0,0,0,0
2018,Andalusia,Other roads,Pedestrian struck,72,2,2,2,0,0,0,0,0,0,0
2018,Andalusia,Other roads,Animal struck,3,0,0,0,0,0,0,0,0,0,0
2018,Andalusia,Other roads,Overturn,14,1,1,0,0,0,1,0,0,0,0
2018,Andalusia,Other roads,Fall (rider or occupant),43,0,0,0,0,0,0,0,0,0,0
2018,Andalusia,Other roads,Run-off road,161,8,10,0,0,0,0,8,1,0,1
2018,Andalusia,Other roads,Other crash type,20,0,0,0,0,0,0,0,0,0,0
2018,Aragon,Urban streets,Head-on collision,12,1,1,0,0,0,0,1,0,0,0
2018,Aragon,Urban streets,Head-on/side collision,243,0,0,0,0,0,0,0,0,0,0
2018,Aragon,Urban streets,Side collision,98,0,0,0,0,0,0,0,0,0,0
2018,Aragon,Urban streets,Rear-end collision,196,0,0,0,0,0,0,0,0,0,0
2018,Aragon,Urban streets,Multiple or chain collision,14,0,0,0,0,0,0,0,0,0,0
2018,Aragon,Urban streets,Collision with obstacle or road element,19,0,0,0,0,0,0,0,0,0,0
2018,Aragon,Urban streets,Pedestrian struck,296,8,8,8,0,0,0,0,0,0,0
2018,Aragon,Urban streets,Animal struck,1,0,0,0,0,0,0,0,0,0,0
2018,Aragon,Urban streets,Overturn,2,0,0,0,0,0,0,0,0,0,0
2018,Aragon,Urban streets,Fall (rider or occupant),79,1,1,0,0,1,0,0,0,0,0
2018,Aragon,Urban streets,Run-off road,53,0,0,0,0,0,0,0,0,0,0
2018,Aragon,Urban streets,Other crash type,38,0,0,0,0,0,0,0,0,0,0
2018,Aragon,Conventional roads,Head-on collision,30,9,11,0,0,0,0,7,3,1,0
2018,Aragon,Conventional roads,Head-on/side collision,95,5,5,0,1,0,0,3,0,1,0
2018,Aragon,Conventional roads,Side collision,36,3,3,0,0,0,2,1,0,0,0
2018,Aragon,Conventional roads,Rear-end collision,66,0,0,0,0,0,0,0,0,0,0
2018,Aragon,Conventional roads,Multiple or chain collision,4,0,0,0,0,0,0,0,0,0,0
2018,Aragon,Conventional roads,Collision with obstacle or road element,11,0,0,0,0,0,0,0,0,0,0
2018,Aragon,Conventional roads,Pedestrian struck,14,5,5,5,0,0,0,0,0,0,0
2018,Aragon,Conventional roads,Animal struck,12,0,0,0,0,0,0,0,0,0,0
2018,Aragon,Conventional roads,Overturn,11,1,1,0,0,1,0,0,0,0,0
2018,Aragon,Conventional roads,Fall (rider or occupant),31,0,0,0,0,0,0,0,0,0,0
2018,Aragon,Conventional roads,Run-off road,316,20,23,1,0,0,2,18,0,2,0
2018,Aragon,Conventional roads,Other crash type,2,0,0,0,0,0,0,0,0,0,0
2018,Aragon,Dual carriageways,Head-on collision,3,0,0,0,0,0,0,0,0,0,0
2018,Aragon,Dual carriageways,Head-on/side collision,22,0,0,0,0,0,0,0,0,0,0
2018,Aragon,Dual carriageways,Side collision,27,1,1,0,0,0,0,0,1,0,0
2018,Aragon,Dual carriageways,Rear-end collision,112,4,6,0,0,0,0,5,1,0,0
2018,Aragon,Dual carriageways,Multiple or chain collision,31,2,2,0,0,0,1,1,0,0,0
2018,Aragon,Dual carriageways,Collision with obstacle or road element,6,1,1,0,0,0,0,0,0,1,0
2018,Aragon,Dual carriageways,Pedestrian struck,2,2,2,2,0,0,0,0,0,0,0
2018,Aragon,Dual carriageways,Animal struck,1,0,0,0,0,0,0,0,0,0,0
2018,Aragon,Dual carriageways,Overturn,4,0,0,0,0,0,0,0,0,0,0
2018,Aragon,Dual carriageways,Fall (rider or occupant),10,0,0,0,0,0,0,0,0,0,0
2018,Aragon,Dual carriageways,Run-off road,111,9,9,1,0,0,1,3,2,2,0
2018,Aragon,Dual carriageways,Other crash type,2,0,0,0,0,0,0,0,0,0,0
2018,Aragon,Motorways,Side collision,1,0,0,0,0,0,0,0,0,0,0
2018,Aragon,Motorways,Rear-end collision,11,0,0,0,0,0,0,0,0,0,0
2018,Aragon,Motorways,Multiple or chain collision,1,0,0,0,0,0,0,0,0,0,0
2018,Aragon,Motorways,Collision with obstacle or road element,2,1,1,0,0,0,0,1,0,0,0
2018,Aragon,Motorways,Run-off road,15,0,0,0,0,0,0,0,0,0,0
2018,Aragon,Motorways,Other crash type,1,1,1,0,0,0,0,0,0,1,0
2018,Aragon,Other roads,Head-on collision,11,0,0,0,0,0,0,0,0,0,0
2018,Aragon,Other roads,Head-on/side collision,11,0,0,0,0,0,0,0,0,0,0
2018,Aragon,Other roads,Side collision,5,0,0,0,0,0,0,0,0,0,0
2018,Aragon,Other roads,Rear-end collision,13,0,0,0,0,0,0,0,0,0,0
2018,Aragon,Other roads,Collision with obstacle or road element,2,0,0,0,0,0,0,0,0,0,0
2018,Aragon,Other roads,Pedestrian struck,4,0,0,0,0,0,0,0,0,0,0
2018,Aragon,Other roads,Overturn,3,0,0,0,0,0,0,0,0,0,0
2018,Aragon,Other roads,Fall (rider or occupant),20,0,0,0,0,0,0,0,0,0,0
2018,Aragon,Other roads,Run-off road,37,4,4,0,0,0,0,2,0,0,2
2018,Aragon,Other roads,Other crash type,3,0,0,0,0,0,0,0,0,0,0
2018,Asturias,Urban streets,Head-on collision,24,0,0,0,0,0,0,0,0,0,0
2018,Asturias,Urban streets,Head-on/side collision,243,1,1,0,0,0,1,0,0,0,0
2018,Asturias,Urban streets,Side collision,67,0,0,0,0,0,0,0,0,0,0
2018,Asturias,Urban streets,Rear-end collision,204,0,0,0,0,0,0,0,0,0,0
2018,Asturias,Urban streets,Multiple or chain collision,16,0,0,0,0,0,0,0,0,0,0
2018,Asturias,Urban streets,Collision with obstacle or road element,23,0,0,0,0,0,0,0,0,0,0
2018,Asturias,Urban streets,Pedestrian struck,297,5,5,5,0,0,0,0,0,0,0
2018,Asturias,Urban streets,Animal struck,1,0,0,0,0,0,0,0,0,0,0
2018,Asturias,Urban streets,Overturn,3,0,0,0,0,0,0,0,0,0,0
2018,Asturias,Urban streets,Fall (rider or occupant),103,0,0,0,0,0,0,0,0,0,0
2018,Asturias,Urban streets,Run-off road,50,1,1,0,0,0,1,0,0,0,0
2018,Asturias,Urban streets,Other crash type,38,0,0,0,0,0,0,0,0,0,0
2018,Asturias,Conventional roads,Head-on collision,55,7,7,0,0,0,2,4,1,0,0
2018,Asturias,Conventional roads,Head-on/side collision,115,4,8,0,0,0,1,7,0,0,0
2018,Asturias,Conventional roads,Side collision,34,1,1,0,0,0,1,0,0,0,0
2018,Asturias,Conventional roads,Rear-end collision,71,0,0,0,0,0,0,0,0,0,0
2018,Asturias,Conventional roads,Multiple or chain collision,20,0,0,0,0,0,0,0,0,0,0
2018,Asturias,Conventional roads,Collision with obstacle or road element,8,1,1,0,0,0,0,1,0,0,0
2018,Asturias,Conventional roads,Pedestrian struck,28,1,1,1,0,0,0,0,0,0,0
2018,Asturias,Conventional roads,Animal struck,24,0,0,0,0,0,0,0,0,0,0
2018,Asturias,Conventional roads,Overturn,17,0,0,0,0,0,0,0,0,0,0
2018,Asturias,Conventional roads,Fall (rider or occupant),41,0,0,0,0,0,0,0,0,0,0
2018,Asturias,Conventional roads,Run-off road,212,3,3,1,0,0,1,1,0,0,0
2018,Asturias,Conventional roads,Other crash type,8,0,0,0,0,0,0,0,0,0,0
2018,Asturias,Dual carriageways,Head-on collision,2,0,0,0,0,0,0,0,0,0,0
2018,Asturias,Dual carriageways,Head-on/side collision,7,0,0,0,0,0,0,0,0,0,0
2018,Asturias,Dual carriageways,Side collision,17,0,0,0,0,0,0,0,0,0,0
2018,Asturias,Dual carriageways,Rear-end collision,69,0,0,0,0,0,0,0,0,0,0
2018,Asturias,Dual carriageways,Multiple or chain collision,22,0,0,0,0,0,0,0,0,0,0
2018,Asturias,Dual carriageways,Collision with obstacle or road element,7,0,0,0,0,0,0,0,0,0,0
2018,Asturias,Dual carriageways,Pedestrian struck,4,2,2,2,0,0,0,0,0,0,0
2018,Asturias,Dual carriageways,Animal struck,12,0,0,0,0,0,0,0,0,0,0
2018,Asturias,Dual carriageways,Overturn,6,0,0,0,0,0,0,0,0,0,0
2018,Asturias,Dual carriageways,Fall (rider or occupant),4,0,0,0,0,0,0,0,0,0,0
2018,Asturias,Dual carriageways,Run-off road,105,4,8,0,0,0,2,1,0,5,0
2018,Asturias,Dual carriageways,Other crash type,3,0,0,0,0,0,0,0,0,0,0
2018,Asturias,Motorways,Rear-end collision,2,0,0,0,0,0,0,0,0,0,0
2018,Asturias,Motorways,Multiple or chain collision,1,0,0,0,0,0,0,0,0,0,0
2018,Asturias,Motorways,Run-off road,5,0,0,0,0,0,0,0,0,0,0
2018,Asturias,Other roads,Head-on collision,9,1,1,0,0,1,0,0,0,0,0
2018,Asturias,Other roads,Head-on/side collision,13,0,0,0,0,0,0,0,0,0,0
2018,Asturias,Other roads,Side collision,1,0,0,0,0,0,0,0,0,0,0
2018,Asturias,Other roads,Rear-end collision,11,0,0,0,0,0,0,0,0,0,0
2018,Asturias,Other roads,Collision with obstacle or road element,6,0,0,0,0,0,0,0,0,0,0
2018,Asturias,Other roads,Pedestrian struck,15,0,0,0,0,0,0,0,0,0,0
2018,Asturias,Other roads,Animal struck,1,0,0,0,0,0,0,0,0,0,0
2018,Asturias,Other roads,Overturn,4,0,0,0,0,0,0,0,0,0,0
2018,Asturias,Other roads,Fall (rider or occupant),10,0,0,0,0,0,0,0,0,0,0
2018,Asturias,Other roads,Run-off road,25,4,4,0,0,0,0,2,0,0,2
2018,Asturias,Other roads,Other crash type,5,0,0,0,0,0,0,0,0,0,0
2018,Balearic Islands,Urban streets,Head-on collision,71,0,0,0,0,0,0,0,0,0,0
2018,Balearic Islands,Urban streets,Head-on/side collision,571,3,3,0,0,0,2,0,1,0,0
2018,Balearic Islands,Urban streets,Side collision,220,1,1,0,0,0,1,0,0,0,0
2018,Balearic Islands,Urban streets,Rear-end collision,371,0,0,0,0,0,0,0,0,0,0
2018,Balearic Islands,Urban streets,Multiple or chain collision,30,0,0,0,0,0,0,0,0,0,0
2018,Balearic Islands,Urban streets,Collision with obstacle or road element,54,0,0,0,0,0,0,0,0,0,0
2018,Balearic Islands,Urban streets,Pedestrian struck,352,2,2,2,0,0,0,0,0,0,0
2018,Balearic Islands,Urban streets,Animal struck,2,0,0,0,0,0,0,0,0,0,0
2018,Balearic Islands,Urban streets,Overturn,6,0,0,0,0,0,0,0,0,0,0
2018,Balearic Islands,Urban streets,Fall (rider or occupant),188,1,1,0,1,0,0,0,0,0,0
2018,Balearic Islands,Urban streets,Run-off road,55,4,4,1,0,1,1,1,0,0,0
2018,Balearic Islands,Urban streets,Other crash type,57,0,0,0,0,0,0,0,0,0,0
2018,Balearic Islands,Conventional roads,Head-on collision,74,8,9,0,0,2,1,6,0,0,0
2018,Balearic Islands,Conventional roads,Head-on/side collision,215,2,2,0,0,2,0,0,0,0,0
2018,Balearic Islands,Conventional roads,Side collision,53,0,0,0,0,0,0,0,0,0,0
2018,Balearic Islands,Conventional roads,Rear-end collision,146,0,0,0,0,0,0,0,0,0,0
2018,Balearic Islands,Conventional roads,Multiple or chain collision,37,2,2,0,0,1,1,0,0,0,0
2018,Balearic Islands,Conventional roads,Collision with obstacle or road element,5,0,0,0,0,0,0,0,0,0,0
2018,Balearic Islands,Conventional roads,Pedestrian struck,27,9,9,8,1,0,0,0,0,0,0
2018,Balearic Islands,Conventional roads,Animal struck,2,0,0,0,0,0,0,0,0,0,0
2018,Balearic Islands,Conventional roads,Overturn,2,0,0,0,0,0,0,0,0,0,0
2018,Balearic Islands,Conventional roads,Fall (rider or occupant),37,1,1,0,0,0,1,0,0,0,0
2018,Balearic Islands,Conventional roads,Run-off road,225,8,9,0,1,3,4,1,0,0,0
2018,Balearic Islands,Conventional roads,Other crash type,6,2,2,0,1,1,0,0,0,0,0
2018,Balearic Islands,Dual carriageways,Head-on collision,3,0,0,0,0,0,0,0,0,0,0
2018,Balearic Islands,Dual carriageways,Head-on/side collision,43,0,0,0,0,0,0,0,0,0,0
2018,Balearic Islands,Dual carriageways,Side collision,13,0,0,0,0,0,0,0,0,0,0
2018,Balearic Islands,Dual carriageways,Rear-end collision,84,2,2,0,0,1,1,0,0,0,0
2018,Balearic Islands,Dual carriageways,Multiple or chain collision,54,1,1,0,0,1,0,0,0,0,0
2018,Balearic Islands,Dual carriageways,Collision with obstacle or road element,2,0,0,0,0,0,0,0,0,0,0
2018,Balearic Islands,Dual carriageways,Pedestrian struck,5,0,0,0,0,0,0,0,0,0,0
2018,Balearic Islands,Dual carriageways,Overturn,1,0,0,0,0,0,0,0,0,0,0
2018,Balearic Islands,Dual carriageways,Fall (rider or occupant),7,0,0,0,0,0,0,0,0,0,0
2018,Balearic Islands,Dual carriageways,Run-off road,46,0,0,0,0,0,0,0,0,0,0
2018,Balearic Islands,Dual carriageways,Other crash type,3,0,0,0,0,0,0,0,0,0,0
2018,Balearic Islands,Motorways,Head-on collision,1,1,1,0,0,0,0,1,0,0,0
2018,Balearic Islands,Motorways,Head-on/side collision,15,1,1,0,0,0,1,0,0,0,0
2018,Balearic Islands,Motorways,Side collision,14,0,0,0,0,0,0,0,0,0,0
2018,Balearic Islands,Motorways,Rear-end collision,71,0,0,0,0,0,0,0,0,0,0
2018,Balearic Islands,Motorways,Multiple or chain collision,52,0,0,0,0,0,0,0,0,0,0
2018,Balearic Islands,Motorways,Collision with obstacle or road element,5,0,0,0,0,0,0,0,0,0,0
2018,Balearic Islands,Motorways,Pedestrian struck,1,0,0,0,0,0,0,0,0,0,0
2018,Balearic Islands,Motorways,Animal struck,1,0,0,0,0,0,0,0,0,0,0
2018,Balearic Islands,Motorways,Fall (rider or occupant),9,0,0,0,0,0,0,0,0,0,0
2018,Balearic Islands,Motorways,Run-off road,43,1,1,0,0,0,1,0,0,0,0
2018,Balearic Islands,Motorways,Other crash type,1,0,0,0,0,0,0,0,0,0,0
2018,Balearic Islands,Other roads,Head-on collision,21,0,0,0,0,0,0,0,0,0,0
2018,Balearic Islands,Other roads,Head-on/side collision,36,1,1,0,1,0,0,0,0,0,0
2018,Balearic Islands,Other roads,Side collision,10,0,0,0,0,0,0,0,0,0,0
2018,Balearic Islands,Other roads,Rear-end collision,19,0,0,0,0,0,0,0,0,0,0
2018,Balearic Islands,Other roads,Multiple or chain collision,1,0,0,0,0,0,0,0,0,0,0
2018,Balearic Islands,Other roads,Collision with obstacle or road element,5,0,0,0,0,0,0,0,0,0,0
2018,Balearic Islands,Other roads,Pedestrian struck,11,0,0,0,0,0,0,0,0,0,0
2018,Balearic Islands,Other roads,Animal struck,2,0,0,0,0,0,0,0,0,0,0
2018,Balearic Islands,Other roads,Fall (rider or occupant),18,0,0,0,0,0,0,0,0,0,0
2018,Balearic Islands,Other roads,Run-off road,45,1,1,0,0,0,1,0,0,0,0
2018,Balearic Islands,Other roads,Other crash type,2,0,0,0,0,0,0,0,0,0,0
2018,Canary Islands,Urban streets,Head-on collision,42,0,0,0,0,0,0,0,0,0,0
2018,Canary Islands,Urban streets,Head-on/side collision,318,0,0,0,0,0,0,0,0,0,0
2018,Canary Islands,Urban streets,Side collision,101,2,2,0,1,1,0,0,0,0,0
2018,Canary Islands,Urban streets,Rear-end collision,271,0,0,0,0,0,0,0,0,0,0
2018,Canary Islands,Urban streets,Multiple or chain collision,33,0,0,0,0,0,0,0,0,0,0
2018,Canary Islands,Urban streets,Collision with obstacle or road element,23,0,0,0,0,0,0,0,0,0,0
2018,Canary Islands,Urban streets,Pedestrian struck,325,10,10,9,1,0,0,0,0,0,0
2018,Canary Islands,Urban streets,Animal struck,2,0,0,0,0,0,0,0,0,0,0
2018,Canary Islands,Urban streets,Overturn,9,0,0,0,0,0,0,0,0,0,0
2018,Canary Islands,Urban streets,Fall (rider or occupant),90,1,1,0,0,0,1,0,0,0,0
2018,Canary Islands,Urban streets,Run-off road,117,5,5,0,0,0,2,1,1,0,1
2018,Canary Islands,Urban streets,Other crash type,40,1,1,0,0,0,0,0,0,0,1
2018,Canary Islands,Conventional roads,Head-on collision,102,11,12,0,4,0,1,6,1,0,0
2018,Canary Islands,Conventional roads,Head-on/side collision,244,7,7,0,0,0,2,3,1,0,1
2018,Canary Islands,Conventional roads,Side collision,85,0,0,0,0,0,0,0,0,0,0
2018,Canary Islands,Conventional roads,Rear-end collision,205,0,0,0,0,0,0,0,0,0,0
2018,Canary Islands,Conventional roads,Multiple or chain collision,72,0,0,0,0,0,0,0,0,0,0
2018,Canary Islands,Conventional roads,Collision with obstacle or road element,11,0,0,0,0,0,0,0,0,0,0
2018,Canary Islands,Conventional roads,Pedestrian struck,57,4,4,4,0,0,0,0,0,0,0
2018,Canary Islands,Conventional roads,Animal struck,3,0,0,0,0,0,0,0,0,0,0
2018,Canary Islands,Conventional roads,Overturn,8,1,1,0,0,0,1,0,0,0,0
2018,Canary Islands,Conventional roads,Fall (rider or occupant),77,0,0,0,0,0,0,0,0,0,0
2018,Canary Islands,Conventional roads,Run-off road,364,10,10,0,1,0,2,6,0,1,0
2018,Canary Islands,Conventional roads,Other crash type,19,1,1,1,0,0,0,0,0,0,0
2018,Canary Islands,Dual carriageways,Head-on collision,2,0,0,0,0,0,0,0,0,0,0
2018,Canary Islands,Dual carriageways,Head-on/side collision,10,0,0,0,0,0,0,0,0,0,0
2018,Canary Islands,Dual carriageways,Side collision,27,0,0,0,0,0,0,0,0,0,0
2018,Canary Islands,Dual carriageways,Rear-end collision,83,0,0,0,0,0,0,0,0,0,0
2018,Canary Islands,Dual carriageways,Multiple or chain collision,61,0,0,0,0,0,0,0,0,0,0
2018,Canary Islands,Dual carriageways,Collision with obstacle or road element,3,0,0,0,0,0,0,0,0,0,0
2018,Canary Islands,Dual carriageways,Pedestrian struck,9,3,3,3,0,0,0,0,0,0,0
2018,Canary Islands,Dual carriageways,Animal struck,1,0,0,0,0,0,0,0,0,0,0
2018,Canary Islands,Dual carriageways,Overturn,2,0,0,0,0,0,0,0,0,0,0
2018,Canary Islands,Dual carriageways,Fall (rider or occupant),12,0,0,0,0,0,0,0,0,0,0
2018,Canary Islands,Dual carriageways,Run-off road,56,6,6,0,0,0,2,4,0,0,0
2018,Canary Islands,Dual carriageways,Other crash type,6,0,0,0,0,0,0,0,0,0,0
2018,Canary Islands,Motorways,Head-on collision,4,0,0,0,0,0,0,0,0,0,0
2018,Canary Islands,Motorways,Head-on/side collision,19,0,0,0,0,0,0,0,0,0,0
2018,Canary Islands,Motorways,Side collision,24,0,0,0,0,0,0,0,0,0,0
2018,Canary Islands,Motorways,Rear-end collision,169,0,0,0,0,0,0,0,0,0,0
2018,Canary Islands,Motorways,Multiple or chain collision,85,0,0,0,0,0,0,0,0,0,0
2018,Canary Islands,Motorways,Collision with obstacle or road element,5,0,0,0,0,0,0,0,0,0,0
2018,Canary Islands,Motorways,Pedestrian struck,4,1,1,1,0,0,0,0,0,0,0
2018,Canary Islands,Motorways,Fall (rider or occupant),11,0,0,0,0,0,0,0,0,0,0
2018,Canary Islands,Motorways,Run-off road,99,1,1,0,0,0,0,1,0,0,0
2018,Canary Islands,Motorways,Other crash type,7,0,0,0,0,0,0,0,0,0,0
2018,Canary Islands,Other roads,Head-on collision,7,0,0,0,0,0,0,0,0,0,0
2018,Canary Islands,Other roads,Head-on/side collision,24,0,0,0,0,0,0,0,0,0,0
2018,Canary Islands,Other roads,Side collision,2,0,0,0,0,0,0,0,0,0,0
2018,Canary Islands,Other roads,Rear-end collision,27,0,0,0,0,0,0,0,0,0,0
2018,Canary Islands,Other roads,Multiple or chain collision,4,0,0,0,0,0,0,0,0,0,0
2018,Canary Islands,Other roads,Collision with obstacle or road element,4,0,0,0,0,0,0,0,0,0,0
2018,Canary Islands,Other roads,Pedestrian struck,14,2,2,2,0,0,0,0,0,0,0
2018,Canary Islands,Other roads,Overturn,2,0,0,0,0,0,0,0,0,0,0
2018,Canary Islands,Other roads,Fall (rider or occupant),8,0,0,0,0,0,0,0,0,0,0
2018,Canary Islands,Other roads,Run-off road,28,1,1,0,0,0,1,0,0,0,0
2018,Canary Islands,Other roads,Other crash type,2,0,0,0,0,0,0,0,0,0,0
2018,Cantabria,Urban streets,Head-on collision,3,0,0,0,0,0,0,0,0,0,0
2018,Cantabria,Urban streets,Head-on/side collision,20,0,0,0,0,0,0,0,0,0,0
2018,Cantabria,Urban streets,Side collision,2,0,0,0,0,0,0,0,0,0,0
2018,Cantabria,Urban streets,Rear-end collision,14,0,0,0,0,0,0,0,0,0,0
2018,Cantabria,Urban streets,Collision with obstacle or road element,1,0,0,0,0,0,0,0,0,0,0
2018,Cantabria,Urban streets,Pedestrian struck,25,3,3,3,0,0,0,0,0,0,0
2018,Cantabria,Urban streets,Run-off road,13,2,3,2,0,0,1,0,0,0,0
2018,Cantabria,Urban streets,Other crash type,2,0,0,0,0,0,0,0,0,0,0
2018,Cantabria,Conventional roads,Head-on collision,25,0,0,0,0,0,0,0,0,0,0
2018,Cantabria,Conventional roads,Head-on/side collision,56,1,1,0,0,1,0,0,0,0,0
2018,Cantabria,Conventional roads,Side collision,20,0,0,0,0,0,0,0,0,0,0
2018,Cantabria,Conventional roads,Rear-end collision,36,0,0,0,0,0,0,0,0,0,0
2018,Cantabria,Conventional roads,Multiple or chain collision,16,0,0,0,0,0,0,0,0,0,0
2018,Cantabria,Conventional roads,Collision with obstacle or road element,7,0,0,0,0,0,0,0,0,0,0
2018,Cantabria,Conventional roads,Pedestrian struck,20,1,1,1,0,0,0,0,0,0,0
2018,Cantabria,Conventional roads,Animal struck,9,0,0,0,0,0,0,0,0,0,0
2018,Cantabria,Conventional roads,Overturn,3,0,0,0,0,0,0,0,0,0,0
2018,Cantabria,Conventional roads,Fall (rider or occupant),17,0,0,0,0,0,0,0,0,0,0
2018,Cantabria,Conventional roads,Run-off road,76,6,7,0,1,0,1,5,0,0,0
2018,Cantabria,Conventional roads,Other crash type,4,0,0,0,0,0,0,0,0,0,0
2018,Cantabria,Dual carriageways,Head-on collision,2,1,3,0,0,0,0,3,0,0,0
2018,Cantabria,Dual carriageways,Head-on/side collision,5,0,0,0,0,0,0,0,0,0,0
2018,Cantabria,Dual carriageways,Side collision,24,0,0,0,0,0,0,0,0,0,0
2018,Cantabria,Dual carriageways,Rear-end collision,71,1,1,0,0,0,0,1,0,0,0
2018,Cantabria,Dual carriageways,Multiple or chain collision,26,0,0,0,0,0,0,0,0,0,0
2018,Cantabria,Dual carriageways,Collision with obstacle or road element,1,0,0,0,0,0,0,0,0,0,0
2018,Cantabria,Dual carriageways,Pedestrian struck,3,2,2,2,0,0,0,0,0,0,0
2018,Cantabria,Dual carriageways,Animal struck,3,1,1,0,0,0,0,1,0,0,0
2018,Cantabria,Dual carriageways,Fall (rider or occupant),5,0,0,0,0,0,0,0,0,0,0
2018,Cantabria,Dual carriageways,Run-off road,86,1,1,0,0,0,0,1,0,0,0
2018,Cantabria,Dual carriageways,Other crash type,3,0,0,0,0,0,0,0,0,0,0
2018,Cantabria,Other roads,Head-on collision,3,0,0,0,0,0,0,0,0,0,0
2018,Cantabria,Other roads,Head-on/side collision,8,0,0,0,0,0,0,0,0,0,0
2018,Cantabria,Other roads,Side collision,4,0,0,0,0,0,0,0,0,0,0
2018,Cantabria,Other roads,Collision with obstacle or road element,1,0,0,0,0,0,0,0,0,0,0
2018,Cantabria,Other roads,Pedestrian struck,5,0,0,0,0,0,0,0,0,0,0
2018,Cantabria,Other roads,Fall (rider or occupant),2,0,0,0,0,0,0,0,0,0,0
2018,Cantabria,Other roads,Run-off road,5,0,0,0,0,0,0,0,0,0,0
2018,Cantabria,Other roads,Other crash type,2,0,0,0,0,0,0,0,0,0,0
2018,Castile and León,Urban streets,Head-on collision,39,1,1,0,1,0,0,0,0,0,0
2018,Castile and León,Urban streets,Head-on/side collision,396,2,2,0,0,0,2,0,0,0,0
2018,Castile and León,Urban streets,Side collision,105,0,0,0,0,0,0,0,0,0,0
2018,Castile and León,Urban streets,Rear-end collision,269,2,2,0,0,0,1,1,0,0,0
2018,Castile and León,Urban streets,Multiple or chain collision,29,0,0,0,0,0,0,0,0,0,0
2018,Castile and León,Urban streets,Collision with obstacle or road element,31,1,1,0,0,0,0,1,0,0,0
2018,Castile and León,Urban streets,Pedestrian struck,625,17,17,17,0,0,0,0,0,0,0
2018,Castile and León,Urban streets,Overturn,8,0,0,0,0,0,0,0,0,0,0
2018,Castile and León,Urban streets,Fall (rider or occupant),132,1,1,0,0,0,1,0,0,0,0
2018,Castile and León,Urban streets,Run-off road,110,4,4,0,1,0,1,2,0,0,0
2018,Castile and León,Urban streets,Other crash type,52,0,0,0,0,0,0,0,0,0,0
2018,Castile and León,Conventional roads,Head-on collision,77,19,26,0,0,0,2,15,6,3,0
2018,Castile and León,Conventional roads,Head-on/side collision,273,16,18,0,1,0,2,12,3,0,0
2018,Castile and León,Conventional roads,Side collision,44,1,1,0,1,0,0,0,0,0,0
2018,Castile and León,Conventional roads,Rear-end collision,156,2,2,0,1,0,1,0,0,0,0
2018,Castile and León,Conventional roads,Multiple or chain collision,17,1,1,0,0,0,0,1,0,0,0
2018,Castile and León,Conventional roads,Collision with obstacle or road element,13,0,0,0,0,0,0,0,0,0,0
2018,Castile and León,Conventional roads,Pedestrian struck,51,10,10,9,1,0,0,0,0,0,0
2018,Castile and León,Conventional roads,Animal struck,62,0,0,0,0,0,0,0,0,0,0
2018,Castile and León,Conventional roads,Overturn,5,1,1,0,0,0,0,0,0,1,0
2018,Castile and León,Conventional roads,Fall (rider or occupant),68,1,1,0,1,0,0,0,0,0,0
2018,Castile and León,Conventional roads,Run-off road,820,29,31,1,0,1,6,18,2,3,0
2018,Castile and León,Conventional roads,Other crash type,28,1,2,0,2,0,0,0,0,0,0
2018,Castile and León,Dual carriageways,Head-on collision,4,3,3,0,0,0,1,1,1,0,0
2018,Castile and León,Dual carriageways,Head-on/side collision,12,3,3,0,0,0,0,3,0,0,0
2018,Castile and León,Dual carriageways,Side collision,29,1,1,0,0,0,0,1,0,0,0
2018,Castile and León,Dual carriageways,Rear-end collision,142,8,8,0,0,0,2,3,1,2,0
2018,Castile and León,Dual carriageways,Multiple or chain collision,23,0,0,0,0,0,0,0,0,0,0
2018,Castile and León,Dual carriageways,Collision with obstacle or road element,14,1,1,0,0,0,0,0,1,0,0
2018,Castile and León,Dual carriageways,Pedestrian struck,5,3,3,2,0,0,0,1,0,0,0
2018,Castile and León,Dual carriageways,Animal struck,6,0,0,0,0,0,0,0,0,0,0
2018,Castile and León,Dual carriageways,Overturn,5,0,0,0,0,0,0,0,0,0,0
2018,Castile and León,Dual carriageways,Fall (rider or occupant),10,0,0,0,0,0,0,0,0,0,0
2018,Castile and León,Dual carriageways,Run-off road,314,22,24,0,0,0,5,17,2,0,0
2018,Castile and León,Dual carriageways,Other crash type,8,0,0,0,0,0,0,0,0,0,0
2018,Castile and León,Motorways,Head-on/side collision,5,0,0,0,0,0,0,0,0,0,0
2018,Castile and León,Motorways,Side collision,3,0,0,0,0,0,0,0,0,0,0
2018,Castile and León,Motorways,Rear-end collision,7,0,0,0,0,0,0,0,0,0,0
2018,Castile and León,Motorways,Multiple or chain collision,4,1,1,0,0,0,0,1,0,0,0
2018,Castile and León,Motorways,Collision with obstacle or road element,3,0,0,0,0,0,0,0,0,0,0
2018,Castile and León,Motorways,Overturn,2,0,0,0,0,0,0,0,0,0,0
2018,Castile and León,Motorways,Run-off road,34,3,4,0,0,0,0,4,0,0,0
2018,Castile and León,Motorways,Other crash type,1,1,1,1,0,0,0,0,0,0,0
2018,Castile and León,Other roads,Head-on collision,8,1,1,0,0,0,0,1,0,0,0
2018,Castile and León,Other roads,Head-on/side collision,27,2,2,0,0,1,0,0,0,0,1
2018,Castile and León,Other roads,Side collision,8,0,0,0,0,0,0,0,0,0,0
2018,Castile and León,Other roads,Rear-end collision,18,0,0,0,0,0,0,0,0,0,0
2018,Castile and León,Other roads,Multiple or chain collision,1,0,0,0,0,0,0,0,0,0,0
2018,Castile and León,Other roads,Collision with obstacle or road element,3,0,0,0,0,0,0,0,0,0,0
2018,Castile and León,Other roads,Pedestrian struck,25,1,1,1,0,0,0,0,0,0,0
2018,Castile and León,Other roads,Animal struck,3,0,0,0,0,0,0,0,0,0,0
2018,Castile and León,Other roads,Overturn,5,0,0,0,0,0,0,0,0,0,0
2018,Castile and León,Other roads,Fall (rider or occupant),41,0,0,0,0,0,0,0,0,0,0
2018,Castile and León,Other roads,Run-off road,78,2,2,0,0,0,0,1,1,0,0
2018,Castile and León,Other roads,Other crash type,6,0,0,0,0,0,0,0,0,0,0
2018,Castile-La Mancha,Urban streets,Head-on collision,26,0,0,0,0,0,0,0,0,0,0
2018,Castile-La Mancha,Urban streets,Head-on/side collision,296,0,0,0,0,0,0,0,0,0,0
2018,Castile-La Mancha,Urban streets,Side collision,73,0,0,0,0,0,0,0,0,0,0
2018,Castile-La Mancha,Urban streets,Rear-end collision,113,0,0,0,0,0,0,0,0,0,0
2018,Castile-La Mancha,Urban streets,Multiple or chain collision,11,0,0,0,0,0,0,0,0,0,0
2018,Castile-La Mancha,Urban streets,Collision with obstacle or road element,17,0,0,0,0,0,0,0,0,0,0
2018,Castile-La Mancha,Urban streets,Pedestrian struck,232,4,4,4,0,0,0,0,0,0,0
2018,Castile-La Mancha,Urban streets,Overturn,5,0,0,0,0,0,0,0,0,0,0
2018,Castile-La Mancha,Urban streets,Fall (rider or occupant),66,0,0,0,0,0,0,0,0,0,0
2018,Castile-La Mancha,Urban streets,Run-off road,52,3,3,0,0,0,0,3,0,0,0
2018,Castile-La Mancha,Urban streets,Other crash type,36,0,0,0,0,0,0,0,0,0,0
2018,Castile-La Mancha,Conventional roads,Head-on collision,58,15,17,0,0,0,2,12,1,1,1
2018,Castile-La Mancha,Conventional roads,Head-on/side collision,110,4,4,0,0,2,0,2,0,0,0
2018,Castile-La Mancha,Conventional roads,Side collision,26,1,1,0,0,0,0,1,0,0,0
2018,Castile-La Mancha,Conventional roads,Rear-end collision,108,3,3,0,1,0,0,1,0,0,1
2018,Castile-La Mancha,Conventional roads,Multiple or chain collision,17,1,1,0,0,0,0,1,0,0,0
2018,Castile-La Mancha,Conventional roads,Collision with obstacle or road element,8,0,0,0,0,0,0,0,0,0,0
2018,Castile-La Mancha,Conventional roads,Pedestrian struck,16,3,3,3,0,0,0,0,0,0,0
2018,Castile-La Mancha,Conventional roads,Animal struck,25,1,1,0,0,0,0,1,0,0,0
2018,Castile-La Mancha,Conventional roads,Overturn,8,0,0,0,0,0,0,0,0,0,0
2018,Castile-La Mancha,Conventional roads,Fall (rider or occupant),30,1,1,0,0,0,1,0,0,0,0
2018,Castile-La Mancha,Conventional roads,Run-off road,520,28,30,1,0,0,4,19,6,0,0
2018,Castile-La Mancha,Conventional roads,Other crash type,4,0,0,0,0,0,0,0,0,0,0
2018,Castile-La Mancha,Dual carriageways,Head-on collision,1,0,0,0,0,0,0,0,0,0,0
2018,Castile-La Mancha,Dual carriageways,Head-on/side collision,16,0,0,0,0,0,0,0,0,0,0
2018,Castile-La Mancha,Dual carriageways,Side collision,18,0,0,0,0,0,0,0,0,0,0
2018,Castile-La Mancha,Dual carriageways,Rear-end collision,159,3,3,0,0,0,0,2,1,0,0
2018,Castile-La Mancha,Dual carriageways,Multiple or chain collision,48,1,1,0,0,0,0,1,0,0,0
2018,Castile-La Mancha,Dual carriageways,Collision with obstacle or road element,8,1,2,0,0,0,0,2,0,0,0
2018,Castile-La Mancha,Dual carriageways,Pedestrian struck,4,3,3,3,0,0,0,0,0,0,0
2018,Castile-La Mancha,Dual carriageways,Animal struck,3,0,0,0,0,0,0,0,0,0,0
2018,Castile-La Mancha,Dual carriageways,Overturn,4,0,0,0,0,0,0,0,0,0,0
2018,Castile-La Mancha,Dual carriageways,Fall (rider or occupant),8,0,0,0,0,0,0,0,0,0,0
2018,Castile-La Mancha,Dual carriageways,Run-off road,224,6,7,0,0,0,1,4,2,0,0
2018,Castile-La Mancha,Dual carriageways,Other crash type,7,0,0,0,0,0,0,0,0,0,0
2018,Castile-La Mancha,Motorways,Rear-end collision,1,0,0,0,0,0,0,0,0,0,0
2018,Castile-La Mancha,Motorways,Collision with obstacle or road element,1,0,0,0,0,0,0,0,0,0,0
2018,Castile-La Mancha,Motorways,Run-off road,5,1,1,0,0,0,0,1,0,0,0
2018,Castile-La Mancha,Other roads,Head-on collision,10,2,2,0,0,0,0,1,0,0,1
2018,Castile-La Mancha,Other roads,Head-on/side collision,14,3,5,0,0,0,0,4,0,1,0
2018,Castile-La Mancha,Other roads,Side collision,6,0,0,0,0,0,0,0,0,0,0
2018,Castile-La Mancha,Other roads,Rear-end collision,2,1,1,0,1,0,0,0,0,0,0
2018,Castile-La Mancha,Other roads,Collision with obstacle or road element,3,0,0,0,0,0,0,0,0,0,0
2018,Castile-La Mancha,Other roads,Pedestrian struck,9,1,1,1,0,0,0,0,0,0,0
2018,Castile-La Mancha,Other roads,Animal struck,3,0,0,0,0,0,0,0,0,0,0
2018,Castile-La Mancha,Other roads,Overturn,5,0,0,0,0,0,0,0,0,0,0
2018,Castile-La Mancha,Other roads,Fall (rider or occupant),12,0,0,0,0,0,0,0,0,0,0
2018,Castile-La Mancha,Other roads,Run-off road,64,5,5,0,0,0,0,2,0,1,2
2018,Castile-La Mancha,Other roads,Other crash type,2,1,1,0,0,0,0,0,1,0,0
2018,Catalonia,Urban streets,Head-on collision,344,1,1,0,0,0,1,0,0,0,0
2018,Catalonia,Urban streets,Head-on/side collision,4073,12,12,0,1,1,8,2,0,0,0
2018,Catalonia,Urban streets,Side collision,2909,0,0,0,0,0,0,0,0,0,0
2018,Catalonia,Urban streets,Rear-end collision,1422,3,3,0,1,0,1,1,0,0,0
2018,Catalonia,Urban streets,Collision with obstacle or road element,539,10,10,0,0,2,6,2,0,0,0
2018,Catalonia,Urban streets,Pedestrian struck,2905,41,43,38,0,0,2,3,0,0,0
2018,Catalonia,Urban streets,Overturn,1867,5,5,1,0,2,1,1,0,0,0
2018,Catalonia,Urban streets,Run-off road,412,5,5,0,0,1,1,2,0,0,1
2018,Catalonia,Urban streets,Other crash type,2562,14,14,3,0,0,5,5,1,0,0
2018,Catalonia,Dual carriageways,Head-on collision,427,40,47,0,0,0,9,32,5,1,0
2018,Catalonia,Dual carriageways,Head-on/side collision,964,25,31,0,2,0,8,18,2,0,1
2018,Catalonia,Dual carriageways,Side collision,836,5,5,0,0,0,4,1,0,0,0
2018,Catalonia,Dual carriageways,Rear-end collision,1890,11,12,0,0,0,1,6,3,0,2
2018,Catalonia,Dual carriageways,Collision with obstacle or road element,242,7,8,0,0,1,2,5,0,0,0
2018,Catalonia,Dual carriageways,Pedestrian struck,239,19,20,20,0,0,0,0,0,0,0
2018,Catalonia,Dual carriageways,Overturn,797,9,9,0,1,0,8,0,0,0,0
2018,Catalonia,Dual carriageways,Run-off road,2123,54,62,0,0,2,11,37,4,2,6
2018,Catalonia,Dual carriageways,Other crash type,779,10,11,0,0,0,1,9,0,0,1
2018,Catalonia,Motorways,Head-on collision,6,2,3,0,0,0,0,3,0,0,0
2018,Catalonia,Motorways,Head-on/side collision,62,0,0,0,0,0,0,0,0,0,0
2018,Catalonia,Motorways,Side collision,208,1,1,0,0,0,1,0,0,0,0
2018,Catalonia,Motorways,Rear-end collision,675,5,7,0,0,0,1,5,1,0,0
2018,Catalonia,Motorways,Collision with obstacle or road element,88,1,1,0,0,0,1,0,0,0,0
2018,Catalonia,Motorways,Pedestrian struck,8,4,4,4,0,0,0,0,0,0,0
2018,Catalonia,Motorways,Overturn,112,0,0,0,0,0,0,0,0,0,0
2018,Catalonia,Motorways,Run-off road,296,8,9,0,0,0,1,3,0,5,0
2018,Catalonia,Motorways,Other crash type,113,3,3,0,0,0,0,3,0,0,0
2018,Catalonia,Other roads,Head-on collision,1,0,0,0,0,0,0,0,0,0,0
2018,Catalonia,Other roads,Overturn,5,0,0,0,0,0,0,0,0,0,0
2018,Catalonia,Other roads,Run-off road,3,0,0,0,0,0,0,0,0,0,0
2018,Valencian Community,Urban streets,Head-on collision,98,0,0,0,0,0,0,0,0,0,0
2018,Valencian Community,Urban streets,Head-on/side collision,1253,4,4,0,0,1,3,0,0,0,0
2018,Valencian Community,Urban streets,Side collision,358,0,0,0,0,0,0,0,0,0,0
2018,Valencian Community,Urban streets,Rear-end collision,660,2,2,0,0,1,1,0,0,0,0
2018,Valencian Community,Urban streets,Multiple or chain collision,87,1,1,0,0,0,0,0,0,0,1
2018,Valencian Community,Urban streets,Collision with obstacle or road element,90,3,3,0,1,0,1,1,0,0,0
2018,Valencian Community,Urban streets,Pedestrian struck,868,15,15,15,0,0,0,0,0,0,0
2018,Valencian Community,Urban streets,Animal struck,4,0,0,0,0,0,0,0,0,0,0
2018,Valencian Community,Urban streets,Overturn,4,0,0,0,0,0,0,0,0,0,0
2018,Valencian Community,Urban streets,Fall (rider or occupant),544,1,1,0,0,0,0,0,0,1,0
2018,Valencian Community,Urban streets,Run-off road,156,10,10,0,1,0,5,2,1,0,1
2018,Valencian Community,Urban streets,Other crash type,132,0,0,0,0,0,0,0,0,0,0
2018,Valencian Community,Conventional roads,Head-on collision,125,21,23,0,0,0,6,14,3,0,0
2018,Valencian Community,Conventional roads,Head-on/side collision,302,11,11,0,2,1,3,4,0,0,1
2018,Valencian Community,Conventional roads,Side collision,131,4,5,0,1,0,4,0,0,0,0
2018,Valencian Community,Conventional roads,Rear-end collision,353,7,7,0,3,0,3,1,0,0,0
2018,Valencian Community,Conventional roads,Multiple or chain collision,73,2,2,0,0,0,0,1,0,1,0
2018,Valencian Community,Conventional roads,Collision with obstacle or road element,21,0,0,0,0,0,0,0,0,0,0
2018,Valencian Community,Conventional roads,Pedestrian struck,38,4,4,4,0,0,0,0,0,0,0
2018,Valencian Community,Conventional roads,Animal struck,30,2,2,0,0,0,1,1,0,0,0
2018,Valencian Community,Conventional roads,Overturn,37,0,0,0,0,0,0,0,0,0,0
2018,Valencian Community,Conventional roads,Fall (rider or occupant),113,2,2,0,0,0,2,0,0,0,0
2018,Valencian Community,Conventional roads,Run-off road,641,21,22,0,0,1,7,9,4,1,0
2018,Valencian Community,Conventional roads,Other crash type,8,0,0,0,0,0,0,0,0,0,0
2018,Valencian Community,Dual carriageways,Head-on collision,14,3,5,0,0,0,0,4,1,0,0
2018,Valencian Community,Dual carriageways,Head-on/side collision,124,0,0,0,0,0,0,0,0,0,0
2018,Valencian Community,Dual carriageways,Side collision,134,2,2,0,1,0,1,0,0,0,0
2018,Valencian Community,Dual carriageways,Rear-end collision,531,4,4,0,0,1,0,2,0,1,0
2018,Valencian Community,Dual carriageways,Multiple or chain collision,147,1,1,0,0,0,0,0,0,1,0
2018,Valencian Community,Dual carriageways,Collision with obstacle or road element,34,1,1,0,0,0,0,0,0,1,0
2018,Valencian Community,Dual carriageways,Pedestrian struck,23,14,14,14,0,0,0,0,0,0,0
2018,Valencian Community,Dual carriageways,Animal struck,7,0,0,0,0,0,0,0,0,0,0
2018,Valencian Community,Dual carriageways,Overturn,17,0,0,0,0,0,0,0,0,0,0
2018,Valencian Community,Dual carriageways,Fall (rider or occupant),39,0,0,0,0,0,0,0,0,0,0
2018,Valencian Community,Dual carriageways,Run-off road,406,11,11,0,0,0,3,6,0,2,0
2018,Valencian Community,Dual carriageways,Other crash type,14,2,2,1,1,0,0,0,0,0,0
2018,Valencian Community,Motorways,Head-on collision,1,0,0,0,0,0,0,0,0,0,0
2018,Valencian Community,Motorways,Head-on/side collision,7,0,0,0,0,0,0,0,0,0,0
2018,Valencian Community,Motorways,Side collision,8,0,0,0,0,0,0,0,0,0,0
2018,Valencian Community,Motorways,Rear-end collision,25,1,1,0,0,0,0,1,0,0,0
2018,Valencian Community,Motorways,Multiple or chain collision,3,0,0,0,0,0,0,0,0,0,0
2018,Valencian Community,Motorways,Collision with obstacle or road element,3,0,0,0,0,0,0,0,0,0,0
2018,Valencian Community,Motorways,Pedestrian struck,4,2,4,2,0,0,0,2,0,0,0
2018,Valencian Community,Motorways,Overturn,2,0,0,0,0,0,0,0,0,0,0
2018,Valencian Community,Motorways,Run-off road,78,5,6,0,0,0,1,4,0,1,0
2018,Valencian Community,Motorways,Other crash type,1,0,0,0,0,0,0,0,0,0,0
2018,Valencian Community,Other roads,Head-on collision,45,3,3,0,0,0,2,1,0,0,0
2018,Valencian Community,Other roads,Head-on/side collision,85,1,1,0,1,0,0,0,0,0,0
2018,Valencian Community,Other roads,Side collision,18,0,0,0,0,0,0,0,0,0,0
2018,Valencian Community,Other roads,Rear-end collision,46,0,0,0,0,0,0,0,0,0,0
2018,Valencian Community,Other roads,Multiple or chain collision,1,0,0,0,0,0,0,0,0,0,0
2018,Valencian Community,Other roads,Collision with obstacle or road element,10,1,1,0,0,0,1,0,0,0,0
2018,Valencian Community,Other roads,Pedestrian struck,34,2,2,2,0,0,0,0,0,0,0
2018,Valencian Community,Other roads,Animal struck,2,0,0,0,0,0,0,0,0,0,0
2018,Valencian Community,Other roads,Overturn,8,0,0,0,0,0,0,0,0,0,0
2018,Valencian Community,Other roads,Fall (rider or occupant),49,1,1,0,0,0,1,0,0,0,0
2018,Valencian Community,Other roads,Run-off road,124,10,10,0,0,0,2,5,1,0,2
2018,Valencian Community,Other roads,Other crash type,16,0,0,0,0,0,0,0,0,0,0
2018,Extremadura,Urban streets,Head-on collision,15,0,0,0,0,0,0,0,0,0,0
2018,Extremadura,Urban streets,Head-on/side collision,191,0,0,0,0,0,0,0,0,0,0
2018,Extremadura,Urban streets,Side collision,44,0,0,0,0,0,0,0,0,0,0
2018,Extremadura,Urban streets,Rear-end collision,118,0,0,0,0,0,0,0,0,0,0
2018,Extremadura,Urban streets,Multiple or chain collision,14,0,0,0,0,0,0,0,0,0,0
2018,Extremadura,Urban streets,Collision with obstacle or road element,14,0,0,0,0,0,0,0,0,0,0
2018,Extremadura,Urban streets,Pedestrian struck,189,5,5,5,0,0,0,0,0,0,0
2018,Extremadura,Urban streets,Animal struck,1,0,0,0,0,0,0,0,0,0,0
2018,Extremadura,Urban streets,Overturn,1,0,0,0,0,0,0,0,0,0,0
2018,Extremadura,Urban streets,Fall (rider or occupant),60,2,2,0,1,0,1,0,0,0,0
2018,Extremadura,Urban streets,Run-off road,51,2,2,0,0,0,0,2,0,0,0
2018,Extremadura,Urban streets,Other crash type,12,0,0,0,0,0,0,0,0,0,0
2018,Extremadura,Conventional roads,Head-on collision,26,7,8,0,1,0,0,7,0,0,0
2018,Extremadura,Conventional roads,Head-on/side collision,80,4,4,0,0,0,0,4,0,0,0
2018,Extremadura,Conventional roads,Side collision,11,0,0,0,0,0,0,0,0,0,0
2018,Extremadura,Conventional roads,Rear-end collision,62,0,0,0,0,0,0,0,0,0,0
2018,Extremadura,Conventional roads,Multiple or chain collision,4,0,0,0,0,0,0,0,0,0,0
2018,Extremadura,Conventional roads,Collision with obstacle or road element,4,0,0,0,0,0,0,0,0,0,0
2018,Extremadura,Conventional roads,Pedestrian struck,19,2,2,2,0,0,0,0,0,0,0
2018,Extremadura,Conventional roads,Animal struck,17,0,0,0,0,0,0,0,0,0,0
2018,Extremadura,Conventional roads,Overturn,1,0,0,0,0,0,0,0,0,0,0
2018,Extremadura,Conventional roads,Fall (rider or occupant),9,0,0,0,0,0,0,0,0,0,0
2018,Extremadura,Conventional roads,Run-off road,288,14,14,0,0,1,3,8,1,1,0
2018,Extremadura,Conventional roads,Other crash type,6,0,0,0,0,0,0,0,0,0,0
2018,Extremadura,Dual carriageways,Head-on collision,1,0,0,0,0,0,0,0,0,0,0
2018,Extremadura,Dual carriageways,Head-on/side collision,2,0,0,0,0,0,0,0,0,0,0
2018,Extremadura,Dual carriageways,Side collision,2,0,0,0,0,0,0,0,0,0,0
2018,Extremadura,Dual carriageways,Rear-end collision,36,0,0,0,0,0,0,0,0,0,0
2018,Extremadura,Dual carriageways,Multiple or chain collision,5,0,0,0,0,0,0,0,0,0,0
2018,Extremadura,Dual carriageways,Collision with obstacle or road element,7,0,0,0,0,0,0,0,0,0,0
2018,Extremadura,Dual carriageways,Pedestrian struck,3,2,2,2,0,0,0,0,0,0,0
2018,Extremadura,Dual carriageways,Animal struck,2,0,0,0,0,0,0,0,0,0,0
2018,Extremadura,Dual carriageways,Overturn,1,0,0,0,0,0,0,0,0,0,0
2018,Extremadura,Dual carriageways,Run-off road,48,5,6,0,0,0,1,3,2,0,0
2018,Extremadura,Dual carriageways,Other crash type,1,0,0,0,0,0,0,0,0,0,0
2018,Extremadura,Other roads,Head-on collision,6,1,1,0,0,0,1,0,0,0,0
2018,Extremadura,Other roads,Head-on/side collision,11,0,0,0,0,0,0,0,0,0,0
2018,Extremadura,Other roads,Side collision,4,0,0,0,0,0,0,0,0,0,0
2018,Extremadura,Other roads,Rear-end collision,11,0,0,0,0,0,0,0,0,0,0
2018,Extremadura,Other roads,Multiple or chain collision,2,0,0,0,0,0,0,0,0,0,0
2018,Extremadura,Other roads,Collision with obstacle or road element,3,0,0,0,0,0,0,0,0,0,0
2018,Extremadura,Other roads,Pedestrian struck,13,1,1,0,1,0,0,0,0,0,0
2018,Extremadura,Other roads,Animal struck,1,0,0,0,0,0,0,0,0,0,0
2018,Extremadura,Other roads,Fall (rider or occupant),10,0,0,0,0,0,0,0,0,0,0
2018,Extremadura,Other roads,Run-off road,48,4,4,0,0,0,1,3,0,0,0
2018,Extremadura,Other roads,Other crash type,1,0,0,0,0,0,0,0,0,0,0
2018,Galicia,Urban streets,Head-on collision,51,0,0,0,0,0,0,0,0,0,0
2018,Galicia,Urban streets,Head-on/side collision,294,3,3,0,0,0,2,1,0,0,0
2018,Galicia,Urban streets,Side collision,76,1,1,0,0,0,1,0,0,0,0
2018,Galicia,Urban streets,Rear-end collision,177,0,0,0,0,0,0,0,0,0,0
2018,Galicia,Urban streets,Multiple or chain collision,30,0,0,0,0,0,0,0,0,0,0
2018,Galicia,Urban streets,Collision with obstacle or road element,42,0,0,0,0,0,0,0,0,0,0
2018,Galicia,Urban streets,Pedestrian struck,475,9,9,9,0,0,0,0,0,0,0
2018,Galicia,Urban streets,Animal struck,1,0,0,0,0,0,0,0,0,0,0
2018,Galicia,Urban streets,Overturn,2,0,0,0,0,0,0,0,0,0,0
2018,Galicia,Urban streets,Fall (rider or occupant),68,2,2,0,0,0,2,0,0,0,0
2018,Galicia,Urban streets,Run-off road,110,2,2,0,0,0,1,0,1,0,0
2018,Galicia,Urban streets,Other crash type,44,0,0,0,0,0,0,0,0,0,0
2018,Galicia,Conventional roads,Head-on collision,178,22,23,0,0,1,0,19,3,0,0
2018,Galicia,Conventional roads,Head-on/side collision,477,17,17,0,1,0,7,7,1,0,1
2018,Galicia,Conventional roads,Side collision,93,3,3,0,0,1,2,0,0,0,0
2018,Galicia,Conventional roads,Rear-end collision,276,5,5,0,0,1,1,1,0,0,2
2018,Galicia,Conventional roads,Multiple or chain collision,64,0,0,0,0,0,0,0,0,0,0
2018,Galicia,Conventional roads,Collision with obstacle or road element,10,0,0,0,0,0,0,0,0,0,0
2018,Galicia,Conventional roads,Pedestrian struck,155,16,16,16,0,0,0,0,0,0,0
2018,Galicia,Conventional roads,Animal struck,39,0,0,0,0,0,0,0,0,0,0
2018,Galicia,Conventional roads,Overturn,8,0,0,0,0,0,0,0,0,0,0
2018,Galicia,Conventional roads,Fall (rider or occupant),66,1,1,0,0,0,1,0,0,0,0
2018,Galicia,Conventional roads,Run-off road,865,33,35,0,1,0,6,24,3,0,1
2018,Galicia,Conventional roads,Other crash type,32,0,0,0,0,0,0,0,0,0,0
2018,Galicia,Dual carriageways,Head-on collision,4,2,2,0,0,0,1,1,0,0,0
2018,Galicia,Dual carriageways,Head-on/side collision,17,0,0,0,0,0,0,0,0,0,0
2018,Galicia,Dual carriageways,Side collision,11,0,0,0,0,0,0,0,0,0,0
2018,Galicia,Dual carriageways,Rear-end collision,103,2,2,0,0,0,0,0,1,0,1
2018,Galicia,Dual carriageways,Multiple or chain collision,41,0,0,0,0,0,0,0,0,0,0
2018,Galicia,Dual carriageways,Collision with obstacle or road element,4,0,0,0,0,0,0,0,0,0,0
2018,Galicia,Dual carriageways,Pedestrian struck,9,4,4,4,0,0,0,0,0,0,0
2018,Galicia,Dual carriageways,Animal struck,9,0,0,0,0,0,0,0,0,0,0
2018,Galicia,Dual carriageways,Overturn,1,0,0,0,0,0,0,0,0,0,0
2018,Galicia,Dual carriageways,Fall (rider or occupant),8,0,0,0,0,0,0,0,0,0,0
2018,Galicia,Dual carriageways,Run-off road,186,5,6,0,0,0,0,6,0,0,0
2018,Galicia,Dual carriageways,Other crash type,5,0,0,0,0,0,0,0,0,0,0
2018,Galicia,Motorways,Head-on collision,1,0,0,0,0,0,0,0,0,0,0
2018,Galicia,Motorways,Head-on/side collision,7,0,0,0,0,0,0,0,0,0,0
2018,Galicia,Motorways,Side collision,7,0,0,0,0,0,0,0,0,0,0
2018,Galicia,Motorways,Rear-end collision,31,4,4,1,0,0,1,1,0,1,0
2018,Galicia,Motorways,Multiple or chain collision,10,0,0,0,0,0,0,0,0,0,0
2018,Galicia,Motorways,Collision with obstacle or road element,1,0,0,0,0,0,0,0,0,0,0
2018,Galicia,Motorways,Pedestrian struck,2,1,1,1,0,0,0,0,0,0,0
2018,Galicia,Motorways,Animal struck,2,0,0,0,0,0,0,0,0,0,0
2018,Galicia,Motorways,Fall (rider or occupant),1,0,0,0,0,0,0,0,0,0,0
2018,Galicia,Motorways,Run-off road,70,0,0,0,0,0,0,0,0,0,0
2018,Galicia,Motorways,Other crash type,3,0,0,0,0,0,0,0,0,0,0
2018,Galicia,Other roads,Head-on collision,24,0,0,0,0,0,0,0,0,0,0
2018,Galicia,Other roads,Head-on/side collision,48,0,0,0,0,0,0,0,0,0,0
2018,Galicia,Other roads,Side collision,7,0,0,0,0,0,0,0,0,0,0
2018,Galicia,Other roads,Rear-end collision,11,0,0,0,0,0,0,0,0,0,0
2018,Galicia,Other roads,Multiple or chain collision,1,0,0,0,0,0,0,0,0,0,0
2018,Galicia,Other roads,Collision with obstacle or road element,5,0,0,0,0,0,0,0,0,0,0
2018,Galicia,Other roads,Pedestrian struck,29,1,1,1,0,0,0,0,0,0,0
2018,Galicia,Other roads,Animal struck,1,0,0,0,0,0,0,0,0,0,0
2018,Galicia,Other roads,Overturn,1,0,0,0,0,0,0,0,0,0,0
2018,Galicia,Other roads,Fall (rider or occupant),9,0,0,0,0,0,0,0,0,0,0
2018,Galicia,Other roads,Run-off road,72,6,7,0,0,0,0,4,0,0,3
2018,Galicia,Other roads,Other crash type,6,0,0,0,0,0,0,0,0,0,0
2018,Madrid,Urban streets,Head-on collision,34,0,0,0,0,0,0,0,0,0,0
2018,Madrid,Urban streets,Head-on/side collision,3250,6,6,0,0,0,4,2,0,0,0
2018,Madrid,Urban streets,Side collision,163,0,0,0,0,0,0,0,0,0,0
2018,Madrid,Urban streets,Rear-end collision,3258,6,6,0,1,1,3,1,0,0,0
2018,Madrid,Urban streets,Multiple or chain collision,590,3,4,0,0,0,4,0,0,0,0
2018,Madrid,Urban streets,Collision with obstacle or road element,599,7,8,0,0,0,3,5,0,0,0
2018,Madrid,Urban streets,Pedestrian struck,2364,32,32,32,0,0,0,0,0,0,0
2018,Madrid,Urban streets,Animal struck,3,0,0,0,0,0,0,0,0,0,0
2018,Madrid,Urban streets,Overturn,45,0,0,0,0,0,0,0,0,0,0
2018,Madrid,Urban streets,Fall (rider or occupant),1939,2,2,0,0,0,1,0,0,1,0
2018,Madrid,Urban streets,Run-off road,117,2,2,0,0,0,0,2,0,0,0
2018,Madrid,Urban streets,Other crash type,261,0,0,0,0,0,0,0,0,0,0
2018,Madrid,Conventional roads,Head-on collision,66,5,5,0,0,0,1,4,0,0,0
2018,Madrid,Conventional roads,Head-on/side collision,150,2,2,0,0,0,0,2,0,0,0
2018,Madrid,Conventional roads,Side collision,63,0,0,0,0,0,0,0,0,0,0
2018,Madrid,Conventional roads,Rear-end collision,144,0,0,0,0,0,0,0,0,0,0
2018,Madrid,Conventional roads,Multiple or chain collision,23,1,1,0,0,0,0,0,1,0,0
2018,Madrid,Conventional roads,Collision with obstacle or road element,9,0,0,0,0,0,0,0,0,0,0
2018,Madrid,Conventional roads,Pedestrian struck,40,4,4,3,1,0,0,0,0,0,0
2018,Madrid,Conventional roads,Animal struck,15,1,1,0,1,0,0,0,0,0,0
2018,Madrid,Conventional roads,Overturn,3,0,0,0,0,0,0,0,0,0,0
2018,Madrid,Conventional roads,Fall (rider or occupant),63,1,1,0,1,0,0,0,0,0,0
2018,Madrid,Conventional roads,Run-off road,306,11,12,0,0,0,6,6,0,0,0
2018,Madrid,Conventional roads,Other crash type,2,0,0,0,0,0,0,0,0,0,0
2018,Madrid,Dual carriageways,Head-on collision,6,0,0,0,0,0,0,0,0,0,0
2018,Madrid,Dual carriageways,Head-on/side collision,256,0,0,0,0,0,0,0,0,0,0
2018,Madrid,Dual carriageways,Side collision,156,1,1,0,0,0,1,0,0,0,0
2018,Madrid,Dual carriageways,Rear-end collision,748,1,1,0,0,0,0,1,0,0,0
2018,Madrid,Dual carriageways,Multiple or chain collision,423,1,1,0,0,0,0,1,0,0,0
2018,Madrid,Dual carriageways,Collision with obstacle or road element,83,2,2,1,0,0,0,1,0,0,0
2018,Madrid,Dual carriageways,Pedestrian struck,26,6,6,6,0,0,0,0,0,0,0
2018,Madrid,Dual carriageways,Animal struck,2,0,0,0,0,0,0,0,0,0,0
2018,Madrid,Dual carriageways,Overturn,14,0,0,0,0,0,0,0,0,0,0
2018,Madrid,Dual carriageways,Fall (rider or occupant),152,0,0,0,0,0,0,0,0,0,0
2018,Madrid,Dual carriageways,Run-off road,473,4,4,0,0,0,2,2,0,0,0
2018,Madrid,Dual carriageways,Other crash type,16,0,0,0,0,0,0,0,0,0,0
2018,Madrid,Motorways,Head-on collision,1,0,0,0,0,0,0,0,0,0,0
2018,Madrid,Motorways,Head-on/side collision,27,0,0,0,0,0,0,0,0,0,0
2018,Madrid,Motorways,Side collision,66,0,0,0,0,0,0,0,0,0,0
2018,Madrid,Motorways,Rear-end collision,235,0,0,0,0,0,0,0,0,0,0
2018,Madrid,Motorways,Multiple or chain collision,89,1,1,0,0,0,0,0,0,1,0
2018,Madrid,Motorways,Collision with obstacle or road element,14,0,0,0,0,0,0,0,0,0,0
2018,Madrid,Motorways,Pedestrian struck,5,3,3,3,0,0,0,0,0,0,0
2018,Madrid,Motorways,Overturn,5,0,0,0,0,0,0,0,0,0,0
2018,Madrid,Motorways,Fall (rider or occupant),27,0,0,0,0,0,0,0,0,0,0
2018,Madrid,Motorways,Run-off road,133,6,7,0,0,0,2,4,0,1,0
2018,Madrid,Motorways,Other crash type,3,0,0,0,0,0,0,0,0,0,0
2018,Madrid,Other roads,Head-on collision,1,0,0,0,0,0,0,0,0,0,0
2018,Madrid,Other roads,Head-on/side collision,6,0,0,0,0,0,0,0,0,0,0
2018,Madrid,Other roads,Side collision,4,0,0,0,0,0,0,0,0,0,0
2018,Madrid,Other roads,Rear-end collision,15,0,0,0,0,0,0,0,0,0,0
2018,Madrid,Other roads,Multiple or chain collision,2,0,0,0,0,0,0,0,0,0,0
2018,Madrid,Other roads,Collision with obstacle or road element,6,0,0,0,0,0,0,0,0,0,0
2018,Madrid,Other roads,Pedestrian struck,17,0,0,0,0,0,0,0,0,0,0
2018,Madrid,Other roads,Animal struck,1,0,0,0,0,0,0,0,0,0,0
2018,Madrid,Other roads,Fall (rider or occupant),19,0,0,0,0,0,0,0,0,0,0
2018,Madrid,Other roads,Run-off road,24,1,1,0,0,0,0,1,0,0,0
2018,Madrid,Other roads,Other crash type,6,0,0,0,0,0,0,0,0,0,0
2018,Madrid,Not recorded,Head-on/side collision,9,0,0,0,0,0,0,0,0,0,0
2018,Madrid,Not recorded,Rear-end collision,8,1,1,1,0,0,0,0,0,0,0
2018,Madrid,Not recorded,Multiple or chain collision,9,0,0,0,0,0,0,0,0,0,0
2018,Madrid,Not recorded,Collision with obstacle or road element,6,0,0,0,0,0,0,0,0,0,0
2018,Madrid,Not recorded,Pedestrian struck,3,0,0,0,0,0,0,0,0,0,0
2018,Madrid,Not recorded,Overturn,1,0,0,0,0,0,0,0,0,0,0
2018,Madrid,Not recorded,Fall (rider or occupant),10,0,0,0,0,0,0,0,0,0,0
2018,Murcia,Urban streets,Head-on collision,68,0,0,0,0,0,0,0,0,0,0
2018,Murcia,Urban streets,Head-on/side collision,562,5,5,0,0,0,5,0,0,0,0
2018,Murcia,Urban streets,Side collision,147,1,1,0,1,0,0,0,0,0,0
2018,Murcia,Urban streets,Rear-end collision,326,2,2,0,0,1,0,0,0,0,1
2018,Murcia,Urban streets,Multiple or chain collision,38,0,0,0,0,0,0,0,0,0,0
2018,Murcia,Urban streets,Collision with obstacle or road element,47,1,1,0,0,0,1,0,0,0,0
2018,Murcia,Urban streets,Pedestrian struck,277,3,3,3,0,0,0,0,0,0,0
2018,Murcia,Urban streets,Animal struck,3,0,0,0,0,0,0,0,0,0,0
2018,Murcia,Urban streets,Overturn,6,0,0,0,0,0,0,0,0,0,0
2018,Murcia,Urban streets,Fall (rider or occupant),188,1,1,0,0,0,1,0,0,0,0
2018,Murcia,Urban streets,Run-off road,177,5,5,1,0,2,1,1,0,0,0
2018,Murcia,Urban streets,Other crash type,93,0,0,0,0,0,0,0,0,0,0
2018,Murcia,Conventional roads,Head-on collision,31,8,10,0,1,0,1,8,0,0,0
2018,Murcia,Conventional roads,Head-on/side collision,65,0,0,0,0,0,0,0,0,0,0
2018,Murcia,Conventional roads,Side collision,12,1,1,0,0,1,0,0,0,0,0
2018,Murcia,Conventional roads,Rear-end collision,37,1,1,0,0,0,0,1,0,0,0
2018,Murcia,Conventional roads,Multiple or chain collision,10,1,1,0,0,0,0,0,1,0,0
2018,Murcia,Conventional roads,Pedestrian struck,7,3,3,3,0,0,0,0,0,0,0
2018,Murcia,Conventional roads,Animal struck,2,0,0,0,0,0,0,0,0,0,0
2018,Murcia,Conventional roads,Overturn,5,1,1,0,0,0,1,0,0,0,0
2018,Murcia,Conventional roads,Fall (rider or occupant),3,0,0,0,0,0,0,0,0,0,0
2018,Murcia,Conventional roads,Run-off road,121,9,9,0,0,1,2,5,0,1,0
2018,Murcia,Conventional roads,Other crash type,1,0,0,0,0,0,0,0,0,0,0
2018,Murcia,Dual carriageways,Head-on/side collision,8,0,0,0,0,0,0,0,0,0,0
2018,Murcia,Dual carriageways,Side collision,23,3,3,1,0,0,1,1,0,0,0
2018,Murcia,Dual carriageways,Rear-end collision,68,4,5,0,0,0,1,3,1,0,0
2018,Murcia,Dual carriageways,Multiple or chain collision,24,0,0,0,0,0,0,0,0,0,0
2018,Murcia,Dual carriageways,Collision with obstacle or road element,4,0,0,0,0,0,0,0,0,0,0
2018,Murcia,Dual carriageways,Pedestrian struck,5,2,2,2,0,0,0,0,0,0,0
2018,Murcia,Dual carriageways,Overturn,4,0,0,0,0,0,0,0,0,0,0
2018,Murcia,Dual carriageways,Fall (rider or occupant),3,0,0,0,0,0,0,0,0,0,0
2018,Murcia,Dual carriageways,Run-off road,55,8,9,0,0,0,5,3,0,1,0
2018,Murcia,Dual carriageways,Other crash type,4,0,0,0,0,0,0,0,0,0,0
2018,Murcia,Motorways,Rear-end collision,1,0,0,0,0,0,0,0,0,0,0
2018,Murcia,Motorways,Run-off road,4,0,0,0,0,0,0,0,0,0,0
2018,Murcia,Other roads,Head-on collision,7,0,0,0,0,0,0,0,0,0,0
2018,Murcia,Other roads,Head-on/side collision,23,1,1,0,0,0,1,0,0,0,0
2018,Murcia,Other roads,Side collision,4,0,0,0,0,0,0,0,0,0,0
2018,Murcia,Other roads,Rear-end collision,4,0,0,0,0,0,0,0,0,0,0
2018,Murcia,Other roads,Multiple or chain collision,1,0,0,0,0,0,0,0,0,0,0
2018,Murcia,Other roads,Collision with obstacle or road element,1,0,0,0,0,0,0,0,0,0,0
2018,Murcia,Other roads,Pedestrian struck,9,2,2,2,0,0,0,0,0,0,0
2018,Murcia,Other roads,Animal struck,1,0,0,0,0,0,0,0,0,0,0
2018,Murcia,Other roads,Overturn,2,0,0,0,0,0,0,0,0,0,0
2018,Murcia,Other roads,Fall (rider or occupant),1,0,0,0,0,0,0,0,0,0,0
2018,Murcia,Other roads,Run-off road,35,0,0,0,0,0,0,0,0,0,0
2018,Murcia,Other roads,Other crash type,1,0,0,0,0,0,0,0,0,0,0
2018,Navarre,Urban streets,Head-on collision,13,0,0,0,0,0,0,0,0,0,0
2018,Navarre,Urban streets,Head-on/side collision,81,0,0,0,0,0,0,0,0,0,0
2018,Navarre,Urban streets,Side collision,89,0,0,0,0,0,0,0,0,0,0
2018,Navarre,Urban streets,Rear-end collision,91,0,0,0,0,0,0,0,0,0,0
2018,Navarre,Urban streets,Multiple or chain collision,20,0,0,0,0,0,0,0,0,0,0
2018,Navarre,Urban streets,Collision with obstacle or road element,2,0,0,0,0,0,0,0,0,0,0
2018,Navarre,Urban streets,Pedestrian struck,161,5,5,5,0,0,0,0,0,0,0
2018,Navarre,Urban streets,Fall (rider or occupant),46,0,0,0,0,0,0,0,0,0,0
2018,Navarre,Urban streets,Run-off road,23,1,1,0,0,0,0,1,0,0,0
2018,Navarre,Urban streets,Other crash type,10,0,0,0,0,0,0,0,0,0,0
2018,Navarre,Conventional roads,Head-on collision,11,5,6,0,0,0,1,4,0,1,0
2018,Navarre,Conventional roads,Head-on/side collision,34,2,2,0,0,0,0,2,0,0,0
2018,Navarre,Conventional roads,Side collision,8,0,0,0,0,0,0,0,0,0,0
2018,Navarre,Conventional roads,Rear-end collision,18,0,0,0,0,0,0,0,0,0,0
2018,Navarre,Conventional roads,Multiple or chain collision,3,0,0,0,0,0,0,0,0,0,0
2018,Navarre,Conventional roads,Collision with obstacle or road element,4,0,0,0,0,0,0,0,0,0,0
2018,Navarre,Conventional roads,Pedestrian struck,7,1,1,1,0,0,0,0,0,0,0
2018,Navarre,Conventional roads,Animal struck,3,0,0,0,0,0,0,0,0,0,0
2018,Navarre,Conventional roads,Overturn,1,0,0,0,0,0,0,0,0,0,0
2018,Navarre,Conventional roads,Fall (rider or occupant),16,0,0,0,0,0,0,0,0,0,0
2018,Navarre,Conventional roads,Run-off road,80,5,5,0,0,0,2,2,0,1,0
2018,Navarre,Conventional roads,Other crash type,2,0,0,0,0,0,0,0,0,0,0
2018,Navarre,Dual carriageways,Head-on collision,1,1,4,0,0,0,0,4,0,0,0
2018,Navarre,Dual carriageways,Head-on/side collision,5,2,3,0,0,0,0,3,0,0,0
2018,Navarre,Dual carriageways,Side collision,5,0,0,0,0,0,0,0,0,0,0
2018,Navarre,Dual carriageways,Rear-end collision,10,0,0,0,0,0,0,0,0,0,0
2018,Navarre,Dual carriageways,Pedestrian struck,1,1,1,1,0,0,0,0,0,0,0
2018,Navarre,Dual carriageways,Animal struck,3,0,0,0,0,0,0,0,0,0,0
2018,Navarre,Dual carriageways,Fall (rider or occupant),4,0,0,0,0,0,0,0,0,0,0
2018,Navarre,Dual carriageways,Run-off road,30,4,4,0,0,0,2,1,0,1,0
2018,Navarre,Dual carriageways,Other crash type,1,0,0,0,0,0,0,0,0,0,0
2018,Navarre,Motorways,Side collision,1,0,0,0,0,0,0,0,0,0,0
2018,Navarre,Motorways,Rear-end collision,6,0,0,0,0,0,0,0,0,0,0
2018,Navarre,Motorways,Multiple or chain collision,1,0,0,0,0,0,0,0,0,0,0
2018,Navarre,Motorways,Collision with obstacle or road element,1,1,1,0,0,0,0,1,0,0,0
2018,Navarre,Motorways,Animal struck,1,0,0,0,0,0,0,0,0,0,0
2018,Navarre,Motorways,Run-off road,14,1,1,0,0,0,0,0,0,1,0
2018,Navarre,Other roads,Head-on collision,3,0,0,0,0,0,0,0,0,0,0
2018,Navarre,Other roads,Head-on/side collision,2,0,0,0,0,0,0,0,0,0,0
2018,Navarre,Other roads,Collision with obstacle or road element,1,0,0,0,0,0,0,0,0,0,0
2018,Navarre,Other roads,Pedestrian struck,6,0,0,0,0,0,0,0,0,0,0
2018,Navarre,Other roads,Fall (rider or occupant),1,0,0,0,0,0,0,0,0,0,0
2018,Navarre,Other roads,Run-off road,4,1,1,0,0,0,0,1,0,0,0
2018,Navarre,Other roads,Other crash type,1,0,0,0,0,0,0,0,0,0,0
2018,Basque Country,Urban streets,Head-on collision,86,0,0,0,0,0,0,0,0,0,0
2018,Basque Country,Urban streets,Head-on/side collision,451,1,1,0,0,0,1,0,0,0,0
2018,Basque Country,Urban streets,Side collision,102,0,0,0,0,0,0,0,0,0,0
2018,Basque Country,Urban streets,Rear-end collision,544,1,1,0,0,0,0,0,0,1,0
2018,Basque Country,Urban streets,Multiple or chain collision,32,0,0,0,0,0,0,0,0,0,0
2018,Basque Country,Urban streets,Collision with obstacle or road element,55,0,0,0,0,0,0,0,0,0,0
2018,Basque Country,Urban streets,Pedestrian struck,303,3,3,3,0,0,0,0,0,0,0
2018,Basque Country,Urban streets,Animal struck,2,0,0,0,0,0,0,0,0,0,0
2018,Basque Country,Urban streets,Overturn,206,1,1,0,0,0,1,0,0,0,0
2018,Basque Country,Urban streets,Fall (rider or occupant),35,0,0,0,0,0,0,0,0,0,0
2018,Basque Country,Urban streets,Run-off road,124,1,1,0,0,0,1,0,0,0,0
2018,Basque Country,Urban streets,Other crash type,392,2,2,1,0,0,1,0,0,0,0
2018,Basque Country,Conventional roads,Head-on collision,65,5,7,0,0,0,1,3,0,3,0
2018,Basque Country,Conventional roads,Head-on/side collision,176,4,4,0,0,0,4,0,0,0,0
2018,Basque Country,Conventional roads,Side collision,55,1,1,0,0,0,1,0,0,0,0
2018,Basque Country,Conventional roads,Rear-end collision,235,1,1,0,0,0,0,1,0,0,0
2018,Basque Country,Conventional roads,Multiple or chain collision,25,1,1,0,0,0,1,0,0,0,0
2018,Basque Country,Conventional roads,Collision with obstacle or road element,130,1,1,0,0,0,1,0,0,0,0
2018,Basque Country,Conventional roads,Pedestrian struck,29,3,3,3,0,0,0,0,0,0,0
2018,Basque Country,Conventional roads,Animal struck,14,0,0,0,0,0,0,0,0,0,0
2018,Basque Country,Conventional roads,Overturn,76,3,3,0,0,0,0,2,0,1,0
2018,Basque Country,Conventional roads,Fall (rider or occupant),199,1,1,0,1,0,0,0,0,0,0
2018,Basque Country,Conventional roads,Run-off road,67,1,1,0,0,0,0,0,0,0,1
2018,Basque Country,Conventional roads,Other crash type,92,2,2,0,0,0,1,1,0,0,0
2018,Basque Country,Dual carriageways,Head-on collision,10,0,0,0,0,0,0,0,0,0,0
2018,Basque Country,Dual carriageways,Head-on/side collision,48,0,0,0,0,0,0,0,0,0,0
2018,Basque Country,Dual carriageways,Side collision,35,0,0,0,0,0,0,0,0,0,0
2018,Basque Country,Dual carriageways,Rear-end collision,182,0,0,0,0,0,0,0,0,0,0
2018,Basque Country,Dual carriageways,Multiple or chain collision,26,0,0,0,0,0,0,0,0,0,0
2018,Basque Country,Dual carriageways,Collision with obstacle or road element,105,1,1,0,0,0,0,1,0,0,0
2018,Basque Country,Dual carriageways,Pedestrian struck,7,1,1,1,0,0,0,0,0,0,0
2018,Basque Country,Dual carriageways,Animal struck,3,0,0,0,0,0,0,0,0,0,0
2018,Basque Country,Dual carriageways,Overturn,28,0,0,0,0,0,0,0,0,0,0
2018,Basque Country,Dual carriageways,Fall (rider or occupant),43,1,1,0,0,0,1,0,0,0,0
2018,Basque Country,Dual carriageways,Run-off road,33,0,0,0,0,0,0,0,0,0,0
2018,Basque Country,Dual carriageways,Other crash type,28,1,2,0,0,0,0,2,0,0,0
2018,Basque Country,Motorways,Head-on collision,1,0,0,0,0,0,0,0,0,0,0
2018,Basque Country,Motorways,Head-on/side collision,13,0,0,0,0,0,0,0,0,0,0
2018,Basque Country,Motorways,Side collision,26,0,0,0,0,0,0,0,0,0,0
2018,Basque Country,Motorways,Rear-end collision,81,0,0,0,0,0,0,0,0,0,0
2018,Basque Country,Motorways,Multiple or chain collision,12,0,0,0,0,0,0,0,0,0,0
2018,Basque Country,Motorways,Collision with obstacle or road element,98,1,1,0,0,0,0,0,0,1,0
2018,Basque Country,Motorways,Pedestrian struck,2,2,2,1,0,0,0,1,0,0,0
2018,Basque Country,Motorways,Animal struck,4,0,0,0,0,0,0,0,0,0,0
2018,Basque Country,Motorways,Overturn,12,0,0,0,0,0,0,0,0,0,0
2018,Basque Country,Motorways,Fall (rider or occupant),7,1,1,0,0,0,1,0,0,0,0
2018,Basque Country,Motorways,Run-off road,14,0,0,0,0,0,0,0,0,0,0
2018,Basque Country,Motorways,Other crash type,18,1,1,0,0,0,0,1,0,0,0
2018,Basque Country,Other roads,Head-on collision,17,0,0,0,0,0,0,0,0,0,0
2018,Basque Country,Other roads,Head-on/side collision,51,1,1,0,0,0,0,1,0,0,0
2018,Basque Country,Other roads,Side collision,19,0,0,0,0,0,0,0,0,0,0
2018,Basque Country,Other roads,Rear-end collision,74,0,0,0,0,0,0,0,0,0,0
2018,Basque Country,Other roads,Multiple or chain collision,1,0,0,0,0,0,0,0,0,0,0
2018,Basque Country,Other roads,Collision with obstacle or road element,41,0,0,0,0,0,0,0,0,0,0
2018,Basque Country,Other roads,Pedestrian struck,32,0,0,0,0,0,0,0,0,0,0
2018,Basque Country,Other roads,Animal struck,4,0,0,0,0,0,0,0,0,0,0
2018,Basque Country,Other roads,Overturn,10,0,0,0,0,0,0,0,0,0,0
2018,Basque Country,Other roads,Fall (rider or occupant),126,0,0,0,0,0,0,0,0,0,0
2018,Basque Country,Other roads,Run-off road,13,0,0,0,0,0,0,0,0,0,0
2018,Basque Country,Other roads,Other crash type,33,4,4,0,0,0,0,2,1,0,1
2018,La Rioja,Urban streets,Head-on collision,9,0,0,0,0,0,0,0,0,0,0
2018,La Rioja,Urban streets,Head-on/side collision,85,1,1,0,0,0,0,1,0,0,0
2018,La Rioja,Urban streets,Side collision,8,0,0,0,0,0,0,0,0,0,0
2018,La Rioja,Urban streets,Rear-end collision,58,0,0,0,0,0,0,0,0,0,0
2018,La Rioja,Urban streets,Multiple or chain collision,12,0,0,0,0,0,0,0,0,0,0
2018,La Rioja,Urban streets,Collision with obstacle or road element,9,0,0,0,0,0,0,0,0,0,0
2018,La Rioja,Urban streets,Pedestrian struck,122,1,1,1,0,0,0,0,0,0,0
2018,La Rioja,Urban streets,Overturn,1,0,0,0,0,0,0,0,0,0,0
2018,La Rioja,Urban streets,Fall (rider or occupant),38,0,0,0,0,0,0,0,0,0,0
2018,La Rioja,Urban streets,Run-off road,16,0,0,0,0,0,0,0,0,0,0
2018,La Rioja,Urban streets,Other crash type,10,0,0,0,0,0,0,0,0,0,0
2018,La Rioja,Conventional roads,Head-on collision,9,4,4,0,0,0,1,3,0,0,0
2018,La Rioja,Conventional roads,Head-on/side collision,27,1,1,0,0,0,0,1,0,0,0
2018,La Rioja,Conventional roads,Side collision,7,0,0,0,0,0,0,0,0,0,0
2018,La Rioja,Conventional roads,Rear-end collision,24,1,1,0,0,0,0,0,1,0,0
2018,La Rioja,Conventional roads,Multiple or chain collision,6,0,0,0,0,0,0,0,0,0,0
2018,La Rioja,Conventional roads,Collision with obstacle or road element,5,0,0,0,0,0,0,0,0,0,0
2018,La Rioja,Conventional roads,Pedestrian struck,7,0,0,0,0,0,0,0,0,0,0
2018,La Rioja,Conventional roads,Animal struck,1,0,0,0,0,0,0,0,0,0,0
2018,La Rioja,Conventional roads,Fall (rider or occupant),5,0,0,0,0,0,0,0,0,0,0
2018,La Rioja,Conventional roads,Run-off road,57,0,0,0,0,0,0,0,0,0,0
2018,La Rioja,Conventional roads,Other crash type,1,0,0,0,0,0,0,0,0,0,0
2018,La Rioja,Dual carriageways,Head-on collision,1,0,0,0,0,0,0,0,0,0,0
2018,La Rioja,Dual carriageways,Head-on/side collision,2,0,0,0,0,0,0,0,0,0,0
2018,La Rioja,Dual carriageways,Side collision,3,0,0,0,0,0,0,0,0,0,0
2018,La Rioja,Dual carriageways,Rear-end collision,19,0,0,0,0,0,0,0,0,0,0
2018,La Rioja,Dual carriageways,Multiple or chain collision,5,1,1,0,0,0,0,1,0,0,0
2018,La Rioja,Dual carriageways,Animal struck,1,0,0,0,0,0,0,0,0,0,0
2018,La Rioja,Dual carriageways,Overturn,2,0,0,0,0,0,0,0,0,0,0
2018,La Rioja,Dual carriageways,Fall (rider or occupant),1,0,0,0,0,0,0,0,0,0,0
2018,La Rioja,Dual carriageways,Run-off road,14,0,0,0,0,0,0,0,0,0,0
2018,La Rioja,Dual carriageways,Other crash type,2,0,0,0,0,0,0,0,0,0,0
2018,La Rioja,Motorways,Rear-end collision,1,0,0,0,0,0,0,0,0,0,0
2018,La Rioja,Motorways,Multiple or chain collision,1,0,0,0,0,0,0,0,0,0,0
2018,La Rioja,Motorways,Overturn,1,0,0,0,0,0,0,0,0,0,0
2018,La Rioja,Motorways,Run-off road,12,0,0,0,0,0,0,0,0,0,0
2018,La Rioja,Other roads,Head-on collision,3,0,0,0,0,0,0,0,0,0,0
2018,La Rioja,Other roads,Head-on/side collision,3,0,0,0,0,0,0,0,0,0,0
2018,La Rioja,Other roads,Side collision,1,0,0,0,0,0,0,0,0,0,0
2018,La Rioja,Other roads,Collision with obstacle or road element,1,0,0,0,0,0,0,0,0,0,0
2018,La Rioja,Other roads,Pedestrian struck,1,0,0,0,0,0,0,0,0,0,0
2018,La Rioja,Other roads,Fall (rider or occupant),4,0,0,0,0,0,0,0,0,0,0
2018,La Rioja,Other roads,Run-off road,6,1,1,0,0,0,0,1,0,0,0
2018,La Rioja,Other roads,Other crash type,1,0,0,0,0,0,0,0,0,0,0
2018,Ceuta,Urban streets,Head-on collision,11,0,0,0,0,0,0,0,0,0,0
2018,Ceuta,Urban streets,Head-on/side collision,92,0,0,0,0,0,0,0,0,0,0
2018,Ceuta,Urban streets,Side collision,31,0,0,0,0,0,0,0,0,0,0
2018,Ceuta,Urban streets,Rear-end collision,107,0,0,0,0,0,0,0,0,0,0
2018,Ceuta,Urban streets,Multiple or chain collision,6,0,0,0,0,0,0,0,0,0,0
2018,Ceuta,Urban streets,Collision with obstacle or road element,1,0,0,0,0,0,0,0,0,0,0
2018,Ceuta,Urban streets,Pedestrian struck,62,1,1,1,0,0,0,0,0,0,0
2018,Ceuta,Urban streets,Overturn,1,0,0,0,0,0,0,0,0,0,0
2018,Ceuta,Urban streets,Fall (rider or occupant),20,0,0,0,0,0,0,0,0,0,0
2018,Ceuta,Urban streets,Run-off road,4,0,0,0,0,0,0,0,0,0,0
2018,Ceuta,Urban streets,Other crash type,15,1,1,0,0,0,1,0,0,0,0
2018,Ceuta,Conventional roads,Head-on/side collision,9,0,0,0,0,0,0,0,0,0,0
2018,Ceuta,Conventional roads,Side collision,5,0,0,0,0,0,0,0,0,0,0
2018,Ceuta,Conventional roads,Rear-end collision,8,0,0,0,0,0,0,0,0,0,0
2018,Ceuta,Conventional roads,Multiple or chain collision,2,0,0,0,0,0,0,0,0,0,0
2018,Ceuta,Conventional roads,Pedestrian struck,11,0,0,0,0,0,0,0,0,0,0
2018,Ceuta,Conventional roads,Overturn,1,0,0,0,0,0,0,0,0,0,0
2018,Ceuta,Conventional roads,Fall (rider or occupant),1,0,0,0,0,0,0,0,0,0,0
2018,Ceuta,Conventional roads,Run-off road,3,0,0,0,0,0,0,0,0,0,0
2018,Ceuta,Conventional roads,Other crash type,1,0,0,0,0,0,0,0,0,0,0
2018,Ceuta,Other roads,Head-on/side collision,5,0,0,0,0,0,0,0,0,0,0
2018,Ceuta,Other roads,Side collision,2,0,0,0,0,0,0,0,0,0,0
2018,Ceuta,Other roads,Rear-end collision,1,0,0,0,0,0,0,0,0,0,0
2018,Ceuta,Other roads,Pedestrian struck,7,1,1,1,0,0,0,0,0,0,0
2018,Melilla,Urban streets,Head-on collision,12,0,0,0,0,0,0,0,0,0,0
2018,Melilla,Urban streets,Head-on/side collision,124,1,1,0,0,1,0,0,0,0,0
2018,Melilla,Urban streets,Side collision,21,0,0,0,0,0,0,0,0,0,0
2018,Melilla,Urban streets,Rear-end collision,35,0,0,0,0,0,0,0,0,0,0
2018,Melilla,Urban streets,Multiple or chain collision,3,0,0,0,0,0,0,0,0,0,0
2018,Melilla,Urban streets,Pedestrian struck,134,2,2,2,0,0,0,0,0,0,0
2018,Melilla,Urban streets,Overturn,1,0,0,0,0,0,0,0,0,0,0
2018,Melilla,Urban streets,Fall (rider or occupant),6,0,0,0,0,0,0,0,0,0,0
2018,Melilla,Urban streets,Run-off road,3,0,0,0,0,0,0,0,0,0,0
2018,Melilla,Urban streets,Other crash type,4,0,0,0,0,0,0,0,0,0,0
2018,Melilla,Other roads,Head-on/side collision,3,0,0,0,0,0,0,0,0,0,0
2018,Melilla,Other roads,Pedestrian struck,3,0,0,0,0,0,0,0,0,0,0
2018,Melilla,Other roads,Other crash type,1,0,0,0,0,0,0,0,0,0,0
2019,Andalusia,Urban streets,Head-on collision,289,1,1,0,0,0,1,0,0,0,0
2019,Andalusia,Urban streets,Head-on/side collision,3621,15,15,0,3,4,7,1,0,0,0
2019,Andalusia,Urban streets,Side collision,1000,3,3,0,0,0,3,0,0,0,0
2019,Andalusia,Urban streets,Rear-end collision,2166,1,1,0,0,0,1,0,0,0,0
2019,Andalusia,Urban streets,Multiple or chain collision,185,0,0,0,0,0,0,0,0,0,0
2019,Andalusia,Urban streets,Collision with obstacle or road element,194,1,1,0,0,1,0,0,0,0,0
2019,Andalusia,Urban streets,Pedestrian struck,1943,37,37,35,0,0,2,0,0,0,0
2019,Andalusia,Urban streets,Animal struck,18,0,0,0,0,0,0,0,0,0,0
2019,Andalusia,Urban streets,Overturn,82,1,1,0,0,0,0,0,0,0,1
2019,Andalusia,Urban streets,Fall (rider or occupant),1463,1,1,0,0,0,1,0,0,0,0
2019,Andalusia,Urban streets,Run-off road,459,14,14,0,0,2,6,4,1,0,1
2019,Andalusia,Urban streets,Other crash type,272,1,1,0,0,0,1,0,0,0,0
2019,Andalusia,Conventional roads,Head-on collision,226,24,36,0,0,0,4,24,8,0,0
2019,Andalusia,Conventional roads,Head-on/side collision,664,21,23,0,0,0,11,10,0,1,1
2019,Andalusia,Conventional roads,Side collision,211,2,2,0,1,0,1,0,0,0,0
2019,Andalusia,Conventional roads,Rear-end collision,481,2,2,0,2,0,0,0,0,0,0
2019,Andalusia,Conventional roads,Multiple or chain collision,99,2,2,0,0,1,0,1,0,0,0
2019,Andalusia,Conventional roads,Collision with obstacle or road element,38,1,1,0,0,0,0,0,0,0,1
2019,Andalusia,Conventional roads,Pedestrian struck,71,9,9,9,0,0,0,0,0,0,0
2019,Andalusia,Conventional roads,Animal struck,65,0,0,0,0,0,0,0,0,0,0
2019,Andalusia,Conventional roads,Overturn,35,1,1,0,0,0,0,0,0,1,0
2019,Andalusia,Conventional roads,Fall (rider or occupant),122,4,4,0,1,0,3,0,0,0,0
2019,Andalusia,Conventional roads,Run-off road,1376,64,66,0,3,3,21,36,2,1,0
2019,Andalusia,Conventional roads,Other crash type,25,1,1,0,1,0,0,0,0,0,0
2019,Andalusia,Dual carriageways,Head-on collision,17,5,5,0,0,0,1,4,0,0,0
2019,Andalusia,Dual carriageways,Head-on/side collision,119,0,0,0,0,0,0,0,0,0,0
2019,Andalusia,Dual carriageways,Side collision,212,2,2,0,0,0,1,1,0,0,0
2019,Andalusia,Dual carriageways,Rear-end collision,714,14,15,0,0,0,8,5,2,0,0
2019,Andalusia,Dual carriageways,Multiple or chain collision,205,2,3,0,0,0,1,0,0,2,0
2019,Andalusia,Dual carriageways,Collision with obstacle or road element,36,0,0,0,0,0,0,0,0,0,0
2019,Andalusia,Dual carriageways,Pedestrian struck,43,14,14,14,0,0,0,0,0,0,0
2019,Andalusia,Dual carriageways,Animal struck,13,0,0,0,0,0,0,0,0,0,0
2019,Andalusia,Dual carriageways,Overturn,30,1,1,0,0,0,1,0,0,0,0
2019,Andalusia,Dual carriageways,Fall (rider or occupant),59,3,3,0,0,0,3,0,0,0,0
2019,Andalusia,Dual carriageways,Run-off road,509,19,22,0,0,0,9,9,1,3,0
2019,Andalusia,Dual carriageways,Other crash type,19,0,0,0,0,0,0,0,0,0,0
2019,Andalusia,Motorways,Head-on collision,1,0,0,0,0,0,0,0,0,0,0
2019,Andalusia,Motorways,Head-on/side collision,3,0,0,0,0,0,0,0,0,0,0
2019,Andalusia,Motorways,Side collision,8,0,0,0,0,0,0,0,0,0,0
2019,Andalusia,Motorways,Rear-end collision,61,2,2,0,0,0,1,1,0,0,0
2019,Andalusia,Motorways,Multiple or chain collision,27,0,0,0,0,0,0,0,0,0,0
2019,Andalusia,Motorways,Collision with obstacle or road element,5,0,0,0,0,0,0,0,0,0,0
2019,Andalusia,Motorways,Pedestrian struck,1,0,0,0,0,0,0,0,0,0,0
2019,Andalusia,Motorways,Animal struck,1,0,0,0,0,0,0,0,0,0,0
2019,Andalusia,Motorways,Overturn,3,1,1,0,0,0,0,0,1,0,0
2019,Andalusia,Motorways,Fall (rider or occupant),4,0,0,0,0,0,0,0,0,0,0
2019,Andalusia,Motorways,Run-off road,43,1,1,0,0,0,0,1,0,0,0
2019,Andalusia,Motorways,Other crash type,4,0,0,0,0,0,0,0,0,0,0
2019,Andalusia,Other roads,Head-on collision,47,0,0,0,0,0,0,0,0,0,0
2019,Andalusia,Other roads,Head-on/side collision,173,1,1,0,0,0,0,1,0,0,0
2019,Andalusia,Other roads,Side collision,50,0,0,0,0,0,0,0,0,0,0
2019,Andalusia,Other roads,Rear-end collision,108,1,1,0,1,0,0,0,0,0,0
2019,Andalusia,Other roads,Multiple or chain collision,13,0,0,0,0,0,0,0,0,0,0
2019,Andalusia,Other roads,Collision with obstacle or road element,9,0,0,0,0,0,0,0,0,0,0
2019,Andalusia,Other roads,Pedestrian struck,73,2,2,2,0,0,0,0,0,0,0
2019,Andalusia,Other roads,Animal struck,6,0,0,0,0,0,0,0,0,0,0
2019,Andalusia,Other roads,Overturn,12,0,0,0,0,0,0,0,0,0,0
2019,Andalusia,Other roads,Fall (rider or occupant),57,0,0,0,0,0,0,0,0,0,0
2019,Andalusia,Other roads,Run-off road,158,7,7,1,1,0,2,2,1,0,0
2019,Andalusia,Other roads,Other crash type,16,2,2,0,0,1,0,1,0,0,0
2019,Aragon,Urban streets,Head-on collision,15,0,0,0,0,0,0,0,0,0,0
2019,Aragon,Urban streets,Head-on/side collision,261,1,1,0,0,0,1,0,0,0,0
2019,Aragon,Urban streets,Side collision,101,0,0,0,0,0,0,0,0,0,0
2019,Aragon,Urban streets,Rear-end collision,225,0,0,0,0,0,0,0,0,0,0
2019,Aragon,Urban streets,Multiple or chain collision,11,0,0,0,0,0,0,0,0,0,0
2019,Aragon,Urban streets,Collision with obstacle or road element,26,0,0,0,0,0,0,0,0,0,0
2019,Aragon,Urban streets,Pedestrian struck,306,3,3,3,0,0,0,0,0,0,0
2019,Aragon,Urban streets,Animal struck,3,0,0,0,0,0,0,0,0,0,0
2019,Aragon,Urban streets,Overturn,1,0,0,0,0,0,0,0,0,0,0
2019,Aragon,Urban streets,Fall (rider or occupant),102,0,0,0,0,0,0,0,0,0,0
2019,Aragon,Urban streets,Run-off road,64,1,1,1,0,0,0,0,0,0,0
2019,Aragon,Urban streets,Other crash type,33,0,0,0,0,0,0,0,0,0,0
2019,Aragon,Conventional roads,Head-on collision,35,12,15,0,0,0,1,8,2,4,0
2019,Aragon,Conventional roads,Head-on/side collision,106,6,7,0,0,0,0,6,0,0,1
2019,Aragon,Conventional roads,Side collision,26,1,1,0,0,0,1,0,0,0,0
2019,Aragon,Conventional roads,Rear-end collision,70,2,2,0,0,0,2,0,0,0,0
2019,Aragon,Conventional roads,Multiple or chain collision,9,2,3,0,0,0,0,2,0,1,0
2019,Aragon,Conventional roads,Collision with obstacle or road element,11,0,0,0,0,0,0,0,0,0,0
2019,Aragon,Conventional roads,Pedestrian struck,6,2,2,2,0,0,0,0,0,0,0
2019,Aragon,Conventional roads,Animal struck,11,0,0,0,0,0,0,0,0,0,0
2019,Aragon,Conventional roads,Overturn,8,0,0,0,0,0,0,0,0,0,0
2019,Aragon,Conventional roads,Fall (rider or occupant),28,0,0,0,0,0,0,0,0,0,0
2019,Aragon,Conventional roads,Run-off road,327,11,11,0,0,0,1,7,1,2,0
2019,Aragon,Conventional roads,Other crash type,6,1,1,0,1,0,0,0,0,0,0
2019,Aragon,Dual carriageways,Head-on collision,2,2,2,0,0,0,0,2,0,0,0
2019,Aragon,Dual carriageways,Head-on/side collision,15,0,0,0,0,0,0,0,0,0,0
2019,Aragon,Dual carriageways,Side collision,21,0,0,0,0,0,0,0,0,0,0
2019,Aragon,Dual carriageways,Rear-end collision,92,2,2,0,0,0,0,1,1,0,0
2019,Aragon,Dual carriageways,Multiple or chain collision,20,0,0,0,0,0,0,0,0,0,0
2019,Aragon,Dual carriageways,Collision with obstacle or road element,5,0,0,0,0,0,0,0,0,0,0
2019,Aragon,Dual carriageways,Pedestrian struck,7,2,2,2,0,0,0,0,0,0,0
2019,Aragon,Dual carriageways,Overturn,1,0,0,0,0,0,0,0,0,0,0
2019,Aragon,Dual carriageways,Fall (rider or occupant),8,0,0,0,0,0,0,0,0,0,0
2019,Aragon,Dual carriageways,Run-off road,93,5,5,0,0,0,0,4,0,1,0
2019,Aragon,Dual carriageways,Other crash type,6,0,0,0,0,0,0,0,0,0,0
2019,Aragon,Motorways,Head-on/side collision,1,0,0,0,0,0,0,0,0,0,0
2019,Aragon,Motorways,Side collision,8,0,0,0,0,0,0,0,0,0,0
2019,Aragon,Motorways,Rear-end collision,18,0,0,0,0,0,0,0,0,0,0
2019,Aragon,Motorways,Multiple or chain collision,5,0,0,0,0,0,0,0,0,0,0
2019,Aragon,Motorways,Collision with obstacle or road element,1,0,0,0,0,0,0,0,0,0,0
2019,Aragon,Motorways,Overturn,1,0,0,0,0,0,0,0,0,0,0
2019,Aragon,Motorways,Fall (rider or occupant),3,0,0,0,0,0,0,0,0,0,0
2019,Aragon,Motorways,Run-off road,22,1,1,0,0,0,1,0,0,0,0
2019,Aragon,Other roads,Head-on collision,5,2,2,0,0,0,1,1,0,0,0
2019,Aragon,Other roads,Head-on/side collision,5,0,0,0,0,0,0,0,0,0,0
2019,Aragon,Other roads,Side collision,4,0,0,0,0,0,0,0,0,0,0
2019,Aragon,Other roads,Rear-end collision,20,0,0,0,0,0,0,0,0,0,0
2019,Aragon,Other roads,Multiple or chain collision,1,0,0,0,0,0,0,0,0,0,0
2019,Aragon,Other roads,Collision with obstacle or road element,3,0,0,0,0,0,0,0,0,0,0
2019,Aragon,Other roads,Pedestrian struck,14,0,0,0,0,0,0,0,0,0,0
2019,Aragon,Other roads,Animal struck,1,0,0,0,0,0,0,0,0,0,0
2019,Aragon,Other roads,Overturn,3,0,0,0,0,0,0,0,0,0,0
2019,Aragon,Other roads,Fall (rider or occupant),17,0,0,0,0,0,0,0,0,0,0
2019,Aragon,Other roads,Run-off road,39,2,2,0,0,0,0,1,1,0,0
2019,Aragon,Other roads,Other crash type,3,0,0,0,0,0,0,0,0,0,0
2019,Asturias,Urban streets,Head-on collision,25,1,1,0,0,0,0,1,0,0,0
2019,Asturias,Urban streets,Head-on/side collision,236,0,0,0,0,0,0,0,0,0,0
2019,Asturias,Urban streets,Side collision,52,0,0,0,0,0,0,0,0,0,0
2019,Asturias,Urban streets,Rear-end collision,183,0,0,0,0,0,0,0,0,0,0
2019,Asturias,Urban streets,Multiple or chain collision,24,0,0,0,0,0,0,0,0,0,0
2019,Asturias,Urban streets,Collision with obstacle or road element,19,0,0,0,0,0,0,0,0,0,0
2019,Asturias,Urban streets,Pedestrian struck,298,6,6,6,0,0,0,0,0,0,0
2019,Asturias,Urban streets,Animal struck,3,0,0,0,0,0,0,0,0,0,0
2019,Asturias,Urban streets,Overturn,1,0,0,0,0,0,0,0,0,0,0
2019,Asturias,Urban streets,Fall (rider or occupant),103,0,0,0,0,0,0,0,0,0,0
2019,Asturias,Urban streets,Run-off road,43,0,0,0,0,0,0,0,0,0,0
2019,Asturias,Urban streets,Other crash type,25,0,0,0,0,0,0,0,0,0,0
2019,Asturias,Conventional roads,Head-on collision,45,0,0,0,0,0,0,0,0,0,0
2019,Asturias,Conventional roads,Head-on/side collision,97,1,1,0,0,0,1,0,0,0,0
2019,Asturias,Conventional roads,Side collision,33,0,0,0,0,0,0,0,0,0,0
2019,Asturias,Conventional roads,Rear-end collision,86,0,0,0,0,0,0,0,0,0,0
2019,Asturias,Conventional roads,Multiple or chain collision,17,0,0,0,0,0,0,0,0,0,0
2019,Asturias,Conventional roads,Collision with obstacle or road element,10,1,1,0,0,0,0,1,0,0,0
2019,Asturias,Conventional roads,Pedestrian struck,24,2,2,2,0,0,0,0,0,0,0
2019,Asturias,Conventional roads,Animal struck,17,0,0,0,0,0,0,0,0,0,0
2019,Asturias,Conventional roads,Overturn,23,0,0,0,0,0,0,0,0,0,0
2019,Asturias,Conventional roads,Fall (rider or occupant),51,0,0,0,0,0,0,0,0,0,0
2019,Asturias,Conventional roads,Run-off road,240,6,6,0,0,0,1,1,0,1,3
2019,Asturias,Conventional roads,Other crash type,9,0,0,0,0,0,0,0,0,0,0
2019,Asturias,Dual carriageways,Head-on collision,5,3,4,0,0,0,0,4,0,0,0
2019,Asturias,Dual carriageways,Head-on/side collision,11,0,0,0,0,0,0,0,0,0,0
2019,Asturias,Dual carriageways,Side collision,7,0,0,0,0,0,0,0,0,0,0
2019,Asturias,Dual carriageways,Rear-end collision,54,0,0,0,0,0,0,0,0,0,0
2019,Asturias,Dual carriageways,Multiple or chain collision,19,0,0,0,0,0,0,0,0,0,0
2019,Asturias,Dual carriageways,Collision with obstacle or road element,3,0,0,0,0,0,0,0,0,0,0
2019,Asturias,Dual carriageways,Pedestrian struck,1,0,0,0,0,0,0,0,0,0,0
2019,Asturias,Dual carriageways,Animal struck,6,0,0,0,0,0,0,0,0,0,0
2019,Asturias,Dual carriageways,Overturn,8,2,2,0,0,0,2,0,0,0,0
2019,Asturias,Dual carriageways,Fall (rider or occupant),5,0,0,0,0,0,0,0,0,0,0
2019,Asturias,Dual carriageways,Run-off road,100,2,2,0,0,0,0,1,1,0,0
2019,Asturias,Dual carriageways,Other crash type,2,0,0,0,0,0,0,0,0,0,0
2019,Asturias,Motorways,Side collision,2,0,0,0,0,0,0,0,0,0,0
2019,Asturias,Motorways,Rear-end collision,1,0,0,0,0,0,0,0,0,0,0
2019,Asturias,Motorways,Multiple or chain collision,2,0,0,0,0,0,0,0,0,0,0
2019,Asturias,Motorways,Overturn,1,1,1,0,0,0,0,0,0,1,0
2019,Asturias,Motorways,Run-off road,7,0,0,0,0,0,0,0,0,0,0
2019,Asturias,Motorways,Other crash type,1,0,0,0,0,0,0,0,0,0,0
2019,Asturias,Other roads,Head-on collision,4,0,0,0,0,0,0,0,0,0,0
2019,Asturias,Other roads,Head-on/side collision,18,0,0,0,0,0,0,0,0,0,0
2019,Asturias,Other roads,Side collision,2,0,0,0,0,0,0,0,0,0,0
2019,Asturias,Other roads,Rear-end collision,8,0,0,0,0,0,0,0,0,0,0
2019,Asturias,Other roads,Collision with obstacle or road element,2,0,0,0,0,0,0,0,0,0,0
2019,Asturias,Other roads,Pedestrian struck,12,1,1,1,0,0,0,0,0,0,0
2019,Asturias,Other roads,Overturn,6,0,0,0,0,0,0,0,0,0,0
2019,Asturias,Other roads,Fall (rider or occupant),6,0,0,0,0,0,0,0,0,0,0
2019,Asturias,Other roads,Run-off road,24,4,4,0,0,0,1,1,2,0,0
2019,Balearic Islands,Urban streets,Head-on collision,84,2,2,0,0,1,0,1,0,0,0
2019,Balearic Islands,Urban streets,Head-on/side collision,511,1,1,0,0,0,1,0,0,0,0
2019,Balearic Islands,Urban streets,Side collision,219,0,0,0,0,0,0,0,0,0,0
2019,Balearic Islands,Urban streets,Rear-end collision,309,1,1,0,0,0,1,0,0,0,0
2019,Balearic Islands,Urban streets,Multiple or chain collision,33,0,0,0,0,0,0,0,0,0,0
2019,Balearic Islands,Urban streets,Collision with obstacle or road element,68,2,2,0,0,1,0,1,0,0,0
2019,Balearic Islands,Urban streets,Pedestrian struck,336,8,8,6,1,0,0,1,0,0,0
2019,Balearic Islands,Urban streets,Animal struck,5,0,0,0,0,0,0,0,0,0,0
2019,Balearic Islands,Urban streets,Overturn,12,0,0,0,0,0,0,0,0,0,0
2019,Balearic Islands,Urban streets,Fall (rider or occupant),181,0,0,0,0,0,0,0,0,0,0
2019,Balearic Islands,Urban streets,Run-off road,83,4,4,0,0,0,3,1,0,0,0
2019,Balearic Islands,Urban streets,Other crash type,77,0,0,0,0,0,0,0,0,0,0
2019,Balearic Islands,Conventional roads,Head-on collision,77,4,5,0,0,0,2,1,2,0,0
2019,Balearic Islands,Conventional roads,Head-on/side collision,218,2,2,0,0,1,0,1,0,0,0
2019,Balearic Islands,Conventional roads,Side collision,62,2,2,0,0,1,0,0,0,0,1
2019,Balearic Islands,Conventional roads,Rear-end collision,144,2,3,0,0,3,0,0,0,0,0
2019,Balearic Islands,Conventional roads,Multiple or chain collision,34,0,0,0,0,0,0,0,0,0,0
2019,Balearic Islands,Conventional roads,Collision with obstacle or road element,4,0,0,0,0,0,0,0,0,0,0
2019,Balearic Islands,Conventional roads,Pedestrian struck,17,2,2,2,0,0,0,0,0,0,0
2019,Balearic Islands,Conventional roads,Animal struck,6,0,0,0,0,0,0,0,0,0,0
2019,Balearic Islands,Conventional roads,Overturn,2,0,0,0,0,0,0,0,0,0,0
2019,Balearic Islands,Conventional roads,Fall (rider or occupant),35,0,0,0,0,0,0,0,0,0,0
2019,Balearic Islands,Conventional roads,Run-off road,240,7,7,0,0,0,5,2,0,0,0
2019,Balearic Islands,Conventional roads,Other crash type,10,0,0,0,0,0,0,0,0,0,0
2019,Balearic Islands,Dual carriageways,Head-on collision,3,1,1,0,0,0,1,0,0,0,0
2019,Balearic Islands,Dual carriageways,Head-on/side collision,25,1,1,0,0,0,1,0,0,0,0
2019,Balearic Islands,Dual carriageways,Side collision,18,0,0,0,0,0,0,0,0,0,0
2019,Balearic Islands,Dual carriageways,Rear-end collision,86,2,2,0,1,1,0,0,0,0,0
2019,Balearic Islands,Dual carriageways,Multiple or chain collision,41,0,0,0,0,0,0,0,0,0,0
2019,Balearic Islands,Dual carriageways,Collision with obstacle or road element,3,0,0,0,0,0,0,0,0,0,0
2019,Balearic Islands,Dual carriageways,Pedestrian struck,4,0,0,0,0,0,0,0,0,0,0
2019,Balearic Islands,Dual carriageways,Animal struck,1,0,0,0,0,0,0,0,0,0,0
2019,Balearic Islands,Dual carriageways,Overturn,2,0,0,0,0,0,0,0,0,0,0
2019,Balearic Islands,Dual carriageways,Fall (rider or occupant),4,0,0,0,0,0,0,0,0,0,0
2019,Balearic Islands,Dual carriageways,Run-off road,48,2,3,0,0,0,1,2,0,0,0
2019,Balearic Islands,Dual carriageways,Other crash type,1,0,0,0,0,0,0,0,0,0,0
2019,Balearic Islands,Motorways,Head-on collision,1,0,0,0,0,0,0,0,0,0,0
2019,Balearic Islands,Motorways,Head-on/side collision,5,0,0,0,0,0,0,0,0,0,0
2019,Balearic Islands,Motorways,Side collision,14,0,0,0,0,0,0,0,0,0,0
2019,Balearic Islands,Motorways,Rear-end collision,77,1,1,0,0,0,0,1,0,0,0
2019,Balearic Islands,Motorways,Multiple or chain collision,31,0,0,0,0,0,0,0,0,0,0
2019,Balearic Islands,Motorways,Collision with obstacle or road element,3,0,0,0,0,0,0,0,0,0,0
2019,Balearic Islands,Motorways,Pedestrian struck,1,0,0,0,0,0,0,0,0,0,0
2019,Balearic Islands,Motorways,Fall (rider or occupant),2,0,0,0,0,0,0,0,0,0,0
2019,Balearic Islands,Motorways,Run-off road,34,0,0,0,0,0,0,0,0,0,0
2019,Balearic Islands,Other roads,Head-on collision,18,0,0,0,0,0,0,0,0,0,0
2019,Balearic Islands,Other roads,Head-on/side collision,34,1,1,0,0,0,0,0,0,0,1
2019,Balearic Islands,Other roads,Side collision,14,0,0,0,0,0,0,0,0,0,0
2019,Balearic Islands,Other roads,Rear-end collision,26,0,0,0,0,0,0,0,0,0,0
2019,Balearic Islands,Other roads,Multiple or chain collision,2,0,0,0,0,0,0,0,0,0,0
2019,Balearic Islands,Other roads,Collision with obstacle or road element,4,0,0,0,0,0,0,0,0,0,0
2019,Balearic Islands,Other roads,Pedestrian struck,24,0,0,0,0,0,0,0,0,0,0
2019,Balearic Islands,Other roads,Overturn,1,0,0,0,0,0,0,0,0,0,0
2019,Balearic Islands,Other roads,Fall (rider or occupant),23,0,0,0,0,0,0,0,0,0,0
2019,Balearic Islands,Other roads,Run-off road,35,1,1,0,0,1,0,0,0,0,0
2019,Balearic Islands,Other roads,Other crash type,4,0,0,0,0,0,0,0,0,0,0
2019,Canary Islands,Urban streets,Head-on collision,62,2,2,0,0,0,1,1,0,0,0
2019,Canary Islands,Urban streets,Head-on/side collision,586,1,1,0,0,1,0,0,0,0,0
2019,Canary Islands,Urban streets,Side collision,231,0,0,0,0,0,0,0,0,0,0
2019,Canary Islands,Urban streets,Rear-end collision,482,2,2,0,0,0,1,1,0,0,0
2019,Canary Islands,Urban streets,Multiple or chain collision,64,0,0,0,0,0,0,0,0,0,0
2019,Canary Islands,Urban streets,Collision with obstacle or road element,33,2,2,0,0,0,0,1,0,0,1
2019,Canary Islands,Urban streets,Pedestrian struck,460,5,5,4,0,0,0,0,0,0,1
2019,Canary Islands,Urban streets,Animal struck,1,0,0,0,0,0,0,0,0,0,0
2019,Canary Islands,Urban streets,Overturn,16,1,1,0,0,0,0,1,0,0,0
2019,Canary Islands,Urban streets,Fall (rider or occupant),198,0,0,0,0,0,0,0,0,0,0
2019,Canary Islands,Urban streets,Run-off road,131,4,4,1,0,0,1,2,0,0,0
2019,Canary Islands,Urban streets,Other crash type,58,0,0,0,0,0,0,0,0,0,0
2019,Canary Islands,Conventional roads,Head-on collision,83,5,8,0,0,0,7,1,0,0,0
2019,Canary Islands,Conventional roads,Head-on/side collision,222,6,6,0,1,0,2,1,1,1,0
2019,Canary Islands,Conventional roads,Side collision,90,0,0,0,0,0,0,0,0,0,0
2019,Canary Islands,Conventional roads,Rear-end collision,207,0,0,0,0,0,0,0,0,0,0
2019,Canary Islands,Conventional roads,Multiple or chain collision,59,0,0,0,0,0,0,0,0,0,0
2019,Canary Islands,Conventional roads,Collision with obstacle or road element,9,0,0,0,0,0,0,0,0,0,0
2019,Canary Islands,Conventional roads,Pedestrian struck,49,3,3,3,0,0,0,0,0,0,0
2019,Canary Islands,Conventional roads,Animal struck,1,0,0,0,0,0,0,0,0,0,0
2019,Canary Islands,Conventional roads,Overturn,6,0,0,0,0,0,0,0,0,0,0
2019,Canary Islands,Conventional roads,Fall (rider or occupant),67,0,0,0,0,0,0,0,0,0,0
2019,Canary Islands,Conventional roads,Run-off road,351,19,19,0,0,0,8,11,0,0,0
2019,Canary Islands,Conventional roads,Other crash type,14,0,0,0,0,0,0,0,0,0,0
2019,Canary Islands,Dual carriageways,Head-on collision,4,2,2,0,0,0,1,1,0,0,0
2019,Canary Islands,Dual carriageways,Head-on/side collision,10,0,0,0,0,0,0,0,0,0,0
2019,Canary Islands,Dual carriageways,Side collision,23,0,0,0,0,0,0,0,0,0,0
2019,Canary Islands,Dual carriageways,Rear-end collision,166,0,0,0,0,0,0,0,0,0,0
2019,Canary Islands,Dual carriageways,Multiple or chain collision,69,0,0,0,0,0,0,0,0,0,0
2019,Canary Islands,Dual carriageways,Collision with obstacle or road element,12,0,0,0,0,0,0,0,0,0,0
2019,Canary Islands,Dual carriageways,Pedestrian struck,3,2,2,2,0,0,0,0,0,0,0
2019,Canary Islands,Dual carriageways,Animal struck,1,0,0,0,0,0,0,0,0,0,0
2019,Canary Islands,Dual carriageways,Overturn,4,0,0,0,0,0,0,0,0,0,0
2019,Canary Islands,Dual carriageways,Fall (rider or occupant),9,0,0,0,0,0,0,0,0,0,0
2019,Canary Islands,Dual carriageways,Run-off road,76,2,2,0,0,0,0,2,0,0,0
2019,Canary Islands,Motorways,Head-on collision,4,2,2,0,0,0,0,2,0,0,0
2019,Canary Islands,Motorways,Head-on/side collision,19,2,2,0,0,0,0,2,0,0,0
2019,Canary Islands,Motorways,Side collision,21,0,0,0,0,0,0,0,0,0,0
2019,Canary Islands,Motorways,Rear-end collision,162,1,1,0,0,0,0,1,0,0,0
2019,Canary Islands,Motorways,Multiple or chain collision,64,0,0,0,0,0,0,0,0,0,0
2019,Canary Islands,Motorways,Collision with obstacle or road element,7,0,0,0,0,0,0,0,0,0,0
2019,Canary Islands,Motorways,Pedestrian struck,1,0,0,0,0,0,0,0,0,0,0
2019,Canary Islands,Motorways,Overturn,5,0,0,0,0,0,0,0,0,0,0
2019,Canary Islands,Motorways,Fall (rider or occupant),14,2,3,0,0,0,3,0,0,0,0
2019,Canary Islands,Motorways,Run-off road,83,2,2,0,0,0,0,2,0,0,0
2019,Canary Islands,Motorways,Other crash type,2,0,0,0,0,0,0,0,0,0,0
2019,Canary Islands,Other roads,Head-on collision,6,0,0,0,0,0,0,0,0,0,0
2019,Canary Islands,Other roads,Head-on/side collision,18,0,0,0,0,0,0,0,0,0,0
2019,Canary Islands,Other roads,Side collision,8,0,0,0,0,0,0,0,0,0,0
2019,Canary Islands,Other roads,Rear-end collision,40,0,0,0,0,0,0,0,0,0,0
2019,Canary Islands,Other roads,Multiple or chain collision,6,0,0,0,0,0,0,0,0,0,0
2019,Canary Islands,Other roads,Collision with obstacle or road element,1,1,1,0,0,0,1,0,0,0,0
2019,Canary Islands,Other roads,Pedestrian struck,20,0,0,0,0,0,0,0,0,0,0
2019,Canary Islands,Other roads,Animal struck,1,0,0,0,0,0,0,0,0,0,0
2019,Canary Islands,Other roads,Overturn,2,0,0,0,0,0,0,0,0,0,0
2019,Canary Islands,Other roads,Fall (rider or occupant),19,0,0,0,0,0,0,0,0,0,0
2019,Canary Islands,Other roads,Run-off road,34,4,4,0,0,0,2,0,1,0,1
2019,Canary Islands,Other roads,Other crash type,6,0,0,0,0,0,0,0,0,0,0
2019,Cantabria,Urban streets,Head-on collision,5,0,0,0,0,0,0,0,0,0,0
2019,Cantabria,Urban streets,Head-on/side collision,58,1,1,0,0,0,1,0,0,0,0
2019,Cantabria,Urban streets,Side collision,35,0,0,0,0,0,0,0,0,0,0
2019,Cantabria,Urban streets,Rear-end collision,47,0,0,0,0,0,0,0,0,0,0
2019,Cantabria,Urban streets,Multiple or chain collision,6,0,0,0,0,0,0,0,0,0,0
2019,Cantabria,Urban streets,Collision with obstacle or road element,6,0,0,0,0,0,0,0,0,0,0
2019,Cantabria,Urban streets,Pedestrian struck,61,1,1,1,0,0,0,0,0,0,0
2019,Cantabria,Urban streets,Fall (rider or occupant),21,0,0,0,0,0,0,0,0,0,0
2019,Cantabria,Urban streets,Run-off road,20,1,1,0,0,0,0,1,0,0,0
2019,Cantabria,Urban streets,Other crash type,6,0,0,0,0,0,0,0,0,0,0
2019,Cantabria,Conventional roads,Head-on collision,29,0,0,0,0,0,0,0,0,0,0
2019,Cantabria,Conventional roads,Head-on/side collision,91,0,0,0,0,0,0,0,0,0,0
2019,Cantabria,Conventional roads,Side collision,24,0,0,0,0,0,0,0,0,0,0
2019,Cantabria,Conventional roads,Rear-end collision,44,0,0,0,0,0,0,0,0,0,0
2019,Cantabria,Conventional roads,Multiple or chain collision,14,0,0,0,0,0,0,0,0,0,0
2019,Cantabria,Conventional roads,Collision with obstacle or road element,5,1,1,0,1,0,0,0,0,0,0
2019,Cantabria,Conventional roads,Pedestrian struck,25,2,2,2,0,0,0,0,0,0,0
2019,Cantabria,Conventional roads,Animal struck,7,0,0,0,0,0,0,0,0,0,0
2019,Cantabria,Conventional roads,Overturn,4,0,0,0,0,0,0,0,0,0,0
2019,Cantabria,Conventional roads,Fall (rider or occupant),30,0,0,0,0,0,0,0,0,0,0
2019,Cantabria,Conventional roads,Run-off road,101,3,3,0,0,0,0,3,0,0,0
2019,Cantabria,Conventional roads,Other crash type,3,0,0,0,0,0,0,0,0,0,0
2019,Cantabria,Dual carriageways,Head-on collision,4,1,1,0,0,0,0,1,0,0,0
2019,Cantabria,Dual carriageways,Head-on/side collision,5,0,0,0,0,0,0,0,0,0,0
2019,Cantabria,Dual carriageways,Side collision,21,1,1,0,0,0,1,0,0,0,0
2019,Cantabria,Dual carriageways,Rear-end collision,63,1,2,0,0,0,0,2,0,0,0
2019,Cantabria,Dual carriageways,Multiple or chain collision,23,1,1,0,0,0,0,1,0,0,0
2019,Cantabria,Dual carriageways,Collision with obstacle or road element,4,1,1,0,0,0,0,1,0,0,0
2019,Cantabria,Dual carriageways,Animal struck,4,0,0,0,0,0,0,0,0,0,0
2019,Cantabria,Dual carriageways,Overturn,1,0,0,0,0,0,0,0,0,0,0
2019,Cantabria,Dual carriageways,Run-off road,97,3,3,0,0,0,0,2,1,0,0
2019,Cantabria,Dual carriageways,Other crash type,1,0,0,0,0,0,0,0,0,0,0
2019,Cantabria,Motorways,Head-on collision,1,0,0,0,0,0,0,0,0,0,0
2019,Cantabria,Motorways,Side collision,1,0,0,0,0,0,0,0,0,0,0
2019,Cantabria,Motorways,Rear-end collision,4,0,0,0,0,0,0,0,0,0,0
2019,Cantabria,Motorways,Multiple or chain collision,6,0,0,0,0,0,0,0,0,0,0
2019,Cantabria,Motorways,Animal struck,1,0,0,0,0,0,0,0,0,0,0
2019,Cantabria,Motorways,Run-off road,13,0,0,0,0,0,0,0,0,0,0
2019,Cantabria,Other roads,Head-on collision,4,0,0,0,0,0,0,0,0,0,0
2019,Cantabria,Other roads,Head-on/side collision,2,0,0,0,0,0,0,0,0,0,0
2019,Cantabria,Other roads,Side collision,2,0,0,0,0,0,0,0,0,0,0
2019,Cantabria,Other roads,Rear-end collision,7,0,0,0,0,0,0,0,0,0,0
2019,Cantabria,Other roads,Multiple or chain collision,1,0,0,0,0,0,0,0,0,0,0
2019,Cantabria,Other roads,Pedestrian struck,4,0,0,0,0,0,0,0,0,0,0
2019,Cantabria,Other roads,Overturn,1,0,0,0,0,0,0,0,0,0,0
2019,Cantabria,Other roads,Fall (rider or occupant),3,0,0,0,0,0,0,0,0,0,0
2019,Cantabria,Other roads,Run-off road,4,0,0,0,0,0,0,0,0,0,0
2019,Cantabria,Other roads,Other crash type,1,0,0,0,0,0,0,0,0,0,0
2019,Castile and León,Urban streets,Head-on collision,31,0,0,0,0,0,0,0,0,0,0
2019,Castile and León,Urban streets,Head-on/side collision,312,2,2,0,1,0,0,1,0,0,0
2019,Castile and León,Urban streets,Side collision,97,0,0,0,0,0,0,0,0,0,0
2019,Castile and León,Urban streets,Rear-end collision,226,0,0,0,0,0,0,0,0,0,0
2019,Castile and León,Urban streets,Multiple or chain collision,14,0,0,0,0,0,0,0,0,0,0
2019,Castile and León,Urban streets,Collision with obstacle or road element,22,0,0,0,0,0,0,0,0,0,0
2019,Castile and León,Urban streets,Pedestrian struck,544,20,20,20,0,0,0,0,0,0,0
2019,Castile and León,Urban streets,Animal struck,2,0,0,0,0,0,0,0,0,0,0
2019,Castile and León,Urban streets,Overturn,13,0,0,0,0,0,0,0,0,0,0
2019,Castile and León,Urban streets,Fall (rider or occupant),96,1,1,0,1,0,0,0,0,0,0
2019,Castile and León,Urban streets,Run-off road,111,3,3,0,0,0,1,1,0,0,1
2019,Castile and León,Urban streets,Other crash type,57,0,0,0,0,0,0,0,0,0,0
2019,Castile and León,Conventional roads,Head-on collision,73,16,21,0,1,0,5,14,1,0,0
2019,Castile and León,Conventional roads,Head-on/side collision,233,7,7,0,1,0,2,1,2,0,1
2019,Castile and León,Conventional roads,Side collision,49,0,0,0,0,0,0,0,0,0,0
2019,Castile and León,Conventional roads,Rear-end collision,157,2,2,0,2,0,0,0,0,0,0
2019,Castile and León,Conventional roads,Multiple or chain collision,14,0,0,0,0,0,0,0,0,0,0
2019,Castile and León,Conventional roads,Collision with obstacle or road element,13,0,0,0,0,0,0,0,0,0,0
2019,Castile and León,Conventional roads,Pedestrian struck,47,7,7,7,0,0,0,0,0,0,0
2019,Castile and León,Conventional roads,Animal struck,68,0,0,0,0,0,0,0,0,0,0
2019,Castile and León,Conventional roads,Overturn,14,0,0,0,0,0,0,0,0,0,0
2019,Castile and León,Conventional roads,Fall (rider or occupant),74,2,2,0,0,0,2,0,0,0,0
2019,Castile and León,Conventional roads,Run-off road,756,30,37,0,0,0,9,25,3,0,0
2019,Castile and León,Conventional roads,Other crash type,18,1,1,0,1,0,0,0,0,0,0
2019,Castile and León,Dual carriageways,Head-on collision,7,5,5,0,0,0,0,3,2,0,0
2019,Castile and León,Dual carriageways,Head-on/side collision,18,0,0,0,0,0,0,0,0,0,0
2019,Castile and León,Dual carriageways,Side collision,21,1,1,0,0,0,0,0,0,1,0
2019,Castile and León,Dual carriageways,Rear-end collision,152,4,4,0,0,0,2,1,1,0,0
2019,Castile and León,Dual carriageways,Multiple or chain collision,26,0,0,0,0,0,0,0,0,0,0
2019,Castile and León,Dual carriageways,Collision with obstacle or road element,10,2,4,1,0,0,1,2,0,0,0
2019,Castile and León,Dual carriageways,Pedestrian struck,5,3,3,3,0,0,0,0,0,0,0
2019,Castile and León,Dual carriageways,Animal struck,11,0,0,0,0,0,0,0,0,0,0
2019,Castile and León,Dual carriageways,Overturn,8,0,0,0,0,0,0,0,0,0,0
2019,Castile and León,Dual carriageways,Fall (rider or occupant),8,0,0,0,0,0,0,0,0,0,0
2019,Castile and León,Dual carriageways,Run-off road,265,9,9,0,0,0,2,7,0,0,0
2019,Castile and León,Dual carriageways,Other crash type,8,0,0,0,0,0,0,0,0,0,0
2019,Castile and León,Motorways,Side collision,2,0,0,0,0,0,0,0,0,0,0
2019,Castile and León,Motorways,Rear-end collision,22,0,0,0,0,0,0,0,0,0,0
2019,Castile and León,Motorways,Multiple or chain collision,6,0,0,0,0,0,0,0,0,0,0
2019,Castile and León,Motorways,Animal struck,1,0,0,0,0,0,0,0,0,0,0
2019,Castile and León,Motorways,Overturn,2,0,0,0,0,0,0,0,0,0,0
2019,Castile and León,Motorways,Fall (rider or occupant),2,0,0,0,0,0,0,0,0,0,0
2019,Castile and León,Motorways,Run-off road,24,0,0,0,0,0,0,0,0,0,0
2019,Castile and León,Other roads,Head-on collision,8,1,1,0,0,0,1,0,0,0,0
2019,Castile and León,Other roads,Head-on/side collision,17,0,0,0,0,0,0,0,0,0,0
2019,Castile and León,Other roads,Side collision,10,0,0,0,0,0,0,0,0,0,0
2019,Castile and León,Other roads,Rear-end collision,20,0,0,0,0,0,0,0,0,0,0
2019,Castile and León,Other roads,Collision with obstacle or road element,6,1,1,0,0,0,1,0,0,0,0
2019,Castile and León,Other roads,Pedestrian struck,22,0,0,0,0,0,0,0,0,0,0
2019,Castile and León,Other roads,Animal struck,2,0,0,0,0,0,0,0,0,0,0
2019,Castile and León,Other roads,Overturn,2,0,0,0,0,0,0,0,0,0,0
2019,Castile and León,Other roads,Fall (rider or occupant),30,2,2,0,1,1,0,0,0,0,0
2019,Castile and León,Other roads,Run-off road,60,3,3,0,1,0,0,2,0,0,0
2019,Castile and León,Other roads,Other crash type,3,0,0,0,0,0,0,0,0,0,0
2019,Castile-La Mancha,Urban streets,Head-on collision,32,0,0,0,0,0,0,0,0,0,0
2019,Castile-La Mancha,Urban streets,Head-on/side collision,266,0,0,0,0,0,0,0,0,0,0
2019,Castile-La Mancha,Urban streets,Side collision,78,0,0,0,0,0,0,0,0,0,0
2019,Castile-La Mancha,Urban streets,Rear-end collision,99,0,0,0,0,0,0,0,0,0,0
2019,Castile-La Mancha,Urban streets,Multiple or chain collision,6,0,0,0,0,0,0,0,0,0,0
2019,Castile-La Mancha,Urban streets,Collision with obstacle or road element,16,1,1,1,0,0,0,0,0,0,0
2019,Castile-La Mancha,Urban streets,Pedestrian struck,255,11,11,11,0,0,0,0,0,0,0
2019,Castile-La Mancha,Urban streets,Overturn,5,0,0,0,0,0,0,0,0,0,0
2019,Castile-La Mancha,Urban streets,Fall (rider or occupant),80,1,1,0,0,1,0,0,0,0,0
2019,Castile-La Mancha,Urban streets,Run-off road,69,3,3,0,0,0,1,2,0,0,0
2019,Castile-La Mancha,Urban streets,Other crash type,38,1,1,0,1,0,0,0,0,0,0
2019,Castile-La Mancha,Conventional roads,Head-on collision,55,8,10,0,0,1,2,7,0,0,0
2019,Castile-La Mancha,Conventional roads,Head-on/side collision,137,6,6,0,1,0,0,3,2,0,0
2019,Castile-La Mancha,Conventional roads,Side collision,29,0,0,0,0,0,0,0,0,0,0
2019,Castile-La Mancha,Conventional roads,Rear-end collision,93,4,4,0,1,0,1,1,0,0,1
2019,Castile-La Mancha,Conventional roads,Multiple or chain collision,9,0,0,0,0,0,0,0,0,0,0
2019,Castile-La Mancha,Conventional roads,Collision with obstacle or road element,6,0,0,0,0,0,0,0,0,0,0
2019,Castile-La Mancha,Conventional roads,Pedestrian struck,16,2,2,2,0,0,0,0,0,0,0
2019,Castile-La Mancha,Conventional roads,Animal struck,20,0,0,0,0,0,0,0,0,0,0
2019,Castile-La Mancha,Conventional roads,Overturn,19,0,0,0,0,0,0,0,0,0,0
2019,Castile-La Mancha,Conventional roads,Fall (rider or occupant),26,0,0,0,0,0,0,0,0,0,0
2019,Castile-La Mancha,Conventional roads,Run-off road,501,22,24,0,0,1,5,14,3,1,0
2019,Castile-La Mancha,Conventional roads,Other crash type,6,0,0,0,0,0,0,0,0,0,0
2019,Castile-La Mancha,Dual carriageways,Head-on collision,4,1,1,0,0,0,0,1,0,0,0
2019,Castile-La Mancha,Dual carriageways,Head-on/side collision,16,0,0,0,0,0,0,0,0,0,0
2019,Castile-La Mancha,Dual carriageways,Side collision,17,0,0,0,0,0,0,0,0,0,0
2019,Castile-La Mancha,Dual carriageways,Rear-end collision,162,7,7,1,0,0,0,4,1,1,0
2019,Castile-La Mancha,Dual carriageways,Multiple or chain collision,57,0,0,0,0,0,0,0,0,0,0
2019,Castile-La Mancha,Dual carriageways,Collision with obstacle or road element,9,1,1,1,0,0,0,0,0,0,0
2019,Castile-La Mancha,Dual carriageways,Pedestrian struck,4,3,3,3,0,0,0,0,0,0,0
2019,Castile-La Mancha,Dual carriageways,Animal struck,3,0,0,0,0,0,0,0,0,0,0
2019,Castile-La Mancha,Dual carriageways,Overturn,4,0,0,0,0,0,0,0,0,0,0
2019,Castile-La Mancha,Dual carriageways,Fall (rider or occupant),8,0,0,0,0,0,0,0,0,0,0
2019,Castile-La Mancha,Dual carriageways,Run-off road,223,10,11,0,1,0,0,8,1,1,0
2019,Castile-La Mancha,Dual carriageways,Other crash type,5,0,0,0,0,0,0,0,0,0,0
2019,Castile-La Mancha,Motorways,Side collision,1,0,0,0,0,0,0,0,0,0,0
2019,Castile-La Mancha,Motorways,Run-off road,5,0,0,0,0,0,0,0,0,0,0
2019,Castile-La Mancha,Other roads,Head-on collision,8,1,1,0,0,0,0,0,0,0,1
2019,Castile-La Mancha,Other roads,Head-on/side collision,18,0,0,0,0,0,0,0,0,0,0
2019,Castile-La Mancha,Other roads,Side collision,6,0,0,0,0,0,0,0,0,0,0
2019,Castile-La Mancha,Other roads,Rear-end collision,8,0,0,0,0,0,0,0,0,0,0
2019,Castile-La Mancha,Other roads,Multiple or chain collision,2,0,0,0,0,0,0,0,0,0,0
2019,Castile-La Mancha,Other roads,Collision with obstacle or road element,5,0,0,0,0,0,0,0,0,0,0
2019,Castile-La Mancha,Other roads,Pedestrian struck,7,1,1,1,0,0,0,0,0,0,0
2019,Castile-La Mancha,Other roads,Animal struck,1,0,0,0,0,0,0,0,0,0,0
2019,Castile-La Mancha,Other roads,Overturn,2,0,0,0,0,0,0,0,0,0,0
2019,Castile-La Mancha,Other roads,Fall (rider or occupant),18,0,0,0,0,0,0,0,0,0,0
2019,Castile-La Mancha,Other roads,Run-off road,69,4,5,0,0,0,1,3,0,0,1
2019,Castile-La Mancha,Other roads,Other crash type,2,0,0,0,0,0,0,0,0,0,0
2019,Catalonia,Urban streets,Head-on collision,377,1,1,0,0,0,1,0,0,0,0
2019,Catalonia,Urban streets,Head-on/side collision,4167,12,12,0,3,1,7,1,0,0,0
2019,Catalonia,Urban streets,Side collision,2841,3,3,0,0,1,2,0,0,0,0
2019,Catalonia,Urban streets,Rear-end collision,1285,4,4,0,1,0,3,0,0,0,0
2019,Catalonia,Urban streets,Collision with obstacle or road element,512,7,7,0,1,1,4,1,0,0,0
2019,Catalonia,Urban streets,Pedestrian struck,3047,39,39,36,0,1,0,1,0,1,0
2019,Catalonia,Urban streets,Overturn,1945,7,7,1,2,1,3,0,0,0,0
2019,Catalonia,Urban streets,Run-off road,433,9,9,0,1,1,4,2,0,0,1
2019,Catalonia,Urban streets,Other crash type,2476,8,8,3,0,1,2,2,0,0,0
2019,Catalonia,Dual carriageways,Head-on collision,421,39,48,0,2,0,8,37,1,0,0
2019,Catalonia,Dual carriageways,Head-on/side collision,954,18,23,0,1,0,7,14,1,0,0
2019,Catalonia,Dual carriageways,Side collision,842,11,11,0,3,0,7,1,0,0,0
2019,Catalonia,Dual carriageways,Rear-end collision,1874,15,16,0,3,2,5,5,1,0,0
2019,Catalonia,Dual carriageways,Collision with obstacle or road element,213,2,2,0,0,0,1,1,0,0,0
2019,Catalonia,Dual carriageways,Pedestrian struck,226,18,18,18,0,0,0,0,0,0,0
2019,Catalonia,Dual carriageways,Overturn,717,10,10,0,1,1,8,0,0,0,0
2019,Catalonia,Dual carriageways,Run-off road,1991,48,50,0,1,0,18,23,3,3,2
2019,Catalonia,Dual carriageways,Other crash type,824,5,5,1,1,0,0,3,0,0,0
2019,Catalonia,Motorways,Head-on collision,11,3,3,0,0,0,0,2,1,0,0
2019,Catalonia,Motorways,Head-on/side collision,57,1,1,0,0,0,1,0,0,0,0
2019,Catalonia,Motorways,Side collision,224,1,1,0,0,0,1,0,0,0,0
2019,Catalonia,Motorways,Rear-end collision,641,5,6,0,0,0,1,2,1,2,0
2019,Catalonia,Motorways,Collision with obstacle or road element,83,0,0,0,0,0,0,0,0,0,0
2019,Catalonia,Motorways,Pedestrian struck,4,3,3,3,0,0,0,0,0,0,0
2019,Catalonia,Motorways,Overturn,91,0,0,0,0,0,0,0,0,0,0
2019,Catalonia,Motorways,Run-off road,215,12,12,0,0,0,0,6,2,4,0
2019,Catalonia,Motorways,Other crash type,100,4,5,0,0,0,1,4,0,0,0
2019,Catalonia,Other roads,Head-on collision,1,0,0,0,0,0,0,0,0,0,0
2019,Catalonia,Other roads,Side collision,1,0,0,0,0,0,0,0,0,0,0
2019,Catalonia,Other roads,Overturn,1,0,0,0,0,0,0,0,0,0,0
2019,Catalonia,Other roads,Run-off road,1,0,0,0,0,0,0,0,0,0,0
2019,Catalonia,Other roads,Other crash type,1,0,0,0,0,0,0,0,0,0,0
2019,Valencian Community,Urban streets,Head-on collision,100,5,5,0,0,0,2,1,1,0,1
2019,Valencian Community,Urban streets,Head-on/side collision,1222,6,6,0,2,3,0,0,0,1,0
2019,Valencian Community,Urban streets,Side collision,400,1,1,0,1,0,0,0,0,0,0
2019,Valencian Community,Urban streets,Rear-end collision,569,1,1,0,0,0,0,0,0,0,1
2019,Valencian Community,Urban streets,Multiple or chain collision,88,1,1,0,0,0,0,1,0,0,0
2019,Valencian Community,Urban streets,Collision with obstacle or road element,129,3,3,0,0,0,2,1,0,0,0
2019,Valencian Community,Urban streets,Pedestrian struck,884,24,24,21,1,0,2,0,0,0,0
2019,Valencian Community,Urban streets,Animal struck,4,0,0,0,0,0,0,0,0,0,0
2019,Valencian Community,Urban streets,Overturn,10,0,0,0,0,0,0,0,0,0,0
2019,Valencian Community,Urban streets,Fall (rider or occupant),585,2,2,0,0,0,1,0,0,0,1
2019,Valencian Community,Urban streets,Run-off road,209,11,11,1,2,0,6,1,1,0,0
2019,Valencian Community,Urban streets,Other crash type,139,0,0,0,0,0,0,0,0,0,0
2019,Valencian Community,Conventional roads,Head-on collision,126,17,19,0,0,2,4,12,1,0,0
2019,Valencian Community,Conventional roads,Head-on/side collision,338,3,3,0,0,0,2,1,0,0,0
2019,Valencian Community,Conventional roads,Side collision,124,1,1,0,1,0,0,0,0,0,0
2019,Valencian Community,Conventional roads,Rear-end collision,379,5,5,0,3,0,2,0,0,0,0
2019,Valencian Community,Conventional roads,Multiple or chain collision,67,2,2,0,0,0,1,1,0,0,0
2019,Valencian Community,Conventional roads,Collision with obstacle or road element,26,1,1,0,1,0,0,0,0,0,0
2019,Valencian Community,Conventional roads,Pedestrian struck,33,7,7,7,0,0,0,0,0,0,0
2019,Valencian Community,Conventional roads,Animal struck,35,1,1,0,0,0,1,0,0,0,0
2019,Valencian Community,Conventional roads,Overturn,38,1,1,0,0,0,1,0,0,0,0
2019,Valencian Community,Conventional roads,Fall (rider or occupant),122,0,0,0,0,0,0,0,0,0,0
2019,Valencian Community,Conventional roads,Run-off road,658,19,19,0,0,0,10,7,2,0,0
2019,Valencian Community,Conventional roads,Other crash type,10,0,0,0,0,0,0,0,0,0,0
2019,Valencian Community,Dual carriageways,Head-on collision,9,2,6,0,0,0,0,6,0,0,0
2019,Valencian Community,Dual carriageways,Head-on/side collision,89,2,2,0,0,0,1,1,0,0,0
2019,Valencian Community,Dual carriageways,Side collision,127,3,3,0,0,0,2,1,0,0,0
2019,Valencian Community,Dual carriageways,Rear-end collision,484,5,5,0,0,1,1,1,0,1,1
2019,Valencian Community,Dual carriageways,Multiple or chain collision,134,0,0,0,0,0,0,0,0,0,0
2019,Valencian Community,Dual carriageways,Collision with obstacle or road element,25,2,2,0,0,0,0,1,0,1,0
2019,Valencian Community,Dual carriageways,Pedestrian struck,16,6,6,6,0,0,0,0,0,0,0
2019,Valencian Community,Dual carriageways,Animal struck,5,0,0,0,0,0,0,0,0,0,0
2019,Valencian Community,Dual carriageways,Overturn,26,2,2,0,0,0,0,0,0,1,1
2019,Valencian Community,Dual carriageways,Fall (rider or occupant),46,0,0,0,0,0,0,0,0,0,0
2019,Valencian Community,Dual carriageways,Run-off road,288,13,13,0,0,0,6,3,2,2,0
2019,Valencian Community,Dual carriageways,Other crash type,14,1,1,1,0,0,0,0,0,0,0
2019,Valencian Community,Motorways,Head-on collision,2,0,0,0,0,0,0,0,0,0,0
2019,Valencian Community,Motorways,Head-on/side collision,3,0,0,0,0,0,0,0,0,0,0
2019,Valencian Community,Motorways,Side collision,6,0,0,0,0,0,0,0,0,0,0
2019,Valencian Community,Motorways,Rear-end collision,30,1,3,0,0,0,0,2,1,0,0
2019,Valencian Community,Motorways,Multiple or chain collision,9,1,1,0,0,0,0,0,0,1,0
2019,Valencian Community,Motorways,Collision with obstacle or road element,3,0,0,0,0,0,0,0,0,0,0
2019,Valencian Community,Motorways,Pedestrian struck,1,0,0,0,0,0,0,0,0,0,0
2019,Valencian Community,Motorways,Fall (rider or occupant),1,0,0,0,0,0,0,0,0,0,0
2019,Valencian Community,Motorways,Run-off road,59,3,4,0,0,0,0,3,0,1,0
2019,Valencian Community,Motorways,Other crash type,2,0,0,0,0,0,0,0,0,0,0
2019,Valencian Community,Other roads,Head-on collision,30,1,1,0,0,1,0,0,0,0,0
2019,Valencian Community,Other roads,Head-on/side collision,93,1,1,0,0,0,1,0,0,0,0
2019,Valencian Community,Other roads,Side collision,19,0,0,0,0,0,0,0,0,0,0
2019,Valencian Community,Other roads,Rear-end collision,35,0,0,0,0,0,0,0,0,0,0
2019,Valencian Community,Other roads,Multiple or chain collision,6,0,0,0,0,0,0,0,0,0,0
2019,Valencian Community,Other roads,Collision with obstacle or road element,9,0,0,0,0,0,0,0,0,0,0
2019,Valencian Community,Other roads,Pedestrian struck,32,0,0,0,0,0,0,0,0,0,0
2019,Valencian Community,Other roads,Animal struck,4,0,0,0,0,0,0,0,0,0,0
2019,Valencian Community,Other roads,Overturn,17,2,2,0,0,0,1,0,0,0,1
2019,Valencian Community,Other roads,Fall (rider or occupant),48,1,1,0,1,0,0,0,0,0,0
2019,Valencian Community,Other roads,Run-off road,159,11,11,0,1,0,2,4,1,1,2
2019,Valencian Community,Other roads,Other crash type,9,0,0,0,0,0,0,0,0,0,0
2019,Extremadura,Urban streets,Head-on collision,19,0,0,0,0,0,0,0,0,0,0
2019,Extremadura,Urban streets,Head-on/side collision,168,1,2,0,0,0,0,2,0,0,0
2019,Extremadura,Urban streets,Side collision,49,0,0,0,0,0,0,0,0,0,0
2019,Extremadura,Urban streets,Rear-end collision,101,0,0,0,0,0,0,0,0,0,0
2019,Extremadura,Urban streets,Multiple or chain collision,6,0,0,0,0,0,0,0,0,0,0
2019,Extremadura,Urban streets,Collision with obstacle or road element,14,1,1,0,0,0,0,1,0,0,0
2019,Extremadura,Urban streets,Pedestrian struck,145,3,3,3,0,0,0,0,0,0,0
2019,Extremadura,Urban streets,Animal struck,2,0,0,0,0,0,0,0,0,0,0
2019,Extremadura,Urban streets,Overturn,4,0,0,0,0,0,0,0,0,0,0
2019,Extremadura,Urban streets,Fall (rider or occupant),79,0,0,0,0,0,0,0,0,0,0
2019,Extremadura,Urban streets,Run-off road,25,2,2,0,0,0,0,0,0,0,2
2019,Extremadura,Urban streets,Other crash type,15,0,0,0,0,0,0,0,0,0,0
2019,Extremadura,Conventional roads,Head-on collision,26,5,5,0,0,0,0,4,1,0,0
2019,Extremadura,Conventional roads,Head-on/side collision,67,4,4,0,0,0,1,3,0,0,0
2019,Extremadura,Conventional roads,Side collision,20,1,1,0,0,0,1,0,0,0,0
2019,Extremadura,Conventional roads,Rear-end collision,63,0,0,0,0,0,0,0,0,0,0
2019,Extremadura,Conventional roads,Multiple or chain collision,4,1,1,0,0,0,0,1,0,0,0
2019,Extremadura,Conventional roads,Collision with obstacle or road element,6,0,0,0,0,0,0,0,0,0,0
2019,Extremadura,Conventional roads,Pedestrian struck,14,2,2,2,0,0,0,0,0,0,0
2019,Extremadura,Conventional roads,Animal struck,25,1,1,0,0,0,1,0,0,0,0
2019,Extremadura,Conventional roads,Overturn,3,0,0,0,0,0,0,0,0,0,0
2019,Extremadura,Conventional roads,Fall (rider or occupant),10,0,0,0,0,0,0,0,0,0,0
2019,Extremadura,Conventional roads,Run-off road,270,10,10,0,0,0,4,5,1,0,0
2019,Extremadura,Conventional roads,Other crash type,6,1,1,0,0,0,1,0,0,0,0
2019,Extremadura,Dual carriageways,Head-on collision,1,1,1,0,0,0,0,1,0,0,0
2019,Extremadura,Dual carriageways,Head-on/side collision,6,0,0,0,0,0,0,0,0,0,0
2019,Extremadura,Dual carriageways,Side collision,2,0,0,0,0,0,0,0,0,0,0
2019,Extremadura,Dual carriageways,Rear-end collision,38,2,2,0,0,0,0,0,0,2,0
2019,Extremadura,Dual carriageways,Multiple or chain collision,4,0,0,0,0,0,0,0,0,0,0
2019,Extremadura,Dual carriageways,Collision with obstacle or road element,5,0,0,0,0,0,0,0,0,0,0
2019,Extremadura,Dual carriageways,Pedestrian struck,2,0,0,0,0,0,0,0,0,0,0
2019,Extremadura,Dual carriageways,Animal struck,2,0,0,0,0,0,0,0,0,0,0
2019,Extremadura,Dual carriageways,Overturn,1,0,0,0,0,0,0,0,0,0,0
2019,Extremadura,Dual carriageways,Fall (rider or occupant),1,0,0,0,0,0,0,0,0,0,0
2019,Extremadura,Dual carriageways,Run-off road,68,7,7,0,0,0,1,3,1,2,0
2019,Extremadura,Dual carriageways,Other crash type,2,0,0,0,0,0,0,0,0,0,0
2019,Extremadura,Other roads,Head-on collision,5,0,0,0,0,0,0,0,0,0,0
2019,Extremadura,Other roads,Head-on/side collision,20,1,1,0,0,0,0,1,0,0,0
2019,Extremadura,Other roads,Side collision,3,0,0,0,0,0,0,0,0,0,0
2019,Extremadura,Other roads,Rear-end collision,15,0,0,0,0,0,0,0,0,0,0
2019,Extremadura,Other roads,Collision with obstacle or road element,2,0,0,0,0,0,0,0,0,0,0
2019,Extremadura,Other roads,Pedestrian struck,12,0,0,0,0,0,0,0,0,0,0
2019,Extremadura,Other roads,Animal struck,5,0,0,0,0,0,0,0,0,0,0
2019,Extremadura,Other roads,Overturn,2,0,0,0,0,0,0,0,0,0,0
2019,Extremadura,Other roads,Fall (rider or occupant),6,0,0,0,0,0,0,0,0,0,0
2019,Extremadura,Other roads,Run-off road,66,5,5,0,1,0,0,3,0,0,1
2019,Extremadura,Other roads,Other crash type,3,1,1,0,0,0,0,1,0,0,0
2019,Galicia,Urban streets,Head-on collision,53,0,0,0,0,0,0,0,0,0,0
2019,Galicia,Urban streets,Head-on/side collision,342,1,1,0,0,0,0,0,0,0,1
2019,Galicia,Urban streets,Side collision,121,0,0,0,0,0,0,0,0,0,0
2019,Galicia,Urban streets,Rear-end collision,228,0,0,0,0,0,0,0,0,0,0
2019,Galicia,Urban streets,Multiple or chain collision,31,0,0,0,0,0,0,0,0,0,0
2019,Galicia,Urban streets,Collision with obstacle or road element,34,0,0,0,0,0,0,0,0,0,0
2019,Galicia,Urban streets,Pedestrian struck,491,13,13,13,0,0,0,0,0,0,0
2019,Galicia,Urban streets,Animal struck,1,0,0,0,0,0,0,0,0,0,0
2019,Galicia,Urban streets,Overturn,3,0,0,0,0,0,0,0,0,0,0
2019,Galicia,Urban streets,Fall (rider or occupant),103,0,0,0,0,0,0,0,0,0,0
2019,Galicia,Urban streets,Run-off road,129,3,3,0,0,0,1,1,0,0,1
2019,Galicia,Urban streets,Other crash type,36,0,0,0,0,0,0,0,0,0,0
2019,Galicia,Conventional roads,Head-on collision,185,22,26,0,0,0,5,21,0,0,0
2019,Galicia,Conventional roads,Head-on/side collision,466,11,11,0,0,1,2,8,0,0,0
2019,Galicia,Conventional roads,Side collision,104,2,2,0,0,0,1,1,0,0,0
2019,Galicia,Conventional roads,Rear-end collision,295,1,1,0,0,0,1,0,0,0,0
2019,Galicia,Conventional roads,Multiple or chain collision,64,0,0,0,0,0,0,0,0,0,0
2019,Galicia,Conventional roads,Collision with obstacle or road element,6,0,0,0,0,0,0,0,0,0,0
2019,Galicia,Conventional roads,Pedestrian struck,129,19,19,18,1,0,0,0,0,0,0
2019,Galicia,Conventional roads,Animal struck,35,0,0,0,0,0,0,0,0,0,0
2019,Galicia,Conventional roads,Overturn,11,0,0,0,0,0,0,0,0,0,0
2019,Galicia,Conventional roads,Fall (rider or occupant),55,0,0,0,0,0,0,0,0,0,0
2019,Galicia,Conventional roads,Run-off road,800,28,28,0,0,1,7,18,1,0,1
2019,Galicia,Conventional roads,Other crash type,23,0,0,0,0,0,0,0,0,0,0
2019,Galicia,Dual carriageways,Head-on collision,6,1,2,0,0,0,0,0,2,0,0
2019,Galicia,Dual carriageways,Head-on/side collision,23,1,1,0,0,0,0,1,0,0,0
2019,Galicia,Dual carriageways,Side collision,19,0,0,0,0,0,0,0,0,0,0
2019,Galicia,Dual carriageways,Rear-end collision,105,2,2,0,0,0,1,0,0,1,0
2019,Galicia,Dual carriageways,Multiple or chain collision,40,0,0,0,0,0,0,0,0,0,0
2019,Galicia,Dual carriageways,Collision with obstacle or road element,5,0,0,0,0,0,0,0,0,0,0
2019,Galicia,Dual carriageways,Pedestrian struck,9,4,4,4,0,0,0,0,0,0,0
2019,Galicia,Dual carriageways,Animal struck,8,0,0,0,0,0,0,0,0,0,0
2019,Galicia,Dual carriageways,Overturn,2,0,0,0,0,0,0,0,0,0,0
2019,Galicia,Dual carriageways,Fall (rider or occupant),7,0,0,0,0,0,0,0,0,0,0
2019,Galicia,Dual carriageways,Run-off road,187,2,2,0,0,0,0,1,0,1,0
2019,Galicia,Dual carriageways,Other crash type,10,0,0,0,0,0,0,0,0,0,0
2019,Galicia,Motorways,Head-on collision,3,1,1,0,0,0,0,1,0,0,0
2019,Galicia,Motorways,Head-on/side collision,6,0,0,0,0,0,0,0,0,0,0
2019,Galicia,Motorways,Side collision,10,0,0,0,0,0,0,0,0,0,0
2019,Galicia,Motorways,Rear-end collision,32,0,0,0,0,0,0,0,0,0,0
2019,Galicia,Motorways,Multiple or chain collision,14,0,0,0,0,0,0,0,0,0,0
2019,Galicia,Motorways,Collision with obstacle or road element,2,0,0,0,0,0,0,0,0,0,0
2019,Galicia,Motorways,Pedestrian struck,3,2,2,2,0,0,0,0,0,0,0
2019,Galicia,Motorways,Animal struck,1,0,0,0,0,0,0,0,0,0,0
2019,Galicia,Motorways,Fall (rider or occupant),2,0,0,0,0,0,0,0,0,0,0
2019,Galicia,Motorways,Run-off road,81,2,4,0,0,0,0,4,0,0,0
2019,Galicia,Motorways,Other crash type,3,0,0,0,0,0,0,0,0,0,0
2019,Galicia,Other roads,Head-on collision,17,1,1,0,0,0,0,1,0,0,0
2019,Galicia,Other roads,Head-on/side collision,28,0,0,0,0,0,0,0,0,0,0
2019,Galicia,Other roads,Side collision,15,1,1,0,0,1,0,0,0,0,0
2019,Galicia,Other roads,Rear-end collision,15,0,0,0,0,0,0,0,0,0,0
2019,Galicia,Other roads,Multiple or chain collision,6,0,0,0,0,0,0,0,0,0,0
2019,Galicia,Other roads,Collision with obstacle or road element,2,0,0,0,0,0,0,0,0,0,0
2019,Galicia,Other roads,Pedestrian struck,34,0,0,0,0,0,0,0,0,0,0
2019,Galicia,Other roads,Animal struck,2,0,0,0,0,0,0,0,0,0,0
2019,Galicia,Other roads,Fall (rider or occupant),6,0,0,0,0,0,0,0,0,0,0
2019,Galicia,Other roads,Run-off road,72,3,3,0,0,0,1,0,0,1,1
2019,Galicia,Other roads,Other crash type,7,0,0,0,0,0,0,0,0,0,0
2019,Madrid,Urban streets,Head-on collision,249,1,1,0,0,0,0,1,0,0,0
2019,Madrid,Urban streets,Head-on/side collision,3062,8,8,0,1,0,6,0,0,1,0
2019,Madrid,Urban streets,Side collision,1017,1,1,0,0,0,1,0,0,0,0
2019,Madrid,Urban streets,Rear-end collision,2539,2,2,0,0,0,2,0,0,0,0
2019,Madrid,Urban streets,Multiple or chain collision,497,1,1,0,0,0,1,0,0,0,0
2019,Madrid,Urban streets,Collision with obstacle or road element,457,1,1,0,0,0,1,0,0,0,0
2019,Madrid,Urban streets,Pedestrian struck,2298,32,32,32,0,0,0,0,0,0,0
2019,Madrid,Urban streets,Animal struck,7,0,0,0,0,0,0,0,0,0,0
2019,Madrid,Urban streets,Overturn,57,0,0,0,0,0,0,0,0,0,0
2019,Madrid,Urban streets,Fall (rider or occupant),2123,4,4,0,1,0,3,0,0,0,0
2019,Madrid,Urban streets,Run-off road,740,9,10,2,0,0,5,2,1,0,0
2019,Madrid,Urban streets,Other crash type,263,1,1,0,0,0,0,0,0,0,1
2019,Madrid,Conventional roads,Head-on collision,79,6,6,0,1,0,4,1,0,0,0
2019,Madrid,Conventional roads,Head-on/side collision,166,5,7,0,0,0,1,4,1,1,0
2019,Madrid,Conventional roads,Side collision,46,0,0,0,0,0,0,0,0,0,0
2019,Madrid,Conventional roads,Rear-end collision,173,1,1,0,1,0,0,0,0,0,0
2019,Madrid,Conventional roads,Multiple or chain collision,35,0,0,0,0,0,0,0,0,0,0
2019,Madrid,Conventional roads,Collision with obstacle or road element,5,0,0,0,0,0,0,0,0,0,0
2019,Madrid,Conventional roads,Pedestrian struck,38,6,6,6,0,0,0,0,0,0,0
2019,Madrid,Conventional roads,Animal struck,6,0,0,0,0,0,0,0,0,0,0
2019,Madrid,Conventional roads,Overturn,4,0,0,0,0,0,0,0,0,0,0
2019,Madrid,Conventional roads,Fall (rider or occupant),70,1,1,0,1,0,0,0,0,0,0
2019,Madrid,Conventional roads,Run-off road,361,14,16,0,0,0,4,12,0,0,0
2019,Madrid,Conventional roads,Other crash type,5,0,0,0,0,0,0,0,0,0,0
2019,Madrid,Dual carriageways,Head-on collision,22,4,4,0,0,0,0,4,0,0,0
2019,Madrid,Dual carriageways,Head-on/side collision,113,2,2,0,0,0,1,1,0,0,0
2019,Madrid,Dual carriageways,Side collision,197,2,2,0,0,0,1,0,1,0,0
2019,Madrid,Dual carriageways,Rear-end collision,646,8,8,0,0,0,2,5,1,0,0
2019,Madrid,Dual carriageways,Multiple or chain collision,213,3,3,0,0,0,0,3,0,0,0
2019,Madrid,Dual carriageways,Collision with obstacle or road element,18,1,1,0,0,0,0,1,0,0,0
2019,Madrid,Dual carriageways,Pedestrian struck,25,10,10,10,0,0,0,0,0,0,0
2019,Madrid,Dual carriageways,Animal struck,2,0,0,0,0,0,0,0,0,0,0
2019,Madrid,Dual carriageways,Overturn,2,0,0,0,0,0,0,0,0,0,0
2019,Madrid,Dual carriageways,Fall (rider or occupant),91,1,1,0,0,0,1,0,0,0,0
2019,Madrid,Dual carriageways,Run-off road,378,12,13,0,0,0,5,7,1,0,0
2019,Madrid,Dual carriageways,Other crash type,13,0,0,0,0,0,0,0,0,0,0
2019,Madrid,Motorways,Head-on collision,1,0,0,0,0,0,0,0,0,0,0
2019,Madrid,Motorways,Head-on/side collision,22,1,1,0,0,0,0,1,0,0,0
2019,Madrid,Motorways,Side collision,50,0,0,0,0,0,0,0,0,0,0
2019,Madrid,Motorways,Rear-end collision,217,2,2,0,0,0,0,2,0,0,0
2019,Madrid,Motorways,Multiple or chain collision,61,1,1,0,0,0,0,1,0,0,0
2019,Madrid,Motorways,Collision with obstacle or road element,7,0,0,0,0,0,0,0,0,0,0
2019,Madrid,Motorways,Pedestrian struck,7,4,4,4,0,0,0,0,0,0,0
2019,Madrid,Motorways,Overturn,5,0,0,0,0,0,0,0,0,0,0
2019,Madrid,Motorways,Fall (rider or occupant),20,0,0,0,0,0,0,0,0,0,0
2019,Madrid,Motorways,Run-off road,86,6,8,0,0,0,0,7,1,0,0
2019,Madrid,Motorways,Other crash type,4,1,1,0,0,0,0,0,0,1,0
2019,Madrid,Other roads,Head-on collision,3,0,0,0,0,0,0,0,0,0,0
2019,Madrid,Other roads,Head-on/side collision,17,0,0,0,0,0,0,0,0,0,0
2019,Madrid,Other roads,Side collision,6,0,0,0,0,0,0,0,0,0,0
2019,Madrid,Other roads,Rear-end collision,28,0,0,0,0,0,0,0,0,0,0
2019,Madrid,Other roads,Multiple or chain collision,8,0,0,0,0,0,0,0,0,0,0
2019,Madrid,Other roads,Collision with obstacle or road element,10,0,0,0,0,0,0,0,0,0,0
2019,Madrid,Other roads,Pedestrian struck,17,0,0,0,0,0,0,0,0,0,0
2019,Madrid,Other roads,Fall (rider or occupant),17,0,0,0,0,0,0,0,0,0,0
2019,Madrid,Other roads,Run-off road,21,0,0,0,0,0,0,0,0,0,0
2019,Madrid,Other roads,Other crash type,4,0,0,0,0,0,0,0,0,0,0
2019,Murcia,Urban streets,Head-on collision,87,1,1,0,0,0,1,0,0,0,0
2019,Murcia,Urban streets,Head-on/side collision,702,4,4,0,0,0,3,1,0,0,0
2019,Murcia,Urban streets,Side collision,122,1,1,0,0,0,1,0,0,0,0
2019,Murcia,Urban streets,Rear-end collision,352,0,0,0,0,0,0,0,0,0,0
2019,Murcia,Urban streets,Multiple or chain collision,23,0,0,0,0,0,0,0,0,0,0
2019,Murcia,Urban streets,Collision with obstacle or road element,38,1,1,0,0,0,0,1,0,0,0
2019,Murcia,Urban streets,Pedestrian struck,287,8,8,8,0,0,0,0,0,0,0
2019,Murcia,Urban streets,Animal struck,6,0,0,0,0,0,0,0,0,0,0
2019,Murcia,Urban streets,Overturn,4,0,0,0,0,0,0,0,0,0,0
2019,Murcia,Urban streets,Fall (rider or occupant),178,1,1,0,1,0,0,0,0,0,0
2019,Murcia,Urban streets,Run-off road,187,2,2,0,0,0,1,0,0,0,1
2019,Murcia,Urban streets,Other crash type,89,1,1,0,1,0,0,0,0,0,0
2019,Murcia,Conventional roads,Head-on collision,22,1,1,0,0,1,0,0,0,0,0
2019,Murcia,Conventional roads,Head-on/side collision,89,3,3,0,0,1,1,1,0,0,0
2019,Murcia,Conventional roads,Side collision,11,0,0,0,0,0,0,0,0,0,0
2019,Murcia,Conventional roads,Rear-end collision,47,1,1,0,0,1,0,0,0,0,0
2019,Murcia,Conventional roads,Multiple or chain collision,4,0,0,0,0,0,0,0,0,0,0
2019,Murcia,Conventional roads,Collision with obstacle or road element,1,0,0,0,0,0,0,0,0,0,0
2019,Murcia,Conventional roads,Pedestrian struck,6,2,2,2,0,0,0,0,0,0,0
2019,Murcia,Conventional roads,Animal struck,1,0,0,0,0,0,0,0,0,0,0
2019,Murcia,Conventional roads,Overturn,5,0,0,0,0,0,0,0,0,0,0
2019,Murcia,Conventional roads,Fall (rider or occupant),9,0,0,0,0,0,0,0,0,0,0
2019,Murcia,Conventional roads,Run-off road,111,8,8,0,1,0,5,2,0,0,0
2019,Murcia,Conventional roads,Other crash type,1,0,0,0,0,0,0,0,0,0,0
2019,Murcia,Dual carriageways,Head-on collision,3,2,2,0,0,0,2,0,0,0,0
2019,Murcia,Dual carriageways,Head-on/side collision,8,0,0,0,0,0,0,0,0,0,0
2019,Murcia,Dual carriageways,Side collision,17,0,0,0,0,0,0,0,0,0,0
2019,Murcia,Dual carriageways,Rear-end collision,63,1,1,0,0,0,1,0,0,0,0
2019,Murcia,Dual carriageways,Multiple or chain collision,21,1,2,1,0,0,0,1,0,0,0
2019,Murcia,Dual carriageways,Collision with obstacle or road element,6,1,1,0,0,0,0,1,0,0,0
2019,Murcia,Dual carriageways,Pedestrian struck,6,1,1,1,0,0,0,0,0,0,0
2019,Murcia,Dual carriageways,Animal struck,1,0,0,0,0,0,0,0,0,0,0
2019,Murcia,Dual carriageways,Overturn,3,2,2,0,0,0,0,1,0,1,0
2019,Murcia,Dual carriageways,Run-off road,70,8,8,0,0,0,1,3,4,0,0
2019,Murcia,Dual carriageways,Other crash type,3,0,0,0,0,0,0,0,0,0,0
2019,Murcia,Motorways,Side collision,1,0,0,0,0,0,0,0,0,0,0
2019,Murcia,Motorways,Rear-end collision,4,0,0,0,0,0,0,0,0,0,0
2019,Murcia,Motorways,Multiple or chain collision,1,1,1,0,0,0,0,1,0,0,0
2019,Murcia,Motorways,Pedestrian struck,1,0,0,0,0,0,0,0,0,0,0
2019,Murcia,Motorways,Run-off road,6,0,0,0,0,0,0,0,0,0,0
2019,Murcia,Other roads,Head-on collision,4,0,0,0,0,0,0,0,0,0,0
2019,Murcia,Other roads,Head-on/side collision,30,0,0,0,0,0,0,0,0,0,0
2019,Murcia,Other roads,Side collision,4,0,0,0,0,0,0,0,0,0,0
2019,Murcia,Other roads,Rear-end collision,10,0,0,0,0,0,0,0,0,0,0
2019,Murcia,Other roads,Pedestrian struck,1,0,0,0,0,0,0,0,0,0,0
2019,Murcia,Other roads,Animal struck,1,0,0,0,0,0,0,0,0,0,0
2019,Murcia,Other roads,Overturn,2,0,0,0,0,0,0,0,0,0,0
2019,Murcia,Other roads,Fall (rider or occupant),3,0,0,0,0,0,0,0,0,0,0
2019,Murcia,Other roads,Run-off road,30,2,2,0,0,0,0,1,1,0,0
2019,Murcia,Other roads,Other crash type,1,0,0,0,0,0,0,0,0,0,0
2019,Navarre,Urban streets,Head-on collision,5,0,0,0,0,0,0,0,0,0,0
2019,Navarre,Urban streets,Head-on/side collision,55,0,0,0,0,0,0,0,0,0,0
2019,Navarre,Urban streets,Side collision,108,0,0,0,0,0,0,0,0,0,0
2019,Navarre,Urban streets,Rear-end collision,81,0,0,0,0,0,0,0,0,0,0
2019,Navarre,Urban streets,Multiple or chain collision,15,0,0,0,0,0,0,0,0,0,0
2019,Navarre,Urban streets,Collision with obstacle or road element,5,0,0,0,0,0,0,0,0,0,0
2019,Navarre,Urban streets,Pedestrian struck,155,3,3,3,0,0,0,0,0,0,0
2019,Navarre,Urban streets,Animal struck,1,0,0,0,0,0,0,0,0,0,0
2019,Navarre,Urban streets,Fall (rider or occupant),55,1,1,0,1,0,0,0,0,0,0
2019,Navarre,Urban streets,Run-off road,28,2,2,0,0,0,0,1,0,0,1
2019,Navarre,Urban streets,Other crash type,8,0,0,0,0,0,0,0,0,0,0
2019,Navarre,Conventional roads,Head-on collision,10,3,5,0,0,0,1,4,0,0,0
2019,Navarre,Conventional roads,Head-on/side collision,32,3,3,0,0,0,0,3,0,0,0
2019,Navarre,Conventional roads,Side collision,11,2,2,0,0,0,0,1,0,1,0
2019,Navarre,Conventional roads,Rear-end collision,12,1,1,0,0,0,0,0,0,0,1
2019,Navarre,Conventional roads,Multiple or chain collision,1,0,0,0,0,0,0,0,0,0,0
2019,Navarre,Conventional roads,Collision with obstacle or road element,3,0,0,0,0,0,0,0,0,0,0
2019,Navarre,Conventional roads,Pedestrian struck,6,0,0,0,0,0,0,0,0,0,0
2019,Navarre,Conventional roads,Animal struck,4,0,0,0,0,0,0,0,0,0,0
2019,Navarre,Conventional roads,Overturn,1,0,0,0,0,0,0,0,0,0,0
2019,Navarre,Conventional roads,Fall (rider or occupant),12,0,0,0,0,0,0,0,0,0,0
2019,Navarre,Conventional roads,Run-off road,83,6,6,1,0,0,1,3,1,0,0
2019,Navarre,Conventional roads,Other crash type,4,0,0,0,0,0,0,0,0,0,0
2019,Navarre,Dual carriageways,Head-on collision,2,2,2,0,1,0,0,1,0,0,0
2019,Navarre,Dual carriageways,Head-on/side collision,5,0,0,0,0,0,0,0,0,0,0
2019,Navarre,Dual carriageways,Side collision,2,0,0,0,0,0,0,0,0,0,0
2019,Navarre,Dual carriageways,Rear-end collision,18,0,0,0,0,0,0,0,0,0,0
2019,Navarre,Dual carriageways,Multiple or chain collision,1,0,0,0,0,0,0,0,0,0,0
2019,Navarre,Dual carriageways,Pedestrian struck,1,0,0,0,0,0,0,0,0,0,0
2019,Navarre,Dual carriageways,Animal struck,1,0,0,0,0,0,0,0,0,0,0
2019,Navarre,Dual carriageways,Fall (rider or occupant),2,0,0,0,0,0,0,0,0,0,0
2019,Navarre,Dual carriageways,Run-off road,16,1,1,0,0,0,1,0,0,0,0
2019,Navarre,Dual carriageways,Other crash type,5,0,0,0,0,0,0,0,0,0,0
2019,Navarre,Motorways,Side collision,1,0,0,0,0,0,0,0,0,0,0
2019,Navarre,Motorways,Rear-end collision,4,0,0,0,0,0,0,0,0,0,0
2019,Navarre,Motorways,Multiple or chain collision,1,0,0,0,0,0,0,0,0,0,0
2019,Navarre,Motorways,Collision with obstacle or road element,1,0,0,0,0,0,0,0,0,0,0
2019,Navarre,Motorways,Run-off road,11,2,2,0,0,0,0,1,0,1,0
2019,Navarre,Other roads,Head-on collision,3,0,0,0,0,0,0,0,0,0,0
2019,Navarre,Other roads,Head-on/side collision,3,0,0,0,0,0,0,0,0,0,0
2019,Navarre,Other roads,Pedestrian struck,2,0,0,0,0,0,0,0,0,0,0
2019,Navarre,Other roads,Animal struck,1,0,0,0,0,0,0,0,0,0,0
2019,Navarre,Other roads,Overturn,1,0,0,0,0,0,0,0,0,0,0
2019,Navarre,Other roads,Fall (rider or occupant),7,1,1,0,1,0,0,0,0,0,0
2019,Navarre,Other roads,Run-off road,5,1,1,0,0,0,0,1,0,0,0
2019,Navarre,Other roads,Other crash type,1,1,1,0,0,0,0,1,0,0,0
2019,Basque Country,Urban streets,Head-on collision,95,1,1,0,0,0,0,0,0,0,1
2019,Basque Country,Urban streets,Head-on/side collision,419,2,2,0,0,0,1,1,0,0,0
2019,Basque Country,Urban streets,Side collision,103,0,0,0,0,0,0,0,0,0,0
2019,Basque Country,Urban streets,Rear-end collision,612,4,4,0,0,0,3,1,0,0,0
2019,Basque Country,Urban streets,Multiple or chain collision,32,0,0,0,0,0,0,0,0,0,0
2019,Basque Country,Urban streets,Collision with obstacle or road element,72,1,1,0,0,0,0,0,0,0,1
2019,Basque Country,Urban streets,Pedestrian struck,291,7,7,7,0,0,0,0,0,0,0
2019,Basque Country,Urban streets,Animal struck,1,0,0,0,0,0,0,0,0,0,0
2019,Basque Country,Urban streets,Overturn,194,0,0,0,0,0,0,0,0,0,0
2019,Basque Country,Urban streets,Fall (rider or occupant),42,0,0,0,0,0,0,0,0,0,0
2019,Basque Country,Urban streets,Run-off road,70,0,0,0,0,0,0,0,0,0,0
2019,Basque Country,Urban streets,Other crash type,463,5,5,2,1,0,1,0,0,0,1
2019,Basque Country,Conventional roads,Head-on collision,65,6,6,0,0,0,2,2,2,0,0
2019,Basque Country,Conventional roads,Head-on/side collision,211,6,6,0,0,0,3,2,0,1,0
2019,Basque Country,Conventional roads,Side collision,69,0,0,0,0,0,0,0,0,0,0
2019,Basque Country,Conventional roads,Rear-end collision,220,1,1,0,1,0,0,0,0,0,0
2019,Basque Country,Conventional roads,Multiple or chain collision,15,0,0,0,0,0,0,0,0,0,0
2019,Basque Country,Conventional roads,Collision with obstacle or road element,111,1,1,0,0,0,1,0,0,0,0
2019,Basque Country,Conventional roads,Pedestrian struck,30,5,5,5,0,0,0,0,0,0,0
2019,Basque Country,Conventional roads,Animal struck,9,0,0,0,0,0,0,0,0,0,0
2019,Basque Country,Conventional roads,Overturn,57,0,0,0,0,0,0,0,0,0,0
2019,Basque Country,Conventional roads,Fall (rider or occupant),180,0,0,0,0,0,0,0,0,0,0
2019,Basque Country,Conventional roads,Run-off road,62,1,1,0,0,0,1,0,0,0,0
2019,Basque Country,Conventional roads,Other crash type,99,4,4,0,1,0,0,3,0,0,0
2019,Basque Country,Dual carriageways,Head-on collision,5,2,2,0,0,0,0,2,0,0,0
2019,Basque Country,Dual carriageways,Head-on/side collision,35,0,0,0,0,0,0,0,0,0,0
2019,Basque Country,Dual carriageways,Side collision,45,0,0,0,0,0,0,0,0,0,0
2019,Basque Country,Dual carriageways,Rear-end collision,144,1,1,0,0,0,1,0,0,0,0
2019,Basque Country,Dual carriageways,Multiple or chain collision,16,0,0,0,0,0,0,0,0,0,0
2019,Basque Country,Dual carriageways,Collision with obstacle or road element,142,4,4,0,0,0,2,2,0,0,0
2019,Basque Country,Dual carriageways,Pedestrian struck,11,2,2,2,0,0,0,0,0,0,0
2019,Basque Country,Dual carriageways,Animal struck,5,0,0,0,0,0,0,0,0,0,0
2019,Basque Country,Dual carriageways,Overturn,37,0,0,0,0,0,0,0,0,0,0
2019,Basque Country,Dual carriageways,Fall (rider or occupant),46,0,0,0,0,0,0,0,0,0,0
2019,Basque Country,Dual carriageways,Run-off road,24,0,0,0,0,0,0,0,0,0,0
2019,Basque Country,Dual carriageways,Other crash type,37,2,2,0,0,0,0,2,0,0,0
2019,Basque Country,Motorways,Head-on collision,5,0,0,0,0,0,0,0,0,0,0
2019,Basque Country,Motorways,Head-on/side collision,10,1,1,0,0,0,0,1,0,0,0
2019,Basque Country,Motorways,Side collision,29,1,1,0,0,0,0,0,0,1,0
2019,Basque Country,Motorways,Rear-end collision,87,2,2,0,0,0,1,1,0,0,0
2019,Basque Country,Motorways,Multiple or chain collision,16,0,0,0,0,0,0,0,0,0,0
2019,Basque Country,Motorways,Collision with obstacle or road element,118,1,1,0,0,0,1,0,0,0,0
2019,Basque Country,Motorways,Pedestrian struck,5,1,1,1,0,0,0,0,0,0,0
2019,Basque Country,Motorways,Animal struck,3,0,0,0,0,0,0,0,0,0,0
2019,Basque Country,Motorways,Overturn,12,0,0,0,0,0,0,0,0,0,0
2019,Basque Country,Motorways,Fall (rider or occupant),8,0,0,0,0,0,0,0,0,0,0
2019,Basque Country,Motorways,Run-off road,12,1,1,0,0,0,0,0,1,0,0
2019,Basque Country,Motorways,Other crash type,29,0,0,0,0,0,0,0,0,0,0
2019,Basque Country,Other roads,Head-on collision,12,0,0,0,0,0,0,0,0,0,0
2019,Basque Country,Other roads,Head-on/side collision,49,0,0,0,0,0,0,0,0,0,0
2019,Basque Country,Other roads,Side collision,21,0,0,0,0,0,0,0,0,0,0
2019,Basque Country,Other roads,Rear-end collision,96,0,0,0,0,0,0,0,0,0,0
2019,Basque Country,Other roads,Multiple or chain collision,2,0,0,0,0,0,0,0,0,0,0
2019,Basque Country,Other roads,Collision with obstacle or road element,53,0,0,0,0,0,0,0,0,0,0
2019,Basque Country,Other roads,Pedestrian struck,40,1,1,1,0,0,0,0,0,0,0
2019,Basque Country,Other roads,Animal struck,2,0,0,0,0,0,0,0,0,0,0
2019,Basque Country,Other roads,Overturn,17,0,0,0,0,0,0,0,0,0,0
2019,Basque Country,Other roads,Fall (rider or occupant),111,0,0,0,0,0,0,0,0,0,0
2019,Basque Country,Other roads,Run-off road,13,1,1,0,0,0,0,1,0,0,0
2019,Basque Country,Other roads,Other crash type,33,1,1,0,0,0,0,0,1,0,0
2019,La Rioja,Urban streets,Head-on collision,5,0,0,0,0,0,0,0,0,0,0
2019,La Rioja,Urban streets,Head-on/side collision,87,0,0,0,0,0,0,0,0,0,0
2019,La Rioja,Urban streets,Side collision,13,0,0,0,0,0,0,0,0,0,0
2019,La Rioja,Urban streets,Rear-end collision,57,0,0,0,0,0,0,0,0,0,0
2019,La Rioja,Urban streets,Multiple or chain collision,9,0,0,0,0,0,0,0,0,0,0
2019,La Rioja,Urban streets,Collision with obstacle or road element,4,0,0,0,0,0,0,0,0,0,0
2019,La Rioja,Urban streets,Pedestrian struck,105,2,2,2,0,0,0,0,0,0,0
2019,La Rioja,Urban streets,Fall (rider or occupant),48,0,0,0,0,0,0,0,0,0,0
2019,La Rioja,Urban streets,Run-off road,19,0,0,0,0,0,0,0,0,0,0
2019,La Rioja,Urban streets,Other crash type,10,0,0,0,0,0,0,0,0,0,0
2019,La Rioja,Conventional roads,Head-on collision,10,3,5,0,0,0,0,5,0,0,0
2019,La Rioja,Conventional roads,Head-on/side collision,22,1,1,0,0,0,0,1,0,0,0
2019,La Rioja,Conventional roads,Side collision,8,0,0,0,0,0,0,0,0,0,0
2019,La Rioja,Conventional roads,Rear-end collision,19,0,0,0,0,0,0,0,0,0,0
2019,La Rioja,Conventional roads,Multiple or chain collision,4,1,1,0,0,0,0,1,0,0,0
2019,La Rioja,Conventional roads,Collision with obstacle or road element,4,0,0,0,0,0,0,0,0,0,0
2019,La Rioja,Conventional roads,Pedestrian struck,5,1,1,1,0,0,0,0,0,0,0
2019,La Rioja,Conventional roads,Animal struck,1,0,0,0,0,0,0,0,0,0,0
2019,La Rioja,Conventional roads,Overturn,3,0,0,0,0,0,0,0,0,0,0
2019,La Rioja,Conventional roads,Fall (rider or occupant),6,0,0,0,0,0,0,0,0,0,0
2019,La Rioja,Conventional roads,Run-off road,62,5,5,0,0,0,1,4,0,0,0
2019,La Rioja,Conventional roads,Other crash type,2,0,0,0,0,0,0,0,0,0,0
2019,La Rioja,Dual carriageways,Head-on collision,1,1,1,0,0,0,0,0,0,1,0
2019,La Rioja,Dual carriageways,Head-on/side collision,1,1,1,0,0,0,0,1,0,0,0
2019,La Rioja,Dual carriageways,Side collision,2,0,0,0,0,0,0,0,0,0,0
2019,La Rioja,Dual carriageways,Rear-end collision,19,0,0,0,0,0,0,0,0,0,0
2019,La Rioja,Dual carriageways,Multiple or chain collision,5,0,0,0,0,0,0,0,0,0,0
2019,La Rioja,Dual carriageways,Collision with obstacle or road element,2,0,0,0,0,0,0,0,0,0,0
2019,La Rioja,Dual carriageways,Overturn,1,0,0,0,0,0,0,0,0,0,0
2019,La Rioja,Dual carriageways,Fall (rider or occupant),1,0,0,0,0,0,0,0,0,0,0
2019,La Rioja,Dual carriageways,Run-off road,10,0,0,0,0,0,0,0,0,0,0
2019,La Rioja,Motorways,Side collision,2,0,0,0,0,0,0,0,0,0,0
2019,La Rioja,Motorways,Rear-end collision,3,0,0,0,0,0,0,0,0,0,0
2019,La Rioja,Motorways,Animal struck,1,0,0,0,0,0,0,0,0,0,0
2019,La Rioja,Motorways,Run-off road,17,1,1,0,0,0,0,1,0,0,0
2019,La Rioja,Other roads,Head-on collision,2,0,0,0,0,0,0,0,0,0,0
2019,La Rioja,Other roads,Head-on/side collision,1,0,0,0,0,0,0,0,0,0,0
2019,La Rioja,Other roads,Side collision,1,0,0,0,0,0,0,0,0,0,0
2019,La Rioja,Other roads,Rear-end collision,2,0,0,0,0,0,0,0,0,0,0
2019,La Rioja,Other roads,Pedestrian struck,1,0,0,0,0,0,0,0,0,0,0
2019,La Rioja,Other roads,Overturn,1,0,0,0,0,0,0,0,0,0,0
2019,La Rioja,Other roads,Fall (rider or occupant),6,0,0,0,0,0,0,0,0,0,0
2019,La Rioja,Other roads,Run-off road,12,0,0,0,0,0,0,0,0,0,0
2019,Ceuta,Urban streets,Head-on collision,9,0,0,0,0,0,0,0,0,0,0
2019,Ceuta,Urban streets,Head-on/side collision,67,0,0,0,0,0,0,0,0,0,0
2019,Ceuta,Urban streets,Side collision,22,0,0,0,0,0,0,0,0,0,0
2019,Ceuta,Urban streets,Rear-end collision,85,0,0,0,0,0,0,0,0,0,0
2019,Ceuta,Urban streets,Multiple or chain collision,4,0,0,0,0,0,0,0,0,0,0
2019,Ceuta,Urban streets,Collision with obstacle or road element,1,0,0,0,0,0,0,0,0,0,0
2019,Ceuta,Urban streets,Pedestrian struck,51,0,0,0,0,0,0,0,0,0,0
2019,Ceuta,Urban streets,Fall (rider or occupant),16,0,0,0,0,0,0,0,0,0,0
2019,Ceuta,Urban streets,Run-off road,4,1,1,0,0,0,0,1,0,0,0
2019,Ceuta,Urban streets,Other crash type,18,0,0,0,0,0,0,0,0,0,0
2019,Ceuta,Conventional roads,Head-on collision,2,0,0,0,0,0,0,0,0,0,0
2019,Ceuta,Conventional roads,Head-on/side collision,8,0,0,0,0,0,0,0,0,0,0
2019,Ceuta,Conventional roads,Side collision,2,0,0,0,0,0,0,0,0,0,0
2019,Ceuta,Conventional roads,Rear-end collision,2,0,0,0,0,0,0,0,0,0,0
2019,Ceuta,Conventional roads,Collision with obstacle or road element,1,0,0,0,0,0,0,0,0,0,0
2019,Ceuta,Conventional roads,Pedestrian struck,5,0,0,0,0,0,0,0,0,0,0
2019,Ceuta,Conventional roads,Run-off road,8,0,0,0,0,0,0,0,0,0,0
2019,Ceuta,Dual carriageways,Run-off road,1,0,0,0,0,0,0,0,0,0,0
2019,Ceuta,Other roads,Rear-end collision,1,0,0,0,0,0,0,0,0,0,0
2019,Ceuta,Other roads,Fall (rider or occupant),1,0,0,0,0,0,0,0,0,0,0
2019,Ceuta,Other roads,Run-off road,1,1,1,0,0,0,0,1,0,0,0
2019,Melilla,Urban streets,Head-on collision,21,0,0,0,0,0,0,0,0,0,0
2019,Melilla,Urban streets,Head-on/side collision,133,0,0,0,0,0,0,0,0,0,0
2019,Melilla,Urban streets,Side collision,35,0,0,0,0,0,0,0,0,0,0
2019,Melilla,Urban streets,Rear-end collision,35,0,0,0,0,0,0,0,0,0,0
2019,Melilla,Urban streets,Multiple or chain collision,3,0,0,0,0,0,0,0,0,0,0
2019,Melilla,Urban streets,Collision with obstacle or road element,3,0,0,0,0,0,0,0,0,0,0
2019,Melilla,Urban streets,Pedestrian struck,108,0,0,0,0,0,0,0,0,0,0
2019,Melilla,Urban streets,Fall (rider or occupant),11,0,0,0,0,0,0,0,0,0,0
2019,Melilla,Urban streets,Run-off road,8,0,0,0,0,0,0,0,0,0,0
2019,Melilla,Urban streets,Other crash type,10,0,0,0,0,0,0,0,0,0,0
2019,Melilla,Other roads,Head-on collision,1,0,0,0,0,0,0,0,0,0,0
2019,Melilla,Other roads,Head-on/side collision,3,0,0,0,0,0,0,0,0,0,0
2019,Melilla,Other roads,Rear-end collision,3,0,0,0,0,0,0,0,0,0,0
2019,Melilla,Other roads,Pedestrian struck,1,0,0,0,0,0,0,0,0,0,0
2019,Melilla,Other roads,Fall (rider or occupant),1,0,0,0,0,0,0,0,0,0,0
2020,Andalusia,Urban streets,Head-on collision,203,2,2,0,1,0,0,0,0,0,1
2020,Andalusia,Urban streets,Head-on/side collision,2668,7,7,0,0,0,6,1,0,0,0
2020,Andalusia,Urban streets,Side collision,672,0,0,0,0,0,0,0,0,0,0
2020,Andalusia,Urban streets,Rear-end collision,1395,1,1,0,0,0,1,0,0,0,0
2020,Andalusia,Urban streets,Multiple or chain collision,109,0,0,0,0,0,0,0,0,0,0
2020,Andalusia,Urban streets,Collision with obstacle or road element,159,5,5,0,0,0,3,1,1,0,0
2020,Andalusia,Urban streets,Pedestrian struck,1355,16,16,16,0,0,0,0,0,0,0
2020,Andalusia,Urban streets,Animal struck,15,0,0,0,0,0,0,0,0,0,0
2020,Andalusia,Urban streets,Overturn,47,0,0,0,0,0,0,0,0,0,0
2020,Andalusia,Urban streets,Fall (rider or occupant),1028,4,4,0,0,0,4,0,0,0,0
2020,Andalusia,Urban streets,Run-off road,347,10,10,1,0,1,6,2,0,0,0
2020,Andalusia,Urban streets,Other crash type,231,3,3,0,0,1,1,0,0,0,1
2020,Andalusia,Conventional roads,Head-on collision,213,30,37,0,1,2,6,25,1,0,2
2020,Andalusia,Conventional roads,Head-on/side collision,472,22,27,0,6,0,4,15,0,0,2
2020,Andalusia,Conventional roads,Side collision,156,2,2,0,1,0,1,0,0,0,0
2020,Andalusia,Conventional roads,Rear-end collision,343,8,8,0,2,0,3,1,0,0,2
2020,Andalusia,Conventional roads,Multiple or chain collision,61,1,1,0,0,0,0,1,0,0,0
2020,Andalusia,Conventional roads,Collision with obstacle or road element,26,1,1,0,0,0,1,0,0,0,0
2020,Andalusia,Conventional roads,Pedestrian struck,56,4,4,4,0,0,0,0,0,0,0
2020,Andalusia,Conventional roads,Animal struck,44,0,0,0,0,0,0,0,0,0,0
2020,Andalusia,Conventional roads,Overturn,44,0,0,0,0,0,0,0,0,0,0
2020,Andalusia,Conventional roads,Fall (rider or occupant),108,0,0,0,0,0,0,0,0,0,0
2020,Andalusia,Conventional roads,Run-off road,1032,51,53,0,1,1,12,36,1,2,0
2020,Andalusia,Conventional roads,Other crash type,14,0,0,0,0,0,0,0,0,0,0
2020,Andalusia,Dual carriageways,Head-on collision,10,0,0,0,0,0,0,0,0,0,0
2020,Andalusia,Dual carriageways,Head-on/side collision,94,3,3,0,1,0,0,2,0,0,0
2020,Andalusia,Dual carriageways,Side collision,124,1,1,0,0,0,1,0,0,0,0
2020,Andalusia,Dual carriageways,Rear-end collision,387,6,6,0,1,0,1,1,0,3,0
2020,Andalusia,Dual carriageways,Multiple or chain collision,111,2,3,0,0,0,0,3,0,0,0
2020,Andalusia,Dual carriageways,Collision with obstacle or road element,23,1,1,0,0,0,1,0,0,0,0
2020,Andalusia,Dual carriageways,Pedestrian struck,17,5,5,5,0,0,0,0,0,0,0
2020,Andalusia,Dual carriageways,Animal struck,14,0,0,0,0,0,0,0,0,0,0
2020,Andalusia,Dual carriageways,Overturn,11,0,0,0,0,0,0,0,0,0,0
2020,Andalusia,Dual carriageways,Fall (rider or occupant),49,1,1,0,1,0,0,0,0,0,0
2020,Andalusia,Dual carriageways,Run-off road,358,20,24,2,0,0,9,11,0,2,0
2020,Andalusia,Dual carriageways,Other crash type,14,0,0,0,0,0,0,0,0,0,0
2020,Andalusia,Motorways,Head-on collision,1,0,0,0,0,0,0,0,0,0,0
2020,Andalusia,Motorways,Head-on/side collision,3,0,0,0,0,0,0,0,0,0,0
2020,Andalusia,Motorways,Side collision,13,0,0,0,0,0,0,0,0,0,0
2020,Andalusia,Motorways,Rear-end collision,46,0,0,0,0,0,0,0,0,0,0
2020,Andalusia,Motorways,Multiple or chain collision,20,0,0,0,0,0,0,0,0,0,0
2020,Andalusia,Motorways,Collision with obstacle or road element,10,1,1,0,0,0,1,0,0,0,0
2020,Andalusia,Motorways,Pedestrian struck,1,1,1,1,0,0,0,0,0,0,0
2020,Andalusia,Motorways,Animal struck,1,0,0,0,0,0,0,0,0,0,0
2020,Andalusia,Motorways,Overturn,1,0,0,0,0,0,0,0,0,0,0
2020,Andalusia,Motorways,Fall (rider or occupant),6,0,0,0,0,0,0,0,0,0,0
2020,Andalusia,Motorways,Run-off road,51,4,6,0,0,0,1,4,0,1,0
2020,Andalusia,Motorways,Other crash type,1,0,0,0,0,0,0,0,0,0,0
2020,Andalusia,Other roads,Head-on collision,42,2,2,0,0,1,0,1,0,0,0
2020,Andalusia,Other roads,Head-on/side collision,145,4,4,0,0,0,2,2,0,0,0
2020,Andalusia,Other roads,Side collision,37,1,1,0,0,0,1,0,0,0,0
2020,Andalusia,Other roads,Rear-end collision,66,1,1,0,1,0,0,0,0,0,0
2020,Andalusia,Other roads,Multiple or chain collision,12,0,0,0,0,0,0,0,0,0,0
2020,Andalusia,Other roads,Collision with obstacle or road element,17,0,0,0,0,0,0,0,0,0,0
2020,Andalusia,Other roads,Pedestrian struck,66,0,0,0,0,0,0,0,0,0,0
2020,Andalusia,Other roads,Animal struck,2,0,0,0,0,0,0,0,0,0,0
2020,Andalusia,Other roads,Overturn,9,0,0,0,0,0,0,0,0,0,0
2020,Andalusia,Other roads,Fall (rider or occupant),59,0,0,0,0,0,0,0,0,0,0
2020,Andalusia,Other roads,Run-off road,154,12,13,0,0,0,2,9,1,0,1
2020,Andalusia,Other roads,Other crash type,19,0,0,0,0,0,0,0,0,0,0
2020,Aragon,Urban streets,Head-on collision,18,0,0,0,0,0,0,0,0,0,0
2020,Aragon,Urban streets,Head-on/side collision,213,0,0,0,0,0,0,0,0,0,0
2020,Aragon,Urban streets,Side collision,67,1,1,0,0,0,1,0,0,0,0
2020,Aragon,Urban streets,Rear-end collision,154,1,1,0,0,0,1,0,0,0,0
2020,Aragon,Urban streets,Multiple or chain collision,3,0,0,0,0,0,0,0,0,0,0
2020,Aragon,Urban streets,Collision with obstacle or road element,18,0,0,0,0,0,0,0,0,0,0
2020,Aragon,Urban streets,Pedestrian struck,199,7,7,7,0,0,0,0,0,0,0
2020,Aragon,Urban streets,Overturn,2,0,0,0,0,0,0,0,0,0,0
2020,Aragon,Urban streets,Fall (rider or occupant),86,1,1,0,0,0,1,0,0,0,0
2020,Aragon,Urban streets,Run-off road,53,0,0,0,0,0,0,0,0,0,0
2020,Aragon,Urban streets,Other crash type,25,0,0,0,0,0,0,0,0,0,0
2020,Aragon,Conventional roads,Head-on collision,24,8,16,0,0,0,0,14,0,2,0
2020,Aragon,Conventional roads,Head-on/side collision,79,3,3,0,0,0,1,2,0,0,0
2020,Aragon,Conventional roads,Side collision,24,1,1,0,0,0,1,0,0,0,0
2020,Aragon,Conventional roads,Rear-end collision,37,2,2,0,1,0,0,1,0,0,0
2020,Aragon,Conventional roads,Multiple or chain collision,8,1,1,0,0,0,0,1,0,0,0
2020,Aragon,Conventional roads,Collision with obstacle or road element,6,0,0,0,0,0,0,0,0,0,0
2020,Aragon,Conventional roads,Pedestrian struck,10,2,2,2,0,0,0,0,0,0,0
2020,Aragon,Conventional roads,Animal struck,18,0,0,0,0,0,0,0,0,0,0
2020,Aragon,Conventional roads,Overturn,5,0,0,0,0,0,0,0,0,0,0
2020,Aragon,Conventional roads,Fall (rider or occupant),20,1,1,0,1,0,0,0,0,0,0
2020,Aragon,Conventional roads,Run-off road,271,17,18,0,0,0,4,10,0,3,1
2020,Aragon,Conventional roads,Other crash type,4,0,0,0,0,0,0,0,0,0,0
2020,Aragon,Dual carriageways,Head-on collision,2,0,0,0,0,0,0,0,0,0,0
2020,Aragon,Dual carriageways,Head-on/side collision,18,0,0,0,0,0,0,0,0,0,0
2020,Aragon,Dual carriageways,Side collision,14,0,0,0,0,0,0,0,0,0,0
2020,Aragon,Dual carriageways,Rear-end collision,53,2,2,1,0,0,0,1,0,0,0
2020,Aragon,Dual carriageways,Multiple or chain collision,7,0,0,0,0,0,0,0,0,0,0
2020,Aragon,Dual carriageways,Collision with obstacle or road element,5,0,0,0,0,0,0,0,0,0,0
2020,Aragon,Dual carriageways,Pedestrian struck,3,3,3,3,0,0,0,0,0,0,0
2020,Aragon,Dual carriageways,Animal struck,3,0,0,0,0,0,0,0,0,0,0
2020,Aragon,Dual carriageways,Overturn,5,0,0,0,0,0,0,0,0,0,0
2020,Aragon,Dual carriageways,Fall (rider or occupant),12,0,0,0,0,0,0,0,0,0,0
2020,Aragon,Dual carriageways,Run-off road,82,3,3,0,0,0,0,2,1,0,0
2020,Aragon,Dual carriageways,Other crash type,2,0,0,0,0,0,0,0,0,0,0
2020,Aragon,Motorways,Head-on/side collision,1,0,0,0,0,0,0,0,0,0,0
2020,Aragon,Motorways,Side collision,1,0,0,0,0,0,0,0,0,0,0
2020,Aragon,Motorways,Rear-end collision,5,0,0,0,0,0,0,0,0,0,0
2020,Aragon,Motorways,Multiple or chain collision,2,0,0,0,0,0,0,0,0,0,0
2020,Aragon,Motorways,Collision with obstacle or road element,3,0,0,0,0,0,0,0,0,0,0
2020,Aragon,Motorways,Pedestrian struck,1,1,1,1,0,0,0,0,0,0,0
2020,Aragon,Motorways,Animal struck,2,0,0,0,0,0,0,0,0,0,0
2020,Aragon,Motorways,Overturn,1,0,0,0,0,0,0,0,0,0,0
2020,Aragon,Motorways,Fall (rider or occupant),2,0,0,0,0,0,0,0,0,0,0
2020,Aragon,Motorways,Run-off road,11,2,2,0,0,0,1,1,0,0,0
2020,Aragon,Other roads,Head-on collision,6,0,0,0,0,0,0,0,0,0,0
2020,Aragon,Other roads,Head-on/side collision,9,0,0,0,0,0,0,0,0,0,0
2020,Aragon,Other roads,Side collision,3,0,0,0,0,0,0,0,0,0,0
2020,Aragon,Other roads,Rear-end collision,12,1,1,0,0,0,0,0,0,0,1
2020,Aragon,Other roads,Collision with obstacle or road element,5,0,0,0,0,0,0,0,0,0,0
2020,Aragon,Other roads,Pedestrian struck,2,0,0,0,0,0,0,0,0,0,0
2020,Aragon,Other roads,Animal struck,1,0,0,0,0,0,0,0,0,0,0
2020,Aragon,Other roads,Overturn,1,0,0,0,0,0,0,0,0,0,0
2020,Aragon,Other roads,Fall (rider or occupant),18,0,0,0,0,0,0,0,0,0,0
2020,Aragon,Other roads,Run-off road,42,2,2,0,0,0,1,0,1,0,0
2020,Aragon,Other roads,Other crash type,1,0,0,0,0,0,0,0,0,0,0
2020,Asturias,Urban streets,Head-on collision,26,0,0,0,0,0,0,0,0,0,0
2020,Asturias,Urban streets,Head-on/side collision,178,0,0,0,0,0,0,0,0,0,0
2020,Asturias,Urban streets,Side collision,42,0,0,0,0,0,0,0,0,0,0
2020,Asturias,Urban streets,Rear-end collision,129,0,0,0,0,0,0,0,0,0,0
2020,Asturias,Urban streets,Multiple or chain collision,11,0,0,0,0,0,0,0,0,0,0
2020,Asturias,Urban streets,Collision with obstacle or road element,23,0,0,0,0,0,0,0,0,0,0
2020,Asturias,Urban streets,Pedestrian struck,181,3,3,3,0,0,0,0,0,0,0
2020,Asturias,Urban streets,Overturn,2,0,0,0,0,0,0,0,0,0,0
2020,Asturias,Urban streets,Fall (rider or occupant),86,0,0,0,0,0,0,0,0,0,0
2020,Asturias,Urban streets,Run-off road,34,0,0,0,0,0,0,0,0,0,0
2020,Asturias,Urban streets,Other crash type,42,0,0,0,0,0,0,0,0,0,0
2020,Asturias,Conventional roads,Head-on collision,35,2,2,0,0,0,1,1,0,0,0
2020,Asturias,Conventional roads,Head-on/side collision,106,3,3,0,1,0,0,2,0,0,0
2020,Asturias,Conventional roads,Side collision,34,0,0,0,0,0,0,0,0,0,0
2020,Asturias,Conventional roads,Rear-end collision,58,0,0,0,0,0,0,0,0,0,0
2020,Asturias,Conventional roads,Multiple or chain collision,8,0,0,0,0,0,0,0,0,0,0
2020,Asturias,Conventional roads,Collision with obstacle or road element,5,0,0,0,0,0,0,0,0,0,0
2020,Asturias,Conventional roads,Pedestrian struck,21,2,2,2,0,0,0,0,0,0,0
2020,Asturias,Conventional roads,Animal struck,15,0,0,0,0,0,0,0,0,0,0
2020,Asturias,Conventional roads,Overturn,22,1,1,0,1,0,0,0,0,0,0
2020,Asturias,Conventional roads,Fall (rider or occupant),47,0,0,0,0,0,0,0,0,0,0
2020,Asturias,Conventional roads,Run-off road,175,4,4,0,0,0,0,3,0,0,1
2020,Asturias,Conventional roads,Other crash type,7,0,0,0,0,0,0,0,0,0,0
2020,Asturias,Dual carriageways,Head-on collision,2,0,0,0,0,0,0,0,0,0,0
2020,Asturias,Dual carriageways,Head-on/side collision,9,0,0,0,0,0,0,0,0,0,0
2020,Asturias,Dual carriageways,Side collision,9,0,0,0,0,0,0,0,0,0,0
2020,Asturias,Dual carriageways,Rear-end collision,50,0,0,0,0,0,0,0,0,0,0
2020,Asturias,Dual carriageways,Multiple or chain collision,6,0,0,0,0,0,0,0,0,0,0
2020,Asturias,Dual carriageways,Collision with obstacle or road element,4,0,0,0,0,0,0,0,0,0,0
2020,Asturias,Dual carriageways,Pedestrian struck,1,1,1,1,0,0,0,0,0,0,0
2020,Asturias,Dual carriageways,Animal struck,13,0,0,0,0,0,0,0,0,0,0
2020,Asturias,Dual carriageways,Overturn,3,0,0,0,0,0,0,0,0,0,0
2020,Asturias,Dual carriageways,Fall (rider or occupant),6,1,1,0,0,0,1,0,0,0,0
2020,Asturias,Dual carriageways,Run-off road,64,3,3,0,0,0,1,2,0,0,0
2020,Asturias,Dual carriageways,Other crash type,4,0,0,0,0,0,0,0,0,0,0
2020,Asturias,Motorways,Multiple or chain collision,1,0,0,0,0,0,0,0,0,0,0
2020,Asturias,Motorways,Run-off road,4,0,0,0,0,0,0,0,0,0,0
2020,Asturias,Other roads,Head-on collision,9,0,0,0,0,0,0,0,0,0,0
2020,Asturias,Other roads,Head-on/side collision,9,0,0,0,0,0,0,0,0,0,0
2020,Asturias,Other roads,Side collision,2,0,0,0,0,0,0,0,0,0,0
2020,Asturias,Other roads,Rear-end collision,9,0,0,0,0,0,0,0,0,0,0
2020,Asturias,Other roads,Multiple or chain collision,1,0,0,0,0,0,0,0,0,0,0
2020,Asturias,Other roads,Collision with obstacle or road element,2,0,0,0,0,0,0,0,0,0,0
2020,Asturias,Other roads,Pedestrian struck,9,1,1,1,0,0,0,0,0,0,0
2020,Asturias,Other roads,Animal struck,1,0,0,0,0,0,0,0,0,0,0
2020,Asturias,Other roads,Overturn,6,0,0,0,0,0,0,0,0,0,0
2020,Asturias,Other roads,Fall (rider or occupant),17,1,1,0,1,0,0,0,0,0,0
2020,Asturias,Other roads,Run-off road,22,0,0,0,0,0,0,0,0,0,0
2020,Asturias,Other roads,Other crash type,2,0,0,0,0,0,0,0,0,0,0
2020,Balearic Islands,Urban streets,Head-on collision,59,0,0,0,0,0,0,0,0,0,0
2020,Balearic Islands,Urban streets,Head-on/side collision,360,1,1,0,0,0,1,0,0,0,0
2020,Balearic Islands,Urban streets,Side collision,119,0,0,0,0,0,0,0,0,0,0
2020,Balearic Islands,Urban streets,Rear-end collision,167,0,0,0,0,0,0,0,0,0,0
2020,Balearic Islands,Urban streets,Multiple or chain collision,15,0,0,0,0,0,0,0,0,0,0
2020,Balearic Islands,Urban streets,Collision with obstacle or road element,44,0,0,0,0,0,0,0,0,0,0
2020,Balearic Islands,Urban streets,Pedestrian struck,187,2,2,2,0,0,0,0,0,0,0
2020,Balearic Islands,Urban streets,Animal struck,1,0,0,0,0,0,0,0,0,0,0
2020,Balearic Islands,Urban streets,Overturn,8,0,0,0,0,0,0,0,0,0,0
2020,Balearic Islands,Urban streets,Fall (rider or occupant),162,0,0,0,0,0,0,0,0,0,0
2020,Balearic Islands,Urban streets,Run-off road,41,3,3,0,0,1,1,1,0,0,0
2020,Balearic Islands,Urban streets,Other crash type,40,0,0,0,0,0,0,0,0,0,0
2020,Balearic Islands,Conventional roads,Head-on collision,40,3,4,0,0,0,2,2,0,0,0
2020,Balearic Islands,Conventional roads,Head-on/side collision,120,3,3,0,2,0,1,0,0,0,0
2020,Balearic Islands,Conventional roads,Side collision,37,0,0,0,0,0,0,0,0,0,0
2020,Balearic Islands,Conventional roads,Rear-end collision,97,1,1,0,1,0,0,0,0,0,0
2020,Balearic Islands,Conventional roads,Multiple or chain collision,14,0,0,0,0,0,0,0,0,0,0
2020,Balearic Islands,Conventional roads,Collision with obstacle or road element,3,0,0,0,0,0,0,0,0,0,0
2020,Balearic Islands,Conventional roads,Pedestrian struck,5,1,1,1,0,0,0,0,0,0,0
2020,Balearic Islands,Conventional roads,Animal struck,2,0,0,0,0,0,0,0,0,0,0
2020,Balearic Islands,Conventional roads,Fall (rider or occupant),26,0,0,0,0,0,0,0,0,0,0
2020,Balearic Islands,Conventional roads,Run-off road,177,11,11,0,0,0,6,3,1,1,0
2020,Balearic Islands,Conventional roads,Other crash type,5,0,0,0,0,0,0,0,0,0,0
2020,Balearic Islands,Dual carriageways,Head-on collision,2,0,0,0,0,0,0,0,0,0,0
2020,Balearic Islands,Dual carriageways,Head-on/side collision,22,0,0,0,0,0,0,0,0,0,0
2020,Balearic Islands,Dual carriageways,Side collision,12,0,0,0,0,0,0,0,0,0,0
2020,Balearic Islands,Dual carriageways,Rear-end collision,48,1,1,0,0,1,0,0,0,0,0
2020,Balearic Islands,Dual carriageways,Multiple or chain collision,17,0,0,0,0,0,0,0,0,0,0
2020,Balearic Islands,Dual carriageways,Pedestrian struck,4,1,1,1,0,0,0,0,0,0,0
2020,Balearic Islands,Dual carriageways,Fall (rider or occupant),11,0,0,0,0,0,0,0,0,0,0
2020,Balearic Islands,Dual carriageways,Run-off road,37,1,1,0,0,0,0,1,0,0,0
2020,Balearic Islands,Dual carriageways,Other crash type,1,0,0,0,0,0,0,0,0,0,0
2020,Balearic Islands,Motorways,Head-on collision,3,0,0,0,0,0,0,0,0,0,0
2020,Balearic Islands,Motorways,Head-on/side collision,8,0,0,0,0,0,0,0,0,0,0
2020,Balearic Islands,Motorways,Side collision,5,0,0,0,0,0,0,0,0,0,0
2020,Balearic Islands,Motorways,Rear-end collision,33,0,0,0,0,0,0,0,0,0,0
2020,Balearic Islands,Motorways,Multiple or chain collision,10,1,1,0,0,0,0,1,0,0,0
2020,Balearic Islands,Motorways,Collision with obstacle or road element,2,0,0,0,0,0,0,0,0,0,0
2020,Balearic Islands,Motorways,Pedestrian struck,1,1,1,1,0,0,0,0,0,0,0
2020,Balearic Islands,Motorways,Overturn,1,0,0,0,0,0,0,0,0,0,0
2020,Balearic Islands,Motorways,Fall (rider or occupant),1,0,0,0,0,0,0,0,0,0,0
2020,Balearic Islands,Motorways,Run-off road,36,4,4,0,0,0,0,3,1,0,0
2020,Balearic Islands,Motorways,Other crash type,1,0,0,0,0,0,0,0,0,0,0
2020,Balearic Islands,Other roads,Head-on collision,12,0,0,0,0,0,0,0,0,0,0
2020,Balearic Islands,Other roads,Head-on/side collision,12,1,1,0,0,0,0,0,1,0,0
2020,Balearic Islands,Other roads,Side collision,8,0,0,0,0,0,0,0,0,0,0
2020,Balearic Islands,Other roads,Rear-end collision,16,0,0,0,0,0,0,0,0,0,0
2020,Balearic Islands,Other roads,Collision with obstacle or road element,8,0,0,0,0,0,0,0,0,0,0
2020,Balearic Islands,Other roads,Pedestrian struck,9,0,0,0,0,0,0,0,0,0,0
2020,Balearic Islands,Other roads,Animal struck,1,0,0,0,0,0,0,0,0,0,0
2020,Balearic Islands,Other roads,Overturn,1,0,0,0,0,0,0,0,0,0,0
2020,Balearic Islands,Other roads,Fall (rider or occupant),10,0,0,0,0,0,0,0,0,0,0
2020,Balearic Islands,Other roads,Run-off road,30,1,1,0,0,1,0,0,0,0,0
2020,Balearic Islands,Other roads,Other crash type,1,0,0,0,0,0,0,0,0,0,0
2020,Canary Islands,Urban streets,Head-on collision,51,0,0,0,0,0,0,0,0,0,0
2020,Canary Islands,Urban streets,Head-on/side collision,513,1,1,0,1,0,0,0,0,0,0
2020,Canary Islands,Urban streets,Side collision,169,0,0,0,0,0,0,0,0,0,0
2020,Canary Islands,Urban streets,Rear-end collision,344,0,0,0,0,0,0,0,0,0,0
2020,Canary Islands,Urban streets,Multiple or chain collision,48,1,1,0,0,0,0,1,0,0,0
2020,Canary Islands,Urban streets,Collision with obstacle or road element,28,1,1,0,0,0,1,0,0,0,0
2020,Canary Islands,Urban streets,Pedestrian struck,332,8,11,9,0,0,1,1,0,0,0
2020,Canary Islands,Urban streets,Overturn,10,0,0,0,0,0,0,0,0,0,0
2020,Canary Islands,Urban streets,Fall (rider or occupant),199,1,1,0,0,0,0,0,0,0,1
2020,Canary Islands,Urban streets,Run-off road,114,6,6,1,1,0,1,2,1,0,0
2020,Canary Islands,Urban streets,Other crash type,86,1,1,0,1,0,0,0,0,0,0
2020,Canary Islands,Conventional roads,Head-on collision,57,1,1,0,0,0,0,1,0,0,0
2020,Canary Islands,Conventional roads,Head-on/side collision,163,0,0,0,0,0,0,0,0,0,0
2020,Canary Islands,Conventional roads,Side collision,45,0,0,0,0,0,0,0,0,0,0
2020,Canary Islands,Conventional roads,Rear-end collision,105,0,0,0,0,0,0,0,0,0,0
2020,Canary Islands,Conventional roads,Multiple or chain collision,31,0,0,0,0,0,0,0,0,0,0
2020,Canary Islands,Conventional roads,Collision with obstacle or road element,10,0,0,0,0,0,0,0,0,0,0
2020,Canary Islands,Conventional roads,Pedestrian struck,31,3,3,3,0,0,0,0,0,0,0
2020,Canary Islands,Conventional roads,Animal struck,2,0,0,0,0,0,0,0,0,0,0
2020,Canary Islands,Conventional roads,Overturn,4,0,0,0,0,0,0,0,0,0,0
2020,Canary Islands,Conventional roads,Fall (rider or occupant),64,2,2,0,1,0,1,0,0,0,0
2020,Canary Islands,Conventional roads,Run-off road,294,9,12,0,0,1,5,5,1,0,0
2020,Canary Islands,Conventional roads,Other crash type,16,0,0,0,0,0,0,0,0,0,0
2020,Canary Islands,Dual carriageways,Head-on collision,4,0,0,0,0,0,0,0,0,0,0
2020,Canary Islands,Dual carriageways,Head-on/side collision,29,0,0,0,0,0,0,0,0,0,0
2020,Canary Islands,Dual carriageways,Side collision,29,0,0,0,0,0,0,0,0,0,0
2020,Canary Islands,Dual carriageways,Rear-end collision,118,1,1,0,1,0,0,0,0,0,0
2020,Canary Islands,Dual carriageways,Multiple or chain collision,48,0,0,0,0,0,0,0,0,0,0
2020,Canary Islands,Dual carriageways,Collision with obstacle or road element,6,0,0,0,0,0,0,0,0,0,0
2020,Canary Islands,Dual carriageways,Pedestrian struck,8,1,1,1,0,0,0,0,0,0,0
2020,Canary Islands,Dual carriageways,Overturn,6,0,0,0,0,0,0,0,0,0,0
2020,Canary Islands,Dual carriageways,Fall (rider or occupant),22,0,0,0,0,0,0,0,0,0,0
2020,Canary Islands,Dual carriageways,Run-off road,68,1,1,0,0,0,0,1,0,0,0
2020,Canary Islands,Dual carriageways,Other crash type,1,0,0,0,0,0,0,0,0,0,0
2020,Canary Islands,Motorways,Head-on collision,3,1,1,0,0,0,0,1,0,0,0
2020,Canary Islands,Motorways,Head-on/side collision,10,0,0,0,0,0,0,0,0,0,0
2020,Canary Islands,Motorways,Side collision,9,0,0,0,0,0,0,0,0,0,0
2020,Canary Islands,Motorways,Rear-end collision,99,0,0,0,0,0,0,0,0,0,0
2020,Canary Islands,Motorways,Multiple or chain collision,29,0,0,0,0,0,0,0,0,0,0
2020,Canary Islands,Motorways,Collision with obstacle or road element,2,0,0,0,0,0,0,0,0,0,0
2020,Canary Islands,Motorways,Pedestrian struck,6,2,2,2,0,0,0,0,0,0,0
2020,Canary Islands,Motorways,Fall (rider or occupant),14,0,0,0,0,0,0,0,0,0,0
2020,Canary Islands,Motorways,Run-off road,69,2,2,0,0,0,2,0,0,0,0
2020,Canary Islands,Motorways,Other crash type,6,1,1,0,1,0,0,0,0,0,0
2020,Canary Islands,Other roads,Head-on collision,2,0,0,0,0,0,0,0,0,0,0
2020,Canary Islands,Other roads,Head-on/side collision,23,0,0,0,0,0,0,0,0,0,0
2020,Canary Islands,Other roads,Side collision,17,0,0,0,0,0,0,0,0,0,0
2020,Canary Islands,Other roads,Rear-end collision,36,0,0,0,0,0,0,0,0,0,0
2020,Canary Islands,Other roads,Multiple or chain collision,8,0,0,0,0,0,0,0,0,0,0
2020,Canary Islands,Other roads,Collision with obstacle or road element,2,0,0,0,0,0,0,0,0,0,0
2020,Canary Islands,Other roads,Pedestrian struck,13,1,1,1,0,0,0,0,0,0,0
2020,Canary Islands,Other roads,Overturn,1,0,0,0,0,0,0,0,0,0,0
2020,Canary Islands,Other roads,Fall (rider or occupant),24,0,0,0,0,0,0,0,0,0,0
2020,Canary Islands,Other roads,Run-off road,26,0,0,0,0,0,0,0,0,0,0
2020,Canary Islands,Other roads,Other crash type,5,0,0,0,0,0,0,0,0,0,0
2020,Cantabria,Urban streets,Head-on collision,10,0,0,0,0,0,0,0,0,0,0
2020,Cantabria,Urban streets,Head-on/side collision,76,1,2,0,0,0,0,2,0,0,0
2020,Cantabria,Urban streets,Side collision,41,0,0,0,0,0,0,0,0,0,0
2020,Cantabria,Urban streets,Rear-end collision,56,1,1,0,0,0,0,0,0,0,1
2020,Cantabria,Urban streets,Multiple or chain collision,11,0,0,0,0,0,0,0,0,0,0
2020,Cantabria,Urban streets,Collision with obstacle or road element,6,0,0,0,0,0,0,0,0,0,0
2020,Cantabria,Urban streets,Pedestrian struck,78,2,2,1,1,0,0,0,0,0,0
2020,Cantabria,Urban streets,Animal struck,1,0,0,0,0,0,0,0,0,0,0
2020,Cantabria,Urban streets,Overturn,1,0,0,0,0,0,0,0,0,0,0
2020,Cantabria,Urban streets,Fall (rider or occupant),39,0,0,0,0,0,0,0,0,0,0
2020,Cantabria,Urban streets,Run-off road,25,0,0,0,0,0,0,0,0,0,0
2020,Cantabria,Urban streets,Other crash type,10,0,0,0,0,0,0,0,0,0,0
2020,Cantabria,Conventional roads,Head-on collision,13,0,0,0,0,0,0,0,0,0,0
2020,Cantabria,Conventional roads,Head-on/side collision,61,1,1,0,0,0,0,1,0,0,0
2020,Cantabria,Conventional roads,Side collision,14,1,1,0,0,0,0,0,0,0,1
2020,Cantabria,Conventional roads,Rear-end collision,51,1,1,0,1,0,0,0,0,0,0
2020,Cantabria,Conventional roads,Multiple or chain collision,10,0,0,0,0,0,0,0,0,0,0
2020,Cantabria,Conventional roads,Collision with obstacle or road element,3,0,0,0,0,0,0,0,0,0,0
2020,Cantabria,Conventional roads,Pedestrian struck,15,2,2,2,0,0,0,0,0,0,0
2020,Cantabria,Conventional roads,Animal struck,9,0,0,0,0,0,0,0,0,0,0
2020,Cantabria,Conventional roads,Fall (rider or occupant),26,0,0,0,0,0,0,0,0,0,0
2020,Cantabria,Conventional roads,Run-off road,76,2,2,0,0,0,0,2,0,0,0
2020,Cantabria,Conventional roads,Other crash type,3,0,0,0,0,0,0,0,0,0,0
2020,Cantabria,Dual carriageways,Head-on/side collision,7,0,0,0,0,0,0,0,0,0,0
2020,Cantabria,Dual carriageways,Side collision,13,0,0,0,0,0,0,0,0,0,0
2020,Cantabria,Dual carriageways,Rear-end collision,40,1,1,0,0,0,1,0,0,0,0
2020,Cantabria,Dual carriageways,Multiple or chain collision,14,1,1,0,0,0,0,1,0,0,0
2020,Cantabria,Dual carriageways,Collision with obstacle or road element,2,0,0,0,0,0,0,0,0,0,0
2020,Cantabria,Dual carriageways,Pedestrian struck,1,0,0,0,0,0,0,0,0,0,0
2020,Cantabria,Dual carriageways,Animal struck,3,0,0,0,0,0,0,0,0,0,0
2020,Cantabria,Dual carriageways,Overturn,1,0,0,0,0,0,0,0,0,0,0
2020,Cantabria,Dual carriageways,Fall (rider or occupant),2,0,0,0,0,0,0,0,0,0,0
2020,Cantabria,Dual carriageways,Run-off road,71,1,1,0,0,0,0,0,0,0,1
2020,Cantabria,Dual carriageways,Other crash type,1,0,0,0,0,0,0,0,0,0,0
2020,Cantabria,Other roads,Head-on collision,3,0,0,0,0,0,0,0,0,0,0
2020,Cantabria,Other roads,Head-on/side collision,6,0,0,0,0,0,0,0,0,0,0
2020,Cantabria,Other roads,Side collision,2,1,1,0,0,0,1,0,0,0,0
2020,Cantabria,Other roads,Rear-end collision,5,0,0,0,0,0,0,0,0,0,0
2020,Cantabria,Other roads,Collision with obstacle or road element,2,0,0,0,0,0,0,0,0,0,0
2020,Cantabria,Other roads,Pedestrian struck,7,0,0,0,0,0,0,0,0,0,0
2020,Cantabria,Other roads,Fall (rider or occupant),5,0,0,0,0,0,0,0,0,0,0
2020,Cantabria,Other roads,Run-off road,9,0,0,0,0,0,0,0,0,0,0
2020,Cantabria,Other roads,Other crash type,1,0,0,0,0,0,0,0,0,0,0
2020,Castile and León,Urban streets,Head-on collision,19,0,0,0,0,0,0,0,0,0,0
2020,Castile and León,Urban streets,Head-on/side collision,222,4,4,0,0,1,2,1,0,0,0
2020,Castile and León,Urban streets,Side collision,53,0,0,0,0,0,0,0,0,0,0
2020,Castile and León,Urban streets,Rear-end collision,136,1,1,0,0,0,0,1,0,0,0
2020,Castile and León,Urban streets,Multiple or chain collision,8,0,0,0,0,0,0,0,0,0,0
2020,Castile and León,Urban streets,Collision with obstacle or road element,23,1,1,0,0,0,1,0,0,0,0
2020,Castile and León,Urban streets,Pedestrian struck,283,12,12,12,0,0,0,0,0,0,0
2020,Castile and León,Urban streets,Overturn,8,0,0,0,0,0,0,0,0,0,0
2020,Castile and León,Urban streets,Fall (rider or occupant),95,0,0,0,0,0,0,0,0,0,0
2020,Castile and León,Urban streets,Run-off road,71,4,4,0,0,0,1,2,1,0,0
2020,Castile and León,Urban streets,Other crash type,30,0,0,0,0,0,0,0,0,0,0
2020,Castile and León,Conventional roads,Head-on collision,61,17,18,0,1,0,1,13,1,2,0
2020,Castile and León,Conventional roads,Head-on/side collision,181,12,15,0,0,1,2,9,3,0,0
2020,Castile and León,Conventional roads,Side collision,39,1,1,0,0,0,0,1,0,0,0
2020,Castile and León,Conventional roads,Rear-end collision,89,2,2,0,0,0,0,1,1,0,0
2020,Castile and León,Conventional roads,Multiple or chain collision,7,0,0,0,0,0,0,0,0,0,0
2020,Castile and León,Conventional roads,Collision with obstacle or road element,8,0,0,0,0,0,0,0,0,0,0
2020,Castile and León,Conventional roads,Pedestrian struck,44,5,7,7,0,0,0,0,0,0,0
2020,Castile and León,Conventional roads,Animal struck,55,1,1,0,0,0,0,1,0,0,0
2020,Castile and León,Conventional roads,Overturn,4,0,0,0,0,0,0,0,0,0,0
2020,Castile and León,Conventional roads,Fall (rider or occupant),69,0,0,0,0,0,0,0,0,0,0
2020,Castile and León,Conventional roads,Run-off road,612,32,34,0,1,0,4,28,0,1,0
2020,Castile and León,Conventional roads,Other crash type,8,1,1,0,0,0,0,1,0,0,0
2020,Castile and León,Dual carriageways,Head-on collision,1,1,1,0,0,0,0,1,0,0,0
2020,Castile and León,Dual carriageways,Head-on/side collision,7,0,0,0,0,0,0,0,0,0,0
2020,Castile and León,Dual carriageways,Side collision,18,2,2,0,0,0,1,1,0,0,0
2020,Castile and León,Dual carriageways,Rear-end collision,78,5,5,1,0,0,1,1,1,0,1
2020,Castile and León,Dual carriageways,Multiple or chain collision,5,0,0,0,0,0,0,0,0,0,0
2020,Castile and León,Dual carriageways,Collision with obstacle or road element,4,0,0,0,0,0,0,0,0,0,0
2020,Castile and León,Dual carriageways,Pedestrian struck,3,2,2,2,0,0,0,0,0,0,0
2020,Castile and León,Dual carriageways,Animal struck,6,0,0,0,0,0,0,0,0,0,0
2020,Castile and León,Dual carriageways,Overturn,3,0,0,0,0,0,0,0,0,0,0
2020,Castile and León,Dual carriageways,Fall (rider or occupant),8,0,0,0,0,0,0,0,0,0,0
2020,Castile and León,Dual carriageways,Run-off road,154,10,10,0,0,0,0,8,0,2,0
2020,Castile and León,Dual carriageways,Other crash type,5,0,0,0,0,0,0,0,0,0,0
2020,Castile and León,Motorways,Head-on/side collision,1,0,0,0,0,0,0,0,0,0,0
2020,Castile and León,Motorways,Side collision,1,0,0,0,0,0,0,0,0,0,0
2020,Castile and León,Motorways,Rear-end collision,6,0,0,0,0,0,0,0,0,0,0
2020,Castile and León,Motorways,Overturn,1,0,0,0,0,0,0,0,0,0,0
2020,Castile and León,Motorways,Fall (rider or occupant),1,0,0,0,0,0,0,0,0,0,0
2020,Castile and León,Motorways,Run-off road,22,0,0,0,0,0,0,0,0,0,0
2020,Castile and León,Motorways,Other crash type,2,1,1,1,0,0,0,0,0,0,0
2020,Castile and León,Other roads,Head-on collision,4,0,0,0,0,0,0,0,0,0,0
2020,Castile and León,Other roads,Head-on/side collision,12,0,0,0,0,0,0,0,0,0,0
2020,Castile and León,Other roads,Side collision,6,0,0,0,0,0,0,0,0,0,0
2020,Castile and León,Other roads,Rear-end collision,16,0,0,0,0,0,0,0,0,0,0
2020,Castile and León,Other roads,Collision with obstacle or road element,3,0,0,0,0,0,0,0,0,0,0
2020,Castile and León,Other roads,Pedestrian struck,21,1,1,1,0,0,0,0,0,0,0
2020,Castile and León,Other roads,Animal struck,2,0,0,0,0,0,0,0,0,0,0
2020,Castile and León,Other roads,Overturn,4,0,0,0,0,0,0,0,0,0,0
2020,Castile and León,Other roads,Fall (rider or occupant),24,0,0,0,0,0,0,0,0,0,0
2020,Castile and León,Other roads,Run-off road,49,3,3,0,0,0,0,1,1,1,0
2020,Castile and León,Other roads,Other crash type,3,0,0,0,0,0,0,0,0,0,0
2020,Castile-La Mancha,Urban streets,Head-on collision,15,2,2,0,0,1,1,0,0,0,0
2020,Castile-La Mancha,Urban streets,Head-on/side collision,237,3,3,0,0,1,2,0,0,0,0
2020,Castile-La Mancha,Urban streets,Side collision,70,0,0,0,0,0,0,0,0,0,0
2020,Castile-La Mancha,Urban streets,Rear-end collision,77,0,0,0,0,0,0,0,0,0,0
2020,Castile-La Mancha,Urban streets,Multiple or chain collision,10,0,0,0,0,0,0,0,0,0,0
2020,Castile-La Mancha,Urban streets,Collision with obstacle or road element,20,0,0,0,0,0,0,0,0,0,0
2020,Castile-La Mancha,Urban streets,Pedestrian struck,178,3,3,3,0,0,0,0,0,0,0
2020,Castile-La Mancha,Urban streets,Animal struck,1,0,0,0,0,0,0,0,0,0,0
2020,Castile-La Mancha,Urban streets,Overturn,2,0,0,0,0,0,0,0,0,0,0
2020,Castile-La Mancha,Urban streets,Fall (rider or occupant),55,0,0,0,0,0,0,0,0,0,0
2020,Castile-La Mancha,Urban streets,Run-off road,52,2,2,0,0,0,2,0,0,0,0
2020,Castile-La Mancha,Urban streets,Other crash type,25,0,0,0,0,0,0,0,0,0,0
2020,Castile-La Mancha,Conventional roads,Head-on collision,36,11,14,0,0,0,0,14,0,0,0
2020,Castile-La Mancha,Conventional roads,Head-on/side collision,117,4,5,0,0,0,1,4,0,0,0
2020,Castile-La Mancha,Conventional roads,Side collision,22,0,0,0,0,0,0,0,0,0,0
2020,Castile-La Mancha,Conventional roads,Rear-end collision,77,2,2,0,1,0,0,1,0,0,0
2020,Castile-La Mancha,Conventional roads,Multiple or chain collision,6,0,0,0,0,0,0,0,0,0,0
2020,Castile-La Mancha,Conventional roads,Collision with obstacle or road element,7,0,0,0,0,0,0,0,0,0,0
2020,Castile-La Mancha,Conventional roads,Pedestrian struck,14,4,4,4,0,0,0,0,0,0,0
2020,Castile-La Mancha,Conventional roads,Animal struck,25,0,0,0,0,0,0,0,0,0,0
2020,Castile-La Mancha,Conventional roads,Overturn,6,0,0,0,0,0,0,0,0,0,0
2020,Castile-La Mancha,Conventional roads,Fall (rider or occupant),21,0,0,0,0,0,0,0,0,0,0
2020,Castile-La Mancha,Conventional roads,Run-off road,440,29,30,0,0,0,7,20,1,1,1
2020,Castile-La Mancha,Conventional roads,Other crash type,6,0,0,0,0,0,0,0,0,0,0
2020,Castile-La Mancha,Dual carriageways,Head-on collision,2,1,1,0,0,0,0,1,0,0,0
2020,Castile-La Mancha,Dual carriageways,Head-on/side collision,11,0,0,0,0,0,0,0,0,0,0
2020,Castile-La Mancha,Dual carriageways,Side collision,22,0,0,0,0,0,0,0,0,0,0
2020,Castile-La Mancha,Dual carriageways,Rear-end collision,91,6,6,0,0,0,1,4,1,0,0
2020,Castile-La Mancha,Dual carriageways,Multiple or chain collision,17,1,1,0,0,0,0,1,0,0,0
2020,Castile-La Mancha,Dual carriageways,Collision with obstacle or road element,10,1,1,1,0,0,0,0,0,0,0
2020,Castile-La Mancha,Dual carriageways,Pedestrian struck,2,1,1,1,0,0,0,0,0,0,0
2020,Castile-La Mancha,Dual carriageways,Animal struck,4,0,0,0,0,0,0,0,0,0,0
2020,Castile-La Mancha,Dual carriageways,Overturn,2,1,1,0,0,0,1,0,0,0,0
2020,Castile-La Mancha,Dual carriageways,Fall (rider or occupant),4,1,1,0,0,0,1,0,0,0,0
2020,Castile-La Mancha,Dual carriageways,Run-off road,157,7,7,1,0,0,2,3,1,0,0
2020,Castile-La Mancha,Dual carriageways,Other crash type,7,3,3,0,0,0,0,2,0,1,0
2020,Castile-La Mancha,Motorways,Rear-end collision,2,0,0,0,0,0,0,0,0,0,0
2020,Castile-La Mancha,Motorways,Run-off road,9,1,2,0,0,0,0,2,0,0,0
2020,Castile-La Mancha,Other roads,Head-on collision,4,0,0,0,0,0,0,0,0,0,0
2020,Castile-La Mancha,Other roads,Head-on/side collision,8,0,0,0,0,0,0,0,0,0,0
2020,Castile-La Mancha,Other roads,Side collision,6,0,0,0,0,0,0,0,0,0,0
2020,Castile-La Mancha,Other roads,Rear-end collision,6,0,0,0,0,0,0,0,0,0,0
2020,Castile-La Mancha,Other roads,Multiple or chain collision,1,0,0,0,0,0,0,0,0,0,0
2020,Castile-La Mancha,Other roads,Collision with obstacle or road element,3,0,0,0,0,0,0,0,0,0,0
2020,Castile-La Mancha,Other roads,Pedestrian struck,10,1,1,1,0,0,0,0,0,0,0
2020,Castile-La Mancha,Other roads,Animal struck,1,0,0,0,0,0,0,0,0,0,0
2020,Castile-La Mancha,Other roads,Overturn,2,0,0,0,0,0,0,0,0,0,0
2020,Castile-La Mancha,Other roads,Fall (rider or occupant),5,1,1,0,0,0,1,0,0,0,0
2020,Castile-La Mancha,Other roads,Run-off road,41,4,5,1,0,0,0,3,0,0,1
2020,Catalonia,Urban streets,Head-on collision,275,2,3,0,0,0,3,0,0,0,0
2020,Catalonia,Urban streets,Head-on/side collision,2868,7,7,0,0,0,4,2,0,0,1
2020,Catalonia,Urban streets,Side collision,1809,4,4,0,1,0,3,0,0,0,0
2020,Catalonia,Urban streets,Rear-end collision,928,4,4,0,1,0,2,1,0,0,0
2020,Catalonia,Urban streets,Collision with obstacle or road element,411,7,7,0,0,0,3,3,0,0,1
2020,Catalonia,Urban streets,Pedestrian struck,1815,21,21,21,0,0,0,0,0,0,0
2020,Catalonia,Urban streets,Overturn,1555,9,9,0,1,3,5,0,0,0,0
2020,Catalonia,Urban streets,Run-off road,330,11,11,0,1,1,3,5,1,0,0
2020,Catalonia,Urban streets,Other crash type,1667,8,8,0,1,1,3,1,0,1,1
2020,Catalonia,Conventional roads,Head-on/side collision,1,0,0,0,0,0,0,0,0,0,0
2020,Catalonia,Conventional roads,Side collision,1,1,1,0,0,0,0,1,0,0,0
2020,Catalonia,Conventional roads,Rear-end collision,2,0,0,0,0,0,0,0,0,0,0
2020,Catalonia,Conventional roads,Overturn,1,0,0,0,0,0,0,0,0,0,0
2020,Catalonia,Conventional roads,Run-off road,2,0,0,0,0,0,0,0,0,0,0
2020,Catalonia,Dual carriageways,Head-on collision,246,23,25,0,4,0,4,11,6,0,0
2020,Catalonia,Dual carriageways,Head-on/side collision,547,8,10,0,1,0,3,5,1,0,0
2020,Catalonia,Dual carriageways,Side collision,488,1,1,0,0,0,1,0,0,0,0
2020,Catalonia,Dual carriageways,Rear-end collision,1088,8,10,0,1,0,3,5,0,1,0
2020,Catalonia,Dual carriageways,Collision with obstacle or road element,179,4,4,0,0,0,2,1,0,1,0
2020,Catalonia,Dual carriageways,Pedestrian struck,114,14,14,14,0,0,0,0,0,0,0
2020,Catalonia,Dual carriageways,Overturn,562,8,8,0,1,0,5,1,0,0,1
2020,Catalonia,Dual carriageways,Run-off road,1294,25,28,0,0,0,7,19,1,0,1
2020,Catalonia,Dual carriageways,Other crash type,507,5,5,0,1,0,1,1,0,1,1
2020,Catalonia,Motorways,Head-on collision,4,2,3,0,0,0,1,0,2,0,0
2020,Catalonia,Motorways,Head-on/side collision,28,0,0,0,0,0,0,0,0,0,0
2020,Catalonia,Motorways,Side collision,116,2,2,0,0,0,2,0,0,0,0
2020,Catalonia,Motorways,Rear-end collision,340,2,2,0,0,0,1,1,0,0,0
2020,Catalonia,Motorways,Collision with obstacle or road element,53,0,0,0,0,0,0,0,0,0,0
2020,Catalonia,Motorways,Pedestrian struck,7,2,2,2,0,0,0,0,0,0,0
2020,Catalonia,Motorways,Overturn,72,0,0,0,0,0,0,0,0,0,0
2020,Catalonia,Motorways,Run-off road,174,5,5,0,0,0,1,3,0,1,0
2020,Catalonia,Motorways,Other crash type,53,1,1,0,0,0,1,0,0,0,0
2020,Catalonia,Other roads,Head-on collision,13,0,0,0,0,0,0,0,0,0,0
2020,Catalonia,Other roads,Head-on/side collision,22,0,0,0,0,0,0,0,0,0,0
2020,Catalonia,Other roads,Side collision,14,0,0,0,0,0,0,0,0,0,0
2020,Catalonia,Other roads,Rear-end collision,4,0,0,0,0,0,0,0,0,0,0
2020,Catalonia,Other roads,Collision with obstacle or road element,5,0,0,0,0,0,0,0,0,0,0
2020,Catalonia,Other roads,Pedestrian struck,5,0,0,0,0,0,0,0,0,0,0
2020,Catalonia,Other roads,Overturn,58,1,1,0,0,0,1,0,0,0,0
2020,Catalonia,Other roads,Run-off road,110,8,8,0,1,0,0,3,2,1,1
2020,Catalonia,Other roads,Other crash type,11,0,0,0,0,0,0,0,0,0,0
2020,Valencian Community,Urban streets,Head-on collision,87,1,1,0,1,0,0,0,0,0,0
2020,Valencian Community,Urban streets,Head-on/side collision,731,7,9,0,0,0,6,2,0,0,1
2020,Valencian Community,Urban streets,Side collision,320,1,1,0,0,0,0,1,0,0,0
2020,Valencian Community,Urban streets,Rear-end collision,379,1,1,1,0,0,0,0,0,0,0
2020,Valencian Community,Urban streets,Multiple or chain collision,34,0,0,0,0,0,0,0,0,0,0
2020,Valencian Community,Urban streets,Collision with obstacle or road element,80,3,3,1,0,0,1,1,0,0,0
2020,Valencian Community,Urban streets,Pedestrian struck,519,18,18,17,0,0,0,0,0,0,1
2020,Valencian Community,Urban streets,Animal struck,3,0,0,0,0,0,0,0,0,0,0
2020,Valencian Community,Urban streets,Overturn,7,0,0,0,0,0,0,0,0,0,0
2020,Valencian Community,Urban streets,Fall (rider or occupant),428,2,2,0,2,0,0,0,0,0,0
2020,Valencian Community,Urban streets,Run-off road,114,4,4,0,0,0,2,2,0,0,0
2020,Valencian Community,Urban streets,Other crash type,102,0,0,0,0,0,0,0,0,0,0
2020,Valencian Community,Conventional roads,Head-on collision,77,9,11,0,0,2,3,3,2,0,1
2020,Valencian Community,Conventional roads,Head-on/side collision,285,5,5,0,0,0,3,1,0,0,1
2020,Valencian Community,Conventional roads,Side collision,105,2,2,0,0,0,1,0,0,0,1
2020,Valencian Community,Conventional roads,Rear-end collision,249,2,2,0,0,0,0,0,0,0,2
2020,Valencian Community,Conventional roads,Multiple or chain collision,46,1,1,0,0,0,1,0,0,0,0
2020,Valencian Community,Conventional roads,Collision with obstacle or road element,18,0,0,0,0,0,0,0,0,0,0
2020,Valencian Community,Conventional roads,Pedestrian struck,23,6,6,6,0,0,0,0,0,0,0
2020,Valencian Community,Conventional roads,Animal struck,25,0,0,0,0,0,0,0,0,0,0
2020,Valencian Community,Conventional roads,Overturn,20,0,0,0,0,0,0,0,0,0,0
2020,Valencian Community,Conventional roads,Fall (rider or occupant),99,0,0,0,0,0,0,0,0,0,0
2020,Valencian Community,Conventional roads,Run-off road,540,20,20,0,1,2,9,8,0,0,0
2020,Valencian Community,Conventional roads,Other crash type,9,0,0,0,0,0,0,0,0,0,0
2020,Valencian Community,Dual carriageways,Head-on collision,3,1,2,0,0,0,0,2,0,0,0
2020,Valencian Community,Dual carriageways,Head-on/side collision,84,0,0,0,0,0,0,0,0,0,0
2020,Valencian Community,Dual carriageways,Side collision,105,3,3,0,0,1,0,2,0,0,0
2020,Valencian Community,Dual carriageways,Rear-end collision,320,6,6,0,0,1,1,2,0,2,0
2020,Valencian Community,Dual carriageways,Multiple or chain collision,80,2,2,0,0,0,1,1,0,0,0
2020,Valencian Community,Dual carriageways,Collision with obstacle or road element,19,1,1,0,0,0,0,0,0,1,0
2020,Valencian Community,Dual carriageways,Pedestrian struck,12,5,5,5,0,0,0,0,0,0,0
2020,Valencian Community,Dual carriageways,Animal struck,7,0,0,0,0,0,0,0,0,0,0
2020,Valencian Community,Dual carriageways,Overturn,7,0,0,0,0,0,0,0,0,0,0
2020,Valencian Community,Dual carriageways,Fall (rider or occupant),32,0,0,0,0,0,0,0,0,0,0
2020,Valencian Community,Dual carriageways,Run-off road,239,7,9,0,0,0,1,4,0,4,0
2020,Valencian Community,Dual carriageways,Other crash type,9,1,1,1,0,0,0,0,0,0,0
2020,Valencian Community,Motorways,Head-on collision,1,0,0,0,0,0,0,0,0,0,0
2020,Valencian Community,Motorways,Head-on/side collision,4,0,0,0,0,0,0,0,0,0,0
2020,Valencian Community,Motorways,Side collision,10,0,0,0,0,0,0,0,0,0,0
2020,Valencian Community,Motorways,Rear-end collision,24,0,0,0,0,0,0,0,0,0,0
2020,Valencian Community,Motorways,Multiple or chain collision,5,0,0,0,0,0,0,0,0,0,0
2020,Valencian Community,Motorways,Collision with obstacle or road element,3,0,0,0,0,0,0,0,0,0,0
2020,Valencian Community,Motorways,Pedestrian struck,3,2,2,2,0,0,0,0,0,0,0
2020,Valencian Community,Motorways,Animal struck,1,0,0,0,0,0,0,0,0,0,0
2020,Valencian Community,Motorways,Overturn,4,0,0,0,0,0,0,0,0,0,0
2020,Valencian Community,Motorways,Fall (rider or occupant),3,0,0,0,0,0,0,0,0,0,0
2020,Valencian Community,Motorways,Run-off road,60,1,1,0,0,0,1,0,0,0,0
2020,Valencian Community,Motorways,Other crash type,2,0,0,0,0,0,0,0,0,0,0
2020,Valencian Community,Other roads,Head-on collision,34,1,2,0,0,0,2,0,0,0,0
2020,Valencian Community,Other roads,Head-on/side collision,71,1,1,0,0,0,1,0,0,0,0
2020,Valencian Community,Other roads,Side collision,21,0,0,0,0,0,0,0,0,0,0
2020,Valencian Community,Other roads,Rear-end collision,25,0,0,0,0,0,0,0,0,0,0
2020,Valencian Community,Other roads,Multiple or chain collision,4,0,0,0,0,0,0,0,0,0,0
2020,Valencian Community,Other roads,Collision with obstacle or road element,10,0,0,0,0,0,0,0,0,0,0
2020,Valencian Community,Other roads,Pedestrian struck,16,0,0,0,0,0,0,0,0,0,0
2020,Valencian Community,Other roads,Animal struck,2,0,0,0,0,0,0,0,0,0,0
2020,Valencian Community,Other roads,Overturn,9,3,3,0,0,1,2,0,0,0,0
2020,Valencian Community,Other roads,Fall (rider or occupant),33,1,1,0,1,0,0,0,0,0,0
2020,Valencian Community,Other roads,Run-off road,114,4,4,0,2,1,0,0,0,0,1
2020,Valencian Community,Other roads,Other crash type,8,0,0,0,0,0,0,0,0,0,0
2020,Extremadura,Urban streets,Head-on collision,12,0,0,0,0,0,0,0,0,0,0
2020,Extremadura,Urban streets,Head-on/side collision,128,0,0,0,0,0,0,0,0,0,0
2020,Extremadura,Urban streets,Side collision,42,0,0,0,0,0,0,0,0,0,0
2020,Extremadura,Urban streets,Rear-end collision,73,0,0,0,0,0,0,0,0,0,0
2020,Extremadura,Urban streets,Multiple or chain collision,8,0,0,0,0,0,0,0,0,0,0
2020,Extremadura,Urban streets,Collision with obstacle or road element,13,2,2,0,0,0,2,0,0,0,0
2020,Extremadura,Urban streets,Pedestrian struck,110,6,6,5,1,0,0,0,0,0,0
2020,Extremadura,Urban streets,Overturn,1,0,0,0,0,0,0,0,0,0,0
2020,Extremadura,Urban streets,Fall (rider or occupant),46,0,0,0,0,0,0,0,0,0,0
2020,Extremadura,Urban streets,Run-off road,26,2,2,0,0,0,1,1,0,0,0
2020,Extremadura,Urban streets,Other crash type,10,0,0,0,0,0,0,0,0,0,0
2020,Extremadura,Conventional roads,Head-on collision,23,7,11,0,0,0,0,8,3,0,0
2020,Extremadura,Conventional roads,Head-on/side collision,53,1,1,0,0,0,0,1,0,0,0
2020,Extremadura,Conventional roads,Side collision,7,0,0,0,0,0,0,0,0,0,0
2020,Extremadura,Conventional roads,Rear-end collision,43,1,3,0,0,0,0,3,0,0,0
2020,Extremadura,Conventional roads,Multiple or chain collision,2,0,0,0,0,0,0,0,0,0,0
2020,Extremadura,Conventional roads,Collision with obstacle or road element,5,0,0,0,0,0,0,0,0,0,0
2020,Extremadura,Conventional roads,Pedestrian struck,9,0,0,0,0,0,0,0,0,0,0
2020,Extremadura,Conventional roads,Animal struck,11,0,0,0,0,0,0,0,0,0,0
2020,Extremadura,Conventional roads,Overturn,4,0,0,0,0,0,0,0,0,0,0
2020,Extremadura,Conventional roads,Fall (rider or occupant),4,0,0,0,0,0,0,0,0,0,0
2020,Extremadura,Conventional roads,Run-off road,222,8,8,0,0,0,1,6,0,0,1
2020,Extremadura,Conventional roads,Other crash type,7,1,1,0,0,0,0,0,0,1,0
2020,Extremadura,Dual carriageways,Head-on/side collision,2,0,0,0,0,0,0,0,0,0,0
2020,Extremadura,Dual carriageways,Side collision,5,0,0,0,0,0,0,0,0,0,0
2020,Extremadura,Dual carriageways,Rear-end collision,22,1,1,0,0,0,0,1,0,0,0
2020,Extremadura,Dual carriageways,Multiple or chain collision,2,0,0,0,0,0,0,0,0,0,0
2020,Extremadura,Dual carriageways,Collision with obstacle or road element,6,0,0,0,0,0,0,0,0,0,0
2020,Extremadura,Dual carriageways,Pedestrian struck,2,0,0,0,0,0,0,0,0,0,0
2020,Extremadura,Dual carriageways,Animal struck,4,0,0,0,0,0,0,0,0,0,0
2020,Extremadura,Dual carriageways,Fall (rider or occupant),1,0,0,0,0,0,0,0,0,0,0
2020,Extremadura,Dual carriageways,Run-off road,38,2,2,0,0,0,0,1,1,0,0
2020,Extremadura,Dual carriageways,Other crash type,3,1,1,0,0,0,0,0,1,0,0
2020,Extremadura,Other roads,Head-on collision,5,0,0,0,0,0,0,0,0,0,0
2020,Extremadura,Other roads,Head-on/side collision,13,0,0,0,0,0,0,0,0,0,0
2020,Extremadura,Other roads,Side collision,8,0,0,0,0,0,0,0,0,0,0
2020,Extremadura,Other roads,Rear-end collision,6,0,0,0,0,0,0,0,0,0,0
2020,Extremadura,Other roads,Collision with obstacle or road element,2,0,0,0,0,0,0,0,0,0,0
2020,Extremadura,Other roads,Pedestrian struck,6,0,0,0,0,0,0,0,0,0,0
2020,Extremadura,Other roads,Animal struck,2,0,0,0,0,0,0,0,0,0,0
2020,Extremadura,Other roads,Fall (rider or occupant),6,0,0,0,0,0,0,0,0,0,0
2020,Extremadura,Other roads,Run-off road,35,1,1,0,0,0,0,0,1,0,0
2020,Extremadura,Other roads,Other crash type,2,1,1,0,0,0,0,1,0,0,0
2020,Galicia,Urban streets,Head-on collision,42,1,2,0,0,0,2,0,0,0,0
2020,Galicia,Urban streets,Head-on/side collision,300,3,3,0,0,1,1,1,0,0,0
2020,Galicia,Urban streets,Side collision,93,0,0,0,0,0,0,0,0,0,0
2020,Galicia,Urban streets,Rear-end collision,180,0,0,0,0,0,0,0,0,0,0
2020,Galicia,Urban streets,Multiple or chain collision,26,0,0,0,0,0,0,0,0,0,0
2020,Galicia,Urban streets,Collision with obstacle or road element,43,1,2,0,0,0,0,2,0,0,0
2020,Galicia,Urban streets,Pedestrian struck,342,6,6,6,0,0,0,0,0,0,0
2020,Galicia,Urban streets,Animal struck,1,0,0,0,0,0,0,0,0,0,0
2020,Galicia,Urban streets,Overturn,2,0,0,0,0,0,0,0,0,0,0
2020,Galicia,Urban streets,Fall (rider or occupant),94,2,2,0,0,0,1,1,0,0,0
2020,Galicia,Urban streets,Run-off road,131,7,7,0,0,0,2,3,0,0,2
2020,Galicia,Urban streets,Other crash type,24,0,0,0,0,0,0,0,0,0,0
2020,Galicia,Conventional roads,Head-on collision,132,12,13,0,0,0,1,8,3,0,1
2020,Galicia,Conventional roads,Head-on/side collision,351,10,10,0,2,0,4,4,0,0,0
2020,Galicia,Conventional roads,Side collision,80,0,0,0,0,0,0,0,0,0,0
2020,Galicia,Conventional roads,Rear-end collision,183,2,2,0,0,0,0,2,0,0,0
2020,Galicia,Conventional roads,Multiple or chain collision,34,1,1,0,0,0,0,1,0,0,0
2020,Galicia,Conventional roads,Collision with obstacle or road element,16,0,0,0,0,0,0,0,0,0,0
2020,Galicia,Conventional roads,Pedestrian struck,77,6,6,6,0,0,0,0,0,0,0
2020,Galicia,Conventional roads,Animal struck,39,0,0,0,0,0,0,0,0,0,0
2020,Galicia,Conventional roads,Overturn,8,0,0,0,0,0,0,0,0,0,0
2020,Galicia,Conventional roads,Fall (rider or occupant),59,1,1,0,0,0,0,0,0,0,1
2020,Galicia,Conventional roads,Run-off road,690,30,31,0,1,2,6,17,1,2,2
2020,Galicia,Conventional roads,Other crash type,39,4,4,0,2,0,0,2,0,0,0
2020,Galicia,Dual carriageways,Head-on collision,1,1,1,0,0,0,0,1,0,0,0
2020,Galicia,Dual carriageways,Head-on/side collision,15,0,0,0,0,0,0,0,0,0,0
2020,Galicia,Dual carriageways,Side collision,17,0,0,0,0,0,0,0,0,0,0
2020,Galicia,Dual carriageways,Rear-end collision,56,1,1,0,0,0,0,0,0,1,0
2020,Galicia,Dual carriageways,Multiple or chain collision,17,0,0,0,0,0,0,0,0,0,0
2020,Galicia,Dual carriageways,Collision with obstacle or road element,7,0,0,0,0,0,0,0,0,0,0
2020,Galicia,Dual carriageways,Pedestrian struck,2,0,0,0,0,0,0,0,0,0,0
2020,Galicia,Dual carriageways,Animal struck,6,0,0,0,0,0,0,0,0,0,0
2020,Galicia,Dual carriageways,Fall (rider or occupant),11,0,0,0,0,0,0,0,0,0,0
2020,Galicia,Dual carriageways,Run-off road,109,2,3,0,0,0,0,3,0,0,0
2020,Galicia,Dual carriageways,Other crash type,4,0,0,0,0,0,0,0,0,0,0
2020,Galicia,Motorways,Head-on/side collision,1,0,0,0,0,0,0,0,0,0,0
2020,Galicia,Motorways,Side collision,10,0,0,0,0,0,0,0,0,0,0
2020,Galicia,Motorways,Rear-end collision,12,0,0,0,0,0,0,0,0,0,0
2020,Galicia,Motorways,Multiple or chain collision,7,0,0,0,0,0,0,0,0,0,0
2020,Galicia,Motorways,Collision with obstacle or road element,1,0,0,0,0,0,0,0,0,0,0
2020,Galicia,Motorways,Overturn,1,0,0,0,0,0,0,0,0,0,0
2020,Galicia,Motorways,Fall (rider or occupant),2,0,0,0,0,0,0,0,0,0,0
2020,Galicia,Motorways,Run-off road,44,1,1,0,0,0,0,1,0,0,0
2020,Galicia,Other roads,Head-on collision,15,1,1,0,0,0,1,0,0,0,0
2020,Galicia,Other roads,Head-on/side collision,22,0,0,0,0,0,0,0,0,0,0
2020,Galicia,Other roads,Side collision,10,0,0,0,0,0,0,0,0,0,0
2020,Galicia,Other roads,Rear-end collision,9,0,0,0,0,0,0,0,0,0,0
2020,Galicia,Other roads,Collision with obstacle or road element,2,0,0,0,0,0,0,0,0,0,0
2020,Galicia,Other roads,Pedestrian struck,18,2,2,2,0,0,0,0,0,0,0
2020,Galicia,Other roads,Animal struck,1,0,0,0,0,0,0,0,0,0,0
2020,Galicia,Other roads,Fall (rider or occupant),8,0,0,0,0,0,0,0,0,0,0
2020,Galicia,Other roads,Run-off road,50,4,4,1,0,0,0,1,0,0,2
2020,Galicia,Other roads,Other crash type,7,0,0,0,0,0,0,0,0,0,0
2020,Madrid,Urban streets,Head-on collision,192,2,2,0,0,0,2,0,0,0,0
2020,Madrid,Urban streets,Head-on/side collision,1960,4,4,0,1,0,2,1,0,0,0
2020,Madrid,Urban streets,Side collision,615,3,3,0,1,0,2,0,0,0,0
2020,Madrid,Urban streets,Rear-end collision,1522,2,2,0,0,0,2,0,0,0,0
2020,Madrid,Urban streets,Multiple or chain collision,225,1,1,0,0,0,1,0,0,0,0
2020,Madrid,Urban streets,Collision with obstacle or road element,367,5,5,0,0,0,3,0,1,1,0
2020,Madrid,Urban streets,Pedestrian struck,1385,22,22,22,0,0,0,0,0,0,0
2020,Madrid,Urban streets,Animal struck,13,0,0,0,0,0,0,0,0,0,0
2020,Madrid,Urban streets,Overturn,49,1,1,0,0,0,0,1,0,0,0
2020,Madrid,Urban streets,Fall (rider or occupant),1619,3,3,0,0,0,1,0,0,1,1
2020,Madrid,Urban streets,Run-off road,617,12,12,3,0,1,4,3,0,0,1
2020,Madrid,Urban streets,Other crash type,72,0,0,0,0,0,0,0,0,0,0
2020,Madrid,Conventional roads,Head-on collision,60,7,7,0,0,0,2,5,0,0,0
2020,Madrid,Conventional roads,Head-on/side collision,119,1,2,0,0,0,0,2,0,0,0
2020,Madrid,Conventional roads,Side collision,53,0,0,0,0,0,0,0,0,0,0
2020,Madrid,Conventional roads,Rear-end collision,115,0,0,0,0,0,0,0,0,0,0
2020,Madrid,Conventional roads,Multiple or chain collision,16,0,0,0,0,0,0,0,0,0,0
2020,Madrid,Conventional roads,Collision with obstacle or road element,3,1,1,0,1,0,0,0,0,0,0
2020,Madrid,Conventional roads,Pedestrian struck,23,2,2,2,0,0,0,0,0,0,0
2020,Madrid,Conventional roads,Animal struck,9,0,0,0,0,0,0,0,0,0,0
2020,Madrid,Conventional roads,Overturn,2,0,0,0,0,0,0,0,0,0,0
2020,Madrid,Conventional roads,Fall (rider or occupant),45,3,3,0,0,0,2,0,0,1,0
2020,Madrid,Conventional roads,Run-off road,280,8,8,0,0,0,3,5,0,0,0
2020,Madrid,Conventional roads,Other crash type,9,0,0,0,0,0,0,0,0,0,0
2020,Madrid,Dual carriageways,Head-on collision,8,0,0,0,0,0,0,0,0,0,0
2020,Madrid,Dual carriageways,Head-on/side collision,64,0,0,0,0,0,0,0,0,0,0
2020,Madrid,Dual carriageways,Side collision,88,0,0,0,0,0,0,0,0,0,0
2020,Madrid,Dual carriageways,Rear-end collision,371,2,2,0,0,0,1,0,1,0,0
2020,Madrid,Dual carriageways,Multiple or chain collision,78,1,1,0,0,0,0,1,0,0,0
2020,Madrid,Dual carriageways,Collision with obstacle or road element,14,0,0,0,0,0,0,0,0,0,0
2020,Madrid,Dual carriageways,Pedestrian struck,17,2,2,2,0,0,0,0,0,0,0
2020,Madrid,Dual carriageways,Animal struck,2,0,0,0,0,0,0,0,0,0,0
2020,Madrid,Dual carriageways,Overturn,3,0,0,0,0,0,0,0,0,0,0
2020,Madrid,Dual carriageways,Fall (rider or occupant),48,0,0,0,0,0,0,0,0,0,0
2020,Madrid,Dual carriageways,Run-off road,313,5,5,1,0,0,2,2,0,0,0
2020,Madrid,Dual carriageways,Other crash type,5,0,0,0,0,0,0,0,0,0,0
2020,Madrid,Motorways,Head-on/side collision,22,0,0,0,0,0,0,0,0,0,0
2020,Madrid,Motorways,Side collision,41,0,0,0,0,0,0,0,0,0,0
2020,Madrid,Motorways,Rear-end collision,100,3,3,0,0,0,1,2,0,0,0
2020,Madrid,Motorways,Multiple or chain collision,31,0,0,0,0,0,0,0,0,0,0
2020,Madrid,Motorways,Collision with obstacle or road element,7,2,2,0,0,0,1,1,0,0,0
2020,Madrid,Motorways,Pedestrian struck,6,5,5,5,0,0,0,0,0,0,0
2020,Madrid,Motorways,Overturn,2,0,0,0,0,0,0,0,0,0,0
2020,Madrid,Motorways,Fall (rider or occupant),14,0,0,0,0,0,0,0,0,0,0
2020,Madrid,Motorways,Run-off road,69,3,3,0,0,0,1,2,0,0,0
2020,Madrid,Motorways,Other crash type,2,0,0,0,0,0,0,0,0,0,0
2020,Madrid,Other roads,Head-on collision,3,0,0,0,0,0,0,0,0,0,0
2020,Madrid,Other roads,Head-on/side collision,12,0,0,0,0,0,0,0,0,0,0
2020,Madrid,Other roads,Side collision,4,0,0,0,0,0,0,0,0,0,0
2020,Madrid,Other roads,Rear-end collision,10,0,0,0,0,0,0,0,0,0,0
2020,Madrid,Other roads,Multiple or chain collision,1,0,0,0,0,0,0,0,0,0,0
2020,Madrid,Other roads,Collision with obstacle or road element,4,0,0,0,0,0,0,0,0,0,0
2020,Madrid,Other roads,Pedestrian struck,17,2,2,2,0,0,0,0,0,0,0
2020,Madrid,Other roads,Fall (rider or occupant),17,1,1,0,1,0,0,0,0,0,0
2020,Madrid,Other roads,Run-off road,21,1,1,0,0,0,0,1,0,0,0
2020,Madrid,Other roads,Other crash type,2,0,0,0,0,0,0,0,0,0,0
2020,Murcia,Urban streets,Head-on collision,59,1,1,0,0,0,1,0,0,0,0
2020,Murcia,Urban streets,Head-on/side collision,549,2,2,0,0,0,2,0,0,0,0
2020,Murcia,Urban streets,Side collision,109,0,0,0,0,0,0,0,0,0,0
2020,Murcia,Urban streets,Rear-end collision,250,0,0,0,0,0,0,0,0,0,0
2020,Murcia,Urban streets,Multiple or chain collision,23,0,0,0,0,0,0,0,0,0,0
2020,Murcia,Urban streets,Collision with obstacle or road element,25,1,1,0,0,0,1,0,0,0,0
2020,Murcia,Urban streets,Pedestrian struck,168,4,4,4,0,0,0,0,0,0,0
2020,Murcia,Urban streets,Animal struck,4,0,0,0,0,0,0,0,0,0,0
2020,Murcia,Urban streets,Overturn,6,0,0,0,0,0,0,0,0,0,0
2020,Murcia,Urban streets,Fall (rider or occupant),142,0,0,0,0,0,0,0,0,0,0
2020,Murcia,Urban streets,Run-off road,125,2,2,0,0,0,2,0,0,0,0
2020,Murcia,Urban streets,Other crash type,65,0,0,0,0,0,0,0,0,0,0
2020,Murcia,Conventional roads,Head-on collision,22,2,3,0,0,0,1,2,0,0,0
2020,Murcia,Conventional roads,Head-on/side collision,75,4,4,0,0,0,1,3,0,0,0
2020,Murcia,Conventional roads,Side collision,15,2,2,0,0,1,0,1,0,0,0
2020,Murcia,Conventional roads,Rear-end collision,36,1,1,0,0,0,1,0,0,0,0
2020,Murcia,Conventional roads,Pedestrian struck,7,1,1,0,0,0,1,0,0,0,0
2020,Murcia,Conventional roads,Animal struck,1,0,0,0,0,0,0,0,0,0,0
2020,Murcia,Conventional roads,Overturn,8,0,0,0,0,0,0,0,0,0,0
2020,Murcia,Conventional roads,Fall (rider or occupant),5,0,0,0,0,0,0,0,0,0,0
2020,Murcia,Conventional roads,Run-off road,115,4,4,0,0,0,2,1,1,0,0
2020,Murcia,Conventional roads,Other crash type,4,1,1,0,0,0,1,0,0,0,0
2020,Murcia,Dual carriageways,Head-on collision,3,0,0,0,0,0,0,0,0,0,0
2020,Murcia,Dual carriageways,Head-on/side collision,7,1,1,0,0,0,0,0,0,1,0
2020,Murcia,Dual carriageways,Side collision,13,0,0,0,0,0,0,0,0,0,0
2020,Murcia,Dual carriageways,Rear-end collision,45,2,2,0,0,0,0,1,0,1,0
2020,Murcia,Dual carriageways,Multiple or chain collision,17,1,1,0,0,0,0,1,0,0,0
2020,Murcia,Dual carriageways,Collision with obstacle or road element,2,0,0,0,0,0,0,0,0,0,0
2020,Murcia,Dual carriageways,Pedestrian struck,1,1,1,1,0,0,0,0,0,0,0
2020,Murcia,Dual carriageways,Animal struck,1,0,0,0,0,0,0,0,0,0,0
2020,Murcia,Dual carriageways,Overturn,1,0,0,0,0,0,0,0,0,0,0
2020,Murcia,Dual carriageways,Fall (rider or occupant),3,0,0,0,0,0,0,0,0,0,0
2020,Murcia,Dual carriageways,Run-off road,53,4,4,0,0,0,1,2,0,1,0
2020,Murcia,Dual carriageways,Other crash type,1,0,0,0,0,0,0,0,0,0,0
2020,Murcia,Motorways,Side collision,1,0,0,0,0,0,0,0,0,0,0
2020,Murcia,Motorways,Rear-end collision,6,0,0,0,0,0,0,0,0,0,0
2020,Murcia,Motorways,Multiple or chain collision,1,0,0,0,0,0,0,0,0,0,0
2020,Murcia,Motorways,Pedestrian struck,1,1,1,1,0,0,0,0,0,0,0
2020,Murcia,Motorways,Run-off road,9,1,1,0,0,0,1,0,0,0,0
2020,Murcia,Other roads,Head-on collision,7,0,0,0,0,0,0,0,0,0,0
2020,Murcia,Other roads,Head-on/side collision,24,1,1,0,0,0,0,1,0,0,0
2020,Murcia,Other roads,Side collision,6,0,0,0,0,0,0,0,0,0,0
2020,Murcia,Other roads,Rear-end collision,1,0,0,0,0,0,0,0,0,0,0
2020,Murcia,Other roads,Pedestrian struck,5,1,1,1,0,0,0,0,0,0,0
2020,Murcia,Other roads,Overturn,1,0,0,0,0,0,0,0,0,0,0
2020,Murcia,Other roads,Fall (rider or occupant),1,0,0,0,0,0,0,0,0,0,0
2020,Murcia,Other roads,Run-off road,25,0,0,0,0,0,0,0,0,0,0
2020,Navarre,Urban streets,Head-on collision,2,0,0,0,0,0,0,0,0,0,0
2020,Navarre,Urban streets,Head-on/side collision,59,0,0,0,0,0,0,0,0,0,0
2020,Navarre,Urban streets,Side collision,60,0,0,0,0,0,0,0,0,0,0
2020,Navarre,Urban streets,Rear-end collision,67,0,0,0,0,0,0,0,0,0,0
2020,Navarre,Urban streets,Multiple or chain collision,2,0,0,0,0,0,0,0,0,0,0
2020,Navarre,Urban streets,Collision with obstacle or road element,8,0,0,0,0,0,0,0,0,0,0
2020,Navarre,Urban streets,Pedestrian struck,92,1,1,1,0,0,0,0,0,0,0
2020,Navarre,Urban streets,Fall (rider or occupant),49,0,0,0,0,0,0,0,0,0,0
2020,Navarre,Urban streets,Run-off road,16,1,2,0,0,0,0,2,0,0,0
2020,Navarre,Urban streets,Other crash type,3,0,0,0,0,0,0,0,0,0,0
2020,Navarre,Conventional roads,Head-on collision,9,4,6,0,0,0,0,5,1,0,0
2020,Navarre,Conventional roads,Head-on/side collision,26,2,2,0,1,0,0,1,0,0,0
2020,Navarre,Conventional roads,Side collision,7,0,0,0,0,0,0,0,0,0,0
2020,Navarre,Conventional roads,Rear-end collision,12,0,0,0,0,0,0,0,0,0,0
2020,Navarre,Conventional roads,Multiple or chain collision,2,0,0,0,0,0,0,0,0,0,0
2020,Navarre,Conventional roads,Collision with obstacle or road element,1,0,0,0,0,0,0,0,0,0,0
2020,Navarre,Conventional roads,Pedestrian struck,3,1,1,1,0,0,0,0,0,0,0
2020,Navarre,Conventional roads,Animal struck,6,0,0,0,0,0,0,0,0,0,0
2020,Navarre,Conventional roads,Overturn,1,0,0,0,0,0,0,0,0,0,0
2020,Navarre,Conventional roads,Fall (rider or occupant),14,0,0,0,0,0,0,0,0,0,0
2020,Navarre,Conventional roads,Run-off road,48,5,5,0,0,0,2,2,1,0,0
2020,Navarre,Conventional roads,Other crash type,2,0,0,0,0,0,0,0,0,0,0
2020,Navarre,Dual carriageways,Head-on collision,1,0,0,0,0,0,0,0,0,0,0
2020,Navarre,Dual carriageways,Head-on/side collision,2,0,0,0,0,0,0,0,0,0,0
2020,Navarre,Dual carriageways,Rear-end collision,11,0,0,0,0,0,0,0,0,0,0
2020,Navarre,Dual carriageways,Multiple or chain collision,3,0,0,0,0,0,0,0,0,0,0
2020,Navarre,Dual carriageways,Collision with obstacle or road element,2,0,0,0,0,0,0,0,0,0,0
2020,Navarre,Dual carriageways,Pedestrian struck,3,1,1,1,0,0,0,0,0,0,0
2020,Navarre,Dual carriageways,Animal struck,2,0,0,0,0,0,0,0,0,0,0
2020,Navarre,Dual carriageways,Fall (rider or occupant),3,0,0,0,0,0,0,0,0,0,0
2020,Navarre,Dual carriageways,Run-off road,19,2,2,0,0,0,0,2,0,0,0
2020,Navarre,Dual carriageways,Other crash type,2,0,0,0,0,0,0,0,0,0,0
2020,Navarre,Motorways,Rear-end collision,1,0,0,0,0,0,0,0,0,0,0
2020,Navarre,Motorways,Multiple or chain collision,1,0,0,0,0,0,0,0,0,0,0
2020,Navarre,Motorways,Collision with obstacle or road element,2,0,0,0,0,0,0,0,0,0,0
2020,Navarre,Motorways,Run-off road,8,0,0,0,0,0,0,0,0,0,0
2020,Navarre,Motorways,Other crash type,1,0,0,0,0,0,0,0,0,0,0
2020,Navarre,Other roads,Head-on/side collision,2,0,0,0,0,0,0,0,0,0,0
2020,Navarre,Other roads,Side collision,1,0,0,0,0,0,0,0,0,0,0
2020,Navarre,Other roads,Pedestrian struck,6,0,0,0,0,0,0,0,0,0,0
2020,Navarre,Other roads,Fall (rider or occupant),7,0,0,0,0,0,0,0,0,0,0
2020,Navarre,Other roads,Run-off road,10,0,0,0,0,0,0,0,0,0,0
2020,Basque Country,Urban streets,Head-on collision,71,0,0,0,0,0,0,0,0,0,0
2020,Basque Country,Urban streets,Head-on/side collision,320,1,1,0,0,0,1,0,0,0,0
2020,Basque Country,Urban streets,Side collision,70,0,0,0,0,0,0,0,0,0,0
2020,Basque Country,Urban streets,Rear-end collision,384,0,0,0,0,0,0,0,0,0,0
2020,Basque Country,Urban streets,Multiple or chain collision,24,0,0,0,0,0,0,0,0,0,0
2020,Basque Country,Urban streets,Collision with obstacle or road element,67,0,0,0,0,0,0,0,0,0,0
2020,Basque Country,Urban streets,Pedestrian struck,213,1,1,1,0,0,0,0,0,0,0
2020,Basque Country,Urban streets,Overturn,191,0,0,0,0,0,0,0,0,0,0
2020,Basque Country,Urban streets,Fall (rider or occupant),42,0,0,0,0,0,0,0,0,0,0
2020,Basque Country,Urban streets,Run-off road,94,1,1,0,0,0,1,0,0,0,0
2020,Basque Country,Urban streets,Other crash type,348,5,5,4,0,0,0,1,0,0,0
2020,Basque Country,Conventional roads,Head-on collision,53,7,8,0,0,0,2,5,1,0,0
2020,Basque Country,Conventional roads,Head-on/side collision,181,6,7,0,2,0,2,3,0,0,0
2020,Basque Country,Conventional roads,Side collision,51,0,0,0,0,0,0,0,0,0,0
2020,Basque Country,Conventional roads,Rear-end collision,154,0,0,0,0,0,0,0,0,0,0
2020,Basque Country,Conventional roads,Multiple or chain collision,11,1,1,0,0,0,0,1,0,0,0
2020,Basque Country,Conventional roads,Collision with obstacle or road element,103,0,0,0,0,0,0,0,0,0,0
2020,Basque Country,Conventional roads,Pedestrian struck,22,1,1,1,0,0,0,0,0,0,0
2020,Basque Country,Conventional roads,Animal struck,16,0,0,0,0,0,0,0,0,0,0
2020,Basque Country,Conventional roads,Overturn,68,0,0,0,0,0,0,0,0,0,0
2020,Basque Country,Conventional roads,Fall (rider or occupant),182,2,2,0,0,0,2,0,0,0,0
2020,Basque Country,Conventional roads,Run-off road,43,0,0,0,0,0,0,0,0,0,0
2020,Basque Country,Conventional roads,Other crash type,80,1,1,0,0,0,1,0,0,0,0
2020,Basque Country,Dual carriageways,Head-on collision,7,1,1,0,0,0,0,1,0,0,0
2020,Basque Country,Dual carriageways,Head-on/side collision,41,0,0,0,0,0,0,0,0,0,0
2020,Basque Country,Dual carriageways,Side collision,27,0,0,0,0,0,0,0,0,0,0
2020,Basque Country,Dual carriageways,Rear-end collision,106,0,0,0,0,0,0,0,0,0,0
2020,Basque Country,Dual carriageways,Multiple or chain collision,19,0,0,0,0,0,0,0,0,0,0
2020,Basque Country,Dual carriageways,Collision with obstacle or road element,101,1,1,0,0,0,1,0,0,0,0
2020,Basque Country,Dual carriageways,Pedestrian struck,4,0,0,0,0,0,0,0,0,0,0
2020,Basque Country,Dual carriageways,Animal struck,5,0,0,0,0,0,0,0,0,0,0
2020,Basque Country,Dual carriageways,Overturn,30,1,1,0,0,0,0,0,1,0,0
2020,Basque Country,Dual carriageways,Fall (rider or occupant),40,0,0,0,0,0,0,0,0,0,0
2020,Basque Country,Dual carriageways,Run-off road,20,0,0,0,0,0,0,0,0,0,0
2020,Basque Country,Dual carriageways,Other crash type,33,1,1,0,0,0,0,1,0,0,0
2020,Basque Country,Motorways,Head-on collision,1,1,1,0,0,0,0,1,0,0,0
2020,Basque Country,Motorways,Head-on/side collision,7,0,0,0,0,0,0,0,0,0,0
2020,Basque Country,Motorways,Side collision,10,0,0,0,0,0,0,0,0,0,0
2020,Basque Country,Motorways,Rear-end collision,34,0,0,0,0,0,0,0,0,0,0
2020,Basque Country,Motorways,Multiple or chain collision,12,0,0,0,0,0,0,0,0,0,0
2020,Basque Country,Motorways,Collision with obstacle or road element,85,0,0,0,0,0,0,0,0,0,0
2020,Basque Country,Motorways,Pedestrian struck,1,0,0,0,0,0,0,0,0,0,0
2020,Basque Country,Motorways,Animal struck,1,0,0,0,0,0,0,0,0,0,0
2020,Basque Country,Motorways,Overturn,13,0,0,0,0,0,0,0,0,0,0
2020,Basque Country,Motorways,Fall (rider or occupant),5,0,0,0,0,0,0,0,0,0,0
2020,Basque Country,Motorways,Run-off road,12,0,0,0,0,0,0,0,0,0,0
2020,Basque Country,Motorways,Other crash type,14,1,1,0,0,0,0,0,0,1,0
2020,Basque Country,Other roads,Head-on collision,19,1,1,0,1,0,0,0,0,0,0
2020,Basque Country,Other roads,Head-on/side collision,47,1,1,0,0,0,0,1,0,0,0
2020,Basque Country,Other roads,Side collision,21,0,0,0,0,0,0,0,0,0,0
2020,Basque Country,Other roads,Rear-end collision,60,0,0,0,0,0,0,0,0,0,0
2020,Basque Country,Other roads,Multiple or chain collision,2,0,0,0,0,0,0,0,0,0,0
2020,Basque Country,Other roads,Collision with obstacle or road element,42,0,0,0,0,0,0,0,0,0,0
2020,Basque Country,Other roads,Pedestrian struck,27,1,1,1,0,0,0,0,0,0,0
2020,Basque Country,Other roads,Overturn,16,0,0,0,0,0,0,0,0,0,0
2020,Basque Country,Other roads,Fall (rider or occupant),106,1,1,0,1,0,0,0,0,0,0
2020,Basque Country,Other roads,Run-off road,11,0,0,0,0,0,0,0,0,0,0
2020,Basque Country,Other roads,Other crash type,39,2,4,0,0,0,0,4,0,0,0
2020,La Rioja,Urban streets,Head-on collision,6,0,0,0,0,0,0,0,0,0,0
2020,La Rioja,Urban streets,Head-on/side collision,70,0,0,0,0,0,0,0,0,0,0
2020,La Rioja,Urban streets,Side collision,11,0,0,0,0,0,0,0,0,0,0
2020,La Rioja,Urban streets,Rear-end collision,30,0,0,0,0,0,0,0,0,0,0
2020,La Rioja,Urban streets,Multiple or chain collision,2,0,0,0,0,0,0,0,0,0,0
2020,La Rioja,Urban streets,Collision with obstacle or road element,5,0,0,0,0,0,0,0,0,0,0
2020,La Rioja,Urban streets,Pedestrian struck,61,0,0,0,0,0,0,0,0,0,0
2020,La Rioja,Urban streets,Overturn,1,0,0,0,0,0,0,0,0,0,0
2020,La Rioja,Urban streets,Fall (rider or occupant),19,0,0,0,0,0,0,0,0,0,0
2020,La Rioja,Urban streets,Run-off road,14,0,0,0,0,0,0,0,0,0,0
2020,La Rioja,Urban streets,Other crash type,6,0,0,0,0,0,0,0,0,0,0
2020,La Rioja,Conventional roads,Head-on collision,5,2,3,0,0,0,0,2,1,0,0
2020,La Rioja,Conventional roads,Head-on/side collision,26,1,1,0,0,0,0,0,1,0,0
2020,La Rioja,Conventional roads,Side collision,5,0,0,0,0,0,0,0,0,0,0
2020,La Rioja,Conventional roads,Rear-end collision,21,0,0,0,0,0,0,0,0,0,0
2020,La Rioja,Conventional roads,Multiple or chain collision,2,1,2,0,0,0,0,2,0,0,0
2020,La Rioja,Conventional roads,Collision with obstacle or road element,6,0,0,0,0,0,0,0,0,0,0
2020,La Rioja,Conventional roads,Pedestrian struck,5,1,1,1,0,0,0,0,0,0,0
2020,La Rioja,Conventional roads,Animal struck,8,0,0,0,0,0,0,0,0,0,0
2020,La Rioja,Conventional roads,Fall (rider or occupant),14,0,0,0,0,0,0,0,0,0,0
2020,La Rioja,Conventional roads,Run-off road,80,5,5,1,0,0,2,2,0,0,0
2020,La Rioja,Conventional roads,Other crash type,1,0,0,0,0,0,0,0,0,0,0
2020,La Rioja,Dual carriageways,Rear-end collision,10,0,0,0,0,0,0,0,0,0,0
2020,La Rioja,Dual carriageways,Multiple or chain collision,4,1,1,0,0,0,0,0,1,0,0
2020,La Rioja,Dual carriageways,Collision with obstacle or road element,1,0,0,0,0,0,0,0,0,0,0
2020,La Rioja,Dual carriageways,Pedestrian struck,1,0,0,0,0,0,0,0,0,0,0
2020,La Rioja,Dual carriageways,Animal struck,2,0,0,0,0,0,0,0,0,0,0
2020,La Rioja,Dual carriageways,Overturn,1,0,0,0,0,0,0,0,0,0,0
2020,La Rioja,Dual carriageways,Fall (rider or occupant),2,0,0,0,0,0,0,0,0,0,0
2020,La Rioja,Dual carriageways,Run-off road,2,0,0,0,0,0,0,0,0,0,0
2020,La Rioja,Motorways,Side collision,1,0,0,0,0,0,0,0,0,0,0
2020,La Rioja,Motorways,Multiple or chain collision,1,0,0,0,0,0,0,0,0,0,0
2020,La Rioja,Motorways,Pedestrian struck,1,1,1,1,0,0,0,0,0,0,0
2020,La Rioja,Motorways,Run-off road,12,2,2,0,0,0,0,0,0,2,0
2020,La Rioja,Other roads,Head-on collision,3,0,0,0,0,0,0,0,0,0,0
2020,La Rioja,Other roads,Head-on/side collision,2,0,0,0,0,0,0,0,0,0,0
2020,La Rioja,Other roads,Collision with obstacle or road element,1,0,0,0,0,0,0,0,0,0,0
2020,La Rioja,Other roads,Fall (rider or occupant),8,0,0,0,0,0,0,0,0,0,0
2020,La Rioja,Other roads,Run-off road,9,0,0,0,0,0,0,0,0,0,0
2020,La Rioja,Other roads,Other crash type,2,0,0,0,0,0,0,0,0,0,0
2020,Ceuta,Urban streets,Head-on collision,6,0,0,0,0,0,0,0,0,0,0
2020,Ceuta,Urban streets,Head-on/side collision,41,0,0,0,0,0,0,0,0,0,0
2020,Ceuta,Urban streets,Side collision,9,0,0,0,0,0,0,0,0,0,0
2020,Ceuta,Urban streets,Rear-end collision,49,0,0,0,0,0,0,0,0,0,0
2020,Ceuta,Urban streets,Multiple or chain collision,3,0,0,0,0,0,0,0,0,0,0
2020,Ceuta,Urban streets,Pedestrian struck,27,1,1,1,0,0,0,0,0,0,0
2020,Ceuta,Urban streets,Overturn,1,0,0,0,0,0,0,0,0,0,0
2020,Ceuta,Urban streets,Fall (rider or occupant),9,0,0,0,0,0,0,0,0,0,0
2020,Ceuta,Urban streets,Run-off road,8,0,0,0,0,0,0,0,0,0,0
2020,Ceuta,Urban streets,Other crash type,8,0,0,0,0,0,0,0,0,0,0
2020,Ceuta,Conventional roads,Head-on/side collision,4,1,1,0,0,0,1,0,0,0,0
2020,Ceuta,Conventional roads,Collision with obstacle or road element,1,0,0,0,0,0,0,0,0,0,0
2020,Ceuta,Conventional roads,Pedestrian struck,1,0,0,0,0,0,0,0,0,0,0
2020,Ceuta,Conventional roads,Fall (rider or occupant),1,0,0,0,0,0,0,0,0,0,0
2020,Ceuta,Other roads,Side collision,1,0,0,0,0,0,0,0,0,0,0
2020,Ceuta,Other roads,Pedestrian struck,3,0,0,0,0,0,0,0,0,0,0
2020,Melilla,Urban streets,Head-on collision,11,0,0,0,0,0,0,0,0,0,0
2020,Melilla,Urban streets,Head-on/side collision,73,0,0,0,0,0,0,0,0,0,0
2020,Melilla,Urban streets,Side collision,26,0,0,0,0,0,0,0,0,0,0
2020,Melilla,Urban streets,Rear-end collision,32,0,0,0,0,0,0,0,0,0,0
2020,Melilla,Urban streets,Multiple or chain collision,6,0,0,0,0,0,0,0,0,0,0
2020,Melilla,Urban streets,Collision with obstacle or road element,3,0,0,0,0,0,0,0,0,0,0
2020,Melilla,Urban streets,Pedestrian struck,67,1,1,1,0,0,0,0,0,0,0
2020,Melilla,Urban streets,Overturn,1,0,0,0,0,0,0,0,0,0,0
2020,Melilla,Urban streets,Fall (rider or occupant),7,0,0,0,0,0,0,0,0,0,0
2020,Melilla,Urban streets,Run-off road,7,0,0,0,0,0,0,0,0,0,0
2020,Melilla,Urban streets,Other crash type,2,0,0,0,0,0,0,0,0,0,0
2020,Melilla,Other roads,Head-on collision,1,0,0,0,0,0,0,0,0,0,0
2020,Melilla,Other roads,Head-on/side collision,4,0,0,0,0,0,0,0,0,0,0
2020,Melilla,Other roads,Pedestrian struck,1,0,0,0,0,0,0,0,0,0,0
2020,Melilla,Other roads,Fall (rider or occupant),1,0,0,0,0,0,0,0,0,0,0
2021,Andalusia,Urban streets,Head-on collision,248,3,3,0,1,0,2,0,0,0,0
2021,Andalusia,Urban streets,Head-on/side collision,3190,10,10,0,0,1,9,0,0,0,0
2021,Andalusia,Urban streets,Side collision,858,0,0,0,0,0,0,0,0,0,0
2021,Andalusia,Urban streets,Rear-end collision,1763,4,4,0,0,0,2,2,0,0,0
2021,Andalusia,Urban streets,Multiple or chain collision,171,0,0,0,0,0,0,0,0,0,0
2021,Andalusia,Urban streets,Collision with obstacle or road element,165,1,1,0,0,0,0,0,1,0,0
2021,Andalusia,Urban streets,Pedestrian struck,1528,24,24,24,0,0,0,0,0,0,0
2021,Andalusia,Urban streets,Animal struck,8,0,0,0,0,0,0,0,0,0,0
2021,Andalusia,Urban streets,Overturn,54,0,0,0,0,0,0,0,0,0,0
2021,Andalusia,Urban streets,Fall (rider or occupant),1321,4,4,0,0,2,1,0,0,0,1
2021,Andalusia,Urban streets,Run-off road,435,17,17,1,0,4,11,0,0,0,1
2021,Andalusia,Urban streets,Other crash type,255,0,0,0,0,0,0,0,0,0,0
2021,Andalusia,Conventional roads,Head-on collision,240,29,33,0,1,2,7,21,2,0,0
2021,Andalusia,Conventional roads,Head-on/side collision,530,15,16,0,2,0,3,11,0,0,0
2021,Andalusia,Conventional roads,Side collision,179,4,4,0,0,0,3,0,0,1,0
2021,Andalusia,Conventional roads,Rear-end collision,372,5,5,0,0,1,2,1,0,1,0
2021,Andalusia,Conventional roads,Multiple or chain collision,63,3,3,0,0,0,0,3,0,0,0
2021,Andalusia,Conventional roads,Collision with obstacle or road element,17,2,2,0,0,0,2,0,0,0,0
2021,Andalusia,Conventional roads,Pedestrian struck,65,4,4,4,0,0,0,0,0,0,0
2021,Andalusia,Conventional roads,Animal struck,48,0,0,0,0,0,0,0,0,0,0
2021,Andalusia,Conventional roads,Overturn,20,1,1,0,0,0,1,0,0,0,0
2021,Andalusia,Conventional roads,Fall (rider or occupant),117,2,2,0,0,0,2,0,0,0,0
2021,Andalusia,Conventional roads,Run-off road,1231,56,60,0,1,2,15,40,0,2,0
2021,Andalusia,Conventional roads,Other crash type,28,1,1,0,0,0,0,1,0,0,0
2021,Andalusia,Dual carriageways,Head-on collision,22,5,6,0,0,0,1,3,2,0,0
2021,Andalusia,Dual carriageways,Head-on/side collision,118,2,2,0,0,0,1,0,0,1,0
2021,Andalusia,Dual carriageways,Side collision,184,3,3,0,0,0,2,1,0,0,0
2021,Andalusia,Dual carriageways,Rear-end collision,616,10,11,0,0,2,3,5,0,0,1
2021,Andalusia,Dual carriageways,Multiple or chain collision,199,3,4,0,0,0,0,2,2,0,0
2021,Andalusia,Dual carriageways,Collision with obstacle or road element,36,1,4,0,0,0,0,4,0,0,0
2021,Andalusia,Dual carriageways,Pedestrian struck,31,13,14,14,0,0,0,0,0,0,0
2021,Andalusia,Dual carriageways,Animal struck,7,0,0,0,0,0,0,0,0,0,0
2021,Andalusia,Dual carriageways,Overturn,16,1,1,0,0,0,1,0,0,0,0
2021,Andalusia,Dual carriageways,Fall (rider or occupant),74,0,0,0,0,0,0,0,0,0,0
2021,Andalusia,Dual carriageways,Run-off road,518,20,21,0,0,0,4,16,0,1,0
2021,Andalusia,Dual carriageways,Other crash type,18,5,5,2,1,0,1,0,0,1,0
2021,Andalusia,Motorways,Head-on collision,1,0,0,0,0,0,0,0,0,0,0
2021,Andalusia,Motorways,Head-on/side collision,2,1,2,0,0,0,2,0,0,0,0
2021,Andalusia,Motorways,Side collision,5,0,0,0,0,0,0,0,0,0,0
2021,Andalusia,Motorways,Rear-end collision,52,6,6,0,0,1,3,1,1,0,0
2021,Andalusia,Motorways,Multiple or chain collision,12,0,0,0,0,0,0,0,0,0,0
2021,Andalusia,Motorways,Collision with obstacle or road element,4,1,1,0,0,0,0,1,0,0,0
2021,Andalusia,Motorways,Pedestrian struck,3,1,1,1,0,0,0,0,0,0,0
2021,Andalusia,Motorways,Animal struck,3,0,0,0,0,0,0,0,0,0,0
2021,Andalusia,Motorways,Overturn,1,0,0,0,0,0,0,0,0,0,0
2021,Andalusia,Motorways,Fall (rider or occupant),2,0,0,0,0,0,0,0,0,0,0
2021,Andalusia,Motorways,Run-off road,37,0,0,0,0,0,0,0,0,0,0
2021,Andalusia,Other roads,Head-on collision,45,0,0,0,0,0,0,0,0,0,0
2021,Andalusia,Other roads,Head-on/side collision,135,2,2,0,1,0,1,0,0,0,0
2021,Andalusia,Other roads,Side collision,33,0,0,0,0,0,0,0,0,0,0
2021,Andalusia,Other roads,Rear-end collision,74,0,0,0,0,0,0,0,0,0,0
2021,Andalusia,Other roads,Multiple or chain collision,13,0,0,0,0,0,0,0,0,0,0
2021,Andalusia,Other roads,Collision with obstacle or road element,11,0,0,0,0,0,0,0,0,0,0
2021,Andalusia,Other roads,Pedestrian struck,68,5,5,5,0,0,0,0,0,0,0
2021,Andalusia,Other roads,Animal struck,4,0,0,0,0,0,0,0,0,0,0
2021,Andalusia,Other roads,Overturn,11,1,1,0,0,0,0,0,0,0,1
2021,Andalusia,Other roads,Fall (rider or occupant),63,0,0,0,0,0,0,0,0,0,0
2021,Andalusia,Other roads,Run-off road,130,17,19,1,1,2,0,10,1,0,4
2021,Andalusia,Other roads,Other crash type,18,0,0,0,0,0,0,0,0,0,0
2021,Aragon,Urban streets,Head-on collision,19,0,0,0,0,0,0,0,0,0,0
2021,Aragon,Urban streets,Head-on/side collision,268,0,0,0,0,0,0,0,0,0,0
2021,Aragon,Urban streets,Side collision,89,0,0,0,0,0,0,0,0,0,0
2021,Aragon,Urban streets,Rear-end collision,214,0,0,0,0,0,0,0,0,0,0
2021,Aragon,Urban streets,Multiple or chain collision,14,0,0,0,0,0,0,0,0,0,0
2021,Aragon,Urban streets,Collision with obstacle or road element,32,0,0,0,0,0,0,0,0,0,0
2021,Aragon,Urban streets,Pedestrian struck,219,3,3,3,0,0,0,0,0,0,0
2021,Aragon,Urban streets,Animal struck,1,0,0,0,0,0,0,0,0,0,0
2021,Aragon,Urban streets,Overturn,2,0,0,0,0,0,0,0,0,0,0
2021,Aragon,Urban streets,Fall (rider or occupant),127,0,0,0,0,0,0,0,0,0,0
2021,Aragon,Urban streets,Run-off road,60,0,0,0,0,0,0,0,0,0,0
2021,Aragon,Urban streets,Other crash type,43,0,0,0,0,0,0,0,0,0,0
2021,Aragon,Conventional roads,Head-on collision,26,3,3,0,0,0,0,1,1,1,0
2021,Aragon,Conventional roads,Head-on/side collision,80,4,4,0,0,0,0,4,0,0,0
2021,Aragon,Conventional roads,Side collision,18,0,0,0,0,0,0,0,0,0,0
2021,Aragon,Conventional roads,Rear-end collision,47,1,1,0,0,0,1,0,0,0,0
2021,Aragon,Conventional roads,Multiple or chain collision,3,1,2,0,0,0,0,2,0,0,0
2021,Aragon,Conventional roads,Collision with obstacle or road element,3,0,0,0,0,0,0,0,0,0,0
2021,Aragon,Conventional roads,Pedestrian struck,15,2,2,2,0,0,0,0,0,0,0
2021,Aragon,Conventional roads,Animal struck,19,0,0,0,0,0,0,0,0,0,0
2021,Aragon,Conventional roads,Overturn,9,0,0,0,0,0,0,0,0,0,0
2021,Aragon,Conventional roads,Fall (rider or occupant),36,0,0,0,0,0,0,0,0,0,0
2021,Aragon,Conventional roads,Run-off road,334,19,19,0,0,0,5,10,1,3,0
2021,Aragon,Conventional roads,Other crash type,7,0,0,0,0,0,0,0,0,0,0
2021,Aragon,Dual carriageways,Head-on collision,3,1,1,0,0,0,0,0,1,0,0
2021,Aragon,Dual carriageways,Head-on/side collision,24,1,1,0,1,0,0,0,0,0,0
2021,Aragon,Dual carriageways,Side collision,22,1,1,0,0,0,1,0,0,0,0
2021,Aragon,Dual carriageways,Rear-end collision,68,1,1,0,0,0,0,0,1,0,0
2021,Aragon,Dual carriageways,Multiple or chain collision,36,0,0,0,0,0,0,0,0,0,0
2021,Aragon,Dual carriageways,Collision with obstacle or road element,10,0,0,0,0,0,0,0,0,0,0
2021,Aragon,Dual carriageways,Pedestrian struck,2,2,2,2,0,0,0,0,0,0,0
2021,Aragon,Dual carriageways,Animal struck,5,0,0,0,0,0,0,0,0,0,0
2021,Aragon,Dual carriageways,Overturn,1,0,0,0,0,0,0,0,0,0,0
2021,Aragon,Dual carriageways,Fall (rider or occupant),11,0,0,0,0,0,0,0,0,0,0
2021,Aragon,Dual carriageways,Run-off road,108,4,4,0,0,0,0,3,1,0,0
2021,Aragon,Dual carriageways,Other crash type,5,1,1,0,1,0,0,0,0,0,0
2021,Aragon,Motorways,Head-on/side collision,1,0,0,0,0,0,0,0,0,0,0
2021,Aragon,Motorways,Rear-end collision,9,0,0,0,0,0,0,0,0,0,0
2021,Aragon,Motorways,Multiple or chain collision,2,0,0,0,0,0,0,0,0,0,0
2021,Aragon,Motorways,Collision with obstacle or road element,3,1,1,0,0,0,1,0,0,0,0
2021,Aragon,Motorways,Pedestrian struck,1,0,0,0,0,0,0,0,0,0,0
2021,Aragon,Motorways,Run-off road,15,0,0,0,0,0,0,0,0,0,0
2021,Aragon,Motorways,Other crash type,1,0,0,0,0,0,0,0,0,0,0
2021,Aragon,Other roads,Head-on collision,5,0,0,0,0,0,0,0,0,0,0
2021,Aragon,Other roads,Head-on/side collision,8,0,0,0,0,0,0,0,0,0,0
2021,Aragon,Other roads,Side collision,6,0,0,0,0,0,0,0,0,0,0
2021,Aragon,Other roads,Rear-end collision,6,0,0,0,0,0,0,0,0,0,0
2021,Aragon,Other roads,Multiple or chain collision,1,0,0,0,0,0,0,0,0,0,0
2021,Aragon,Other roads,Collision with obstacle or road element,5,1,1,0,1,0,0,0,0,0,0
2021,Aragon,Other roads,Pedestrian struck,5,0,0,0,0,0,0,0,0,0,0
2021,Aragon,Other roads,Animal struck,1,0,0,0,0,0,0,0,0,0,0
2021,Aragon,Other roads,Overturn,7,0,0,0,0,0,0,0,0,0,0
2021,Aragon,Other roads,Fall (rider or occupant),22,1,1,0,0,1,0,0,0,0,0
2021,Aragon,Other roads,Run-off road,33,2,3,0,0,0,0,2,0,0,1
2021,Aragon,Other roads,Other crash type,4,0,0,0,0,0,0,0,0,0,0
2021,Asturias,Urban streets,Head-on collision,33,0,0,0,0,0,0,0,0,0,0
2021,Asturias,Urban streets,Head-on/side collision,227,1,1,0,0,0,0,0,1,0,0
2021,Asturias,Urban streets,Side collision,55,0,0,0,0,0,0,0,0,0,0
2021,Asturias,Urban streets,Rear-end collision,144,0,0,0,0,0,0,0,0,0,0
2021,Asturias,Urban streets,Multiple or chain collision,12,0,0,0,0,0,0,0,0,0,0
2021,Asturias,Urban streets,Collision with obstacle or road element,28,0,0,0,0,0,0,0,0,0,0
2021,Asturias,Urban streets,Pedestrian struck,248,8,8,8,0,0,0,0,0,0,0
2021,Asturias,Urban streets,Animal struck,3,0,0,0,0,0,0,0,0,0,0
2021,Asturias,Urban streets,Overturn,1,0,0,0,0,0,0,0,0,0,0
2021,Asturias,Urban streets,Fall (rider or occupant),108,0,0,0,0,0,0,0,0,0,0
2021,Asturias,Urban streets,Run-off road,55,2,2,0,0,0,0,2,0,0,0
2021,Asturias,Urban streets,Other crash type,41,0,0,0,0,0,0,0,0,0,0
2021,Asturias,Conventional roads,Head-on collision,39,2,2,0,0,0,0,2,0,0,0
2021,Asturias,Conventional roads,Head-on/side collision,104,1,1,0,0,0,0,1,0,0,0
2021,Asturias,Conventional roads,Side collision,21,0,0,0,0,0,0,0,0,0,0
2021,Asturias,Conventional roads,Rear-end collision,72,0,0,0,0,0,0,0,0,0,0
2021,Asturias,Conventional roads,Multiple or chain collision,10,0,0,0,0,0,0,0,0,0,0
2021,Asturias,Conventional roads,Collision with obstacle or road element,6,1,1,0,0,0,0,1,0,0,0
2021,Asturias,Conventional roads,Pedestrian struck,16,1,1,1,0,0,0,0,0,0,0
2021,Asturias,Conventional roads,Animal struck,16,0,0,0,0,0,0,0,0,0,0
2021,Asturias,Conventional roads,Overturn,14,0,0,0,0,0,0,0,0,0,0
2021,Asturias,Conventional roads,Fall (rider or occupant),58,0,0,0,0,0,0,0,0,0,0
2021,Asturias,Conventional roads,Run-off road,231,4,4,0,0,0,1,2,0,1,0
2021,Asturias,Conventional roads,Other crash type,6,0,0,0,0,0,0,0,0,0,0
2021,Asturias,Dual carriageways,Head-on collision,2,0,0,0,0,0,0,0,0,0,0
2021,Asturias,Dual carriageways,Head-on/side collision,12,0,0,0,0,0,0,0,0,0,0
2021,Asturias,Dual carriageways,Side collision,12,0,0,0,0,0,0,0,0,0,0
2021,Asturias,Dual carriageways,Rear-end collision,47,0,0,0,0,0,0,0,0,0,0
2021,Asturias,Dual carriageways,Multiple or chain collision,16,2,3,0,0,0,0,3,0,0,0
2021,Asturias,Dual carriageways,Collision with obstacle or road element,5,1,1,0,0,0,0,1,0,0,0
2021,Asturias,Dual carriageways,Pedestrian struck,3,2,2,2,0,0,0,0,0,0,0
2021,Asturias,Dual carriageways,Animal struck,7,0,0,0,0,0,0,0,0,0,0
2021,Asturias,Dual carriageways,Fall (rider or occupant),4,0,0,0,0,0,0,0,0,0,0
2021,Asturias,Dual carriageways,Run-off road,78,2,2,0,0,0,1,1,0,0,0
2021,Asturias,Dual carriageways,Other crash type,2,1,1,0,0,0,1,0,0,0,0
2021,Asturias,Motorways,Run-off road,3,0,0,0,0,0,0,0,0,0,0
2021,Asturias,Other roads,Head-on collision,6,0,0,0,0,0,0,0,0,0,0
2021,Asturias,Other roads,Head-on/side collision,13,0,0,0,0,0,0,0,0,0,0
2021,Asturias,Other roads,Side collision,3,0,0,0,0,0,0,0,0,0,0
2021,Asturias,Other roads,Rear-end collision,7,0,0,0,0,0,0,0,0,0,0
2021,Asturias,Other roads,Multiple or chain collision,1,0,0,0,0,0,0,0,0,0,0
2021,Asturias,Other roads,Collision with obstacle or road element,4,0,0,0,0,0,0,0,0,0,0
2021,Asturias,Other roads,Pedestrian struck,8,0,0,0,0,0,0,0,0,0,0
2021,Asturias,Other roads,Animal struck,2,0,0,0,0,0,0,0,0,0,0
2021,Asturias,Other roads,Overturn,4,0,0,0,0,0,0,0,0,0,0
2021,Asturias,Other roads,Fall (rider or occupant),20,0,0,0,0,0,0,0,0,0,0
2021,Asturias,Other roads,Run-off road,20,1,1,0,0,0,0,1,0,0,0
2021,Asturias,Other roads,Other crash type,4,0,0,0,0,0,0,0,0,0,0
2021,Balearic Islands,Urban streets,Head-on collision,61,0,0,0,0,0,0,0,0,0,0
2021,Balearic Islands,Urban streets,Head-on/side collision,419,1,1,0,1,0,0,0,0,0,0
2021,Balearic Islands,Urban streets,Side collision,202,1,1,0,0,0,1,0,0,0,0
2021,Balearic Islands,Urban streets,Rear-end collision,228,0,0,0,0,0,0,0,0,0,0
2021,Balearic Islands,Urban streets,Multiple or chain collision,16,0,0,0,0,0,0,0,0,0,0
2021,Balearic Islands,Urban streets,Collision with obstacle or road element,46,0,0,0,0,0,0,0,0,0,0
2021,Balearic Islands,Urban streets,Pedestrian struck,237,3,3,3,0,0,0,0,0,0,0
2021,Balearic Islands,Urban streets,Animal struck,3,0,0,0,0,0,0,0,0,0,0
2021,Balearic Islands,Urban streets,Overturn,11,0,0,0,0,0,0,0,0,0,0
2021,Balearic Islands,Urban streets,Fall (rider or occupant),232,1,1,0,0,0,0,0,0,0,1
2021,Balearic Islands,Urban streets,Run-off road,65,0,0,0,0,0,0,0,0,0,0
2021,Balearic Islands,Urban streets,Other crash type,38,0,0,0,0,0,0,0,0,0,0
2021,Balearic Islands,Conventional roads,Head-on collision,54,9,9,0,0,1,1,7,0,0,0
2021,Balearic Islands,Conventional roads,Head-on/side collision,157,5,5,0,0,0,3,2,0,0,0
2021,Balearic Islands,Conventional roads,Side collision,45,0,0,0,0,0,0,0,0,0,0
2021,Balearic Islands,Conventional roads,Rear-end collision,116,1,1,0,1,0,0,0,0,0,0
2021,Balearic Islands,Conventional roads,Multiple or chain collision,31,0,0,0,0,0,0,0,0,0,0
2021,Balearic Islands,Conventional roads,Collision with obstacle or road element,1,0,0,0,0,0,0,0,0,0,0
2021,Balearic Islands,Conventional roads,Pedestrian struck,12,2,2,2,0,0,0,0,0,0,0
2021,Balearic Islands,Conventional roads,Animal struck,6,0,0,0,0,0,0,0,0,0,0
2021,Balearic Islands,Conventional roads,Overturn,3,0,0,0,0,0,0,0,0,0,0
2021,Balearic Islands,Conventional roads,Fall (rider or occupant),29,1,1,0,0,0,0,0,0,0,1
2021,Balearic Islands,Conventional roads,Run-off road,238,9,12,0,0,0,5,7,0,0,0
2021,Balearic Islands,Conventional roads,Other crash type,7,0,0,0,0,0,0,0,0,0,0
2021,Balearic Islands,Dual carriageways,Head-on collision,4,0,0,0,0,0,0,0,0,0,0
2021,Balearic Islands,Dual carriageways,Head-on/side collision,20,1,1,0,0,0,0,1,0,0,0
2021,Balearic Islands,Dual carriageways,Side collision,9,0,0,0,0,0,0,0,0,0,0
2021,Balearic Islands,Dual carriageways,Rear-end collision,49,0,0,0,0,0,0,0,0,0,0
2021,Balearic Islands,Dual carriageways,Multiple or chain collision,17,0,0,0,0,0,0,0,0,0,0
2021,Balearic Islands,Dual carriageways,Collision with obstacle or road element,1,0,0,0,0,0,0,0,0,0,0
2021,Balearic Islands,Dual carriageways,Pedestrian struck,6,3,3,3,0,0,0,0,0,0,0
2021,Balearic Islands,Dual carriageways,Fall (rider or occupant),4,0,0,0,0,0,0,0,0,0,0
2021,Balearic Islands,Dual carriageways,Run-off road,36,2,2,0,0,0,2,0,0,0,0
2021,Balearic Islands,Dual carriageways,Other crash type,4,0,0,0,0,0,0,0,0,0,0
2021,Balearic Islands,Motorways,Head-on collision,2,0,0,0,0,0,0,0,0,0,0
2021,Balearic Islands,Motorways,Head-on/side collision,4,1,1,0,1,0,0,0,0,0,0
2021,Balearic Islands,Motorways,Side collision,14,0,0,0,0,0,0,0,0,0,0
2021,Balearic Islands,Motorways,Rear-end collision,60,0,0,0,0,0,0,0,0,0,0
2021,Balearic Islands,Motorways,Multiple or chain collision,12,0,0,0,0,0,0,0,0,0,0
2021,Balearic Islands,Motorways,Pedestrian struck,6,0,0,0,0,0,0,0,0,0,0
2021,Balearic Islands,Motorways,Fall (rider or occupant),4,0,0,0,0,0,0,0,0,0,0
2021,Balearic Islands,Motorways,Run-off road,35,0,0,0,0,0,0,0,0,0,0
2021,Balearic Islands,Motorways,Other crash type,1,0,0,0,0,0,0,0,0,0,0
2021,Balearic Islands,Other roads,Head-on collision,16,1,1,0,0,0,1,0,0,0,0
2021,Balearic Islands,Other roads,Head-on/side collision,39,0,0,0,0,0,0,0,0,0,0
2021,Balearic Islands,Other roads,Side collision,14,0,0,0,0,0,0,0,0,0,0
2021,Balearic Islands,Other roads,Rear-end collision,16,0,0,0,0,0,0,0,0,0,0
2021,Balearic Islands,Other roads,Multiple or chain collision,2,0,0,0,0,0,0,0,0,0,0
2021,Balearic Islands,Other roads,Collision with obstacle or road element,2,0,0,0,0,0,0,0,0,0,0
2021,Balearic Islands,Other roads,Pedestrian struck,22,1,1,1,0,0,0,0,0,0,0
2021,Balearic Islands,Other roads,Animal struck,1,0,0,0,0,0,0,0,0,0,0
2021,Balearic Islands,Other roads,Overturn,1,0,0,0,0,0,0,0,0,0,0
2021,Balearic Islands,Other roads,Fall (rider or occupant),32,0,0,0,0,0,0,0,0,0,0
2021,Balearic Islands,Other roads,Run-off road,51,2,2,0,0,0,0,1,0,0,1
2021,Balearic Islands,Other roads,Other crash type,7,0,0,0,0,0,0,0,0,0,0
2021,Canary Islands,Urban streets,Head-on collision,52,0,0,0,0,0,0,0,0,0,0
2021,Canary Islands,Urban streets,Head-on/side collision,616,7,7,0,1,1,5,0,0,0,0
2021,Canary Islands,Urban streets,Side collision,181,1,1,0,0,0,1,0,0,0,0
2021,Canary Islands,Urban streets,Rear-end collision,378,0,0,0,0,0,0,0,0,0,0
2021,Canary Islands,Urban streets,Multiple or chain collision,47,0,0,0,0,0,0,0,0,0,0
2021,Canary Islands,Urban streets,Collision with obstacle or road element,39,0,0,0,0,0,0,0,0,0,0
2021,Canary Islands,Urban streets,Pedestrian struck,384,10,10,10,0,0,0,0,0,0,0
2021,Canary Islands,Urban streets,Animal struck,4,0,0,0,0,0,0,0,0,0,0
2021,Canary Islands,Urban streets,Overturn,7,1,1,0,0,0,0,0,1,0,0
2021,Canary Islands,Urban streets,Fall (rider or occupant),227,1,1,0,0,0,1,0,0,0,0
2021,Canary Islands,Urban streets,Run-off road,126,3,3,0,0,0,1,2,0,0,0
2021,Canary Islands,Urban streets,Other crash type,72,1,1,0,1,0,0,0,0,0,0
2021,Canary Islands,Conventional roads,Head-on collision,66,8,12,0,0,0,2,6,4,0,0
2021,Canary Islands,Conventional roads,Head-on/side collision,178,1,1,0,0,0,0,1,0,0,0
2021,Canary Islands,Conventional roads,Side collision,59,1,1,0,0,0,0,0,0,0,1
2021,Canary Islands,Conventional roads,Rear-end collision,137,0,0,0,0,0,0,0,0,0,0
2021,Canary Islands,Conventional roads,Multiple or chain collision,32,1,2,0,0,0,0,2,0,0,0
2021,Canary Islands,Conventional roads,Collision with obstacle or road element,2,0,0,0,0,0,0,0,0,0,0
2021,Canary Islands,Conventional roads,Pedestrian struck,33,0,0,0,0,0,0,0,0,0,0
2021,Canary Islands,Conventional roads,Animal struck,2,0,0,0,0,0,0,0,0,0,0
2021,Canary Islands,Conventional roads,Overturn,4,0,0,0,0,0,0,0,0,0,0
2021,Canary Islands,Conventional roads,Fall (rider or occupant),81,1,1,0,0,0,1,0,0,0,0
2021,Canary Islands,Conventional roads,Run-off road,289,8,9,0,0,0,4,3,1,0,1
2021,Canary Islands,Conventional roads,Other crash type,17,0,0,0,0,0,0,0,0,0,0
2021,Canary Islands,Dual carriageways,Head-on collision,3,1,1,0,0,0,1,0,0,0,0
2021,Canary Islands,Dual carriageways,Head-on/side collision,24,0,0,0,0,0,0,0,0,0,0
2021,Canary Islands,Dual carriageways,Side collision,35,0,0,0,0,0,0,0,0,0,0
2021,Canary Islands,Dual carriageways,Rear-end collision,139,0,0,0,0,0,0,0,0,0,0
2021,Canary Islands,Dual carriageways,Multiple or chain collision,60,0,0,0,0,0,0,0,0,0,0
2021,Canary Islands,Dual carriageways,Collision with obstacle or road element,3,0,0,0,0,0,0,0,0,0,0
2021,Canary Islands,Dual carriageways,Pedestrian struck,14,2,2,2,0,0,0,0,0,0,0
2021,Canary Islands,Dual carriageways,Overturn,3,0,0,0,0,0,0,0,0,0,0
2021,Canary Islands,Dual carriageways,Fall (rider or occupant),25,0,0,0,0,0,0,0,0,0,0
2021,Canary Islands,Dual carriageways,Run-off road,78,1,1,0,0,0,0,0,1,0,0
2021,Canary Islands,Dual carriageways,Other crash type,7,0,0,0,0,0,0,0,0,0,0
2021,Canary Islands,Motorways,Head-on collision,5,0,0,0,0,0,0,0,0,0,0
2021,Canary Islands,Motorways,Head-on/side collision,12,0,0,0,0,0,0,0,0,0,0
2021,Canary Islands,Motorways,Side collision,30,0,0,0,0,0,0,0,0,0,0
2021,Canary Islands,Motorways,Rear-end collision,161,1,1,0,0,0,0,0,1,0,0
2021,Canary Islands,Motorways,Multiple or chain collision,55,0,0,0,0,0,0,0,0,0,0
2021,Canary Islands,Motorways,Collision with obstacle or road element,2,1,1,0,0,0,0,0,1,0,0
2021,Canary Islands,Motorways,Pedestrian struck,7,2,2,2,0,0,0,0,0,0,0
2021,Canary Islands,Motorways,Overturn,1,0,0,0,0,0,0,0,0,0,0
2021,Canary Islands,Motorways,Fall (rider or occupant),12,0,0,0,0,0,0,0,0,0,0
2021,Canary Islands,Motorways,Run-off road,110,2,2,0,0,0,2,0,0,0,0
2021,Canary Islands,Motorways,Other crash type,7,0,0,0,0,0,0,0,0,0,0
2021,Canary Islands,Other roads,Head-on collision,7,0,0,0,0,0,0,0,0,0,0
2021,Canary Islands,Other roads,Head-on/side collision,12,0,0,0,0,0,0,0,0,0,0
2021,Canary Islands,Other roads,Side collision,13,0,0,0,0,0,0,0,0,0,0
2021,Canary Islands,Other roads,Rear-end collision,45,0,0,0,0,0,0,0,0,0,0
2021,Canary Islands,Other roads,Multiple or chain collision,2,0,0,0,0,0,0,0,0,0,0
2021,Canary Islands,Other roads,Collision with obstacle or road element,3,0,0,0,0,0,0,0,0,0,0
2021,Canary Islands,Other roads,Pedestrian struck,23,0,0,0,0,0,0,0,0,0,0
2021,Canary Islands,Other roads,Overturn,1,0,0,0,0,0,0,0,0,0,0
2021,Canary Islands,Other roads,Fall (rider or occupant),16,0,0,0,0,0,0,0,0,0,0
2021,Canary Islands,Other roads,Run-off road,15,0,0,0,0,0,0,0,0,0,0
2021,Canary Islands,Other roads,Other crash type,2,0,0,0,0,0,0,0,0,0,0
2021,Cantabria,Urban streets,Head-on collision,11,0,0,0,0,0,0,0,0,0,0
2021,Cantabria,Urban streets,Head-on/side collision,100,0,0,0,0,0,0,0,0,0,0
2021,Cantabria,Urban streets,Side collision,45,0,0,0,0,0,0,0,0,0,0
2021,Cantabria,Urban streets,Rear-end collision,81,0,0,0,0,0,0,0,0,0,0
2021,Cantabria,Urban streets,Multiple or chain collision,11,0,0,0,0,0,0,0,0,0,0
2021,Cantabria,Urban streets,Collision with obstacle or road element,6,0,0,0,0,0,0,0,0,0,0
2021,Cantabria,Urban streets,Pedestrian struck,91,0,0,0,0,0,0,0,0,0,0
2021,Cantabria,Urban streets,Overturn,2,0,0,0,0,0,0,0,0,0,0
2021,Cantabria,Urban streets,Fall (rider or occupant),39,0,0,0,0,0,0,0,0,0,0
2021,Cantabria,Urban streets,Run-off road,26,0,0,0,0,0,0,0,0,0,0
2021,Cantabria,Urban streets,Other crash type,13,0,0,0,0,0,0,0,0,0,0
2021,Cantabria,Conventional roads,Head-on collision,17,2,2,0,0,0,1,1,0,0,0
2021,Cantabria,Conventional roads,Head-on/side collision,61,1,1,0,0,0,1,0,0,0,0
2021,Cantabria,Conventional roads,Side collision,20,0,0,0,0,0,0,0,0,0,0
2021,Cantabria,Conventional roads,Rear-end collision,54,1,1,0,0,0,1,0,0,0,0
2021,Cantabria,Conventional roads,Multiple or chain collision,11,0,0,0,0,0,0,0,0,0,0
2021,Cantabria,Conventional roads,Collision with obstacle or road element,6,0,0,0,0,0,0,0,0,0,0
2021,Cantabria,Conventional roads,Pedestrian struck,12,0,0,0,0,0,0,0,0,0,0
2021,Cantabria,Conventional roads,Animal struck,3,0,0,0,0,0,0,0,0,0,0
2021,Cantabria,Conventional roads,Overturn,3,0,0,0,0,0,0,0,0,0,0
2021,Cantabria,Conventional roads,Fall (rider or occupant),35,0,0,0,0,0,0,0,0,0,0
2021,Cantabria,Conventional roads,Run-off road,84,6,6,0,0,1,3,2,0,0,0
2021,Cantabria,Conventional roads,Other crash type,5,0,0,0,0,0,0,0,0,0,0
2021,Cantabria,Dual carriageways,Head-on collision,1,0,0,0,0,0,0,0,0,0,0
2021,Cantabria,Dual carriageways,Head-on/side collision,13,0,0,0,0,0,0,0,0,0,0
2021,Cantabria,Dual carriageways,Side collision,13,0,0,0,0,0,0,0,0,0,0
2021,Cantabria,Dual carriageways,Rear-end collision,62,0,0,0,0,0,0,0,0,0,0
2021,Cantabria,Dual carriageways,Multiple or chain collision,19,0,0,0,0,0,0,0,0,0,0
2021,Cantabria,Dual carriageways,Collision with obstacle or road element,4,1,1,0,0,0,0,0,1,0,0
2021,Cantabria,Dual carriageways,Pedestrian struck,3,0,0,0,0,0,0,0,0,0,0
2021,Cantabria,Dual carriageways,Animal struck,2,0,0,0,0,0,0,0,0,0,0
2021,Cantabria,Dual carriageways,Overturn,3,1,1,0,0,0,1,0,0,0,0
2021,Cantabria,Dual carriageways,Fall (rider or occupant),7,0,0,0,0,0,0,0,0,0,0
2021,Cantabria,Dual carriageways,Run-off road,70,1,1,0,0,0,0,1,0,0,0
2021,Cantabria,Dual carriageways,Other crash type,1,0,0,0,0,0,0,0,0,0,0
2021,Cantabria,Other roads,Head-on collision,5,0,0,0,0,0,0,0,0,0,0
2021,Cantabria,Other roads,Head-on/side collision,4,0,0,0,0,0,0,0,0,0,0
2021,Cantabria,Other roads,Side collision,2,0,0,0,0,0,0,0,0,0,0
2021,Cantabria,Other roads,Rear-end collision,6,0,0,0,0,0,0,0,0,0,0
2021,Cantabria,Other roads,Multiple or chain collision,1,0,0,0,0,0,0,0,0,0,0
2021,Cantabria,Other roads,Collision with obstacle or road element,1,0,0,0,0,0,0,0,0,0,0
2021,Cantabria,Other roads,Pedestrian struck,7,1,1,1,0,0,0,0,0,0,0
2021,Cantabria,Other roads,Animal struck,1,0,0,0,0,0,0,0,0,0,0
2021,Cantabria,Other roads,Fall (rider or occupant),4,0,0,0,0,0,0,0,0,0,0
2021,Cantabria,Other roads,Run-off road,5,1,1,0,0,0,0,1,0,0,0
2021,Cantabria,Other roads,Other crash type,4,0,0,0,0,0,0,0,0,0,0
2021,Castile and León,Urban streets,Head-on collision,34,1,1,0,0,0,0,1,0,0,0
2021,Castile and León,Urban streets,Head-on/side collision,289,1,1,0,0,0,1,0,0,0,0
2021,Castile and León,Urban streets,Side collision,87,0,0,0,0,0,0,0,0,0,0
2021,Castile and León,Urban streets,Rear-end collision,189,1,1,0,1,0,0,0,0,0,0
2021,Castile and León,Urban streets,Multiple or chain collision,17,0,0,0,0,0,0,0,0,0,0
2021,Castile and León,Urban streets,Collision with obstacle or road element,34,0,0,0,0,0,0,0,0,0,0
2021,Castile and León,Urban streets,Pedestrian struck,382,11,11,10,0,0,0,1,0,0,0
2021,Castile and León,Urban streets,Animal struck,1,0,0,0,0,0,0,0,0,0,0
2021,Castile and León,Urban streets,Overturn,7,0,0,0,0,0,0,0,0,0,0
2021,Castile and León,Urban streets,Fall (rider or occupant),143,1,1,0,0,0,0,0,0,0,1
2021,Castile and León,Urban streets,Run-off road,91,3,3,1,0,0,1,1,0,0,0
2021,Castile and León,Urban streets,Other crash type,49,1,1,0,0,1,0,0,0,0,0
2021,Castile and León,Conventional roads,Head-on collision,59,15,17,0,0,0,1,14,1,0,1
2021,Castile and León,Conventional roads,Head-on/side collision,215,12,16,0,2,0,1,9,4,0,0
2021,Castile and León,Conventional roads,Side collision,55,1,1,0,0,0,0,1,0,0,0
2021,Castile and León,Conventional roads,Rear-end collision,89,3,4,0,0,0,1,0,3,0,0
2021,Castile and León,Conventional roads,Multiple or chain collision,13,0,0,0,0,0,0,0,0,0,0
2021,Castile and León,Conventional roads,Collision with obstacle or road element,6,0,0,0,0,0,0,0,0,0,0
2021,Castile and León,Conventional roads,Pedestrian struck,30,5,6,5,0,0,1,0,0,0,0
2021,Castile and León,Conventional roads,Animal struck,58,1,1,0,0,0,1,0,0,0,0
2021,Castile and León,Conventional roads,Overturn,10,0,0,0,0,0,0,0,0,0,0
2021,Castile and León,Conventional roads,Fall (rider or occupant),60,0,0,0,0,0,0,0,0,0,0
2021,Castile and León,Conventional roads,Run-off road,682,27,28,0,1,1,11,12,2,0,1
2021,Castile and León,Conventional roads,Other crash type,21,1,2,0,0,0,0,1,0,1,0
2021,Castile and León,Dual carriageways,Head-on collision,7,0,0,0,0,0,0,0,0,0,0
2021,Castile and León,Dual carriageways,Head-on/side collision,13,1,1,0,0,0,1,0,0,0,0
2021,Castile and León,Dual carriageways,Side collision,23,1,1,1,0,0,0,0,0,0,0
2021,Castile and León,Dual carriageways,Rear-end collision,103,4,4,0,0,0,0,3,1,0,0
2021,Castile and León,Dual carriageways,Multiple or chain collision,23,2,3,0,0,0,0,3,0,0,0
2021,Castile and León,Dual carriageways,Collision with obstacle or road element,7,1,1,0,0,0,0,0,1,0,0
2021,Castile and León,Dual carriageways,Pedestrian struck,6,4,5,5,0,0,0,0,0,0,0
2021,Castile and León,Dual carriageways,Animal struck,11,0,0,0,0,0,0,0,0,0,0
2021,Castile and León,Dual carriageways,Overturn,3,1,1,0,0,0,0,1,0,0,0
2021,Castile and León,Dual carriageways,Fall (rider or occupant),6,2,2,0,0,1,1,0,0,0,0
2021,Castile and León,Dual carriageways,Run-off road,166,0,0,0,0,0,0,0,0,0,0
2021,Castile and León,Dual carriageways,Other crash type,7,2,4,3,0,0,0,1,0,0,0
2021,Castile and León,Motorways,Head-on/side collision,2,0,0,0,0,0,0,0,0,0,0
2021,Castile and León,Motorways,Rear-end collision,9,0,0,0,0,0,0,0,0,0,0
2021,Castile and León,Motorways,Pedestrian struck,1,0,0,0,0,0,0,0,0,0,0
2021,Castile and León,Motorways,Animal struck,1,0,0,0,0,0,0,0,0,0,0
2021,Castile and León,Motorways,Run-off road,22,2,3,0,0,0,0,1,2,0,0
2021,Castile and León,Motorways,Other crash type,2,0,0,0,0,0,0,0,0,0,0
2021,Castile and León,Other roads,Head-on collision,4,0,0,0,0,0,0,0,0,0,0
2021,Castile and León,Other roads,Head-on/side collision,17,0,0,0,0,0,0,0,0,0,0
2021,Castile and León,Other roads,Side collision,11,0,0,0,0,0,0,0,0,0,0
2021,Castile and León,Other roads,Rear-end collision,31,0,0,0,0,0,0,0,0,0,0
2021,Castile and León,Other roads,Multiple or chain collision,3,0,0,0,0,0,0,0,0,0,0
2021,Castile and León,Other roads,Collision with obstacle or road element,6,0,0,0,0,0,0,0,0,0,0
2021,Castile and León,Other roads,Pedestrian struck,19,0,0,0,0,0,0,0,0,0,0
2021,Castile and León,Other roads,Animal struck,1,0,0,0,0,0,0,0,0,0,0
2021,Castile and León,Other roads,Overturn,2,0,0,0,0,0,0,0,0,0,0
2021,Castile and León,Other roads,Fall (rider or occupant),35,0,0,0,0,0,0,0,0,0,0
2021,Castile and León,Other roads,Run-off road,81,5,5,0,0,0,2,1,0,0,2
2021,Castile and León,Other roads,Other crash type,9,0,0,0,0,0,0,0,0,0,0
2021,Castile-La Mancha,Urban streets,Head-on collision,24,0,0,0,0,0,0,0,0,0,0
2021,Castile-La Mancha,Urban streets,Head-on/side collision,250,1,3,0,0,0,0,3,0,0,0
2021,Castile-La Mancha,Urban streets,Side collision,79,0,0,0,0,0,0,0,0,0,0
2021,Castile-La Mancha,Urban streets,Rear-end collision,92,0,0,0,0,0,0,0,0,0,0
2021,Castile-La Mancha,Urban streets,Multiple or chain collision,9,0,0,0,0,0,0,0,0,0,0
2021,Castile-La Mancha,Urban streets,Collision with obstacle or road element,28,1,1,0,0,0,0,1,0,0,0
2021,Castile-La Mancha,Urban streets,Pedestrian struck,190,6,6,6,0,0,0,0,0,0,0
2021,Castile-La Mancha,Urban streets,Overturn,7,0,0,0,0,0,0,0,0,0,0
2021,Castile-La Mancha,Urban streets,Fall (rider or occupant),84,0,0,0,0,0,0,0,0,0,0
2021,Castile-La Mancha,Urban streets,Run-off road,56,3,3,0,0,1,1,0,0,0,1
2021,Castile-La Mancha,Urban streets,Other crash type,29,0,0,0,0,0,0,0,0,0,0
2021,Castile-La Mancha,Conventional roads,Head-on collision,49,7,12,0,0,0,1,9,2,0,0
2021,Castile-La Mancha,Conventional roads,Head-on/side collision,138,6,9,0,2,0,1,6,0,0,0
2021,Castile-La Mancha,Conventional roads,Side collision,44,1,1,0,1,0,0,0,0,0,0
2021,Castile-La Mancha,Conventional roads,Rear-end collision,83,1,1,0,0,0,0,0,0,0,1
2021,Castile-La Mancha,Conventional roads,Multiple or chain collision,12,0,0,0,0,0,0,0,0,0,0
2021,Castile-La Mancha,Conventional roads,Collision with obstacle or road element,7,0,0,0,0,0,0,0,0,0,0
2021,Castile-La Mancha,Conventional roads,Pedestrian struck,14,2,2,2,0,0,0,0,0,0,0
2021,Castile-La Mancha,Conventional roads,Animal struck,26,1,1,0,0,0,1,0,0,0,0
2021,Castile-La Mancha,Conventional roads,Overturn,16,0,0,0,0,0,0,0,0,0,0
2021,Castile-La Mancha,Conventional roads,Fall (rider or occupant),25,0,0,0,0,0,0,0,0,0,0
2021,Castile-La Mancha,Conventional roads,Run-off road,458,30,30,0,0,0,8,16,4,2,0
2021,Castile-La Mancha,Conventional roads,Other crash type,10,1,1,0,0,0,0,1,0,0,0
2021,Castile-La Mancha,Dual carriageways,Head-on collision,6,0,0,0,0,0,0,0,0,0,0
2021,Castile-La Mancha,Dual carriageways,Head-on/side collision,13,0,0,0,0,0,0,0,0,0,0
2021,Castile-La Mancha,Dual carriageways,Side collision,17,1,1,0,0,0,1,0,0,0,0
2021,Castile-La Mancha,Dual carriageways,Rear-end collision,153,10,10,0,1,0,1,7,0,1,0
2021,Castile-La Mancha,Dual carriageways,Multiple or chain collision,50,1,2,0,0,0,0,2,0,0,0
2021,Castile-La Mancha,Dual carriageways,Collision with obstacle or road element,13,1,1,0,0,0,0,1,0,0,0
2021,Castile-La Mancha,Dual carriageways,Pedestrian struck,7,3,3,3,0,0,0,0,0,0,0
2021,Castile-La Mancha,Dual carriageways,Animal struck,4,0,0,0,0,0,0,0,0,0,0
2021,Castile-La Mancha,Dual carriageways,Overturn,3,0,0,0,0,0,0,0,0,0,0
2021,Castile-La Mancha,Dual carriageways,Fall (rider or occupant),5,0,0,0,0,0,0,0,0,0,0
2021,Castile-La Mancha,Dual carriageways,Run-off road,227,7,7,0,0,0,0,6,0,1,0
2021,Castile-La Mancha,Dual carriageways,Other crash type,7,2,2,0,0,0,0,0,0,2,0
2021,Castile-La Mancha,Motorways,Side collision,2,1,1,0,0,0,0,1,0,0,0
2021,Castile-La Mancha,Motorways,Rear-end collision,1,0,0,0,0,0,0,0,0,0,0
2021,Castile-La Mancha,Motorways,Animal struck,1,0,0,0,0,0,0,0,0,0,0
2021,Castile-La Mancha,Motorways,Run-off road,7,0,0,0,0,0,0,0,0,0,0
2021,Castile-La Mancha,Other roads,Head-on collision,14,0,0,0,0,0,0,0,0,0,0
2021,Castile-La Mancha,Other roads,Head-on/side collision,15,0,0,0,0,0,0,0,0,0,0
2021,Castile-La Mancha,Other roads,Side collision,6,0,0,0,0,0,0,0,0,0,0
2021,Castile-La Mancha,Other roads,Rear-end collision,9,0,0,0,0,0,0,0,0,0,0
2021,Castile-La Mancha,Other roads,Collision with obstacle or road element,1,0,0,0,0,0,0,0,0,0,0
2021,Castile-La Mancha,Other roads,Pedestrian struck,8,2,2,2,0,0,0,0,0,0,0
2021,Castile-La Mancha,Other roads,Animal struck,1,0,0,0,0,0,0,0,0,0,0
2021,Castile-La Mancha,Other roads,Overturn,5,0,0,0,0,0,0,0,0,0,0
2021,Castile-La Mancha,Other roads,Fall (rider or occupant),29,0,0,0,0,0,0,0,0,0,0
2021,Castile-La Mancha,Other roads,Run-off road,62,5,5,0,0,0,1,2,1,0,1
2021,Castile-La Mancha,Other roads,Other crash type,3,0,0,0,0,0,0,0,0,0,0
2021,Catalonia,Urban streets,Head-on collision,333,3,3,0,0,0,1,1,1,0,0
2021,Catalonia,Urban streets,Head-on/side collision,3321,6,6,0,1,1,3,0,0,0,1
2021,Catalonia,Urban streets,Side collision,2166,5,5,0,1,0,2,1,0,0,1
2021,Catalonia,Urban streets,Rear-end collision,1043,4,4,0,0,0,2,1,0,1,0
2021,Catalonia,Urban streets,Collision with obstacle or road element,483,7,7,0,0,0,3,3,0,0,1
2021,Catalonia,Urban streets,Pedestrian struck,2150,33,34,34,0,0,0,0,0,0,0
2021,Catalonia,Urban streets,Overturn,1990,6,6,0,2,1,2,0,0,0,1
2021,Catalonia,Urban streets,Run-off road,388,4,4,0,1,0,1,2,0,0,0
2021,Catalonia,Urban streets,Other crash type,2054,5,6,0,1,0,1,3,0,1,0
2021,Catalonia,Conventional roads,Head-on collision,379,35,39,0,0,0,3,31,5,0,0
2021,Catalonia,Conventional roads,Head-on/side collision,666,10,10,0,2,0,4,4,0,0,0
2021,Catalonia,Conventional roads,Side collision,437,5,5,0,0,0,5,0,0,0,0
2021,Catalonia,Conventional roads,Rear-end collision,915,5,5,0,1,0,3,1,0,0,0
2021,Catalonia,Conventional roads,Collision with obstacle or road element,108,5,5,0,0,0,4,1,0,0,0
2021,Catalonia,Conventional roads,Pedestrian struck,145,12,12,12,0,0,0,0,0,0,0
2021,Catalonia,Conventional roads,Overturn,673,7,7,0,1,1,3,0,0,1,1
2021,Catalonia,Conventional roads,Run-off road,1391,26,26,0,0,0,7,14,2,0,3
2021,Catalonia,Conventional roads,Other crash type,376,2,2,0,0,0,0,2,0,0,0
2021,Catalonia,Dual carriageways,Head-on collision,4,1,1,0,0,0,0,1,0,0,0
2021,Catalonia,Dual carriageways,Head-on/side collision,61,2,3,0,1,0,2,0,0,0,0
2021,Catalonia,Dual carriageways,Side collision,270,3,3,0,0,0,2,1,0,0,0
2021,Catalonia,Dual carriageways,Rear-end collision,467,10,10,0,1,0,2,5,1,1,0
2021,Catalonia,Dual carriageways,Collision with obstacle or road element,68,2,2,0,0,0,2,0,0,0,0
2021,Catalonia,Dual carriageways,Pedestrian struck,7,3,3,3,0,0,0,0,0,0,0
2021,Catalonia,Dual carriageways,Overturn,130,0,0,0,0,0,0,0,0,0,0
2021,Catalonia,Dual carriageways,Run-off road,240,4,5,0,0,0,3,2,0,0,0
2021,Catalonia,Dual carriageways,Other crash type,351,1,1,0,0,0,1,0,0,0,0
2021,Catalonia,Motorways,Head-on collision,4,2,2,0,0,0,1,1,0,0,0
2021,Catalonia,Motorways,Head-on/side collision,42,1,1,0,0,0,1,0,0,0,0
2021,Catalonia,Motorways,Side collision,196,0,0,0,0,0,0,0,0,0,0
2021,Catalonia,Motorways,Rear-end collision,572,9,12,0,0,0,2,9,0,1,0
2021,Catalonia,Motorways,Collision with obstacle or road element,52,1,1,0,0,0,1,0,0,0,0
2021,Catalonia,Motorways,Pedestrian struck,4,4,4,4,0,0,0,0,0,0,0
2021,Catalonia,Motorways,Overturn,97,4,4,0,0,0,4,0,0,0,0
2021,Catalonia,Motorways,Run-off road,195,2,2,0,0,0,1,1,0,0,0
2021,Catalonia,Motorways,Other crash type,116,2,2,0,0,0,2,0,0,0,0
2021,Catalonia,Other roads,Rear-end collision,1,0,0,0,0,0,0,0,0,0,0
2021,Valencian Community,Urban streets,Head-on collision,123,2,2,0,0,0,2,0,0,0,0
2021,Valencian Community,Urban streets,Head-on/side collision,1243,7,10,0,1,2,3,4,0,0,0
2021,Valencian Community,Urban streets,Side collision,401,0,0,0,0,0,0,0,0,0,0
2021,Valencian Community,Urban streets,Rear-end collision,480,0,0,0,0,0,0,0,0,0,0
2021,Valencian Community,Urban streets,Multiple or chain collision,47,0,0,0,0,0,0,0,0,0,0
2021,Valencian Community,Urban streets,Collision with obstacle or road element,67,1,1,0,0,0,0,1,0,0,0
2021,Valencian Community,Urban streets,Pedestrian struck,706,17,18,17,0,0,1,0,0,0,0
2021,Valencian Community,Urban streets,Animal struck,4,0,0,0,0,0,0,0,0,0,0
2021,Valencian Community,Urban streets,Overturn,14,0,0,0,0,0,0,0,0,0,0
2021,Valencian Community,Urban streets,Fall (rider or occupant),504,0,0,0,0,0,0,0,0,0,0
2021,Valencian Community,Urban streets,Run-off road,161,7,7,0,1,2,2,2,0,0,0
2021,Valencian Community,Urban streets,Other crash type,131,0,0,0,0,0,0,0,0,0,0
2021,Valencian Community,Conventional roads,Head-on collision,86,10,12,0,0,0,0,10,2,0,0
2021,Valencian Community,Conventional roads,Head-on/side collision,308,5,5,0,2,0,3,0,0,0,0
2021,Valencian Community,Conventional roads,Side collision,117,0,0,0,0,0,0,0,0,0,0
2021,Valencian Community,Conventional roads,Rear-end collision,273,2,2,0,0,0,1,0,0,0,1
2021,Valencian Community,Conventional roads,Multiple or chain collision,55,2,2,0,0,0,0,1,1,0,0
2021,Valencian Community,Conventional roads,Collision with obstacle or road element,12,1,1,0,0,0,0,1,0,0,0
2021,Valencian Community,Conventional roads,Pedestrian struck,35,5,5,5,0,0,0,0,0,0,0
2021,Valencian Community,Conventional roads,Animal struck,25,0,0,0,0,0,0,0,0,0,0
2021,Valencian Community,Conventional roads,Overturn,22,1,1,0,1,0,0,0,0,0,0
2021,Valencian Community,Conventional roads,Fall (rider or occupant),130,2,2,0,1,0,1,0,0,0,0
2021,Valencian Community,Conventional roads,Run-off road,615,23,23,0,3,0,11,8,1,0,0
2021,Valencian Community,Conventional roads,Other crash type,13,0,0,0,0,0,0,0,0,0,0
2021,Valencian Community,Dual carriageways,Head-on collision,6,1,1,0,0,0,0,1,0,0,0
2021,Valencian Community,Dual carriageways,Head-on/side collision,112,2,2,0,1,0,0,1,0,0,0
2021,Valencian Community,Dual carriageways,Side collision,136,4,4,0,0,0,1,1,0,2,0
2021,Valencian Community,Dual carriageways,Rear-end collision,426,2,2,0,0,0,0,1,1,0,0
2021,Valencian Community,Dual carriageways,Multiple or chain collision,128,0,0,0,0,0,0,0,0,0,0
2021,Valencian Community,Dual carriageways,Collision with obstacle or road element,21,2,2,1,0,0,0,1,0,0,0
2021,Valencian Community,Dual carriageways,Pedestrian struck,10,1,1,1,0,0,0,0,0,0,0
2021,Valencian Community,Dual carriageways,Animal struck,13,0,0,0,0,0,0,0,0,0,0
2021,Valencian Community,Dual carriageways,Overturn,10,1,1,0,0,0,1,0,0,0,0
2021,Valencian Community,Dual carriageways,Fall (rider or occupant),38,0,0,0,0,0,0,0,0,0,0
2021,Valencian Community,Dual carriageways,Run-off road,329,13,13,0,0,0,7,6,0,0,0
2021,Valencian Community,Dual carriageways,Other crash type,7,0,0,0,0,0,0,0,0,0,0
2021,Valencian Community,Motorways,Head-on collision,1,1,1,0,0,0,0,1,0,0,0
2021,Valencian Community,Motorways,Head-on/side collision,6,0,0,0,0,0,0,0,0,0,0
2021,Valencian Community,Motorways,Side collision,13,0,0,0,0,0,0,0,0,0,0
2021,Valencian Community,Motorways,Rear-end collision,36,1,1,0,0,0,1,0,0,0,0
2021,Valencian Community,Motorways,Multiple or chain collision,9,0,0,0,0,0,0,0,0,0,0
2021,Valencian Community,Motorways,Collision with obstacle or road element,8,1,1,1,0,0,0,0,0,0,0
2021,Valencian Community,Motorways,Pedestrian struck,2,1,1,1,0,0,0,0,0,0,0
2021,Valencian Community,Motorways,Animal struck,3,0,0,0,0,0,0,0,0,0,0
2021,Valencian Community,Motorways,Overturn,2,0,0,0,0,0,0,0,0,0,0
2021,Valencian Community,Motorways,Fall (rider or occupant),2,0,0,0,0,0,0,0,0,0,0
2021,Valencian Community,Motorways,Run-off road,63,2,2,0,0,0,0,1,0,1,0
2021,Valencian Community,Motorways,Other crash type,1,0,0,0,0,0,0,0,0,0,0
2021,Valencian Community,Other roads,Head-on collision,49,0,0,0,0,0,0,0,0,0,0
2021,Valencian Community,Other roads,Head-on/side collision,122,3,3,0,0,0,3,0,0,0,0
2021,Valencian Community,Other roads,Side collision,39,1,1,0,0,0,1,0,0,0,0
2021,Valencian Community,Other roads,Rear-end collision,61,0,0,0,0,0,0,0,0,0,0
2021,Valencian Community,Other roads,Multiple or chain collision,5,0,0,0,0,0,0,0,0,0,0
2021,Valencian Community,Other roads,Collision with obstacle or road element,14,1,1,0,0,0,0,1,0,0,0
2021,Valencian Community,Other roads,Pedestrian struck,48,3,3,2,0,0,1,0,0,0,0
2021,Valencian Community,Other roads,Animal struck,3,0,0,0,0,0,0,0,0,0,0
2021,Valencian Community,Other roads,Overturn,7,0,0,0,0,0,0,0,0,0,0
2021,Valencian Community,Other roads,Fall (rider or occupant),74,1,1,0,0,0,1,0,0,0,0
2021,Valencian Community,Other roads,Run-off road,134,8,8,0,0,0,1,7,0,0,0
2021,Valencian Community,Other roads,Other crash type,17,0,0,0,0,0,0,0,0,0,0
2021,Extremadura,Urban streets,Head-on collision,15,0,0,0,0,0,0,0,0,0,0
2021,Extremadura,Urban streets,Head-on/side collision,155,0,0,0,0,0,0,0,0,0,0
2021,Extremadura,Urban streets,Side collision,32,0,0,0,0,0,0,0,0,0,0
2021,Extremadura,Urban streets,Rear-end collision,91,0,0,0,0,0,0,0,0,0,0
2021,Extremadura,Urban streets,Multiple or chain collision,4,0,0,0,0,0,0,0,0,0,0
2021,Extremadura,Urban streets,Collision with obstacle or road element,11,0,0,0,0,0,0,0,0,0,0
2021,Extremadura,Urban streets,Pedestrian struck,155,3,3,3,0,0,0,0,0,0,0
2021,Extremadura,Urban streets,Overturn,2,0,0,0,0,0,0,0,0,0,0
2021,Extremadura,Urban streets,Fall (rider or occupant),65,0,0,0,0,0,0,0,0,0,0
2021,Extremadura,Urban streets,Run-off road,31,0,0,0,0,0,0,0,0,0,0
2021,Extremadura,Urban streets,Other crash type,8,0,0,0,0,0,0,0,0,0,0
2021,Extremadura,Conventional roads,Head-on collision,28,5,5,0,0,0,0,4,1,0,0
2021,Extremadura,Conventional roads,Head-on/side collision,76,3,4,0,0,0,0,3,1,0,0
2021,Extremadura,Conventional roads,Side collision,26,1,1,0,0,0,1,0,0,0,0
2021,Extremadura,Conventional roads,Rear-end collision,50,2,2,0,0,0,1,0,0,0,1
2021,Extremadura,Conventional roads,Multiple or chain collision,10,1,1,0,0,0,0,1,0,0,0
2021,Extremadura,Conventional roads,Collision with obstacle or road element,2,0,0,0,0,0,0,0,0,0,0
2021,Extremadura,Conventional roads,Pedestrian struck,7,1,1,1,0,0,0,0,0,0,0
2021,Extremadura,Conventional roads,Animal struck,23,1,1,0,0,0,1,0,0,0,0
2021,Extremadura,Conventional roads,Overturn,2,0,0,0,0,0,0,0,0,0,0
2021,Extremadura,Conventional roads,Fall (rider or occupant),11,0,0,0,0,0,0,0,0,0,0
2021,Extremadura,Conventional roads,Run-off road,249,10,10,0,0,0,3,6,1,0,0
2021,Extremadura,Conventional roads,Other crash type,9,0,0,0,0,0,0,0,0,0,0
2021,Extremadura,Dual carriageways,Head-on collision,1,1,1,0,0,0,0,1,0,0,0
2021,Extremadura,Dual carriageways,Head-on/side collision,6,1,1,0,0,0,0,0,1,0,0
2021,Extremadura,Dual carriageways,Side collision,6,0,0,0,0,0,0,0,0,0,0
2021,Extremadura,Dual carriageways,Rear-end collision,20,0,0,0,0,0,0,0,0,0,0
2021,Extremadura,Dual carriageways,Multiple or chain collision,4,0,0,0,0,0,0,0,0,0,0
2021,Extremadura,Dual carriageways,Collision with obstacle or road element,4,0,0,0,0,0,0,0,0,0,0
2021,Extremadura,Dual carriageways,Pedestrian struck,1,0,0,0,0,0,0,0,0,0,0
2021,Extremadura,Dual carriageways,Animal struck,2,0,0,0,0,0,0,0,0,0,0
2021,Extremadura,Dual carriageways,Overturn,2,0,0,0,0,0,0,0,0,0,0
2021,Extremadura,Dual carriageways,Run-off road,58,4,5,1,0,0,1,2,0,1,0
2021,Extremadura,Dual carriageways,Other crash type,3,0,0,0,0,0,0,0,0,0,0
2021,Extremadura,Other roads,Head-on collision,2,0,0,0,0,0,0,0,0,0,0
2021,Extremadura,Other roads,Head-on/side collision,18,1,1,0,0,0,0,1,0,0,0
2021,Extremadura,Other roads,Side collision,5,0,0,0,0,0,0,0,0,0,0
2021,Extremadura,Other roads,Rear-end collision,10,0,0,0,0,0,0,0,0,0,0
2021,Extremadura,Other roads,Multiple or chain collision,1,0,0,0,0,0,0,0,0,0,0
2021,Extremadura,Other roads,Collision with obstacle or road element,3,0,0,0,0,0,0,0,0,0,0
2021,Extremadura,Other roads,Pedestrian struck,8,0,0,0,0,0,0,0,0,0,0
2021,Extremadura,Other roads,Animal struck,3,0,0,0,0,0,0,0,0,0,0
2021,Extremadura,Other roads,Overturn,1,0,0,0,0,0,0,0,0,0,0
2021,Extremadura,Other roads,Fall (rider or occupant),8,0,0,0,0,0,0,0,0,0,0
2021,Extremadura,Other roads,Run-off road,44,4,4,0,0,0,0,2,1,0,1
2021,Extremadura,Other roads,Other crash type,2,0,0,0,0,0,0,0,0,0,0
2021,Galicia,Urban streets,Head-on collision,36,0,0,0,0,0,0,0,0,0,0
2021,Galicia,Urban streets,Head-on/side collision,338,2,2,0,0,1,1,0,0,0,0
2021,Galicia,Urban streets,Side collision,97,0,0,0,0,0,0,0,0,0,0
2021,Galicia,Urban streets,Rear-end collision,255,0,0,0,0,0,0,0,0,0,0
2021,Galicia,Urban streets,Multiple or chain collision,39,0,0,0,0,0,0,0,0,0,0
2021,Galicia,Urban streets,Collision with obstacle or road element,40,0,0,0,0,0,0,0,0,0,0
2021,Galicia,Urban streets,Pedestrian struck,429,2,2,2,0,0,0,0,0,0,0
2021,Galicia,Urban streets,Overturn,6,0,0,0,0,0,0,0,0,0,0
2021,Galicia,Urban streets,Fall (rider or occupant),130,0,0,0,0,0,0,0,0,0,0
2021,Galicia,Urban streets,Run-off road,117,5,5,1,0,0,1,3,0,0,0
2021,Galicia,Urban streets,Other crash type,34,1,1,0,0,0,0,1,0,0,0
2021,Galicia,Conventional roads,Head-on collision,97,10,12,0,0,0,0,11,1,0,0
2021,Galicia,Conventional roads,Head-on/side collision,388,11,13,1,0,0,3,8,0,0,1
2021,Galicia,Conventional roads,Side collision,82,1,1,0,0,0,0,1,0,0,0
2021,Galicia,Conventional roads,Rear-end collision,218,1,1,0,1,0,0,0,0,0,0
2021,Galicia,Conventional roads,Multiple or chain collision,52,0,0,0,0,0,0,0,0,0,0
2021,Galicia,Conventional roads,Collision with obstacle or road element,18,0,0,0,0,0,0,0,0,0,0
2021,Galicia,Conventional roads,Pedestrian struck,110,12,12,12,0,0,0,0,0,0,0
2021,Galicia,Conventional roads,Animal struck,32,0,0,0,0,0,0,0,0,0,0
2021,Galicia,Conventional roads,Overturn,5,0,0,0,0,0,0,0,0,0,0
2021,Galicia,Conventional roads,Fall (rider or occupant),57,1,1,0,0,0,1,0,0,0,0
2021,Galicia,Conventional roads,Run-off road,673,29,29,1,0,0,6,18,2,1,1
2021,Galicia,Conventional roads,Other crash type,25,0,0,0,0,0,0,0,0,0,0
2021,Galicia,Dual carriageways,Head-on collision,8,3,3,0,0,0,1,1,0,0,1
2021,Galicia,Dual carriageways,Head-on/side collision,29,1,1,0,0,0,1,0,0,0,0
2021,Galicia,Dual carriageways,Side collision,19,0,0,0,0,0,0,0,0,0,0
2021,Galicia,Dual carriageways,Rear-end collision,88,0,0,0,0,0,0,0,0,0,0
2021,Galicia,Dual carriageways,Multiple or chain collision,33,0,0,0,0,0,0,0,0,0,0
2021,Galicia,Dual carriageways,Collision with obstacle or road element,7,1,1,0,0,0,0,1,0,0,0
2021,Galicia,Dual carriageways,Pedestrian struck,4,2,2,2,0,0,0,0,0,0,0
2021,Galicia,Dual carriageways,Animal struck,6,0,0,0,0,0,0,0,0,0,0
2021,Galicia,Dual carriageways,Overturn,1,0,0,0,0,0,0,0,0,0,0
2021,Galicia,Dual carriageways,Fall (rider or occupant),7,0,0,0,0,0,0,0,0,0,0
2021,Galicia,Dual carriageways,Run-off road,160,7,7,0,0,0,1,5,0,1,0
2021,Galicia,Dual carriageways,Other crash type,3,0,0,0,0,0,0,0,0,0,0
2021,Galicia,Motorways,Head-on collision,1,1,1,0,0,0,0,1,0,0,0
2021,Galicia,Motorways,Head-on/side collision,2,0,0,0,0,0,0,0,0,0,0
2021,Galicia,Motorways,Side collision,13,0,0,0,0,0,0,0,0,0,0
2021,Galicia,Motorways,Rear-end collision,28,0,0,0,0,0,0,0,0,0,0
2021,Galicia,Motorways,Multiple or chain collision,7,0,0,0,0,0,0,0,0,0,0
2021,Galicia,Motorways,Collision with obstacle or road element,4,0,0,0,0,0,0,0,0,0,0
2021,Galicia,Motorways,Animal struck,2,0,0,0,0,0,0,0,0,0,0
2021,Galicia,Motorways,Overturn,1,0,0,0,0,0,0,0,0,0,0
2021,Galicia,Motorways,Run-off road,38,0,0,0,0,0,0,0,0,0,0
2021,Galicia,Other roads,Head-on collision,22,0,0,0,0,0,0,0,0,0,0
2021,Galicia,Other roads,Head-on/side collision,33,0,0,0,0,0,0,0,0,0,0
2021,Galicia,Other roads,Side collision,7,0,0,0,0,0,0,0,0,0,0
2021,Galicia,Other roads,Rear-end collision,18,0,0,0,0,0,0,0,0,0,0
2021,Galicia,Other roads,Multiple or chain collision,1,0,0,0,0,0,0,0,0,0,0
2021,Galicia,Other roads,Collision with obstacle or road element,4,0,0,0,0,0,0,0,0,0,0
2021,Galicia,Other roads,Pedestrian struck,22,3,3,3,0,0,0,0,0,0,0
2021,Galicia,Other roads,Overturn,3,1,1,0,0,0,0,0,0,0,1
2021,Galicia,Other roads,Fall (rider or occupant),14,0,0,0,0,0,0,0,0,0,0
2021,Galicia,Other roads,Run-off road,52,5,5,0,0,1,0,2,0,0,2
2021,Galicia,Other roads,Other crash type,5,1,1,0,0,1,0,0,0,0,0
2021,Madrid,Urban streets,Head-on collision,245,0,0,0,0,0,0,0,0,0,0
2021,Madrid,Urban streets,Head-on/side collision,2398,7,7,0,0,0,5,0,1,1,0
2021,Madrid,Urban streets,Side collision,784,1,1,0,0,0,1,0,0,0,0
2021,Madrid,Urban streets,Rear-end collision,1926,1,1,0,0,0,0,1,0,0,0
2021,Madrid,Urban streets,Multiple or chain collision,322,0,0,0,0,0,0,0,0,0,0
2021,Madrid,Urban streets,Collision with obstacle or road element,413,3,3,0,0,0,1,1,1,0,0
2021,Madrid,Urban streets,Pedestrian struck,1709,23,23,22,0,0,0,0,0,0,1
2021,Madrid,Urban streets,Animal struck,15,0,0,0,0,0,0,0,0,0,0
2021,Madrid,Urban streets,Overturn,50,0,0,0,0,0,0,0,0,0,0
2021,Madrid,Urban streets,Fall (rider or occupant),1995,2,2,0,0,0,2,0,0,0,0
2021,Madrid,Urban streets,Run-off road,705,16,16,2,2,0,7,4,0,1,0
2021,Madrid,Urban streets,Other crash type,170,0,0,0,0,0,0,0,0,0,0
2021,Madrid,Conventional roads,Head-on collision,56,8,9,0,0,0,2,4,3,0,0
2021,Madrid,Conventional roads,Head-on/side collision,153,2,2,0,0,0,1,1,0,0,0
2021,Madrid,Conventional roads,Side collision,48,0,0,0,0,0,0,0,0,0,0
2021,Madrid,Conventional roads,Rear-end collision,156,3,3,0,2,0,0,0,1,0,0
2021,Madrid,Conventional roads,Multiple or chain collision,17,0,0,0,0,0,0,0,0,0,0
2021,Madrid,Conventional roads,Collision with obstacle or road element,5,0,0,0,0,0,0,0,0,0,0
2021,Madrid,Conventional roads,Pedestrian struck,27,3,3,3,0,0,0,0,0,0,0
2021,Madrid,Conventional roads,Animal struck,13,0,0,0,0,0,0,0,0,0,0
2021,Madrid,Conventional roads,Overturn,3,0,0,0,0,0,0,0,0,0,0
2021,Madrid,Conventional roads,Fall (rider or occupant),50,1,1,0,0,0,1,0,0,0,0
2021,Madrid,Conventional roads,Run-off road,283,12,14,1,0,0,2,11,0,0,0
2021,Madrid,Conventional roads,Other crash type,3,0,0,0,0,0,0,0,0,0,0
2021,Madrid,Dual carriageways,Head-on collision,12,1,2,0,0,0,0,2,0,0,0
2021,Madrid,Dual carriageways,Head-on/side collision,97,1,1,0,0,0,0,1,0,0,0
2021,Madrid,Dual carriageways,Side collision,133,1,1,0,0,0,1,0,0,0,0
2021,Madrid,Dual carriageways,Rear-end collision,476,4,4,0,0,1,0,3,0,0,0
2021,Madrid,Dual carriageways,Multiple or chain collision,138,2,2,0,0,0,0,1,0,1,0
2021,Madrid,Dual carriageways,Collision with obstacle or road element,12,0,0,0,0,0,0,0,0,0,0
2021,Madrid,Dual carriageways,Pedestrian struck,26,9,9,9,0,0,0,0,0,0,0
2021,Madrid,Dual carriageways,Animal struck,3,0,0,0,0,0,0,0,0,0,0
2021,Madrid,Dual carriageways,Overturn,7,0,0,0,0,0,0,0,0,0,0
2021,Madrid,Dual carriageways,Fall (rider or occupant),63,0,0,0,0,0,0,0,0,0,0
2021,Madrid,Dual carriageways,Run-off road,302,5,6,0,0,0,1,3,1,1,0
2021,Madrid,Dual carriageways,Other crash type,12,3,4,2,0,0,2,0,0,0,0
2021,Madrid,Motorways,Head-on collision,2,1,2,0,0,0,0,2,0,0,0
2021,Madrid,Motorways,Head-on/side collision,23,0,0,0,0,0,0,0,0,0,0
2021,Madrid,Motorways,Side collision,49,0,0,0,0,0,0,0,0,0,0
2021,Madrid,Motorways,Rear-end collision,210,2,2,0,0,0,0,2,0,0,0
2021,Madrid,Motorways,Multiple or chain collision,60,0,0,0,0,0,0,0,0,0,0
2021,Madrid,Motorways,Collision with obstacle or road element,11,0,0,0,0,0,0,0,0,0,0
2021,Madrid,Motorways,Pedestrian struck,2,2,2,2,0,0,0,0,0,0,0
2021,Madrid,Motorways,Animal struck,1,0,0,0,0,0,0,0,0,0,0
2021,Madrid,Motorways,Overturn,2,0,0,0,0,0,0,0,0,0,0
2021,Madrid,Motorways,Fall (rider or occupant),11,0,0,0,0,0,0,0,0,0,0
2021,Madrid,Motorways,Run-off road,103,4,4,0,0,0,1,3,0,0,0
2021,Madrid,Motorways,Other crash type,5,0,0,0,0,0,0,0,0,0,0
2021,Madrid,Other roads,Head-on collision,5,1,1,0,0,0,1,0,0,0,0
2021,Madrid,Other roads,Head-on/side collision,21,0,0,0,0,0,0,0,0,0,0
2021,Madrid,Other roads,Side collision,14,0,0,0,0,0,0,0,0,0,0
2021,Madrid,Other roads,Rear-end collision,26,0,0,0,0,0,0,0,0,0,0
2021,Madrid,Other roads,Multiple or chain collision,4,0,0,0,0,0,0,0,0,0,0
2021,Madrid,Other roads,Collision with obstacle or road element,4,0,0,0,0,0,0,0,0,0,0
2021,Madrid,Other roads,Pedestrian struck,18,0,0,0,0,0,0,0,0,0,0
2021,Madrid,Other roads,Animal struck,1,0,0,0,0,0,0,0,0,0,0
2021,Madrid,Other roads,Fall (rider or occupant),29,0,0,0,0,0,0,0,0,0,0
2021,Madrid,Other roads,Run-off road,38,1,1,0,0,0,0,1,0,0,0
2021,Madrid,Other roads,Other crash type,10,1,1,0,0,0,0,1,0,0,0
2021,Murcia,Urban streets,Head-on collision,81,2,2,0,1,0,0,1,0,0,0
2021,Murcia,Urban streets,Head-on/side collision,711,1,1,0,0,0,1,0,0,0,0
2021,Murcia,Urban streets,Side collision,135,0,0,0,0,0,0,0,0,0,0
2021,Murcia,Urban streets,Rear-end collision,320,0,0,0,0,0,0,0,0,0,0
2021,Murcia,Urban streets,Multiple or chain collision,37,0,0,0,0,0,0,0,0,0,0
2021,Murcia,Urban streets,Collision with obstacle or road element,30,2,2,0,0,0,2,0,0,0,0
2021,Murcia,Urban streets,Pedestrian struck,221,4,4,4,0,0,0,0,0,0,0
2021,Murcia,Urban streets,Animal struck,4,0,0,0,0,0,0,0,0,0,0
2021,Murcia,Urban streets,Overturn,1,0,0,0,0,0,0,0,0,0,0
2021,Murcia,Urban streets,Fall (rider or occupant),211,0,0,0,0,0,0,0,0,0,0
2021,Murcia,Urban streets,Run-off road,161,4,4,0,0,0,1,3,0,0,0
2021,Murcia,Urban streets,Other crash type,72,0,0,0,0,0,0,0,0,0,0
2021,Murcia,Conventional roads,Head-on collision,22,3,3,0,0,0,2,1,0,0,0
2021,Murcia,Conventional roads,Head-on/side collision,78,3,3,0,0,0,1,1,1,0,0
2021,Murcia,Conventional roads,Side collision,13,1,1,0,0,1,0,0,0,0,0
2021,Murcia,Conventional roads,Rear-end collision,27,0,0,0,0,0,0,0,0,0,0
2021,Murcia,Conventional roads,Multiple or chain collision,7,0,0,0,0,0,0,0,0,0,0
2021,Murcia,Conventional roads,Collision with obstacle or road element,5,0,0,0,0,0,0,0,0,0,0
2021,Murcia,Conventional roads,Pedestrian struck,6,1,1,1,0,0,0,0,0,0,0
2021,Murcia,Conventional roads,Animal struck,5,0,0,0,0,0,0,0,0,0,0
2021,Murcia,Conventional roads,Overturn,5,0,0,0,0,0,0,0,0,0,0
2021,Murcia,Conventional roads,Fall (rider or occupant),9,0,0,0,0,0,0,0,0,0,0
2021,Murcia,Conventional roads,Run-off road,101,8,8,0,0,0,0,6,1,1,0
2021,Murcia,Conventional roads,Other crash type,2,0,0,0,0,0,0,0,0,0,0
2021,Murcia,Dual carriageways,Head-on collision,2,1,1,0,0,0,0,1,0,0,0
2021,Murcia,Dual carriageways,Head-on/side collision,9,0,0,0,0,0,0,0,0,0,0
2021,Murcia,Dual carriageways,Side collision,12,0,0,0,0,0,0,0,0,0,0
2021,Murcia,Dual carriageways,Rear-end collision,54,2,2,0,0,0,0,1,1,0,0
2021,Murcia,Dual carriageways,Multiple or chain collision,17,0,0,0,0,0,0,0,0,0,0
2021,Murcia,Dual carriageways,Collision with obstacle or road element,5,1,1,1,0,0,0,0,0,0,0
2021,Murcia,Dual carriageways,Pedestrian struck,1,0,0,0,0,0,0,0,0,0,0
2021,Murcia,Dual carriageways,Animal struck,1,0,0,0,0,0,0,0,0,0,0
2021,Murcia,Dual carriageways,Overturn,2,0,0,0,0,0,0,0,0,0,0
2021,Murcia,Dual carriageways,Fall (rider or occupant),2,0,0,0,0,0,0,0,0,0,0
2021,Murcia,Dual carriageways,Run-off road,54,8,8,0,0,0,2,3,2,1,0
2021,Murcia,Dual carriageways,Other crash type,3,0,0,0,0,0,0,0,0,0,0
2021,Murcia,Motorways,Side collision,1,0,0,0,0,0,0,0,0,0,0
2021,Murcia,Motorways,Rear-end collision,7,0,0,0,0,0,0,0,0,0,0
2021,Murcia,Motorways,Multiple or chain collision,1,0,0,0,0,0,0,0,0,0,0
2021,Murcia,Motorways,Collision with obstacle or road element,1,1,2,1,0,0,0,1,0,0,0
2021,Murcia,Motorways,Pedestrian struck,2,1,1,1,0,0,0,0,0,0,0
2021,Murcia,Motorways,Run-off road,7,0,0,0,0,0,0,0,0,0,0
2021,Murcia,Other roads,Head-on collision,10,0,0,0,0,0,0,0,0,0,0
2021,Murcia,Other roads,Head-on/side collision,15,1,1,0,0,0,0,1,0,0,0
2021,Murcia,Other roads,Side collision,1,0,0,0,0,0,0,0,0,0,0
2021,Murcia,Other roads,Rear-end collision,4,0,0,0,0,0,0,0,0,0,0
2021,Murcia,Other roads,Multiple or chain collision,1,0,0,0,0,0,0,0,0,0,0
2021,Murcia,Other roads,Collision with obstacle or road element,2,0,0,0,0,0,0,0,0,0,0
2021,Murcia,Other roads,Pedestrian struck,7,1,1,1,0,0,0,0,0,0,0
2021,Murcia,Other roads,Animal struck,1,0,0,0,0,0,0,0,0,0,0
2021,Murcia,Other roads,Overturn,2,0,0,0,0,0,0,0,0,0,0
2021,Murcia,Other roads,Fall (rider or occupant),4,0,0,0,0,0,0,0,0,0,0
2021,Murcia,Other roads,Run-off road,29,2,3,1,0,0,0,1,0,0,1
2021,Murcia,Other roads,Other crash type,2,0,0,0,0,0,0,0,0,0,0
2021,Navarre,Urban streets,Head-on collision,12,0,0,0,0,0,0,0,0,0,0
2021,Navarre,Urban streets,Head-on/side collision,84,0,0,0,0,0,0,0,0,0,0
2021,Navarre,Urban streets,Side collision,121,0,0,0,0,0,0,0,0,0,0
2021,Navarre,Urban streets,Rear-end collision,127,0,0,0,0,0,0,0,0,0,0
2021,Navarre,Urban streets,Multiple or chain collision,18,0,0,0,0,0,0,0,0,0,0
2021,Navarre,Urban streets,Collision with obstacle or road element,6,0,0,0,0,0,0,0,0,0,0
2021,Navarre,Urban streets,Pedestrian struck,118,1,1,1,0,0,0,0,0,0,0
2021,Navarre,Urban streets,Overturn,3,0,0,0,0,0,0,0,0,0,0
2021,Navarre,Urban streets,Fall (rider or occupant),99,0,0,0,0,0,0,0,0,0,0
2021,Navarre,Urban streets,Run-off road,24,0,0,0,0,0,0,0,0,0,0
2021,Navarre,Urban streets,Other crash type,7,0,0,0,0,0,0,0,0,0,0
2021,Navarre,Conventional roads,Head-on collision,16,7,8,0,1,0,0,7,0,0,0
2021,Navarre,Conventional roads,Head-on/side collision,31,4,4,0,0,0,1,2,1,0,0
2021,Navarre,Conventional roads,Side collision,6,0,0,0,0,0,0,0,0,0,0
2021,Navarre,Conventional roads,Rear-end collision,15,0,0,0,0,0,0,0,0,0,0
2021,Navarre,Conventional roads,Multiple or chain collision,4,0,0,0,0,0,0,0,0,0,0
2021,Navarre,Conventional roads,Collision with obstacle or road element,1,0,0,0,0,0,0,0,0,0,0
2021,Navarre,Conventional roads,Pedestrian struck,6,2,2,1,1,0,0,0,0,0,0
2021,Navarre,Conventional roads,Animal struck,4,0,0,0,0,0,0,0,0,0,0
2021,Navarre,Conventional roads,Overturn,1,0,0,0,0,0,0,0,0,0,0
2021,Navarre,Conventional roads,Fall (rider or occupant),9,1,1,0,1,0,0,0,0,0,0
2021,Navarre,Conventional roads,Run-off road,83,6,6,0,0,0,2,3,1,0,0
2021,Navarre,Conventional roads,Other crash type,2,0,0,0,0,0,0,0,0,0,0
2021,Navarre,Dual carriageways,Head-on/side collision,3,0,0,0,0,0,0,0,0,0,0
2021,Navarre,Dual carriageways,Side collision,4,0,0,0,0,0,0,0,0,0,0
2021,Navarre,Dual carriageways,Rear-end collision,17,1,1,0,0,0,0,1,0,0,0
2021,Navarre,Dual carriageways,Multiple or chain collision,2,0,0,0,0,0,0,0,0,0,0
2021,Navarre,Dual carriageways,Collision with obstacle or road element,1,0,0,0,0,0,0,0,0,0,0
2021,Navarre,Dual carriageways,Pedestrian struck,1,0,0,0,0,0,0,0,0,0,0
2021,Navarre,Dual carriageways,Animal struck,1,0,0,0,0,0,0,0,0,0,0
2021,Navarre,Dual carriageways,Fall (rider or occupant),4,0,0,0,0,0,0,0,0,0,0
2021,Navarre,Dual carriageways,Run-off road,19,2,2,0,0,0,1,1,0,0,0
2021,Navarre,Motorways,Side collision,1,0,0,0,0,0,0,0,0,0,0
2021,Navarre,Motorways,Rear-end collision,4,0,0,0,0,0,0,0,0,0,0
2021,Navarre,Motorways,Pedestrian struck,1,1,1,1,0,0,0,0,0,0,0
2021,Navarre,Motorways,Animal struck,1,0,0,0,0,0,0,0,0,0,0
2021,Navarre,Motorways,Run-off road,9,1,1,0,0,0,0,0,0,1,0
2021,Navarre,Other roads,Head-on/side collision,3,0,0,0,0,0,0,0,0,0,0
2021,Navarre,Other roads,Side collision,1,0,0,0,0,0,0,0,0,0,0
2021,Navarre,Other roads,Pedestrian struck,1,0,0,0,0,0,0,0,0,0,0
2021,Navarre,Other roads,Fall (rider or occupant),1,0,0,0,0,0,0,0,0,0,0
2021,Navarre,Other roads,Run-off road,8,1,1,0,0,0,0,1,0,0,0
2021,Navarre,Other roads,Other crash type,1,0,0,0,0,0,0,0,0,0,0
2021,Basque Country,Urban streets,Head-on collision,27,0,0,0,0,0,0,0,0,0,0
2021,Basque Country,Urban streets,Head-on/side collision,172,0,0,0,0,0,0,0,0,0,0
2021,Basque Country,Urban streets,Side collision,68,1,1,0,0,0,1,0,0,0,0
2021,Basque Country,Urban streets,Rear-end collision,144,0,0,0,0,0,0,0,0,0,0
2021,Basque Country,Urban streets,Multiple or chain collision,6,0,0,0,0,0,0,0,0,0,0
2021,Basque Country,Urban streets,Collision with obstacle or road element,21,1,1,0,0,0,1,0,0,0,0
2021,Basque Country,Urban streets,Pedestrian struck,111,2,2,2,0,0,0,0,0,0,0
2021,Basque Country,Urban streets,Animal struck,3,0,0,0,0,0,0,0,0,0,0
2021,Basque Country,Urban streets,Overturn,169,0,0,0,0,0,0,0,0,0,0
2021,Basque Country,Urban streets,Fall (rider or occupant),36,0,0,0,0,0,0,0,0,0,0
2021,Basque Country,Urban streets,Run-off road,114,0,0,0,0,0,0,0,0,0,0
2021,Basque Country,Urban streets,Other crash type,1180,7,7,2,2,0,3,0,0,0,0
2021,Basque Country,Conventional roads,Head-on collision,37,4,4,0,0,0,0,4,0,0,0
2021,Basque Country,Conventional roads,Head-on/side collision,102,1,1,0,0,0,0,1,0,0,0
2021,Basque Country,Conventional roads,Side collision,37,0,0,0,0,0,0,0,0,0,0
2021,Basque Country,Conventional roads,Rear-end collision,120,0,0,0,0,0,0,0,0,0,0
2021,Basque Country,Conventional roads,Multiple or chain collision,6,0,0,0,0,0,0,0,0,0,0
2021,Basque Country,Conventional roads,Collision with obstacle or road element,9,0,0,0,0,0,0,0,0,0,0
2021,Basque Country,Conventional roads,Pedestrian struck,14,0,0,0,0,0,0,0,0,0,0
2021,Basque Country,Conventional roads,Animal struck,8,0,0,0,0,0,0,0,0,0,0
2021,Basque Country,Conventional roads,Overturn,3,1,1,0,0,0,0,0,0,0,1
2021,Basque Country,Conventional roads,Fall (rider or occupant),89,1,1,0,1,0,0,0,0,0,0
2021,Basque Country,Conventional roads,Run-off road,241,8,8,0,0,0,3,3,1,1,0
2021,Basque Country,Conventional roads,Other crash type,28,0,0,0,0,0,0,0,0,0,0
2021,Basque Country,Dual carriageways,Head-on collision,4,0,0,0,0,0,0,0,0,0,0
2021,Basque Country,Dual carriageways,Head-on/side collision,26,0,0,0,0,0,0,0,0,0,0
2021,Basque Country,Dual carriageways,Side collision,35,0,0,0,0,0,0,0,0,0,0
2021,Basque Country,Dual carriageways,Rear-end collision,149,2,2,0,0,0,0,2,0,0,0
2021,Basque Country,Dual carriageways,Multiple or chain collision,14,0,0,0,0,0,0,0,0,0,0
2021,Basque Country,Dual carriageways,Collision with obstacle or road element,10,0,0,0,0,0,0,0,0,0,0
2021,Basque Country,Dual carriageways,Pedestrian struck,2,0,0,0,0,0,0,0,0,0,0
2021,Basque Country,Dual carriageways,Animal struck,7,0,0,0,0,0,0,0,0,0,0
2021,Basque Country,Dual carriageways,Overturn,1,0,0,0,0,0,0,0,0,0,0
2021,Basque Country,Dual carriageways,Fall (rider or occupant),34,0,0,0,0,0,0,0,0,0,0
2021,Basque Country,Dual carriageways,Run-off road,209,3,3,0,0,0,3,0,0,0,0
2021,Basque Country,Dual carriageways,Other crash type,18,0,0,0,0,0,0,0,0,0,0
2021,Basque Country,Motorways,Head-on/side collision,3,0,0,0,0,0,0,0,0,0,0
2021,Basque Country,Motorways,Side collision,16,0,0,0,0,0,0,0,0,0,0
2021,Basque Country,Motorways,Rear-end collision,51,2,5,0,0,0,0,5,0,0,0
2021,Basque Country,Motorways,Multiple or chain collision,2,0,0,0,0,0,0,0,0,0,0
2021,Basque Country,Motorways,Collision with obstacle or road element,5,0,0,0,0,0,0,0,0,0,0
2021,Basque Country,Motorways,Pedestrian struck,1,0,0,0,0,0,0,0,0,0,0
2021,Basque Country,Motorways,Animal struck,4,0,0,0,0,0,0,0,0,0,0
2021,Basque Country,Motorways,Overturn,2,0,0,0,0,0,0,0,0,0,0
2021,Basque Country,Motorways,Fall (rider or occupant),5,1,1,0,0,0,1,0,0,0,0
2021,Basque Country,Motorways,Run-off road,124,2,3,0,0,0,1,2,0,0,0
2021,Basque Country,Motorways,Other crash type,4,0,0,0,0,0,0,0,0,0,0
2021,Basque Country,Other roads,Head-on collision,27,1,1,0,0,0,0,1,0,0,0
2021,Basque Country,Other roads,Head-on/side collision,108,4,4,0,2,0,1,1,0,0,0
2021,Basque Country,Other roads,Side collision,42,1,1,0,1,0,0,0,0,0,0
2021,Basque Country,Other roads,Rear-end collision,145,0,0,0,0,0,0,0,0,0,0
2021,Basque Country,Other roads,Multiple or chain collision,6,1,1,0,0,0,1,0,0,0,0
2021,Basque Country,Other roads,Collision with obstacle or road element,9,0,0,0,0,0,0,0,0,0,0
2021,Basque Country,Other roads,Pedestrian struck,39,0,0,0,0,0,0,0,0,0,0
2021,Basque Country,Other roads,Animal struck,8,0,0,0,0,0,0,0,0,0,0
2021,Basque Country,Other roads,Overturn,4,0,0,0,0,0,0,0,0,0,0
2021,Basque Country,Other roads,Fall (rider or occupant),147,0,0,0,0,0,0,0,0,0,0
2021,Basque Country,Other roads,Run-off road,258,9,9,0,0,0,3,6,0,0,0
2021,Basque Country,Other roads,Other crash type,195,1,1,0,0,0,0,1,0,0,0
2021,La Rioja,Urban streets,Head-on collision,10,0,0,0,0,0,0,0,0,0,0
2021,La Rioja,Urban streets,Head-on/side collision,78,0,0,0,0,0,0,0,0,0,0
2021,La Rioja,Urban streets,Side collision,16,0,0,0,0,0,0,0,0,0,0
2021,La Rioja,Urban streets,Rear-end collision,51,0,0,0,0,0,0,0,0,0,0
2021,La Rioja,Urban streets,Multiple or chain collision,4,0,0,0,0,0,0,0,0,0,0
2021,La Rioja,Urban streets,Collision with obstacle or road element,2,0,0,0,0,0,0,0,0,0,0
2021,La Rioja,Urban streets,Pedestrian struck,92,2,2,2,0,0,0,0,0,0,0
2021,La Rioja,Urban streets,Animal struck,2,0,0,0,0,0,0,0,0,0,0
2021,La Rioja,Urban streets,Overturn,1,0,0,0,0,0,0,0,0,0,0
2021,La Rioja,Urban streets,Fall (rider or occupant),33,0,0,0,0,0,0,0,0,0,0
2021,La Rioja,Urban streets,Run-off road,17,1,1,0,0,0,1,0,0,0,0
2021,La Rioja,Urban streets,Other crash type,17,0,0,0,0,0,0,0,0,0,0
2021,La Rioja,Conventional roads,Head-on collision,12,0,0,0,0,0,0,0,0,0,0
2021,La Rioja,Conventional roads,Head-on/side collision,18,3,3,0,1,0,1,1,0,0,0
2021,La Rioja,Conventional roads,Side collision,10,0,0,0,0,0,0,0,0,0,0
2021,La Rioja,Conventional roads,Rear-end collision,16,0,0,0,0,0,0,0,0,0,0
2021,La Rioja,Conventional roads,Multiple or chain collision,3,0,0,0,0,0,0,0,0,0,0
2021,La Rioja,Conventional roads,Collision with obstacle or road element,1,0,0,0,0,0,0,0,0,0,0
2021,La Rioja,Conventional roads,Pedestrian struck,5,0,0,0,0,0,0,0,0,0,0
2021,La Rioja,Conventional roads,Animal struck,5,0,0,0,0,0,0,0,0,0,0
2021,La Rioja,Conventional roads,Fall (rider or occupant),18,1,1,0,0,1,0,0,0,0,0
2021,La Rioja,Conventional roads,Run-off road,70,1,1,0,0,0,0,1,0,0,0
2021,La Rioja,Conventional roads,Other crash type,2,0,0,0,0,0,0,0,0,0,0
2021,La Rioja,Dual carriageways,Head-on collision,1,0,0,0,0,0,0,0,0,0,0
2021,La Rioja,Dual carriageways,Head-on/side collision,2,0,0,0,0,0,0,0,0,0,0
2021,La Rioja,Dual carriageways,Side collision,3,0,0,0,0,0,0,0,0,0,0
2021,La Rioja,Dual carriageways,Rear-end collision,15,0,0,0,0,0,0,0,0,0,0
2021,La Rioja,Dual carriageways,Multiple or chain collision,3,0,0,0,0,0,0,0,0,0,0
2021,La Rioja,Dual carriageways,Collision with obstacle or road element,1,0,0,0,0,0,0,0,0,0,0
2021,La Rioja,Dual carriageways,Pedestrian struck,1,0,0,0,0,0,0,0,0,0,0
2021,La Rioja,Dual carriageways,Overturn,1,0,0,0,0,0,0,0,0,0,0
2021,La Rioja,Dual carriageways,Fall (rider or occupant),1,0,0,0,0,0,0,0,0,0,0
2021,La Rioja,Dual carriageways,Run-off road,5,0,0,0,0,0,0,0,0,0,0
2021,La Rioja,Dual carriageways,Other crash type,1,0,0,0,0,0,0,0,0,0,0
2021,La Rioja,Motorways,Side collision,1,0,0,0,0,0,0,0,0,0,0
2021,La Rioja,Motorways,Rear-end collision,2,0,0,0,0,0,0,0,0,0,0
2021,La Rioja,Motorways,Overturn,1,0,0,0,0,0,0,0,0,0,0
2021,La Rioja,Motorways,Run-off road,7,0,0,0,0,0,0,0,0,0,0
2021,La Rioja,Motorways,Other crash type,2,0,0,0,0,0,0,0,0,0,0
2021,La Rioja,Other roads,Head-on/side collision,2,1,1,0,1,0,0,0,0,0,0
2021,La Rioja,Other roads,Side collision,1,0,0,0,0,0,0,0,0,0,0
2021,La Rioja,Other roads,Rear-end collision,3,0,0,0,0,0,0,0,0,0,0
2021,La Rioja,Other roads,Collision with obstacle or road element,1,0,0,0,0,0,0,0,0,0,0
2021,La Rioja,Other roads,Pedestrian struck,2,0,0,0,0,0,0,0,0,0,0
2021,La Rioja,Other roads,Fall (rider or occupant),17,0,0,0,0,0,0,0,0,0,0
2021,La Rioja,Other roads,Run-off road,13,2,3,0,0,0,0,3,0,0,0
2021,Ceuta,Urban streets,Head-on collision,5,0,0,0,0,0,0,0,0,0,0
2021,Ceuta,Urban streets,Head-on/side collision,58,0,0,0,0,0,0,0,0,0,0
2021,Ceuta,Urban streets,Side collision,26,0,0,0,0,0,0,0,0,0,0
2021,Ceuta,Urban streets,Rear-end collision,64,0,0,0,0,0,0,0,0,0,0
2021,Ceuta,Urban streets,Multiple or chain collision,4,0,0,0,0,0,0,0,0,0,0
2021,Ceuta,Urban streets,Pedestrian struck,44,0,0,0,0,0,0,0,0,0,0
2021,Ceuta,Urban streets,Fall (rider or occupant),16,0,0,0,0,0,0,0,0,0,0
2021,Ceuta,Urban streets,Run-off road,6,0,0,0,0,0,0,0,0,0,0
2021,Ceuta,Urban streets,Other crash type,6,0,0,0,0,0,0,0,0,0,0
2021,Ceuta,Conventional roads,Head-on collision,1,0,0,0,0,0,0,0,0,0,0
2021,Ceuta,Conventional roads,Head-on/side collision,4,0,0,0,0,0,0,0,0,0,0
2021,Ceuta,Conventional roads,Side collision,2,0,0,0,0,0,0,0,0,0,0
2021,Ceuta,Conventional roads,Rear-end collision,1,0,0,0,0,0,0,0,0,0,0
2021,Ceuta,Conventional roads,Multiple or chain collision,1,0,0,0,0,0,0,0,0,0,0
2021,Ceuta,Conventional roads,Pedestrian struck,1,0,0,0,0,0,0,0,0,0,0
2021,Ceuta,Conventional roads,Fall (rider or occupant),1,0,0,0,0,0,0,0,0,0,0
2021,Ceuta,Dual carriageways,Run-off road,1,0,0,0,0,0,0,0,0,0,0
2021,Ceuta,Other roads,Head-on collision,1,0,0,0,0,0,0,0,0,0,0
2021,Ceuta,Other roads,Side collision,1,0,0,0,0,0,0,0,0,0,0
2021,Ceuta,Other roads,Pedestrian struck,1,0,0,0,0,0,0,0,0,0,0
2021,Melilla,Urban streets,Head-on collision,18,0,0,0,0,0,0,0,0,0,0
2021,Melilla,Urban streets,Head-on/side collision,120,0,0,0,0,0,0,0,0,0,0
2021,Melilla,Urban streets,Side collision,28,0,0,0,0,0,0,0,0,0,0
2021,Melilla,Urban streets,Rear-end collision,35,0,0,0,0,0,0,0,0,0,0
2021,Melilla,Urban streets,Multiple or chain collision,7,0,0,0,0,0,0,0,0,0,0
2021,Melilla,Urban streets,Collision with obstacle or road element,4,0,0,0,0,0,0,0,0,0,0
2021,Melilla,Urban streets,Pedestrian struck,80,1,1,1,0,0,0,0,0,0,0
2021,Melilla,Urban streets,Fall (rider or occupant),13,0,0,0,0,0,0,0,0,0,0
2021,Melilla,Urban streets,Run-off road,8,0,0,0,0,0,0,0,0,0,0
2021,Melilla,Urban streets,Other crash type,9,0,0,0,0,0,0,0,0,0,0
2021,Melilla,Other roads,Head-on/side collision,3,0,0,0,0,0,0,0,0,0,0
2021,Melilla,Other roads,Side collision,1,0,0,0,0,0,0,0,0,0,0
2021,Melilla,Other roads,Rear-end collision,3,0,0,0,0,0,0,0,0,0,0
2021,Melilla,Other roads,Multiple or chain collision,1,0,0,0,0,0,0,0,0,0,0
2021,Melilla,Other roads,Pedestrian struck,3,0,0,0,0,0,0,0,0,0,0
2021,Melilla,Other roads,Overturn,2,0,0,0,0,0,0,0,0,0,0
2021,Melilla,Other roads,Fall (rider or occupant),2,0,0,0,0,0,0,0,0,0,0
2021,Melilla,Other roads,Run-off road,2,0,0,0,0,0,0,0,0,0,0
2022,Andalusia,Urban streets,Head-on collision,284,2,2,1,0,0,1,0,0,0,0
2022,Andalusia,Urban streets,Head-on/side collision,3494,8,8,0,1,1,6,0,0,0,0
2022,Andalusia,Urban streets,Side collision,939,2,2,0,0,1,1,0,0,0,0
2022,Andalusia,Urban streets,Rear-end collision,1866,1,1,0,0,0,1,0,0,0,0
2022,Andalusia,Urban streets,Multiple or chain collision,208,0,0,0,0,0,0,0,0,0,0
2022,Andalusia,Urban streets,Collision with obstacle or road element,179,5,5,0,0,1,1,2,0,0,1
2022,Andalusia,Urban streets,Pedestrian struck,1807,36,36,33,1,0,0,0,1,0,1
2022,Andalusia,Urban streets,Animal struck,9,0,0,0,0,0,0,0,0,0,0
2022,Andalusia,Urban streets,Overturn,78,0,0,0,0,0,0,0,0,0,0
2022,Andalusia,Urban streets,Fall (rider or occupant),1545,3,3,0,1,0,2,0,0,0,0
2022,Andalusia,Urban streets,Run-off road,497,21,22,2,0,1,8,8,1,0,2
2022,Andalusia,Urban streets,Other crash type,314,1,2,0,0,0,1,1,0,0,0
2022,Andalusia,Conventional roads,Head-on collision,235,32,39,0,2,1,8,27,1,0,0
2022,Andalusia,Conventional roads,Head-on/side collision,585,22,26,0,1,0,6,17,1,1,0
2022,Andalusia,Conventional roads,Side collision,190,2,2,0,1,0,1,0,0,0,0
2022,Andalusia,Conventional roads,Rear-end collision,347,6,6,0,2,1,1,1,1,0,0
2022,Andalusia,Conventional roads,Multiple or chain collision,68,0,0,0,0,0,0,0,0,0,0
2022,Andalusia,Conventional roads,Collision with obstacle or road element,27,0,0,0,0,0,0,0,0,0,0
2022,Andalusia,Conventional roads,Pedestrian struck,61,11,11,11,0,0,0,0,0,0,0
2022,Andalusia,Conventional roads,Animal struck,58,1,1,0,0,1,0,0,0,0,0
2022,Andalusia,Conventional roads,Overturn,30,0,0,0,0,0,0,0,0,0,0
2022,Andalusia,Conventional roads,Fall (rider or occupant),111,2,2,0,1,0,1,0,0,0,0
2022,Andalusia,Conventional roads,Run-off road,1191,63,66,0,3,1,17,36,5,4,0
2022,Andalusia,Conventional roads,Other crash type,34,1,1,0,0,0,0,1,0,0,0
2022,Andalusia,Dual carriageways,Head-on collision,17,0,0,0,0,0,0,0,0,0,0
2022,Andalusia,Dual carriageways,Head-on/side collision,103,1,1,0,0,0,0,1,0,0,0
2022,Andalusia,Dual carriageways,Side collision,180,3,3,1,0,0,2,0,0,0,0
2022,Andalusia,Dual carriageways,Rear-end collision,558,9,9,0,1,1,2,2,1,1,1
2022,Andalusia,Dual carriageways,Multiple or chain collision,176,5,6,0,0,0,0,4,1,1,0
2022,Andalusia,Dual carriageways,Collision with obstacle or road element,44,4,4,0,0,0,1,2,0,1,0
2022,Andalusia,Dual carriageways,Pedestrian struck,30,9,9,9,0,0,0,0,0,0,0
2022,Andalusia,Dual carriageways,Animal struck,7,0,0,0,0,0,0,0,0,0,0
2022,Andalusia,Dual carriageways,Overturn,14,0,0,0,0,0,0,0,0,0,0
2022,Andalusia,Dual carriageways,Fall (rider or occupant),51,1,1,0,0,0,1,0,0,0,0
2022,Andalusia,Dual carriageways,Run-off road,516,34,40,0,0,0,12,20,4,4,0
2022,Andalusia,Dual carriageways,Other crash type,15,0,0,0,0,0,0,0,0,0,0
2022,Andalusia,Motorways,Head-on/side collision,3,0,0,0,0,0,0,0,0,0,0
2022,Andalusia,Motorways,Side collision,18,0,0,0,0,0,0,0,0,0,0
2022,Andalusia,Motorways,Rear-end collision,38,0,0,0,0,0,0,0,0,0,0
2022,Andalusia,Motorways,Multiple or chain collision,20,0,0,0,0,0,0,0,0,0,0
2022,Andalusia,Motorways,Collision with obstacle or road element,1,0,0,0,0,0,0,0,0,0,0
2022,Andalusia,Motorways,Pedestrian struck,2,2,2,2,0,0,0,0,0,0,0
2022,Andalusia,Motorways,Animal struck,1,0,0,0,0,0,0,0,0,0,0
2022,Andalusia,Motorways,Overturn,3,1,1,0,0,0,0,1,0,0,0
2022,Andalusia,Motorways,Fall (rider or occupant),4,0,0,0,0,0,0,0,0,0,0
2022,Andalusia,Motorways,Run-off road,35,1,2,1,0,0,0,1,0,0,0
2022,Andalusia,Other roads,Head-on collision,47,0,0,0,0,0,0,0,0,0,0
2022,Andalusia,Other roads,Head-on/side collision,157,1,1,0,0,0,0,1,0,0,0
2022,Andalusia,Other roads,Side collision,44,1,1,0,0,1,0,0,0,0,0
2022,Andalusia,Other roads,Rear-end collision,87,0,0,0,0,0,0,0,0,0,0
2022,Andalusia,Other roads,Multiple or chain collision,10,0,0,0,0,0,0,0,0,0,0
2022,Andalusia,Other roads,Collision with obstacle or road element,13,0,0,0,0,0,0,0,0,0,0
2022,Andalusia,Other roads,Pedestrian struck,82,0,0,0,0,0,0,0,0,0,0
2022,Andalusia,Other roads,Animal struck,2,0,0,0,0,0,0,0,0,0,0
2022,Andalusia,Other roads,Overturn,14,0,0,0,0,0,0,0,0,0,0
2022,Andalusia,Other roads,Fall (rider or occupant),79,1,1,0,0,0,1,0,0,0,0
2022,Andalusia,Other roads,Run-off road,142,15,17,0,0,0,4,10,1,0,2
2022,Andalusia,Other roads,Other crash type,26,0,0,0,0,0,0,0,0,0,0
2022,Aragon,Urban streets,Head-on collision,24,1,1,0,0,0,0,1,0,0,0
2022,Aragon,Urban streets,Head-on/side collision,344,1,1,0,0,0,0,0,0,0,1
2022,Aragon,Urban streets,Side collision,104,0,0,0,0,0,0,0,0,0,0
2022,Aragon,Urban streets,Rear-end collision,190,0,0,0,0,0,0,0,0,0,0
2022,Aragon,Urban streets,Multiple or chain collision,8,0,0,0,0,0,0,0,0,0,0
2022,Aragon,Urban streets,Collision with obstacle or road element,15,0,0,0,0,0,0,0,0,0,0
2022,Aragon,Urban streets,Pedestrian struck,246,11,11,11,0,0,0,0,0,0,0
2022,Aragon,Urban streets,Animal struck,1,0,0,0,0,0,0,0,0,0,0
2022,Aragon,Urban streets,Overturn,5,0,0,0,0,0,0,0,0,0,0
2022,Aragon,Urban streets,Fall (rider or occupant),165,1,1,0,0,0,0,0,0,0,1
2022,Aragon,Urban streets,Run-off road,67,1,1,0,0,0,0,0,0,1,0
2022,Aragon,Urban streets,Other crash type,57,0,0,0,0,0,0,0,0,0,0
2022,Aragon,Conventional roads,Head-on collision,39,8,13,0,0,0,0,12,1,0,0
2022,Aragon,Conventional roads,Head-on/side collision,95,10,10,0,0,0,6,3,1,0,0
2022,Aragon,Conventional roads,Side collision,22,0,0,0,0,0,0,0,0,0,0
2022,Aragon,Conventional roads,Rear-end collision,39,1,3,0,0,0,0,3,0,0,0
2022,Aragon,Conventional roads,Multiple or chain collision,8,0,0,0,0,0,0,0,0,0,0
2022,Aragon,Conventional roads,Collision with obstacle or road element,5,0,0,0,0,0,0,0,0,0,0
2022,Aragon,Conventional roads,Pedestrian struck,16,2,2,2,0,0,0,0,0,0,0
2022,Aragon,Conventional roads,Animal struck,17,0,0,0,0,0,0,0,0,0,0
2022,Aragon,Conventional roads,Overturn,8,0,0,0,0,0,0,0,0,0,0
2022,Aragon,Conventional roads,Fall (rider or occupant),33,1,1,0,1,0,0,0,0,0,0
2022,Aragon,Conventional roads,Run-off road,352,18,19,0,0,0,7,10,2,0,0
2022,Aragon,Conventional roads,Other crash type,1,0,0,0,0,0,0,0,0,0,0
2022,Aragon,Dual carriageways,Head-on collision,2,0,0,0,0,0,0,0,0,0,0
2022,Aragon,Dual carriageways,Head-on/side collision,14,0,0,0,0,0,0,0,0,0,0
2022,Aragon,Dual carriageways,Side collision,17,0,0,0,0,0,0,0,0,0,0
2022,Aragon,Dual carriageways,Rear-end collision,72,2,2,0,0,0,2,0,0,0,0
2022,Aragon,Dual carriageways,Multiple or chain collision,17,0,0,0,0,0,0,0,0,0,0
2022,Aragon,Dual carriageways,Collision with obstacle or road element,8,0,0,0,0,0,0,0,0,0,0
2022,Aragon,Dual carriageways,Pedestrian struck,4,3,3,3,0,0,0,0,0,0,0
2022,Aragon,Dual carriageways,Animal struck,4,0,0,0,0,0,0,0,0,0,0
2022,Aragon,Dual carriageways,Overturn,5,0,0,0,0,0,0,0,0,0,0
2022,Aragon,Dual carriageways,Fall (rider or occupant),16,0,0,0,0,0,0,0,0,0,0
2022,Aragon,Dual carriageways,Run-off road,83,1,1,0,0,0,0,0,1,0,0
2022,Aragon,Dual carriageways,Other crash type,3,0,0,0,0,0,0,0,0,0,0
2022,Aragon,Motorways,Head-on collision,1,1,2,0,0,0,0,2,0,0,0
2022,Aragon,Motorways,Head-on/side collision,1,0,0,0,0,0,0,0,0,0,0
2022,Aragon,Motorways,Rear-end collision,9,2,2,0,0,0,0,0,0,2,0
2022,Aragon,Motorways,Multiple or chain collision,3,1,1,0,0,0,0,1,0,0,0
2022,Aragon,Motorways,Collision with obstacle or road element,4,0,0,0,0,0,0,0,0,0,0
2022,Aragon,Motorways,Run-off road,15,1,1,0,0,0,0,1,0,0,0
2022,Aragon,Motorways,Other crash type,1,0,0,0,0,0,0,0,0,0,0
2022,Aragon,Other roads,Head-on collision,4,0,0,0,0,0,0,0,0,0,0
2022,Aragon,Other roads,Head-on/side collision,8,0,0,0,0,0,0,0,0,0,0
2022,Aragon,Other roads,Side collision,3,0,0,0,0,0,0,0,0,0,0
2022,Aragon,Other roads,Rear-end collision,18,0,0,0,0,0,0,0,0,0,0
2022,Aragon,Other roads,Pedestrian struck,11,1,1,1,0,0,0,0,0,0,0
2022,Aragon,Other roads,Animal struck,1,0,0,0,0,0,0,0,0,0,0
2022,Aragon,Other roads,Overturn,3,0,0,0,0,0,0,0,0,0,0
2022,Aragon,Other roads,Fall (rider or occupant),24,1,1,0,0,0,1,0,0,0,0
2022,Aragon,Other roads,Run-off road,39,3,3,0,0,0,1,1,1,0,0
2022,Asturias,Urban streets,Head-on collision,22,0,0,0,0,0,0,0,0,0,0
2022,Asturias,Urban streets,Head-on/side collision,228,1,1,0,0,0,1,0,0,0,0
2022,Asturias,Urban streets,Side collision,61,0,0,0,0,0,0,0,0,0,0
2022,Asturias,Urban streets,Rear-end collision,127,0,0,0,0,0,0,0,0,0,0
2022,Asturias,Urban streets,Multiple or chain collision,12,0,0,0,0,0,0,0,0,0,0
2022,Asturias,Urban streets,Collision with obstacle or road element,19,0,0,0,0,0,0,0,0,0,0
2022,Asturias,Urban streets,Pedestrian struck,245,2,2,2,0,0,0,0,0,0,0
2022,Asturias,Urban streets,Animal struck,2,0,0,0,0,0,0,0,0,0,0
2022,Asturias,Urban streets,Overturn,7,0,0,0,0,0,0,0,0,0,0
2022,Asturias,Urban streets,Fall (rider or occupant),121,0,0,0,0,0,0,0,0,0,0
2022,Asturias,Urban streets,Run-off road,55,3,3,0,1,0,1,1,0,0,0
2022,Asturias,Urban streets,Other crash type,43,0,0,0,0,0,0,0,0,0,0
2022,Asturias,Conventional roads,Head-on collision,53,1,1,0,0,0,0,1,0,0,0
2022,Asturias,Conventional roads,Head-on/side collision,102,1,1,0,1,0,0,0,0,0,0
2022,Asturias,Conventional roads,Side collision,32,0,0,0,0,0,0,0,0,0,0
2022,Asturias,Conventional roads,Rear-end collision,65,0,0,0,0,0,0,0,0,0,0
2022,Asturias,Conventional roads,Multiple or chain collision,16,1,1,0,0,0,0,1,0,0,0
2022,Asturias,Conventional roads,Collision with obstacle or road element,7,0,0,0,0,0,0,0,0,0,0
2022,Asturias,Conventional roads,Pedestrian struck,20,2,2,2,0,0,0,0,0,0,0
2022,Asturias,Conventional roads,Animal struck,14,0,0,0,0,0,0,0,0,0,0
2022,Asturias,Conventional roads,Overturn,18,0,0,0,0,0,0,0,0,0,0
2022,Asturias,Conventional roads,Fall (rider or occupant),40,0,0,0,0,0,0,0,0,0,0
2022,Asturias,Conventional roads,Run-off road,203,12,12,0,0,0,3,5,0,0,4
2022,Asturias,Conventional roads,Other crash type,4,0,0,0,0,0,0,0,0,0,0
2022,Asturias,Dual carriageways,Head-on collision,1,0,0,0,0,0,0,0,0,0,0
2022,Asturias,Dual carriageways,Head-on/side collision,5,0,0,0,0,0,0,0,0,0,0
2022,Asturias,Dual carriageways,Side collision,11,0,0,0,0,0,0,0,0,0,0
2022,Asturias,Dual carriageways,Rear-end collision,45,2,2,0,0,0,0,2,0,0,0
2022,Asturias,Dual carriageways,Multiple or chain collision,15,1,1,0,0,0,0,1,0,0,0
2022,Asturias,Dual carriageways,Collision with obstacle or road element,3,0,0,0,0,0,0,0,0,0,0
2022,Asturias,Dual carriageways,Pedestrian struck,2,1,1,1,0,0,0,0,0,0,0
2022,Asturias,Dual carriageways,Animal struck,9,0,0,0,0,0,0,0,0,0,0
2022,Asturias,Dual carriageways,Fall (rider or occupant),1,0,0,0,0,0,0,0,0,0,0
2022,Asturias,Dual carriageways,Run-off road,69,3,3,0,0,0,3,0,0,0,0
2022,Asturias,Dual carriageways,Other crash type,1,0,0,0,0,0,0,0,0,0,0
2022,Asturias,Motorways,Rear-end collision,1,0,0,0,0,0,0,0,0,0,0
2022,Asturias,Motorways,Animal struck,1,0,0,0,0,0,0,0,0,0,0
2022,Asturias,Motorways,Run-off road,4,0,0,0,0,0,0,0,0,0,0
2022,Asturias,Other roads,Head-on collision,3,0,0,0,0,0,0,0,0,0,0
2022,Asturias,Other roads,Head-on/side collision,11,0,0,0,0,0,0,0,0,0,0
2022,Asturias,Other roads,Side collision,6,0,0,0,0,0,0,0,0,0,0
2022,Asturias,Other roads,Rear-end collision,9,0,0,0,0,0,0,0,0,0,0
2022,Asturias,Other roads,Multiple or chain collision,1,0,0,0,0,0,0,0,0,0,0
2022,Asturias,Other roads,Collision with obstacle or road element,1,0,0,0,0,0,0,0,0,0,0
2022,Asturias,Other roads,Pedestrian struck,10,1,1,1,0,0,0,0,0,0,0
2022,Asturias,Other roads,Overturn,3,0,0,0,0,0,0,0,0,0,0
2022,Asturias,Other roads,Fall (rider or occupant),12,0,0,0,0,0,0,0,0,0,0
2022,Asturias,Other roads,Run-off road,21,3,3,0,0,1,0,0,1,0,1
2022,Asturias,Other roads,Other crash type,1,0,0,0,0,0,0,0,0,0,0
2022,Balearic Islands,Urban streets,Head-on collision,68,0,0,0,0,0,0,0,0,0,0
2022,Balearic Islands,Urban streets,Head-on/side collision,535,0,0,0,0,0,0,0,0,0,0
2022,Balearic Islands,Urban streets,Side collision,188,1,1,0,0,0,1,0,0,0,0
2022,Balearic Islands,Urban streets,Rear-end collision,241,0,0,0,0,0,0,0,0,0,0
2022,Balearic Islands,Urban streets,Multiple or chain collision,17,0,0,0,0,0,0,0,0,0,0
2022,Balearic Islands,Urban streets,Collision with obstacle or road element,67,0,0,0,0,0,0,0,0,0,0
2022,Balearic Islands,Urban streets,Pedestrian struck,292,4,4,4,0,0,0,0,0,0,0
2022,Balearic Islands,Urban streets,Animal struck,5,0,0,0,0,0,0,0,0,0,0
2022,Balearic Islands,Urban streets,Overturn,14,0,0,0,0,0,0,0,0,0,0
2022,Balearic Islands,Urban streets,Fall (rider or occupant),257,0,0,0,0,0,0,0,0,0,0
2022,Balearic Islands,Urban streets,Run-off road,81,4,4,1,0,0,3,0,0,0,0
2022,Balearic Islands,Urban streets,Other crash type,57,0,0,0,0,0,0,0,0,0,0
2022,Balearic Islands,Conventional roads,Head-on collision,77,8,11,0,0,0,1,9,1,0,0
2022,Balearic Islands,Conventional roads,Head-on/side collision,205,5,5,0,0,2,3,0,0,0,0
2022,Balearic Islands,Conventional roads,Side collision,45,1,1,0,0,0,0,1,0,0,0
2022,Balearic Islands,Conventional roads,Rear-end collision,128,1,1,0,0,1,0,0,0,0,0
2022,Balearic Islands,Conventional roads,Multiple or chain collision,34,0,0,0,0,0,0,0,0,0,0
2022,Balearic Islands,Conventional roads,Collision with obstacle or road element,6,0,0,0,0,0,0,0,0,0,0
2022,Balearic Islands,Conventional roads,Pedestrian struck,17,1,1,1,0,0,0,0,0,0,0
2022,Balearic Islands,Conventional roads,Animal struck,2,0,0,0,0,0,0,0,0,0,0
2022,Balearic Islands,Conventional roads,Overturn,2,0,0,0,0,0,0,0,0,0,0
2022,Balearic Islands,Conventional roads,Fall (rider or occupant),43,0,0,0,0,0,0,0,0,0,0
2022,Balearic Islands,Conventional roads,Run-off road,225,6,6,0,1,0,2,3,0,0,0
2022,Balearic Islands,Conventional roads,Other crash type,17,0,0,0,0,0,0,0,0,0,0
2022,Balearic Islands,Dual carriageways,Head-on/side collision,26,0,0,0,0,0,0,0,0,0,0
2022,Balearic Islands,Dual carriageways,Side collision,13,0,0,0,0,0,0,0,0,0,0
2022,Balearic Islands,Dual carriageways,Rear-end collision,21,0,0,0,0,0,0,0,0,0,0
2022,Balearic Islands,Dual carriageways,Multiple or chain collision,6,0,0,0,0,0,0,0,0,0,0
2022,Balearic Islands,Dual carriageways,Collision with obstacle or road element,1,0,0,0,0,0,0,0,0,0,0
2022,Balearic Islands,Dual carriageways,Pedestrian struck,1,0,0,0,0,0,0,0,0,0,0
2022,Balearic Islands,Dual carriageways,Fall (rider or occupant),3,0,0,0,0,0,0,0,0,0,0
2022,Balearic Islands,Dual carriageways,Run-off road,26,0,0,0,0,0,0,0,0,0,0
2022,Balearic Islands,Dual carriageways,Other crash type,3,0,0,0,0,0,0,0,0,0,0
2022,Balearic Islands,Motorways,Head-on collision,1,0,0,0,0,0,0,0,0,0,0
2022,Balearic Islands,Motorways,Head-on/side collision,8,0,0,0,0,0,0,0,0,0,0
2022,Balearic Islands,Motorways,Side collision,13,0,0,0,0,0,0,0,0,0,0
2022,Balearic Islands,Motorways,Rear-end collision,69,1,1,0,1,0,0,0,0,0,0
2022,Balearic Islands,Motorways,Multiple or chain collision,27,0,0,0,0,0,0,0,0,0,0
2022,Balearic Islands,Motorways,Collision with obstacle or road element,1,0,0,0,0,0,0,0,0,0,0
2022,Balearic Islands,Motorways,Pedestrian struck,2,0,0,0,0,0,0,0,0,0,0
2022,Balearic Islands,Motorways,Animal struck,1,0,0,0,0,0,0,0,0,0,0
2022,Balearic Islands,Motorways,Overturn,3,0,0,0,0,0,0,0,0,0,0
2022,Balearic Islands,Motorways,Fall (rider or occupant),3,0,0,0,0,0,0,0,0,0,0
2022,Balearic Islands,Motorways,Run-off road,41,1,1,0,0,0,1,0,0,0,0
2022,Balearic Islands,Other roads,Head-on collision,13,0,0,0,0,0,0,0,0,0,0
2022,Balearic Islands,Other roads,Head-on/side collision,39,0,0,0,0,0,0,0,0,0,0
2022,Balearic Islands,Other roads,Side collision,12,0,0,0,0,0,0,0,0,0,0
2022,Balearic Islands,Other roads,Rear-end collision,22,0,0,0,0,0,0,0,0,0,0
2022,Balearic Islands,Other roads,Multiple or chain collision,1,0,0,0,0,0,0,0,0,0,0
2022,Balearic Islands,Other roads,Collision with obstacle or road element,4,0,0,0,0,0,0,0,0,0,0
2022,Balearic Islands,Other roads,Pedestrian struck,10,0,0,0,0,0,0,0,0,0,0
2022,Balearic Islands,Other roads,Animal struck,1,0,0,0,0,0,0,0,0,0,0
2022,Balearic Islands,Other roads,Fall (rider or occupant),24,0,0,0,0,0,0,0,0,0,0
2022,Balearic Islands,Other roads,Run-off road,53,2,2,0,0,0,1,0,1,0,0
2022,Balearic Islands,Other roads,Other crash type,7,0,0,0,0,0,0,0,0,0,0
2022,Canary Islands,Urban streets,Head-on collision,50,1,1,0,0,0,1,0,0,0,0
2022,Canary Islands,Urban streets,Head-on/side collision,595,3,3,0,1,0,1,1,0,0,0
2022,Canary Islands,Urban streets,Side collision,156,0,0,0,0,0,0,0,0,0,0
2022,Canary Islands,Urban streets,Rear-end collision,369,0,0,0,0,0,0,0,0,0,0
2022,Canary Islands,Urban streets,Multiple or chain collision,23,0,0,0,0,0,0,0,0,0,0
2022,Canary Islands,Urban streets,Collision with obstacle or road element,35,1,1,0,0,0,0,1,0,0,0
2022,Canary Islands,Urban streets,Pedestrian struck,385,8,8,8,0,0,0,0,0,0,0
2022,Canary Islands,Urban streets,Animal struck,2,0,0,0,0,0,0,0,0,0,0
2022,Canary Islands,Urban streets,Overturn,16,0,0,0,0,0,0,0,0,0,0
2022,Canary Islands,Urban streets,Fall (rider or occupant),235,0,0,0,0,0,0,0,0,0,0
2022,Canary Islands,Urban streets,Run-off road,177,2,2,0,0,0,2,0,0,0,0
2022,Canary Islands,Urban streets,Other crash type,81,1,1,0,0,0,0,1,0,0,0
2022,Canary Islands,Conventional roads,Head-on collision,87,8,9,0,0,0,1,5,3,0,0
2022,Canary Islands,Conventional roads,Head-on/side collision,218,2,2,0,0,0,1,1,0,0,0
2022,Canary Islands,Conventional roads,Side collision,64,2,2,0,0,0,2,0,0,0,0
2022,Canary Islands,Conventional roads,Rear-end collision,172,1,1,0,0,0,0,1,0,0,0
2022,Canary Islands,Conventional roads,Multiple or chain collision,33,1,1,0,0,0,0,0,1,0,0
2022,Canary Islands,Conventional roads,Collision with obstacle or road element,6,0,0,0,0,0,0,0,0,0,0
2022,Canary Islands,Conventional roads,Pedestrian struck,51,6,6,6,0,0,0,0,0,0,0
2022,Canary Islands,Conventional roads,Animal struck,3,0,0,0,0,0,0,0,0,0,0
2022,Canary Islands,Conventional roads,Overturn,4,0,0,0,0,0,0,0,0,0,0
2022,Canary Islands,Conventional roads,Fall (rider or occupant),72,0,0,0,0,0,0,0,0,0,0
2022,Canary Islands,Conventional roads,Run-off road,388,9,10,1,1,0,4,4,0,0,0
2022,Canary Islands,Conventional roads,Other crash type,21,0,0,0,0,0,0,0,0,0,0
2022,Canary Islands,Dual carriageways,Head-on collision,3,1,2,0,0,0,0,2,0,0,0
2022,Canary Islands,Dual carriageways,Head-on/side collision,25,0,0,0,0,0,0,0,0,0,0
2022,Canary Islands,Dual carriageways,Side collision,41,0,0,0,0,0,0,0,0,0,0
2022,Canary Islands,Dual carriageways,Rear-end collision,133,1,1,0,1,0,0,0,0,0,0
2022,Canary Islands,Dual carriageways,Multiple or chain collision,57,0,0,0,0,0,0,0,0,0,0
2022,Canary Islands,Dual carriageways,Collision with obstacle or road element,11,0,0,0,0,0,0,0,0,0,0
2022,Canary Islands,Dual carriageways,Pedestrian struck,9,2,2,2,0,0,0,0,0,0,0
2022,Canary Islands,Dual carriageways,Overturn,1,0,0,0,0,0,0,0,0,0,0
2022,Canary Islands,Dual carriageways,Fall (rider or occupant),18,0,0,0,0,0,0,0,0,0,0
2022,Canary Islands,Dual carriageways,Run-off road,72,2,2,0,0,0,0,1,0,1,0
2022,Canary Islands,Dual carriageways,Other crash type,2,0,0,0,0,0,0,0,0,0,0
2022,Canary Islands,Motorways,Head-on collision,4,0,0,0,0,0,0,0,0,0,0
2022,Canary Islands,Motorways,Head-on/side collision,25,0,0,0,0,0,0,0,0,0,0
2022,Canary Islands,Motorways,Side collision,26,0,0,0,0,0,0,0,0,0,0
2022,Canary Islands,Motorways,Rear-end collision,167,1,1,0,0,0,0,1,0,0,0
2022,Canary Islands,Motorways,Multiple or chain collision,79,0,0,0,0,0,0,0,0,0,0
2022,Canary Islands,Motorways,Collision with obstacle or road element,3,0,0,0,0,0,0,0,0,0,0
2022,Canary Islands,Motorways,Pedestrian struck,4,4,4,4,0,0,0,0,0,0,0
2022,Canary Islands,Motorways,Overturn,3,0,0,0,0,0,0,0,0,0,0
2022,Canary Islands,Motorways,Fall (rider or occupant),13,0,0,0,0,0,0,0,0,0,0
2022,Canary Islands,Motorways,Run-off road,100,2,2,0,0,0,1,1,0,0,0
2022,Canary Islands,Motorways,Other crash type,2,0,0,0,0,0,0,0,0,0,0
2022,Canary Islands,Other roads,Head-on collision,4,1,1,0,0,0,1,0,0,0,0
2022,Canary Islands,Other roads,Head-on/side collision,38,0,0,0,0,0,0,0,0,0,0
2022,Canary Islands,Other roads,Side collision,13,0,0,0,0,0,0,0,0,0,0
2022,Canary Islands,Other roads,Rear-end collision,32,0,0,0,0,0,0,0,0,0,0
2022,Canary Islands,Other roads,Multiple or chain collision,7,0,0,0,0,0,0,0,0,0,0
2022,Canary Islands,Other roads,Collision with obstacle or road element,2,0,0,0,0,0,0,0,0,0,0
2022,Canary Islands,Other roads,Pedestrian struck,15,0,0,0,0,0,0,0,0,0,0
2022,Canary Islands,Other roads,Fall (rider or occupant),17,1,1,0,0,0,0,0,0,0,1
2022,Canary Islands,Other roads,Run-off road,34,4,5,1,0,0,0,4,0,0,0
2022,Canary Islands,Other roads,Other crash type,2,0,0,0,0,0,0,0,0,0,0
2022,Cantabria,Urban streets,Head-on collision,7,0,0,0,0,0,0,0,0,0,0
2022,Cantabria,Urban streets,Head-on/side collision,114,0,0,0,0,0,0,0,0,0,0
2022,Cantabria,Urban streets,Side collision,50,0,0,0,0,0,0,0,0,0,0
2022,Cantabria,Urban streets,Rear-end collision,65,0,0,0,0,0,0,0,0,0,0
2022,Cantabria,Urban streets,Multiple or chain collision,14,0,0,0,0,0,0,0,0,0,0
2022,Cantabria,Urban streets,Collision with obstacle or road element,6,0,0,0,0,0,0,0,0,0,0
2022,Cantabria,Urban streets,Pedestrian struck,103,3,3,3,0,0,0,0,0,0,0
2022,Cantabria,Urban streets,Fall (rider or occupant),55,1,1,0,0,0,0,0,0,0,1
2022,Cantabria,Urban streets,Run-off road,29,3,3,1,0,1,0,1,0,0,0
2022,Cantabria,Urban streets,Other crash type,13,0,0,0,0,0,0,0,0,0,0
2022,Cantabria,Conventional roads,Head-on collision,22,3,3,0,1,0,0,2,0,0,0
2022,Cantabria,Conventional roads,Head-on/side collision,67,1,1,0,0,0,1,0,0,0,0
2022,Cantabria,Conventional roads,Side collision,24,0,0,0,0,0,0,0,0,0,0
2022,Cantabria,Conventional roads,Rear-end collision,43,0,0,0,0,0,0,0,0,0,0
2022,Cantabria,Conventional roads,Multiple or chain collision,13,0,0,0,0,0,0,0,0,0,0
2022,Cantabria,Conventional roads,Collision with obstacle or road element,3,0,0,0,0,0,0,0,0,0,0
2022,Cantabria,Conventional roads,Pedestrian struck,18,0,0,0,0,0,0,0,0,0,0
2022,Cantabria,Conventional roads,Animal struck,6,0,0,0,0,0,0,0,0,0,0
2022,Cantabria,Conventional roads,Fall (rider or occupant),30,0,0,0,0,0,0,0,0,0,0
2022,Cantabria,Conventional roads,Run-off road,109,5,5,0,1,0,0,4,0,0,0
2022,Cantabria,Conventional roads,Other crash type,3,0,0,0,0,0,0,0,0,0,0
2022,Cantabria,Dual carriageways,Head-on/side collision,3,0,0,0,0,0,0,0,0,0,0
2022,Cantabria,Dual carriageways,Side collision,14,0,0,0,0,0,0,0,0,0,0
2022,Cantabria,Dual carriageways,Rear-end collision,56,1,1,0,0,0,0,1,0,0,0
2022,Cantabria,Dual carriageways,Multiple or chain collision,19,0,0,0,0,0,0,0,0,0,0
2022,Cantabria,Dual carriageways,Collision with obstacle or road element,2,0,0,0,0,0,0,0,0,0,0
2022,Cantabria,Dual carriageways,Animal struck,1,0,0,0,0,0,0,0,0,0,0
2022,Cantabria,Dual carriageways,Overturn,2,0,0,0,0,0,0,0,0,0,0
2022,Cantabria,Dual carriageways,Fall (rider or occupant),3,0,0,0,0,0,0,0,0,0,0
2022,Cantabria,Dual carriageways,Run-off road,55,4,4,0,0,0,0,3,0,1,0
2022,Cantabria,Dual carriageways,Other crash type,2,0,0,0,0,0,0,0,0,0,0
2022,Cantabria,Other roads,Head-on collision,1,0,0,0,0,0,0,0,0,0,0
2022,Cantabria,Other roads,Head-on/side collision,10,0,0,0,0,0,0,0,0,0,0
2022,Cantabria,Other roads,Side collision,4,0,0,0,0,0,0,0,0,0,0
2022,Cantabria,Other roads,Rear-end collision,9,0,0,0,0,0,0,0,0,0,0
2022,Cantabria,Other roads,Collision with obstacle or road element,1,0,0,0,0,0,0,0,0,0,0
2022,Cantabria,Other roads,Pedestrian struck,11,0,0,0,0,0,0,0,0,0,0
2022,Cantabria,Other roads,Overturn,1,0,0,0,0,0,0,0,0,0,0
2022,Cantabria,Other roads,Fall (rider or occupant),12,0,0,0,0,0,0,0,0,0,0
2022,Cantabria,Other roads,Run-off road,7,0,0,0,0,0,0,0,0,0,0
2022,Cantabria,Other roads,Other crash type,2,0,0,0,0,0,0,0,0,0,0
2022,Castile and León,Urban streets,Head-on collision,35,1,1,1,0,0,0,0,0,0,0
2022,Castile and León,Urban streets,Head-on/side collision,361,1,1,0,0,0,1,0,0,0,0
2022,Castile and León,Urban streets,Side collision,109,0,0,0,0,0,0,0,0,0,0
2022,Castile and León,Urban streets,Rear-end collision,216,0,0,0,0,0,0,0,0,0,0
2022,Castile and León,Urban streets,Multiple or chain collision,23,0,0,0,0,0,0,0,0,0,0
2022,Castile and León,Urban streets,Collision with obstacle or road element,32,1,1,0,0,0,1,0,0,0,0
2022,Castile and León,Urban streets,Pedestrian struck,487,15,15,14,0,0,0,0,0,0,1
2022,Castile and León,Urban streets,Animal struck,1,0,0,0,0,0,0,0,0,0,0
2022,Castile and León,Urban streets,Overturn,12,0,0,0,0,0,0,0,0,0,0
2022,Castile and León,Urban streets,Fall (rider or occupant),198,1,1,0,0,0,1,0,0,0,0
2022,Castile and León,Urban streets,Run-off road,82,3,3,1,0,0,1,1,0,0,0
2022,Castile and León,Urban streets,Other crash type,61,1,1,0,0,0,0,1,0,0,0
2022,Castile and León,Conventional roads,Head-on collision,66,21,26,0,0,0,1,20,5,0,0
2022,Castile and León,Conventional roads,Head-on/side collision,180,15,18,0,1,1,3,9,3,1,0
2022,Castile and León,Conventional roads,Side collision,48,3,3,0,1,0,1,1,0,0,0
2022,Castile and León,Conventional roads,Rear-end collision,104,3,3,0,0,0,2,1,0,0,0
2022,Castile and León,Conventional roads,Multiple or chain collision,8,0,0,0,0,0,0,0,0,0,0
2022,Castile and León,Conventional roads,Collision with obstacle or road element,11,1,1,0,0,0,0,1,0,0,0
2022,Castile and León,Conventional roads,Pedestrian struck,49,8,8,8,0,0,0,0,0,0,0
2022,Castile and León,Conventional roads,Animal struck,61,0,0,0,0,0,0,0,0,0,0
2022,Castile and León,Conventional roads,Overturn,8,1,1,0,0,0,0,0,0,1,0
2022,Castile and León,Conventional roads,Fall (rider or occupant),52,2,2,0,1,0,1,0,0,0,0
2022,Castile and León,Conventional roads,Run-off road,685,50,54,2,0,0,9,31,7,5,0
2022,Castile and León,Conventional roads,Other crash type,16,0,0,0,0,0,0,0,0,0,0
2022,Castile and León,Dual carriageways,Head-on collision,2,1,2,0,0,0,0,2,0,0,0
2022,Castile and León,Dual carriageways,Head-on/side collision,12,1,1,0,0,0,0,1,0,0,0
2022,Castile and León,Dual carriageways,Side collision,13,0,0,0,0,0,0,0,0,0,0
2022,Castile and León,Dual carriageways,Rear-end collision,101,7,9,0,0,0,1,6,2,0,0
2022,Castile and León,Dual carriageways,Multiple or chain collision,14,0,0,0,0,0,0,0,0,0,0
2022,Castile and León,Dual carriageways,Collision with obstacle or road element,6,1,1,0,0,0,0,0,0,1,0
2022,Castile and León,Dual carriageways,Pedestrian struck,5,3,3,3,0,0,0,0,0,0,0
2022,Castile and León,Dual carriageways,Animal struck,6,0,0,0,0,0,0,0,0,0,0
2022,Castile and León,Dual carriageways,Overturn,6,0,0,0,0,0,0,0,0,0,0
2022,Castile and León,Dual carriageways,Fall (rider or occupant),9,0,0,0,0,0,0,0,0,0,0
2022,Castile and León,Dual carriageways,Run-off road,207,16,18,0,0,0,1,14,1,2,0
2022,Castile and León,Dual carriageways,Other crash type,3,0,0,0,0,0,0,0,0,0,0
2022,Castile and León,Motorways,Side collision,3,0,0,0,0,0,0,0,0,0,0
2022,Castile and León,Motorways,Rear-end collision,4,0,0,0,0,0,0,0,0,0,0
2022,Castile and León,Motorways,Multiple or chain collision,3,0,0,0,0,0,0,0,0,0,0
2022,Castile and León,Motorways,Collision with obstacle or road element,2,0,0,0,0,0,0,0,0,0,0
2022,Castile and León,Motorways,Pedestrian struck,1,0,0,0,0,0,0,0,0,0,0
2022,Castile and León,Motorways,Animal struck,1,0,0,0,0,0,0,0,0,0,0
2022,Castile and León,Motorways,Fall (rider or occupant),1,0,0,0,0,0,0,0,0,0,0
2022,Castile and León,Motorways,Run-off road,23,0,0,0,0,0,0,0,0,0,0
2022,Castile and León,Other roads,Head-on collision,5,0,0,0,0,0,0,0,0,0,0
2022,Castile and León,Other roads,Head-on/side collision,11,0,0,0,0,0,0,0,0,0,0
2022,Castile and León,Other roads,Side collision,17,0,0,0,0,0,0,0,0,0,0
2022,Castile and León,Other roads,Rear-end collision,26,0,0,0,0,0,0,0,0,0,0
2022,Castile and León,Other roads,Multiple or chain collision,2,0,0,0,0,0,0,0,0,0,0
2022,Castile and León,Other roads,Collision with obstacle or road element,4,0,0,0,0,0,0,0,0,0,0
2022,Castile and León,Other roads,Pedestrian struck,27,3,3,3,0,0,0,0,0,0,0
2022,Castile and León,Other roads,Animal struck,2,0,0,0,0,0,0,0,0,0,0
2022,Castile and León,Other roads,Overturn,4,0,0,0,0,0,0,0,0,0,0
2022,Castile and León,Other roads,Fall (rider or occupant),31,0,0,0,0,0,0,0,0,0,0
2022,Castile and León,Other roads,Run-off road,55,2,3,0,0,0,1,2,0,0,0
2022,Castile and León,Other roads,Other crash type,7,0,0,0,0,0,0,0,0,0,0
2022,Castile-La Mancha,Urban streets,Head-on collision,20,0,0,0,0,0,0,0,0,0,0
2022,Castile-La Mancha,Urban streets,Head-on/side collision,263,3,3,0,1,0,2,0,0,0,0
2022,Castile-La Mancha,Urban streets,Side collision,73,0,0,0,0,0,0,0,0,0,0
2022,Castile-La Mancha,Urban streets,Rear-end collision,94,0,0,0,0,0,0,0,0,0,0
2022,Castile-La Mancha,Urban streets,Multiple or chain collision,9,0,0,0,0,0,0,0,0,0,0
2022,Castile-La Mancha,Urban streets,Collision with obstacle or road element,25,0,0,0,0,0,0,0,0,0,0
2022,Castile-La Mancha,Urban streets,Pedestrian struck,268,2,2,2,0,0,0,0,0,0,0
2022,Castile-La Mancha,Urban streets,Animal struck,1,0,0,0,0,0,0,0,0,0,0
2022,Castile-La Mancha,Urban streets,Overturn,4,0,0,0,0,0,0,0,0,0,0
2022,Castile-La Mancha,Urban streets,Fall (rider or occupant),108,1,1,0,1,0,0,0,0,0,0
2022,Castile-La Mancha,Urban streets,Run-off road,57,1,1,0,0,0,0,1,0,0,0
2022,Castile-La Mancha,Urban streets,Other crash type,39,0,0,0,0,0,0,0,0,0,0
2022,Castile-La Mancha,Conventional roads,Head-on collision,49,11,12,0,0,0,0,12,0,0,0
2022,Castile-La Mancha,Conventional roads,Head-on/side collision,141,3,3,0,0,0,2,1,0,0,0
2022,Castile-La Mancha,Conventional roads,Side collision,39,0,0,0,0,0,0,0,0,0,0
2022,Castile-La Mancha,Conventional roads,Rear-end collision,91,4,4,0,1,0,0,1,1,0,1
2022,Castile-La Mancha,Conventional roads,Multiple or chain collision,16,0,0,0,0,0,0,0,0,0,0
2022,Castile-La Mancha,Conventional roads,Collision with obstacle or road element,4,0,0,0,0,0,0,0,0,0,0
2022,Castile-La Mancha,Conventional roads,Pedestrian struck,21,3,3,3,0,0,0,0,0,0,0
2022,Castile-La Mancha,Conventional roads,Animal struck,20,0,0,0,0,0,0,0,0,0,0
2022,Castile-La Mancha,Conventional roads,Overturn,10,0,0,0,0,0,0,0,0,0,0
2022,Castile-La Mancha,Conventional roads,Fall (rider or occupant),32,0,0,0,0,0,0,0,0,0,0
2022,Castile-La Mancha,Conventional roads,Run-off road,504,20,20,0,0,0,8,12,0,0,0
2022,Castile-La Mancha,Conventional roads,Other crash type,9,0,0,0,0,0,0,0,0,0,0
2022,Castile-La Mancha,Dual carriageways,Head-on collision,2,1,1,0,0,0,0,1,0,0,0
2022,Castile-La Mancha,Dual carriageways,Head-on/side collision,16,0,0,0,0,0,0,0,0,0,0
2022,Castile-La Mancha,Dual carriageways,Side collision,36,1,1,0,0,0,0,0,0,1,0
2022,Castile-La Mancha,Dual carriageways,Rear-end collision,160,8,9,0,0,0,1,4,3,1,0
2022,Castile-La Mancha,Dual carriageways,Multiple or chain collision,55,5,6,0,0,0,0,3,0,3,0
2022,Castile-La Mancha,Dual carriageways,Collision with obstacle or road element,9,1,1,0,0,0,1,0,0,0,0
2022,Castile-La Mancha,Dual carriageways,Pedestrian struck,3,2,2,2,0,0,0,0,0,0,0
2022,Castile-La Mancha,Dual carriageways,Animal struck,3,0,0,0,0,0,0,0,0,0,0
2022,Castile-La Mancha,Dual carriageways,Overturn,5,0,0,0,0,0,0,0,0,0,0
2022,Castile-La Mancha,Dual carriageways,Fall (rider or occupant),6,0,0,0,0,0,0,0,0,0,0
2022,Castile-La Mancha,Dual carriageways,Run-off road,215,14,14,0,0,0,1,9,1,3,0
2022,Castile-La Mancha,Dual carriageways,Other crash type,7,0,0,0,0,0,0,0,0,0,0
2022,Castile-La Mancha,Motorways,Rear-end collision,4,0,0,0,0,0,0,0,0,0,0
2022,Castile-La Mancha,Motorways,Run-off road,12,2,4,0,0,0,0,4,0,0,0
2022,Castile-La Mancha,Other roads,Head-on collision,11,0,0,0,0,0,0,0,0,0,0
2022,Castile-La Mancha,Other roads,Head-on/side collision,13,0,0,0,0,0,0,0,0,0,0
2022,Castile-La Mancha,Other roads,Side collision,8,0,0,0,0,0,0,0,0,0,0
2022,Castile-La Mancha,Other roads,Rear-end collision,12,0,0,0,0,0,0,0,0,0,0
2022,Castile-La Mancha,Other roads,Collision with obstacle or road element,2,0,0,0,0,0,0,0,0,0,0
2022,Castile-La Mancha,Other roads,Pedestrian struck,12,1,1,1,0,0,0,0,0,0,0
2022,Castile-La Mancha,Other roads,Overturn,8,0,0,0,0,0,0,0,0,0,0
2022,Castile-La Mancha,Other roads,Fall (rider or occupant),16,0,0,0,0,0,0,0,0,0,0
2022,Castile-La Mancha,Other roads,Run-off road,85,7,8,0,1,1,0,3,1,0,2
2022,Castile-La Mancha,Other roads,Other crash type,7,1,1,0,0,1,0,0,0,0,0
2022,Catalonia,Urban streets,Head-on collision,389,2,3,0,0,0,3,0,0,0,0
2022,Catalonia,Urban streets,Head-on/side collision,3338,11,11,0,0,0,8,2,0,0,1
2022,Catalonia,Urban streets,Side collision,2316,6,6,0,0,1,5,0,0,0,0
2022,Catalonia,Urban streets,Rear-end collision,1058,2,2,0,0,0,2,0,0,0,0
2022,Catalonia,Urban streets,Collision with obstacle or road element,519,9,9,0,0,1,4,3,0,0,1
2022,Catalonia,Urban streets,Pedestrian struck,2346,21,21,21,0,0,0,0,0,0,0
2022,Catalonia,Urban streets,Overturn,2045,3,3,0,0,0,3,0,0,0,0
2022,Catalonia,Urban streets,Run-off road,395,8,8,0,0,0,5,3,0,0,0
2022,Catalonia,Urban streets,Other crash type,2217,7,7,2,0,0,3,0,1,0,1
2022,Catalonia,Conventional roads,Head-on collision,361,48,59,0,1,3,9,43,3,0,0
2022,Catalonia,Conventional roads,Head-on/side collision,661,15,17,0,2,0,6,6,1,1,1
2022,Catalonia,Conventional roads,Side collision,402,4,4,0,0,0,3,1,0,0,0
2022,Catalonia,Conventional roads,Rear-end collision,923,7,7,0,2,2,2,0,0,0,1
2022,Catalonia,Conventional roads,Collision with obstacle or road element,120,2,2,0,0,0,1,1,0,0,0
2022,Catalonia,Conventional roads,Pedestrian struck,141,6,6,6,0,0,0,0,0,0,0
2022,Catalonia,Conventional roads,Overturn,676,6,6,0,2,0,4,0,0,0,0
2022,Catalonia,Conventional roads,Run-off road,1371,25,26,0,0,0,6,18,1,0,1
2022,Catalonia,Conventional roads,Other crash type,406,5,5,0,2,0,3,0,0,0,0
2022,Catalonia,Dual carriageways,Head-on collision,12,2,2,0,0,0,0,2,0,0,0
2022,Catalonia,Dual carriageways,Head-on/side collision,82,2,2,0,1,0,0,1,0,0,0
2022,Catalonia,Dual carriageways,Side collision,247,4,4,0,0,0,4,0,0,0,0
2022,Catalonia,Dual carriageways,Rear-end collision,513,3,3,0,1,1,0,1,0,0,0
2022,Catalonia,Dual carriageways,Collision with obstacle or road element,73,2,2,0,0,0,2,0,0,0,0
2022,Catalonia,Dual carriageways,Pedestrian struck,9,3,3,3,0,0,0,0,0,0,0
2022,Catalonia,Dual carriageways,Overturn,132,2,2,0,0,0,2,0,0,0,0
2022,Catalonia,Dual carriageways,Run-off road,268,6,6,0,0,0,3,3,0,0,0
2022,Catalonia,Dual carriageways,Other crash type,389,0,0,0,0,0,0,0,0,0,0
2022,Catalonia,Motorways,Head-on collision,6,0,0,0,0,0,0,0,0,0,0
2022,Catalonia,Motorways,Head-on/side collision,63,1,1,0,0,0,0,0,1,0,0
2022,Catalonia,Motorways,Side collision,238,1,1,0,0,0,0,1,0,0,0
2022,Catalonia,Motorways,Rear-end collision,772,9,11,0,0,0,2,5,1,3,0
2022,Catalonia,Motorways,Collision with obstacle or road element,61,1,1,0,0,0,1,0,0,0,0
2022,Catalonia,Motorways,Pedestrian struck,21,11,12,11,0,0,0,1,0,0,0
2022,Catalonia,Motorways,Overturn,110,3,3,0,0,0,3,0,0,0,0
2022,Catalonia,Motorways,Run-off road,247,6,6,0,0,0,4,1,0,1,0
2022,Catalonia,Motorways,Other crash type,131,3,3,0,0,0,1,2,0,0,0
2022,Catalonia,Other roads,Overturn,1,0,0,0,0,0,0,0,0,0,0
2022,Valencian Community,Urban streets,Head-on collision,158,3,3,1,0,0,1,1,0,0,0
2022,Valencian Community,Urban streets,Head-on/side collision,1818,4,4,0,1,0,2,1,0,0,0
2022,Valencian Community,Urban streets,Side collision,471,1,1,0,1,0,0,0,0,0,0
2022,Valencian Community,Urban streets,Rear-end collision,748,2,2,0,0,1,0,1,0,0,0
2022,Valencian Community,Urban streets,Multiple or chain collision,39,0,0,0,0,0,0,0,0,0,0
2022,Valencian Community,Urban streets,Collision with obstacle or road element,149,2,2,0,0,0,0,2,0,0,0
2022,Valencian Community,Urban streets,Pedestrian struck,1060,17,17,16,0,0,1,0,0,0,0
2022,Valencian Community,Urban streets,Animal struck,8,0,0,0,0,0,0,0,0,0,0
2022,Valencian Community,Urban streets,Overturn,29,1,1,0,0,0,0,0,0,0,1
2022,Valencian Community,Urban streets,Fall (rider or occupant),933,3,3,0,1,1,1,0,0,0,0
2022,Valencian Community,Urban streets,Run-off road,189,17,19,3,0,2,12,1,0,0,1
2022,Valencian Community,Urban streets,Other crash type,198,2,2,0,0,0,0,0,0,1,1
2022,Valencian Community,Conventional roads,Head-on collision,111,15,19,0,1,0,7,10,1,0,0
2022,Valencian Community,Conventional roads,Head-on/side collision,295,14,15,0,1,1,8,2,2,0,1
2022,Valencian Community,Conventional roads,Side collision,100,1,1,0,0,1,0,0,0,0,0
2022,Valencian Community,Conventional roads,Rear-end collision,228,4,4,0,3,0,1,0,0,0,0
2022,Valencian Community,Conventional roads,Multiple or chain collision,43,0,0,0,0,0,0,0,0,0,0
2022,Valencian Community,Conventional roads,Collision with obstacle or road element,20,0,0,0,0,0,0,0,0,0,0
2022,Valencian Community,Conventional roads,Pedestrian struck,37,5,5,5,0,0,0,0,0,0,0
2022,Valencian Community,Conventional roads,Animal struck,25,0,0,0,0,0,0,0,0,0,0
2022,Valencian Community,Conventional roads,Overturn,17,0,0,0,0,0,0,0,0,0,0
2022,Valencian Community,Conventional roads,Fall (rider or occupant),100,4,4,0,3,0,1,0,0,0,0
2022,Valencian Community,Conventional roads,Run-off road,555,20,20,1,0,0,11,5,1,1,1
2022,Valencian Community,Conventional roads,Other crash type,14,0,0,0,0,0,0,0,0,0,0
2022,Valencian Community,Dual carriageways,Head-on collision,13,3,7,0,0,0,1,6,0,0,0
2022,Valencian Community,Dual carriageways,Head-on/side collision,96,2,2,0,0,0,0,2,0,0,0
2022,Valencian Community,Dual carriageways,Side collision,136,1,1,0,0,0,1,0,0,0,0
2022,Valencian Community,Dual carriageways,Rear-end collision,387,4,4,0,0,1,0,2,0,1,0
2022,Valencian Community,Dual carriageways,Multiple or chain collision,108,3,4,0,0,0,0,3,0,1,0
2022,Valencian Community,Dual carriageways,Collision with obstacle or road element,27,2,2,0,0,0,0,2,0,0,0
2022,Valencian Community,Dual carriageways,Pedestrian struck,20,4,4,4,0,0,0,0,0,0,0
2022,Valencian Community,Dual carriageways,Animal struck,9,0,0,0,0,0,0,0,0,0,0
2022,Valencian Community,Dual carriageways,Overturn,14,0,0,0,0,0,0,0,0,0,0
2022,Valencian Community,Dual carriageways,Fall (rider or occupant),34,0,0,0,0,0,0,0,0,0,0
2022,Valencian Community,Dual carriageways,Run-off road,326,12,12,0,0,0,3,7,0,2,0
2022,Valencian Community,Dual carriageways,Other crash type,9,0,0,0,0,0,0,0,0,0,0
2022,Valencian Community,Motorways,Head-on collision,2,1,1,0,0,0,0,1,0,0,0
2022,Valencian Community,Motorways,Head-on/side collision,2,0,0,0,0,0,0,0,0,0,0
2022,Valencian Community,Motorways,Side collision,12,1,2,2,0,0,0,0,0,0,0
2022,Valencian Community,Motorways,Rear-end collision,59,1,1,0,0,0,0,0,1,0,0
2022,Valencian Community,Motorways,Multiple or chain collision,6,0,0,0,0,0,0,0,0,0,0
2022,Valencian Community,Motorways,Collision with obstacle or road element,4,1,1,0,0,0,0,0,0,1,0
2022,Valencian Community,Motorways,Pedestrian struck,3,0,0,0,0,0,0,0,0,0,0
2022,Valencian Community,Motorways,Overturn,1,0,0,0,0,0,0,0,0,0,0
2022,Valencian Community,Motorways,Fall (rider or occupant),3,0,0,0,0,0,0,0,0,0,0
2022,Valencian Community,Motorways,Run-off road,77,3,3,0,0,0,0,1,0,2,0
2022,Valencian Community,Motorways,Other crash type,2,0,0,0,0,0,0,0,0,0,0
2022,Valencian Community,Other roads,Head-on collision,25,0,0,0,0,0,0,0,0,0,0
2022,Valencian Community,Other roads,Head-on/side collision,80,0,0,0,0,0,0,0,0,0,0
2022,Valencian Community,Other roads,Side collision,24,0,0,0,0,0,0,0,0,0,0
2022,Valencian Community,Other roads,Rear-end collision,22,0,0,0,0,0,0,0,0,0,0
2022,Valencian Community,Other roads,Multiple or chain collision,2,0,0,0,0,0,0,0,0,0,0
2022,Valencian Community,Other roads,Collision with obstacle or road element,8,0,0,0,0,0,0,0,0,0,0
2022,Valencian Community,Other roads,Pedestrian struck,29,3,4,3,0,0,1,0,0,0,0
2022,Valencian Community,Other roads,Animal struck,1,0,0,0,0,0,0,0,0,0,0
2022,Valencian Community,Other roads,Overturn,8,0,0,0,0,0,0,0,0,0,0
2022,Valencian Community,Other roads,Fall (rider or occupant),44,0,0,0,0,0,0,0,0,0,0
2022,Valencian Community,Other roads,Run-off road,136,5,5,0,0,0,2,2,1,0,0
2022,Valencian Community,Other roads,Other crash type,10,0,0,0,0,0,0,0,0,0,0
2022,Extremadura,Urban streets,Head-on collision,25,0,0,0,0,0,0,0,0,0,0
2022,Extremadura,Urban streets,Head-on/side collision,193,0,0,0,0,0,0,0,0,0,0
2022,Extremadura,Urban streets,Side collision,47,0,0,0,0,0,0,0,0,0,0
2022,Extremadura,Urban streets,Rear-end collision,124,0,0,0,0,0,0,0,0,0,0
2022,Extremadura,Urban streets,Multiple or chain collision,5,0,0,0,0,0,0,0,0,0,0
2022,Extremadura,Urban streets,Collision with obstacle or road element,27,0,0,0,0,0,0,0,0,0,0
2022,Extremadura,Urban streets,Pedestrian struck,199,4,4,4,0,0,0,0,0,0,0
2022,Extremadura,Urban streets,Overturn,3,0,0,0,0,0,0,0,0,0,0
2022,Extremadura,Urban streets,Fall (rider or occupant),65,1,1,0,1,0,0,0,0,0,0
2022,Extremadura,Urban streets,Run-off road,36,0,0,0,0,0,0,0,0,0,0
2022,Extremadura,Urban streets,Other crash type,19,0,0,0,0,0,0,0,0,0,0
2022,Extremadura,Conventional roads,Head-on collision,23,5,6,0,0,0,1,4,1,0,0
2022,Extremadura,Conventional roads,Head-on/side collision,74,0,0,0,0,0,0,0,0,0,0
2022,Extremadura,Conventional roads,Side collision,18,0,0,0,0,0,0,0,0,0,0
2022,Extremadura,Conventional roads,Rear-end collision,59,1,1,0,1,0,0,0,0,0,0
2022,Extremadura,Conventional roads,Multiple or chain collision,10,0,0,0,0,0,0,0,0,0,0
2022,Extremadura,Conventional roads,Collision with obstacle or road element,3,0,0,0,0,0,0,0,0,0,0
2022,Extremadura,Conventional roads,Pedestrian struck,14,2,3,2,0,0,0,1,0,0,0
2022,Extremadura,Conventional roads,Animal struck,20,0,0,0,0,0,0,0,0,0,0
2022,Extremadura,Conventional roads,Overturn,4,0,0,0,0,0,0,0,0,0,0
2022,Extremadura,Conventional roads,Fall (rider or occupant),10,1,1,0,1,0,0,0,0,0,0
2022,Extremadura,Conventional roads,Run-off road,267,14,14,1,0,0,4,9,0,0,0
2022,Extremadura,Conventional roads,Other crash type,4,1,1,0,1,0,0,0,0,0,0
2022,Extremadura,Dual carriageways,Head-on/side collision,5,0,0,0,0,0,0,0,0,0,0
2022,Extremadura,Dual carriageways,Side collision,2,0,0,0,0,0,0,0,0,0,0
2022,Extremadura,Dual carriageways,Rear-end collision,26,2,2,0,0,0,0,2,0,0,0
2022,Extremadura,Dual carriageways,Multiple or chain collision,8,0,0,0,0,0,0,0,0,0,0
2022,Extremadura,Dual carriageways,Collision with obstacle or road element,4,0,0,0,0,0,0,0,0,0,0
2022,Extremadura,Dual carriageways,Pedestrian struck,1,0,0,0,0,0,0,0,0,0,0
2022,Extremadura,Dual carriageways,Animal struck,1,0,0,0,0,0,0,0,0,0,0
2022,Extremadura,Dual carriageways,Fall (rider or occupant),1,0,0,0,0,0,0,0,0,0,0
2022,Extremadura,Dual carriageways,Run-off road,65,1,1,0,0,0,0,0,1,0,0
2022,Extremadura,Dual carriageways,Other crash type,1,0,0,0,0,0,0,0,0,0,0
2022,Extremadura,Other roads,Head-on collision,3,2,2,0,0,0,0,2,0,0,0
2022,Extremadura,Other roads,Head-on/side collision,19,0,0,0,0,0,0,0,0,0,0
2022,Extremadura,Other roads,Side collision,4,0,0,0,0,0,0,0,0,0,0
2022,Extremadura,Other roads,Rear-end collision,14,1,1,0,0,0,1,0,0,0,0
2022,Extremadura,Other roads,Collision with obstacle or road element,2,0,0,0,0,0,0,0,0,0,0
2022,Extremadura,Other roads,Pedestrian struck,23,0,0,0,0,0,0,0,0,0,0
2022,Extremadura,Other roads,Overturn,1,0,0,0,0,0,0,0,0,0,0
2022,Extremadura,Other roads,Fall (rider or occupant),14,0,0,0,0,0,0,0,0,0,0
2022,Extremadura,Other roads,Run-off road,33,3,3,0,0,0,0,3,0,0,0
2022,Extremadura,Other roads,Other crash type,2,1,1,0,1,0,0,0,0,0,0
2022,Galicia,Urban streets,Head-on collision,69,1,1,0,0,0,0,0,1,0,0
2022,Galicia,Urban streets,Head-on/side collision,395,0,0,0,0,0,0,0,0,0,0
2022,Galicia,Urban streets,Side collision,152,1,1,0,0,0,1,0,0,0,0
2022,Galicia,Urban streets,Rear-end collision,292,2,2,0,0,0,1,1,0,0,0
2022,Galicia,Urban streets,Multiple or chain collision,35,0,0,0,0,0,0,0,0,0,0
2022,Galicia,Urban streets,Collision with obstacle or road element,55,3,3,0,1,0,2,0,0,0,0
2022,Galicia,Urban streets,Pedestrian struck,483,13,13,12,0,1,0,0,0,0,0
2022,Galicia,Urban streets,Animal struck,4,0,0,0,0,0,0,0,0,0,0
2022,Galicia,Urban streets,Overturn,3,0,0,0,0,0,0,0,0,0,0
2022,Galicia,Urban streets,Fall (rider or occupant),172,0,0,0,0,0,0,0,0,0,0
2022,Galicia,Urban streets,Run-off road,168,2,2,0,0,0,0,1,1,0,0
2022,Galicia,Urban streets,Other crash type,45,0,0,0,0,0,0,0,0,0,0
2022,Galicia,Conventional roads,Head-on collision,121,16,17,0,0,0,4,12,1,0,0
2022,Galicia,Conventional roads,Head-on/side collision,393,3,3,0,0,0,1,1,1,0,0
2022,Galicia,Conventional roads,Side collision,101,1,1,0,0,0,1,0,0,0,0
2022,Galicia,Conventional roads,Rear-end collision,257,1,1,0,1,0,0,0,0,0,0
2022,Galicia,Conventional roads,Multiple or chain collision,46,1,1,0,0,0,0,1,0,0,0
2022,Galicia,Conventional roads,Collision with obstacle or road element,9,0,0,0,0,0,0,0,0,0,0
2022,Galicia,Conventional roads,Pedestrian struck,116,14,14,14,0,0,0,0,0,0,0
2022,Galicia,Conventional roads,Animal struck,40,0,0,0,0,0,0,0,0,0,0
2022,Galicia,Conventional roads,Overturn,16,0,0,0,0,0,0,0,0,0,0
2022,Galicia,Conventional roads,Fall (rider or occupant),78,2,2,0,0,0,1,0,0,0,1
2022,Galicia,Conventional roads,Run-off road,729,34,41,0,0,0,7,22,2,8,2
2022,Galicia,Conventional roads,Other crash type,22,1,1,1,0,0,0,0,0,0,0
2022,Galicia,Dual carriageways,Head-on collision,3,1,1,0,0,0,0,1,0,0,0
2022,Galicia,Dual carriageways,Head-on/side collision,16,0,0,0,0,0,0,0,0,0,0
2022,Galicia,Dual carriageways,Side collision,28,0,0,0,0,0,0,0,0,0,0
2022,Galicia,Dual carriageways,Rear-end collision,89,0,0,0,0,0,0,0,0,0,0
2022,Galicia,Dual carriageways,Multiple or chain collision,38,0,0,0,0,0,0,0,0,0,0
2022,Galicia,Dual carriageways,Collision with obstacle or road element,13,0,0,0,0,0,0,0,0,0,0
2022,Galicia,Dual carriageways,Pedestrian struck,4,1,1,1,0,0,0,0,0,0,0
2022,Galicia,Dual carriageways,Animal struck,7,0,0,0,0,0,0,0,0,0,0
2022,Galicia,Dual carriageways,Overturn,3,0,0,0,0,0,0,0,0,0,0
2022,Galicia,Dual carriageways,Fall (rider or occupant),5,0,0,0,0,0,0,0,0,0,0
2022,Galicia,Dual carriageways,Run-off road,146,1,1,0,0,0,0,1,0,0,0
2022,Galicia,Dual carriageways,Other crash type,6,1,1,0,0,0,0,1,0,0,0
2022,Galicia,Motorways,Head-on collision,2,1,1,0,0,0,0,1,0,0,0
2022,Galicia,Motorways,Head-on/side collision,4,0,0,0,0,0,0,0,0,0,0
2022,Galicia,Motorways,Side collision,5,0,0,0,0,0,0,0,0,0,0
2022,Galicia,Motorways,Rear-end collision,18,1,1,0,0,0,0,1,0,0,0
2022,Galicia,Motorways,Multiple or chain collision,14,0,0,0,0,0,0,0,0,0,0
2022,Galicia,Motorways,Collision with obstacle or road element,3,0,0,0,0,0,0,0,0,0,0
2022,Galicia,Motorways,Animal struck,2,0,0,0,0,0,0,0,0,0,0
2022,Galicia,Motorways,Overturn,1,1,1,0,0,0,0,1,0,0,0
2022,Galicia,Motorways,Fall (rider or occupant),1,0,0,0,0,0,0,0,0,0,0
2022,Galicia,Motorways,Run-off road,53,1,1,0,0,0,0,1,0,0,0
2022,Galicia,Motorways,Other crash type,1,0,0,0,0,0,0,0,0,0,0
2022,Galicia,Other roads,Head-on collision,13,0,0,0,0,0,0,0,0,0,0
2022,Galicia,Other roads,Head-on/side collision,51,1,1,0,0,0,0,0,1,0,0
2022,Galicia,Other roads,Side collision,13,1,1,0,0,0,0,0,1,0,0
2022,Galicia,Other roads,Rear-end collision,16,0,0,0,0,0,0,0,0,0,0
2022,Galicia,Other roads,Multiple or chain collision,2,0,0,0,0,0,0,0,0,0,0
2022,Galicia,Other roads,Collision with obstacle or road element,7,0,0,0,0,0,0,0,0,0,0
2022,Galicia,Other roads,Pedestrian struck,33,1,1,1,0,0,0,0,0,0,0
2022,Galicia,Other roads,Animal struck,2,0,0,0,0,0,0,0,0,0,0
2022,Galicia,Other roads,Fall (rider or occupant),13,1,1,0,1,0,0,0,0,0,0
2022,Galicia,Other roads,Run-off road,72,8,8,0,0,0,0,6,0,1,1
2022,Galicia,Other roads,Other crash type,8,0,0,0,0,0,0,0,0,0,0
2022,Madrid,Urban streets,Head-on collision,262,0,0,0,0,0,0,0,0,0,0
2022,Madrid,Urban streets,Head-on/side collision,2772,7,8,1,2,0,1,3,0,0,1
2022,Madrid,Urban streets,Side collision,953,0,0,0,0,0,0,0,0,0,0
2022,Madrid,Urban streets,Rear-end collision,2086,1,1,0,0,0,1,0,0,0,0
2022,Madrid,Urban streets,Multiple or chain collision,341,0,0,0,0,0,0,0,0,0,0
2022,Madrid,Urban streets,Collision with obstacle or road element,465,3,3,1,0,0,1,1,0,0,0
2022,Madrid,Urban streets,Pedestrian struck,1990,21,22,20,2,0,0,0,0,0,0
2022,Madrid,Urban streets,Animal struck,15,0,0,0,0,0,0,0,0,0,0
2022,Madrid,Urban streets,Overturn,78,0,0,0,0,0,0,0,0,0,0
2022,Madrid,Urban streets,Fall (rider or occupant),2117,2,2,0,1,0,1,0,0,0,0
2022,Madrid,Urban streets,Run-off road,817,9,10,1,0,0,6,2,1,0,0
2022,Madrid,Urban streets,Other crash type,159,0,0,0,0,0,0,0,0,0,0
2022,Madrid,Conventional roads,Head-on collision,67,13,17,0,2,1,4,8,1,1,0
2022,Madrid,Conventional roads,Head-on/side collision,125,3,3,0,0,0,2,1,0,0,0
2022,Madrid,Conventional roads,Side collision,49,0,0,0,0,0,0,0,0,0,0
2022,Madrid,Conventional roads,Rear-end collision,173,3,3,0,1,0,1,0,1,0,0
2022,Madrid,Conventional roads,Multiple or chain collision,23,0,0,0,0,0,0,0,0,0,0
2022,Madrid,Conventional roads,Collision with obstacle or road element,3,0,0,0,0,0,0,0,0,0,0
2022,Madrid,Conventional roads,Pedestrian struck,37,0,0,0,0,0,0,0,0,0,0
2022,Madrid,Conventional roads,Animal struck,8,0,0,0,0,0,0,0,0,0,0
2022,Madrid,Conventional roads,Overturn,4,0,0,0,0,0,0,0,0,0,0
2022,Madrid,Conventional roads,Fall (rider or occupant),57,0,0,0,0,0,0,0,0,0,0
2022,Madrid,Conventional roads,Run-off road,298,9,9,0,0,0,3,6,0,0,0
2022,Madrid,Conventional roads,Other crash type,3,0,0,0,0,0,0,0,0,0,0
2022,Madrid,Dual carriageways,Head-on collision,14,3,4,0,0,0,0,3,1,0,0
2022,Madrid,Dual carriageways,Head-on/side collision,101,2,2,0,0,0,0,2,0,0,0
2022,Madrid,Dual carriageways,Side collision,145,3,3,0,1,0,1,1,0,0,0
2022,Madrid,Dual carriageways,Rear-end collision,523,8,8,0,2,0,4,2,0,0,0
2022,Madrid,Dual carriageways,Multiple or chain collision,177,0,0,0,0,0,0,0,0,0,0
2022,Madrid,Dual carriageways,Collision with obstacle or road element,13,0,0,0,0,0,0,0,0,0,0
2022,Madrid,Dual carriageways,Pedestrian struck,23,7,7,7,0,0,0,0,0,0,0
2022,Madrid,Dual carriageways,Animal struck,5,0,0,0,0,0,0,0,0,0,0
2022,Madrid,Dual carriageways,Overturn,10,0,0,0,0,0,0,0,0,0,0
2022,Madrid,Dual carriageways,Fall (rider or occupant),67,1,1,0,0,0,1,0,0,0,0
2022,Madrid,Dual carriageways,Run-off road,343,6,6,0,0,0,4,2,0,0,0
2022,Madrid,Dual carriageways,Other crash type,8,0,0,0,0,0,0,0,0,0,0
2022,Madrid,Motorways,Head-on collision,3,0,0,0,0,0,0,0,0,0,0
2022,Madrid,Motorways,Head-on/side collision,29,0,0,0,0,0,0,0,0,0,0
2022,Madrid,Motorways,Side collision,60,0,0,0,0,0,0,0,0,0,0
2022,Madrid,Motorways,Rear-end collision,232,3,4,0,1,0,0,3,0,0,0
2022,Madrid,Motorways,Multiple or chain collision,78,0,0,0,0,0,0,0,0,0,0
2022,Madrid,Motorways,Collision with obstacle or road element,6,2,2,0,0,0,1,1,0,0,0
2022,Madrid,Motorways,Pedestrian struck,4,1,1,1,0,0,0,0,0,0,0
2022,Madrid,Motorways,Overturn,2,0,0,0,0,0,0,0,0,0,0
2022,Madrid,Motorways,Fall (rider or occupant),14,0,0,0,0,0,0,0,0,0,0
2022,Madrid,Motorways,Run-off road,125,6,7,1,0,0,1,4,0,1,0
2022,Madrid,Motorways,Other crash type,5,0,0,0,0,0,0,0,0,0,0
2022,Madrid,Other roads,Head-on collision,5,0,0,0,0,0,0,0,0,0,0
2022,Madrid,Other roads,Head-on/side collision,32,0,0,0,0,0,0,0,0,0,0
2022,Madrid,Other roads,Side collision,15,0,0,0,0,0,0,0,0,0,0
2022,Madrid,Other roads,Rear-end collision,37,0,0,0,0,0,0,0,0,0,0
2022,Madrid,Other roads,Multiple or chain collision,4,0,0,0,0,0,0,0,0,0,0
2022,Madrid,Other roads,Collision with obstacle or road element,5,0,0,0,0,0,0,0,0,0,0
2022,Madrid,Other roads,Pedestrian struck,21,2,2,2,0,0,0,0,0,0,0
2022,Madrid,Other roads,Overturn,4,0,0,0,0,0,0,0,0,0,0
2022,Madrid,Other roads,Fall (rider or occupant),25,0,0,0,0,0,0,0,0,0,0
2022,Madrid,Other roads,Run-off road,44,0,0,0,0,0,0,0,0,0,0
2022,Madrid,Other roads,Other crash type,5,0,0,0,0,0,0,0,0,0,0
2022,Murcia,Urban streets,Head-on collision,86,2,2,0,0,1,0,1,0,0,0
2022,Murcia,Urban streets,Head-on/side collision,856,1,1,0,0,0,1,0,0,0,0
2022,Murcia,Urban streets,Side collision,166,0,0,0,0,0,0,0,0,0,0
2022,Murcia,Urban streets,Rear-end collision,386,0,0,0,0,0,0,0,0,0,0
2022,Murcia,Urban streets,Multiple or chain collision,39,0,0,0,0,0,0,0,0,0,0
2022,Murcia,Urban streets,Collision with obstacle or road element,31,0,0,0,0,0,0,0,0,0,0
2022,Murcia,Urban streets,Pedestrian struck,331,3,3,3,0,0,0,0,0,0,0
2022,Murcia,Urban streets,Animal struck,3,0,0,0,0,0,0,0,0,0,0
2022,Murcia,Urban streets,Overturn,6,0,0,0,0,0,0,0,0,0,0
2022,Murcia,Urban streets,Fall (rider or occupant),292,2,2,0,0,0,2,0,0,0,0
2022,Murcia,Urban streets,Run-off road,234,5,5,0,0,0,3,2,0,0,0
2022,Murcia,Urban streets,Other crash type,81,0,0,0,0,0,0,0,0,0,0
2022,Murcia,Conventional roads,Head-on collision,30,2,2,0,0,0,1,1,0,0,0
2022,Murcia,Conventional roads,Head-on/side collision,77,4,4,0,1,0,0,2,1,0,0
2022,Murcia,Conventional roads,Side collision,13,0,0,0,0,0,0,0,0,0,0
2022,Murcia,Conventional roads,Rear-end collision,39,0,0,0,0,0,0,0,0,0,0
2022,Murcia,Conventional roads,Multiple or chain collision,5,0,0,0,0,0,0,0,0,0,0
2022,Murcia,Conventional roads,Collision with obstacle or road element,4,0,0,0,0,0,0,0,0,0,0
2022,Murcia,Conventional roads,Pedestrian struck,15,5,5,5,0,0,0,0,0,0,0
2022,Murcia,Conventional roads,Animal struck,5,0,0,0,0,0,0,0,0,0,0
2022,Murcia,Conventional roads,Overturn,3,0,0,0,0,0,0,0,0,0,0
2022,Murcia,Conventional roads,Fall (rider or occupant),11,0,0,0,0,0,0,0,0,0,0
2022,Murcia,Conventional roads,Run-off road,118,13,15,0,0,0,3,8,3,1,0
2022,Murcia,Conventional roads,Other crash type,5,0,0,0,0,0,0,0,0,0,0
2022,Murcia,Dual carriageways,Head-on collision,3,0,0,0,0,0,0,0,0,0,0
2022,Murcia,Dual carriageways,Head-on/side collision,8,0,0,0,0,0,0,0,0,0,0
2022,Murcia,Dual carriageways,Side collision,14,1,1,0,1,0,0,0,0,0,0
2022,Murcia,Dual carriageways,Rear-end collision,79,3,3,0,0,0,0,1,2,0,0
2022,Murcia,Dual carriageways,Multiple or chain collision,21,1,1,0,0,0,0,1,0,0,0
2022,Murcia,Dual carriageways,Collision with obstacle or road element,5,0,0,0,0,0,0,0,0,0,0
2022,Murcia,Dual carriageways,Pedestrian struck,1,0,0,0,0,0,0,0,0,0,0
2022,Murcia,Dual carriageways,Animal struck,2,0,0,0,0,0,0,0,0,0,0
2022,Murcia,Dual carriageways,Run-off road,65,6,7,2,0,0,1,1,3,0,0
2022,Murcia,Dual carriageways,Other crash type,3,0,0,0,0,0,0,0,0,0,0
2022,Murcia,Motorways,Head-on/side collision,1,0,0,0,0,0,0,0,0,0,0
2022,Murcia,Motorways,Rear-end collision,4,1,3,0,0,0,0,3,0,0,0
2022,Murcia,Motorways,Multiple or chain collision,1,0,0,0,0,0,0,0,0,0,0
2022,Murcia,Motorways,Animal struck,1,0,0,0,0,0,0,0,0,0,0
2022,Murcia,Motorways,Run-off road,6,0,0,0,0,0,0,0,0,0,0
2022,Murcia,Other roads,Head-on collision,10,0,0,0,0,0,0,0,0,0,0
2022,Murcia,Other roads,Head-on/side collision,21,0,0,0,0,0,0,0,0,0,0
2022,Murcia,Other roads,Side collision,4,0,0,0,0,0,0,0,0,0,0
2022,Murcia,Other roads,Rear-end collision,6,1,1,0,1,0,0,0,0,0,0
2022,Murcia,Other roads,Multiple or chain collision,2,0,0,0,0,0,0,0,0,0,0
2022,Murcia,Other roads,Collision with obstacle or road element,3,1,1,1,0,0,0,0,0,0,0
2022,Murcia,Other roads,Pedestrian struck,3,0,0,0,0,0,0,0,0,0,0
2022,Murcia,Other roads,Overturn,2,0,0,0,0,0,0,0,0,0,0
2022,Murcia,Other roads,Fall (rider or occupant),4,0,0,0,0,0,0,0,0,0,0
2022,Murcia,Other roads,Run-off road,30,3,3,0,0,0,0,2,0,0,1
2022,Murcia,Other roads,Other crash type,1,0,0,0,0,0,0,0,0,0,0
2022,Navarre,Urban streets,Head-on collision,7,0,0,0,0,0,0,0,0,0,0
2022,Navarre,Urban streets,Head-on/side collision,99,0,0,0,0,0,0,0,0,0,0
2022,Navarre,Urban streets,Side collision,73,0,0,0,0,0,0,0,0,0,0
2022,Navarre,Urban streets,Rear-end collision,73,0,0,0,0,0,0,0,0,0,0
2022,Navarre,Urban streets,Multiple or chain collision,5,0,0,0,0,0,0,0,0,0,0
2022,Navarre,Urban streets,Collision with obstacle or road element,9,0,0,0,0,0,0,0,0,0,0
2022,Navarre,Urban streets,Pedestrian struck,121,5,5,5,0,0,0,0,0,0,0
2022,Navarre,Urban streets,Animal struck,1,0,0,0,0,0,0,0,0,0,0
2022,Navarre,Urban streets,Fall (rider or occupant),83,1,1,0,0,0,0,0,0,1,0
2022,Navarre,Urban streets,Run-off road,23,0,0,0,0,0,0,0,0,0,0
2022,Navarre,Urban streets,Other crash type,10,1,1,0,0,0,0,0,1,0,0
2022,Navarre,Conventional roads,Head-on collision,14,3,3,0,0,0,2,0,1,0,0
2022,Navarre,Conventional roads,Head-on/side collision,33,2,2,0,0,0,0,2,0,0,0
2022,Navarre,Conventional roads,Side collision,12,2,2,0,0,0,1,1,0,0,0
2022,Navarre,Conventional roads,Rear-end collision,18,1,1,0,0,0,0,1,0,0,0
2022,Navarre,Conventional roads,Multiple or chain collision,2,0,0,0,0,0,0,0,0,0,0
2022,Navarre,Conventional roads,Collision with obstacle or road element,4,1,1,0,0,0,0,1,0,0,0
2022,Navarre,Conventional roads,Pedestrian struck,13,2,2,2,0,0,0,0,0,0,0
2022,Navarre,Conventional roads,Animal struck,3,0,0,0,0,0,0,0,0,0,0
2022,Navarre,Conventional roads,Overturn,1,0,0,0,0,0,0,0,0,0,0
2022,Navarre,Conventional roads,Fall (rider or occupant),22,2,2,0,1,0,1,0,0,0,0
2022,Navarre,Conventional roads,Run-off road,86,9,9,1,0,0,1,6,1,0,0
2022,Navarre,Conventional roads,Other crash type,2,0,0,0,0,0,0,0,0,0,0
2022,Navarre,Dual carriageways,Head-on/side collision,3,0,0,0,0,0,0,0,0,0,0
2022,Navarre,Dual carriageways,Side collision,1,0,0,0,0,0,0,0,0,0,0
2022,Navarre,Dual carriageways,Rear-end collision,16,1,1,0,0,0,1,0,0,0,0
2022,Navarre,Dual carriageways,Collision with obstacle or road element,1,0,0,0,0,0,0,0,0,0,0
2022,Navarre,Dual carriageways,Pedestrian struck,3,2,2,2,0,0,0,0,0,0,0
2022,Navarre,Dual carriageways,Fall (rider or occupant),4,0,0,0,0,0,0,0,0,0,0
2022,Navarre,Dual carriageways,Run-off road,20,2,2,0,0,0,0,2,0,0,0
2022,Navarre,Dual carriageways,Other crash type,1,0,0,0,0,0,0,0,0,0,0
2022,Navarre,Motorways,Head-on/side collision,1,0,0,0,0,0,0,0,0,0,0
2022,Navarre,Motorways,Rear-end collision,2,0,0,0,0,0,0,0,0,0,0
2022,Navarre,Motorways,Multiple or chain collision,1,0,0,0,0,0,0,0,0,0,0
2022,Navarre,Motorways,Run-off road,10,1,3,0,0,0,0,3,0,0,0
2022,Navarre,Other roads,Head-on/side collision,1,0,0,0,0,0,0,0,0,0,0
2022,Navarre,Other roads,Side collision,1,0,0,0,0,0,0,0,0,0,0
2022,Navarre,Other roads,Collision with obstacle or road element,1,0,0,0,0,0,0,0,0,0,0
2022,Navarre,Other roads,Pedestrian struck,3,0,0,0,0,0,0,0,0,0,0
2022,Navarre,Other roads,Fall (rider or occupant),2,0,0,0,0,0,0,0,0,0,0
2022,Navarre,Other roads,Run-off road,3,0,0,0,0,0,0,0,0,0,0
2022,Basque Country,Urban streets,Head-on collision,42,0,0,0,0,0,0,0,0,0,0
2022,Basque Country,Urban streets,Head-on/side collision,413,1,1,0,0,0,0,1,0,0,0
2022,Basque Country,Urban streets,Side collision,86,0,0,0,0,0,0,0,0,0,0
2022,Basque Country,Urban streets,Rear-end collision,320,0,0,0,0,0,0,0,0,0,0
2022,Basque Country,Urban streets,Multiple or chain collision,30,0,0,0,0,0,0,0,0,0,0
2022,Basque Country,Urban streets,Collision with obstacle or road element,62,1,1,0,0,0,0,1,0,0,0
2022,Basque Country,Urban streets,Pedestrian struck,364,10,10,10,0,0,0,0,0,0,0
2022,Basque Country,Urban streets,Animal struck,7,0,0,0,0,0,0,0,0,0,0
2022,Basque Country,Urban streets,Overturn,204,0,0,0,0,0,0,0,0,0,0
2022,Basque Country,Urban streets,Fall (rider or occupant),280,1,1,0,0,0,0,1,0,0,0
2022,Basque Country,Urban streets,Run-off road,129,6,6,2,0,0,4,0,0,0,0
2022,Basque Country,Urban streets,Other crash type,88,0,0,0,0,0,0,0,0,0,0
2022,Basque Country,Conventional roads,Head-on collision,30,1,1,0,0,0,0,1,0,0,0
2022,Basque Country,Conventional roads,Head-on/side collision,101,1,1,0,0,0,0,1,0,0,0
2022,Basque Country,Conventional roads,Side collision,31,0,0,0,0,0,0,0,0,0,0
2022,Basque Country,Conventional roads,Rear-end collision,125,0,0,0,0,0,0,0,0,0,0
2022,Basque Country,Conventional roads,Multiple or chain collision,5,0,0,0,0,0,0,0,0,0,0
2022,Basque Country,Conventional roads,Collision with obstacle or road element,5,0,0,0,0,0,0,0,0,0,0
2022,Basque Country,Conventional roads,Pedestrian struck,20,3,3,3,0,0,0,0,0,0,0
2022,Basque Country,Conventional roads,Animal struck,9,0,0,0,0,0,0,0,0,0,0
2022,Basque Country,Conventional roads,Overturn,1,0,0,0,0,0,0,0,0,0,0
2022,Basque Country,Conventional roads,Fall (rider or occupant),103,0,0,0,0,0,0,0,0,0,0
2022,Basque Country,Conventional roads,Run-off road,248,3,3,0,0,0,1,1,1,0,0
2022,Basque Country,Conventional roads,Other crash type,22,0,0,0,0,0,0,0,0,0,0
2022,Basque Country,Dual carriageways,Head-on collision,4,0,0,0,0,0,0,0,0,0,0
2022,Basque Country,Dual carriageways,Head-on/side collision,31,1,1,0,1,0,0,0,0,0,0
2022,Basque Country,Dual carriageways,Side collision,46,0,0,0,0,0,0,0,0,0,0
2022,Basque Country,Dual carriageways,Rear-end collision,151,1,1,0,1,0,0,0,0,0,0
2022,Basque Country,Dual carriageways,Multiple or chain collision,22,0,0,0,0,0,0,0,0,0,0
2022,Basque Country,Dual carriageways,Collision with obstacle or road element,10,0,0,0,0,0,0,0,0,0,0
2022,Basque Country,Dual carriageways,Pedestrian struck,3,0,0,0,0,0,0,0,0,0,0
2022,Basque Country,Dual carriageways,Animal struck,11,0,0,0,0,0,0,0,0,0,0
2022,Basque Country,Dual carriageways,Overturn,2,0,0,0,0,0,0,0,0,0,0
2022,Basque Country,Dual carriageways,Fall (rider or occupant),38,0,0,0,0,0,0,0,0,0,0
2022,Basque Country,Dual carriageways,Run-off road,248,4,4,0,0,0,2,2,0,0,0
2022,Basque Country,Dual carriageways,Other crash type,16,0,0,0,0,0,0,0,0,0,0
2022,Basque Country,Motorways,Head-on/side collision,4,0,0,0,0,0,0,0,0,0,0
2022,Basque Country,Motorways,Side collision,14,0,0,0,0,0,0,0,0,0,0
2022,Basque Country,Motorways,Rear-end collision,47,0,0,0,0,0,0,0,0,0,0
2022,Basque Country,Motorways,Multiple or chain collision,6,0,0,0,0,0,0,0,0,0,0
2022,Basque Country,Motorways,Collision with obstacle or road element,8,1,1,0,0,0,0,1,0,0,0
2022,Basque Country,Motorways,Animal struck,2,0,0,0,0,0,0,0,0,0,0
2022,Basque Country,Motorways,Fall (rider or occupant),2,0,0,0,0,0,0,0,0,0,0
2022,Basque Country,Motorways,Run-off road,112,3,3,0,0,0,1,0,0,2,0
2022,Basque Country,Motorways,Other crash type,11,0,0,0,0,0,0,0,0,0,0
2022,Basque Country,Other roads,Head-on collision,39,3,4,0,0,0,1,1,2,0,0
2022,Basque Country,Other roads,Head-on/side collision,121,1,1,0,0,0,0,1,0,0,0
2022,Basque Country,Other roads,Side collision,39,1,1,0,1,0,0,0,0,0,0
2022,Basque Country,Other roads,Rear-end collision,165,1,1,0,0,0,1,0,0,0,0
2022,Basque Country,Other roads,Multiple or chain collision,12,0,0,0,0,0,0,0,0,0,0
2022,Basque Country,Other roads,Collision with obstacle or road element,28,0,0,0,0,0,0,0,0,0,0
2022,Basque Country,Other roads,Pedestrian struck,51,2,2,2,0,0,0,0,0,0,0
2022,Basque Country,Other roads,Animal struck,10,0,0,0,0,0,0,0,0,0,0
2022,Basque Country,Other roads,Overturn,6,0,0,0,0,0,0,0,0,0,0
2022,Basque Country,Other roads,Fall (rider or occupant),171,0,0,0,0,0,0,0,0,0,0
2022,Basque Country,Other roads,Run-off road,273,7,7,0,1,0,3,3,0,0,0
2022,Basque Country,Other roads,Other crash type,30,2,2,0,0,0,2,0,0,0,0
2022,La Rioja,Urban streets,Head-on collision,8,0,0,0,0,0,0,0,0,0,0
2022,La Rioja,Urban streets,Head-on/side collision,88,0,0,0,0,0,0,0,0,0,0
2022,La Rioja,Urban streets,Side collision,15,0,0,0,0,0,0,0,0,0,0
2022,La Rioja,Urban streets,Rear-end collision,60,0,0,0,0,0,0,0,0,0,0
2022,La Rioja,Urban streets,Multiple or chain collision,2,0,0,0,0,0,0,0,0,0,0
2022,La Rioja,Urban streets,Collision with obstacle or road element,4,0,0,0,0,0,0,0,0,0,0
2022,La Rioja,Urban streets,Pedestrian struck,98,2,2,2,0,0,0,0,0,0,0
2022,La Rioja,Urban streets,Overturn,1,0,0,0,0,0,0,0,0,0,0
2022,La Rioja,Urban streets,Fall (rider or occupant),55,0,0,0,0,0,0,0,0,0,0
2022,La Rioja,Urban streets,Run-off road,13,0,0,0,0,0,0,0,0,0,0
2022,La Rioja,Urban streets,Other crash type,22,0,0,0,0,0,0,0,0,0,0
2022,La Rioja,Conventional roads,Head-on collision,11,0,0,0,0,0,0,0,0,0,0
2022,La Rioja,Conventional roads,Head-on/side collision,18,1,1,0,0,0,0,1,0,0,0
2022,La Rioja,Conventional roads,Side collision,7,0,0,0,0,0,0,0,0,0,0
2022,La Rioja,Conventional roads,Rear-end collision,20,2,2,0,0,0,0,1,1,0,0
2022,La Rioja,Conventional roads,Multiple or chain collision,3,1,1,0,0,0,0,1,0,0,0
2022,La Rioja,Conventional roads,Collision with obstacle or road element,2,0,0,0,0,0,0,0,0,0,0
2022,La Rioja,Conventional roads,Pedestrian struck,4,1,1,1,0,0,0,0,0,0,0
2022,La Rioja,Conventional roads,Animal struck,6,0,0,0,0,0,0,0,0,0,0
2022,La Rioja,Conventional roads,Overturn,2,0,0,0,0,0,0,0,0,0,0
2022,La Rioja,Conventional roads,Fall (rider or occupant),15,0,0,0,0,0,0,0,0,0,0
2022,La Rioja,Conventional roads,Run-off road,106,3,3,0,0,0,1,2,0,0,0
2022,La Rioja,Conventional roads,Other crash type,3,0,0,0,0,0,0,0,0,0,0
2022,La Rioja,Dual carriageways,Head-on/side collision,2,0,0,0,0,0,0,0,0,0,0
2022,La Rioja,Dual carriageways,Side collision,3,0,0,0,0,0,0,0,0,0,0
2022,La Rioja,Dual carriageways,Rear-end collision,13,0,0,0,0,0,0,0,0,0,0
2022,La Rioja,Dual carriageways,Multiple or chain collision,3,0,0,0,0,0,0,0,0,0,0
2022,La Rioja,Dual carriageways,Overturn,1,0,0,0,0,0,0,0,0,0,0
2022,La Rioja,Dual carriageways,Fall (rider or occupant),3,0,0,0,0,0,0,0,0,0,0
2022,La Rioja,Dual carriageways,Run-off road,11,0,0,0,0,0,0,0,0,0,0
2022,La Rioja,Motorways,Rear-end collision,1,0,0,0,0,0,0,0,0,0,0
2022,La Rioja,Motorways,Collision with obstacle or road element,1,0,0,0,0,0,0,0,0,0,0
2022,La Rioja,Motorways,Pedestrian struck,1,0,0,0,0,0,0,0,0,0,0
2022,La Rioja,Motorways,Animal struck,1,0,0,0,0,0,0,0,0,0,0
2022,La Rioja,Motorways,Run-off road,9,1,1,0,0,0,0,1,0,0,0
2022,La Rioja,Motorways,Other crash type,1,0,0,0,0,0,0,0,0,0,0
2022,La Rioja,Other roads,Head-on collision,2,0,0,0,0,0,0,0,0,0,0
2022,La Rioja,Other roads,Head-on/side collision,5,0,0,0,0,0,0,0,0,0,0
2022,La Rioja,Other roads,Side collision,1,0,0,0,0,0,0,0,0,0,0
2022,La Rioja,Other roads,Rear-end collision,5,0,0,0,0,0,0,0,0,0,0
2022,La Rioja,Other roads,Collision with obstacle or road element,1,0,0,0,0,0,0,0,0,0,0
2022,La Rioja,Other roads,Pedestrian struck,3,0,0,0,0,0,0,0,0,0,0
2022,La Rioja,Other roads,Animal struck,1,0,0,0,0,0,0,0,0,0,0
2022,La Rioja,Other roads,Overturn,1,0,0,0,0,0,0,0,0,0,0
2022,La Rioja,Other roads,Fall (rider or occupant),13,0,0,0,0,0,0,0,0,0,0
2022,La Rioja,Other roads,Run-off road,8,1,1,0,0,0,0,1,0,0,0
2022,La Rioja,Other roads,Other crash type,1,0,0,0,0,0,0,0,0,0,0
2022,Ceuta,Urban streets,Head-on collision,10,0,0,0,0,0,0,0,0,0,0
2022,Ceuta,Urban streets,Head-on/side collision,71,0,0,0,0,0,0,0,0,0,0
2022,Ceuta,Urban streets,Side collision,22,0,0,0,0,0,0,0,0,0,0
2022,Ceuta,Urban streets,Rear-end collision,51,0,0,0,0,0,0,0,0,0,0
2022,Ceuta,Urban streets,Multiple or chain collision,3,0,0,0,0,0,0,0,0,0,0
2022,Ceuta,Urban streets,Collision with obstacle or road element,1,0,0,0,0,0,0,0,0,0,0
2022,Ceuta,Urban streets,Pedestrian struck,51,1,1,1,0,0,0,0,0,0,0
2022,Ceuta,Urban streets,Fall (rider or occupant),17,0,0,0,0,0,0,0,0,0,0
2022,Ceuta,Urban streets,Run-off road,4,0,0,0,0,0,0,0,0,0,0
2022,Ceuta,Urban streets,Other crash type,8,0,0,0,0,0,0,0,0,0,0
2022,Ceuta,Conventional roads,Head-on collision,1,0,0,0,0,0,0,0,0,0,0
2022,Ceuta,Conventional roads,Head-on/side collision,6,0,0,0,0,0,0,0,0,0,0
2022,Ceuta,Conventional roads,Rear-end collision,5,0,0,0,0,0,0,0,0,0,0
2022,Ceuta,Conventional roads,Multiple or chain collision,2,0,0,0,0,0,0,0,0,0,0
2022,Ceuta,Conventional roads,Fall (rider or occupant),2,0,0,0,0,0,0,0,0,0,0
2022,Ceuta,Conventional roads,Run-off road,1,0,0,0,0,0,0,0,0,0,0
2022,Ceuta,Other roads,Rear-end collision,2,0,0,0,0,0,0,0,0,0,0
2022,Melilla,Urban streets,Head-on collision,17,0,0,0,0,0,0,0,0,0,0
2022,Melilla,Urban streets,Head-on/side collision,92,0,0,0,0,0,0,0,0,0,0
2022,Melilla,Urban streets,Side collision,38,0,0,0,0,0,0,0,0,0,0
2022,Melilla,Urban streets,Rear-end collision,37,0,0,0,0,0,0,0,0,0,0
2022,Melilla,Urban streets,Multiple or chain collision,3,0,0,0,0,0,0,0,0,0,0
2022,Melilla,Urban streets,Pedestrian struck,71,3,3,3,0,0,0,0,0,0,0
2022,Melilla,Urban streets,Fall (rider or occupant),16,0,0,0,0,0,0,0,0,0,0
2022,Melilla,Urban streets,Run-off road,10,1,1,0,0,0,1,0,0,0,0
2022,Melilla,Urban streets,Other crash type,9,0,0,0,0,0,0,0,0,0,0
2022,Melilla,Other roads,Head-on collision,1,0,0,0,0,0,0,0,0,0,0
2022,Melilla,Other roads,Head-on/side collision,1,0,0,0,0,0,0,0,0,0,0
2022,Melilla,Other roads,Side collision,1,0,0,0,0,0,0,0,0,0,0
2022,Melilla,Other roads,Rear-end collision,1,0,0,0,0,0,0,0,0,0,0
2022,Melilla,Other roads,Fall (rider or occupant),1,0,0,0,0,0,0,0,0,0,0
2022,Melilla,Other roads,Run-off road,1,0,0,0,0,0,0,0,0,0,0
2022,Melilla,Other roads,Other crash type,1,0,0,0,0,0,0,0,0,0,0
2023,Andalusia,Urban streets,Head-on collision,282,0,0,0,0,0,0,0,0,0,0
2023,Andalusia,Urban streets,Head-on/side collision,3758,10,10,0,1,1,6,0,0,0,2
2023,Andalusia,Urban streets,Side collision,959,2,2,0,0,0,1,1,0,0,0
2023,Andalusia,Urban streets,Rear-end collision,1944,1,1,0,0,0,1,0,0,0,0
2023,Andalusia,Urban streets,Multiple or chain collision,140,0,0,0,0,0,0,0,0,0,0
2023,Andalusia,Urban streets,Collision with obstacle or road element,200,4,4,0,0,0,1,2,1,0,0
2023,Andalusia,Urban streets,Pedestrian struck,1824,32,33,31,1,0,1,0,0,0,0
2023,Andalusia,Urban streets,Animal struck,12,1,1,0,0,0,1,0,0,0,0
2023,Andalusia,Urban streets,Overturn,83,0,0,0,0,0,0,0,0,0,0
2023,Andalusia,Urban streets,Fall (rider or occupant),1430,4,4,0,1,2,0,0,0,0,1
2023,Andalusia,Urban streets,Run-off road,554,17,20,5,0,1,8,5,0,0,1
2023,Andalusia,Urban streets,Other crash type,405,4,4,1,0,0,1,1,0,1,0
2023,Andalusia,Conventional roads,Head-on collision,238,42,54,1,1,0,9,39,4,0,0
2023,Andalusia,Conventional roads,Head-on/side collision,632,18,18,0,2,0,5,10,1,0,0
2023,Andalusia,Conventional roads,Side collision,153,4,4,0,0,0,4,0,0,0,0
2023,Andalusia,Conventional roads,Rear-end collision,417,7,7,0,3,0,1,1,0,0,2
2023,Andalusia,Conventional roads,Multiple or chain collision,52,0,0,0,0,0,0,0,0,0,0
2023,Andalusia,Conventional roads,Collision with obstacle or road element,27,0,0,0,0,0,0,0,0,0,0
2023,Andalusia,Conventional roads,Pedestrian struck,82,4,4,3,1,0,0,0,0,0,0
2023,Andalusia,Conventional roads,Animal struck,54,2,2,0,0,0,2,0,0,0,0
2023,Andalusia,Conventional roads,Overturn,22,0,0,0,0,0,0,0,0,0,0
2023,Andalusia,Conventional roads,Fall (rider or occupant),117,1,1,0,1,0,0,0,0,0,0
2023,Andalusia,Conventional roads,Run-off road,1194,42,45,2,0,1,13,26,2,1,0
2023,Andalusia,Conventional roads,Other crash type,34,2,2,0,1,0,1,0,0,0,0
2023,Andalusia,Dual carriageways,Head-on collision,20,1,2,0,0,0,0,2,0,0,0
2023,Andalusia,Dual carriageways,Head-on/side collision,123,2,2,0,2,0,0,0,0,0,0
2023,Andalusia,Dual carriageways,Side collision,204,1,1,0,0,0,1,0,0,0,0
2023,Andalusia,Dual carriageways,Rear-end collision,633,14,16,0,1,0,3,10,2,0,0
2023,Andalusia,Dual carriageways,Multiple or chain collision,193,2,2,0,0,0,0,2,0,0,0
2023,Andalusia,Dual carriageways,Collision with obstacle or road element,58,3,3,0,0,0,0,2,1,0,0
2023,Andalusia,Dual carriageways,Pedestrian struck,31,9,9,9,0,0,0,0,0,0,0
2023,Andalusia,Dual carriageways,Animal struck,10,1,1,0,0,0,0,1,0,0,0
2023,Andalusia,Dual carriageways,Overturn,13,0,0,0,0,0,0,0,0,0,0
2023,Andalusia,Dual carriageways,Fall (rider or occupant),62,1,1,0,0,0,1,0,0,0,0
2023,Andalusia,Dual carriageways,Run-off road,502,22,24,0,0,0,4,17,2,0,1
2023,Andalusia,Dual carriageways,Other crash type,24,1,1,1,0,0,0,0,0,0,0
2023,Andalusia,Motorways,Head-on/side collision,3,0,0,0,0,0,0,0,0,0,0
2023,Andalusia,Motorways,Side collision,3,0,0,0,0,0,0,0,0,0,0
2023,Andalusia,Motorways,Rear-end collision,21,0,0,0,0,0,0,0,0,0,0
2023,Andalusia,Motorways,Multiple or chain collision,5,0,0,0,0,0,0,0,0,0,0
2023,Andalusia,Motorways,Collision with obstacle or road element,3,1,2,0,0,0,0,2,0,0,0
2023,Andalusia,Motorways,Pedestrian struck,1,1,1,1,0,0,0,0,0,0,0
2023,Andalusia,Motorways,Animal struck,5,0,0,0,0,0,0,0,0,0,0
2023,Andalusia,Motorways,Overturn,1,0,0,0,0,0,0,0,0,0,0
2023,Andalusia,Motorways,Fall (rider or occupant),2,0,0,0,0,0,0,0,0,0,0
2023,Andalusia,Motorways,Run-off road,19,1,1,0,0,0,0,1,0,0,0
2023,Andalusia,Motorways,Other crash type,1,0,0,0,0,0,0,0,0,0,0
2023,Andalusia,Other roads,Head-on collision,51,1,1,0,0,0,1,0,0,0,0
2023,Andalusia,Other roads,Head-on/side collision,198,2,2,0,0,0,2,0,0,0,0
2023,Andalusia,Other roads,Side collision,43,1,1,0,0,0,1,0,0,0,0
2023,Andalusia,Other roads,Rear-end collision,98,1,1,0,1,0,0,0,0,0,0
2023,Andalusia,Other roads,Multiple or chain collision,16,0,0,0,0,0,0,0,0,0,0
2023,Andalusia,Other roads,Collision with obstacle or road element,18,2,3,0,0,0,1,2,0,0,0
2023,Andalusia,Other roads,Pedestrian struck,88,3,3,3,0,0,0,0,0,0,0
2023,Andalusia,Other roads,Animal struck,5,0,0,0,0,0,0,0,0,0,0
2023,Andalusia,Other roads,Overturn,7,0,0,0,0,0,0,0,0,0,0
2023,Andalusia,Other roads,Fall (rider or occupant),85,0,0,0,0,0,0,0,0,0,0
2023,Andalusia,Other roads,Run-off road,182,15,16,0,1,0,2,10,1,0,2
2023,Andalusia,Other roads,Other crash type,26,1,1,0,0,0,1,0,0,0,0
2023,Aragon,Urban streets,Head-on collision,28,0,0,0,0,0,0,0,0,0,0
2023,Aragon,Urban streets,Head-on/side collision,257,0,0,0,0,0,0,0,0,0,0
2023,Aragon,Urban streets,Side collision,107,0,0,0,0,0,0,0,0,0,0
2023,Aragon,Urban streets,Rear-end collision,184,0,0,0,0,0,0,0,0,0,0
2023,Aragon,Urban streets,Multiple or chain collision,11,0,0,0,0,0,0,0,0,0,0
2023,Aragon,Urban streets,Collision with obstacle or road element,18,0,0,0,0,0,0,0,0,0,0
2023,Aragon,Urban streets,Pedestrian struck,274,9,9,9,0,0,0,0,0,0,0
2023,Aragon,Urban streets,Animal struck,2,0,0,0,0,0,0,0,0,0,0
2023,Aragon,Urban streets,Overturn,1,0,0,0,0,0,0,0,0,0,0
2023,Aragon,Urban streets,Fall (rider or occupant),160,0,0,0,0,0,0,0,0,0,0
2023,Aragon,Urban streets,Run-off road,47,3,3,1,0,0,0,2,0,0,0
2023,Aragon,Urban streets,Other crash type,51,0,0,0,0,0,0,0,0,0,0
2023,Aragon,Conventional roads,Head-on collision,32,7,8,0,0,0,0,6,2,0,0
2023,Aragon,Conventional roads,Head-on/side collision,89,3,3,0,2,0,0,1,0,0,0
2023,Aragon,Conventional roads,Side collision,31,0,0,0,0,0,0,0,0,0,0
2023,Aragon,Conventional roads,Rear-end collision,45,2,2,0,2,0,0,0,0,0,0
2023,Aragon,Conventional roads,Multiple or chain collision,5,1,1,0,0,0,0,1,0,0,0
2023,Aragon,Conventional roads,Collision with obstacle or road element,9,0,0,0,0,0,0,0,0,0,0
2023,Aragon,Conventional roads,Pedestrian struck,15,4,4,4,0,0,0,0,0,0,0
2023,Aragon,Conventional roads,Animal struck,23,0,0,0,0,0,0,0,0,0,0
2023,Aragon,Conventional roads,Overturn,14,0,0,0,0,0,0,0,0,0,0
2023,Aragon,Conventional roads,Fall (rider or occupant),36,1,2,0,0,0,2,0,0,0,0
2023,Aragon,Conventional roads,Run-off road,324,21,24,0,0,0,2,20,1,0,1
2023,Aragon,Conventional roads,Other crash type,6,0,0,0,0,0,0,0,0,0,0
2023,Aragon,Dual carriageways,Head-on collision,2,0,0,0,0,0,0,0,0,0,0
2023,Aragon,Dual carriageways,Head-on/side collision,16,0,0,0,0,0,0,0,0,0,0
2023,Aragon,Dual carriageways,Side collision,19,0,0,0,0,0,0,0,0,0,0
2023,Aragon,Dual carriageways,Rear-end collision,74,1,1,0,0,0,0,1,0,0,0
2023,Aragon,Dual carriageways,Multiple or chain collision,27,1,1,0,0,0,0,0,0,1,0
2023,Aragon,Dual carriageways,Collision with obstacle or road element,14,3,3,1,1,0,0,0,0,1,0
2023,Aragon,Dual carriageways,Pedestrian struck,7,2,2,2,0,0,0,0,0,0,0
2023,Aragon,Dual carriageways,Animal struck,4,0,0,0,0,0,0,0,0,0,0
2023,Aragon,Dual carriageways,Fall (rider or occupant),14,0,0,0,0,0,0,0,0,0,0
2023,Aragon,Dual carriageways,Run-off road,97,5,5,0,0,0,1,3,0,0,1
2023,Aragon,Dual carriageways,Other crash type,3,1,1,0,0,0,1,0,0,0,0
2023,Aragon,Motorways,Side collision,3,0,0,0,0,0,0,0,0,0,0
2023,Aragon,Motorways,Rear-end collision,9,0,0,0,0,0,0,0,0,0,0
2023,Aragon,Motorways,Multiple or chain collision,5,0,0,0,0,0,0,0,0,0,0
2023,Aragon,Motorways,Pedestrian struck,1,1,1,1,0,0,0,0,0,0,0
2023,Aragon,Motorways,Animal struck,1,0,0,0,0,0,0,0,0,0,0
2023,Aragon,Motorways,Overturn,1,0,0,0,0,0,0,0,0,0,0
2023,Aragon,Motorways,Run-off road,12,1,1,0,0,0,0,1,0,0,0
2023,Aragon,Motorways,Other crash type,1,0,0,0,0,0,0,0,0,0,0
2023,Aragon,Other roads,Head-on collision,8,0,0,0,0,0,0,0,0,0,0
2023,Aragon,Other roads,Head-on/side collision,17,0,0,0,0,0,0,0,0,0,0
2023,Aragon,Other roads,Side collision,3,0,0,0,0,0,0,0,0,0,0
2023,Aragon,Other roads,Rear-end collision,16,0,0,0,0,0,0,0,0,0,0
2023,Aragon,Other roads,Multiple or chain collision,3,0,0,0,0,0,0,0,0,0,0
2023,Aragon,Other roads,Collision with obstacle or road element,1,0,0,0,0,0,0,0,0,0,0
2023,Aragon,Other roads,Pedestrian struck,6,0,0,0,0,0,0,0,0,0,0
2023,Aragon,Other roads,Overturn,3,0,0,0,0,0,0,0,0,0,0
2023,Aragon,Other roads,Fall (rider or occupant),14,0,0,0,0,0,0,0,0,0,0
2023,Aragon,Other roads,Run-off road,33,4,4,0,0,0,1,0,0,0,3
2023,Aragon,Other roads,Other crash type,2,0,0,0,0,0,0,0,0,0,0
2023,Asturias,Urban streets,Head-on collision,14,0,0,0,0,0,0,0,0,0,0
2023,Asturias,Urban streets,Head-on/side collision,210,0,0,0,0,0,0,0,0,0,0
2023,Asturias,Urban streets,Side collision,53,0,0,0,0,0,0,0,0,0,0
2023,Asturias,Urban streets,Rear-end collision,140,2,2,0,0,0,1,0,0,1,0
2023,Asturias,Urban streets,Multiple or chain collision,9,0,0,0,0,0,0,0,0,0,0
2023,Asturias,Urban streets,Collision with obstacle or road element,29,0,0,0,0,0,0,0,0,0,0
2023,Asturias,Urban streets,Pedestrian struck,282,3,3,3,0,0,0,0,0,0,0
2023,Asturias,Urban streets,Animal struck,2,0,0,0,0,0,0,0,0,0,0
2023,Asturias,Urban streets,Overturn,4,0,0,0,0,0,0,0,0,0,0
2023,Asturias,Urban streets,Fall (rider or occupant),112,1,1,0,1,0,0,0,0,0,0
2023,Asturias,Urban streets,Run-off road,70,1,1,0,0,0,1,0,0,0,0
2023,Asturias,Urban streets,Other crash type,41,0,0,0,0,0,0,0,0,0,0
2023,Asturias,Conventional roads,Head-on collision,55,7,7,0,1,0,1,5,0,0,0
2023,Asturias,Conventional roads,Head-on/side collision,95,5,7,0,0,0,1,6,0,0,0
2023,Asturias,Conventional roads,Side collision,34,0,0,0,0,0,0,0,0,0,0
2023,Asturias,Conventional roads,Rear-end collision,68,0,0,0,0,0,0,0,0,0,0
2023,Asturias,Conventional roads,Multiple or chain collision,8,2,2,0,0,0,1,1,0,0,0
2023,Asturias,Conventional roads,Collision with obstacle or road element,9,1,1,0,0,0,0,1,0,0,0
2023,Asturias,Conventional roads,Pedestrian struck,21,0,0,0,0,0,0,0,0,0,0
2023,Asturias,Conventional roads,Animal struck,18,0,0,0,0,0,0,0,0,0,0
2023,Asturias,Conventional roads,Overturn,9,1,1,0,0,0,1,0,0,0,0
2023,Asturias,Conventional roads,Fall (rider or occupant),47,0,0,0,0,0,0,0,0,0,0
2023,Asturias,Conventional roads,Run-off road,225,8,8,0,0,0,5,3,0,0,0
2023,Asturias,Conventional roads,Other crash type,8,0,0,0,0,0,0,0,0,0,0
2023,Asturias,Dual carriageways,Head-on collision,3,1,2,0,0,0,0,2,0,0,0
2023,Asturias,Dual carriageways,Head-on/side collision,11,0,0,0,0,0,0,0,0,0,0
2023,Asturias,Dual carriageways,Side collision,9,0,0,0,0,0,0,0,0,0,0
2023,Asturias,Dual carriageways,Rear-end collision,39,1,1,0,0,0,1,0,0,0,0
2023,Asturias,Dual carriageways,Multiple or chain collision,12,0,0,0,0,0,0,0,0,0,0
2023,Asturias,Dual carriageways,Collision with obstacle or road element,1,0,0,0,0,0,0,0,0,0,0
2023,Asturias,Dual carriageways,Pedestrian struck,4,1,1,1,0,0,0,0,0,0,0
2023,Asturias,Dual carriageways,Animal struck,7,0,0,0,0,0,0,0,0,0,0
2023,Asturias,Dual carriageways,Overturn,5,1,1,0,0,0,1,0,0,0,0
2023,Asturias,Dual carriageways,Fall (rider or occupant),5,1,2,0,0,0,2,0,0,0,0
2023,Asturias,Dual carriageways,Run-off road,90,5,5,0,0,0,2,1,1,0,1
2023,Asturias,Dual carriageways,Other crash type,4,0,0,0,0,0,0,0,0,0,0
2023,Asturias,Motorways,Rear-end collision,2,0,0,0,0,0,0,0,0,0,0
2023,Asturias,Motorways,Collision with obstacle or road element,1,0,0,0,0,0,0,0,0,0,0
2023,Asturias,Motorways,Pedestrian struck,1,0,0,0,0,0,0,0,0,0,0
2023,Asturias,Motorways,Run-off road,4,0,0,0,0,0,0,0,0,0,0
2023,Asturias,Other roads,Head-on collision,7,0,0,0,0,0,0,0,0,0,0
2023,Asturias,Other roads,Head-on/side collision,10,0,0,0,0,0,0,0,0,0,0
2023,Asturias,Other roads,Side collision,3,0,0,0,0,0,0,0,0,0,0
2023,Asturias,Other roads,Rear-end collision,9,0,0,0,0,0,0,0,0,0,0
2023,Asturias,Other roads,Multiple or chain collision,1,0,0,0,0,0,0,0,0,0,0
2023,Asturias,Other roads,Collision with obstacle or road element,1,0,0,0,0,0,0,0,0,0,0
2023,Asturias,Other roads,Pedestrian struck,6,0,0,0,0,0,0,0,0,0,0
2023,Asturias,Other roads,Animal struck,1,0,0,0,0,0,0,0,0,0,0
2023,Asturias,Other roads,Overturn,2,0,0,0,0,0,0,0,0,0,0
2023,Asturias,Other roads,Fall (rider or occupant),14,0,0,0,0,0,0,0,0,0,0
2023,Asturias,Other roads,Run-off road,23,3,3,0,0,0,0,1,1,0,1
2023,Asturias,Other roads,Other crash type,4,1,1,0,0,0,0,0,0,0,1
2023,Balearic Islands,Urban streets,Head-on collision,50,0,0,0,0,0,0,0,0,0,0
2023,Balearic Islands,Urban streets,Head-on/side collision,516,0,0,0,0,0,0,0,0,0,0
2023,Balearic Islands,Urban streets,Side collision,138,0,0,0,0,0,0,0,0,0,0
2023,Balearic Islands,Urban streets,Rear-end collision,226,0,0,0,0,0,0,0,0,0,0
2023,Balearic Islands,Urban streets,Multiple or chain collision,10,0,0,0,0,0,0,0,0,0,0
2023,Balearic Islands,Urban streets,Collision with obstacle or road element,50,1,1,0,1,0,0,0,0,0,0
2023,Balearic Islands,Urban streets,Pedestrian struck,273,8,8,7,1,0,0,0,0,0,0
2023,Balearic Islands,Urban streets,Overturn,6,0,0,0,0,0,0,0,0,0,0
2023,Balearic Islands,Urban streets,Fall (rider or occupant),193,2,2,0,1,0,1,0,0,0,0
2023,Balearic Islands,Urban streets,Run-off road,69,5,5,0,0,1,3,1,0,0,0
2023,Balearic Islands,Urban streets,Other crash type,40,0,0,0,0,0,0,0,0,0,0
2023,Balearic Islands,Conventional roads,Head-on collision,57,8,9,0,0,0,3,6,0,0,0
2023,Balearic Islands,Conventional roads,Head-on/side collision,176,5,5,0,1,0,2,2,0,0,0
2023,Balearic Islands,Conventional roads,Side collision,39,1,1,0,0,0,1,0,0,0,0
2023,Balearic Islands,Conventional roads,Rear-end collision,127,2,2,0,1,0,1,0,0,0,0
2023,Balearic Islands,Conventional roads,Multiple or chain collision,29,0,0,0,0,0,0,0,0,0,0
2023,Balearic Islands,Conventional roads,Collision with obstacle or road element,2,0,0,0,0,0,0,0,0,0,0
2023,Balearic Islands,Conventional roads,Pedestrian struck,10,0,0,0,0,0,0,0,0,0,0
2023,Balearic Islands,Conventional roads,Animal struck,3,0,0,0,0,0,0,0,0,0,0
2023,Balearic Islands,Conventional roads,Fall (rider or occupant),32,0,0,0,0,0,0,0,0,0,0
2023,Balearic Islands,Conventional roads,Run-off road,257,13,15,0,1,0,7,6,0,0,1
2023,Balearic Islands,Conventional roads,Other crash type,10,1,2,0,2,0,0,0,0,0,0
2023,Balearic Islands,Dual carriageways,Head-on collision,2,0,0,0,0,0,0,0,0,0,0
2023,Balearic Islands,Dual carriageways,Head-on/side collision,38,0,0,0,0,0,0,0,0,0,0
2023,Balearic Islands,Dual carriageways,Side collision,18,0,0,0,0,0,0,0,0,0,0
2023,Balearic Islands,Dual carriageways,Rear-end collision,41,1,1,0,0,1,0,0,0,0,0
2023,Balearic Islands,Dual carriageways,Multiple or chain collision,6,0,0,0,0,0,0,0,0,0,0
2023,Balearic Islands,Dual carriageways,Collision with obstacle or road element,1,0,0,0,0,0,0,0,0,0,0
2023,Balearic Islands,Dual carriageways,Pedestrian struck,6,2,2,2,0,0,0,0,0,0,0
2023,Balearic Islands,Dual carriageways,Overturn,2,0,0,0,0,0,0,0,0,0,0
2023,Balearic Islands,Dual carriageways,Fall (rider or occupant),9,0,0,0,0,0,0,0,0,0,0
2023,Balearic Islands,Dual carriageways,Run-off road,43,2,2,1,0,0,0,1,0,0,0
2023,Balearic Islands,Dual carriageways,Other crash type,4,0,0,0,0,0,0,0,0,0,0
2023,Balearic Islands,Motorways,Head-on collision,3,0,0,0,0,0,0,0,0,0,0
2023,Balearic Islands,Motorways,Head-on/side collision,10,0,0,0,0,0,0,0,0,0,0
2023,Balearic Islands,Motorways,Side collision,23,0,0,0,0,0,0,0,0,0,0
2023,Balearic Islands,Motorways,Rear-end collision,108,1,1,0,0,0,1,0,0,0,0
2023,Balearic Islands,Motorways,Multiple or chain collision,27,0,0,0,0,0,0,0,0,0,0
2023,Balearic Islands,Motorways,Collision with obstacle or road element,1,0,0,0,0,0,0,0,0,0,0
2023,Balearic Islands,Motorways,Pedestrian struck,5,1,1,1,0,0,0,0,0,0,0
2023,Balearic Islands,Motorways,Overturn,2,0,0,0,0,0,0,0,0,0,0
2023,Balearic Islands,Motorways,Fall (rider or occupant),8,0,0,0,0,0,0,0,0,0,0
2023,Balearic Islands,Motorways,Run-off road,43,4,4,0,0,0,2,2,0,0,0
2023,Balearic Islands,Motorways,Other crash type,1,0,0,0,0,0,0,0,0,0,0
2023,Balearic Islands,Other roads,Head-on collision,19,1,1,0,1,0,0,0,0,0,0
2023,Balearic Islands,Other roads,Head-on/side collision,34,1,1,0,0,0,1,0,0,0,0
2023,Balearic Islands,Other roads,Side collision,10,0,0,0,0,0,0,0,0,0,0
2023,Balearic Islands,Other roads,Rear-end collision,14,0,0,0,0,0,0,0,0,0,0
2023,Balearic Islands,Other roads,Collision with obstacle or road element,5,0,0,0,0,0,0,0,0,0,0
2023,Balearic Islands,Other roads,Pedestrian struck,16,0,0,0,0,0,0,0,0,0,0
2023,Balearic Islands,Other roads,Overturn,4,0,0,0,0,0,0,0,0,0,0
2023,Balearic Islands,Other roads,Fall (rider or occupant),14,0,0,0,0,0,0,0,0,0,0
2023,Balearic Islands,Other roads,Run-off road,40,1,1,0,0,0,1,0,0,0,0
2023,Balearic Islands,Other roads,Other crash type,1,0,0,0,0,0,0,0,0,0,0
2023,Canary Islands,Urban streets,Head-on collision,43,1,1,0,0,0,0,1,0,0,0
2023,Canary Islands,Urban streets,Head-on/side collision,610,1,1,0,0,0,0,1,0,0,0
2023,Canary Islands,Urban streets,Side collision,182,0,0,0,0,0,0,0,0,0,0
2023,Canary Islands,Urban streets,Rear-end collision,352,0,0,0,0,0,0,0,0,0,0
2023,Canary Islands,Urban streets,Multiple or chain collision,31,0,0,0,0,0,0,0,0,0,0
2023,Canary Islands,Urban streets,Collision with obstacle or road element,50,1,1,0,0,0,0,1,0,0,0
2023,Canary Islands,Urban streets,Pedestrian struck,406,11,11,11,0,0,0,0,0,0,0
2023,Canary Islands,Urban streets,Animal struck,3,0,0,0,0,0,0,0,0,0,0
2023,Canary Islands,Urban streets,Overturn,12,0,0,0,0,0,0,0,0,0,0
2023,Canary Islands,Urban streets,Fall (rider or occupant),215,2,2,0,1,0,0,0,0,0,1
2023,Canary Islands,Urban streets,Run-off road,155,4,4,0,0,0,2,2,0,0,0
2023,Canary Islands,Urban streets,Other crash type,75,0,0,0,0,0,0,0,0,0,0
2023,Canary Islands,Conventional roads,Head-on collision,65,2,2,0,0,1,1,0,0,0,0
2023,Canary Islands,Conventional roads,Head-on/side collision,208,4,4,0,0,0,4,0,0,0,0
2023,Canary Islands,Conventional roads,Side collision,76,0,0,0,0,0,0,0,0,0,0
2023,Canary Islands,Conventional roads,Rear-end collision,187,3,3,0,2,0,1,0,0,0,0
2023,Canary Islands,Conventional roads,Multiple or chain collision,48,0,0,0,0,0,0,0,0,0,0
2023,Canary Islands,Conventional roads,Collision with obstacle or road element,11,0,0,0,0,0,0,0,0,0,0
2023,Canary Islands,Conventional roads,Pedestrian struck,46,3,3,3,0,0,0,0,0,0,0
2023,Canary Islands,Conventional roads,Animal struck,2,0,0,0,0,0,0,0,0,0,0
2023,Canary Islands,Conventional roads,Overturn,5,0,0,0,0,0,0,0,0,0,0
2023,Canary Islands,Conventional roads,Fall (rider or occupant),92,2,2,0,0,0,2,0,0,0,0
2023,Canary Islands,Conventional roads,Run-off road,372,11,11,1,0,0,6,4,0,0,0
2023,Canary Islands,Conventional roads,Other crash type,19,1,2,0,0,0,2,0,0,0,0
2023,Canary Islands,Dual carriageways,Head-on collision,8,0,0,0,0,0,0,0,0,0,0
2023,Canary Islands,Dual carriageways,Head-on/side collision,26,0,0,0,0,0,0,0,0,0,0
2023,Canary Islands,Dual carriageways,Side collision,34,0,0,0,0,0,0,0,0,0,0
2023,Canary Islands,Dual carriageways,Rear-end collision,162,1,1,0,0,0,1,0,0,0,0
2023,Canary Islands,Dual carriageways,Multiple or chain collision,58,0,0,0,0,0,0,0,0,0,0
2023,Canary Islands,Dual carriageways,Collision with obstacle or road element,3,0,0,0,0,0,0,0,0,0,0
2023,Canary Islands,Dual carriageways,Pedestrian struck,5,1,1,1,0,0,0,0,0,0,0
2023,Canary Islands,Dual carriageways,Overturn,4,0,0,0,0,0,0,0,0,0,0
2023,Canary Islands,Dual carriageways,Fall (rider or occupant),24,0,0,0,0,0,0,0,0,0,0
2023,Canary Islands,Dual carriageways,Run-off road,92,2,2,0,0,0,0,2,0,0,0
2023,Canary Islands,Dual carriageways,Other crash type,1,0,0,0,0,0,0,0,0,0,0
2023,Canary Islands,Motorways,Head-on collision,2,1,2,0,0,0,0,1,1,0,0
2023,Canary Islands,Motorways,Head-on/side collision,18,0,0,0,0,0,0,0,0,0,0
2023,Canary Islands,Motorways,Side collision,31,0,0,0,0,0,0,0,0,0,0
2023,Canary Islands,Motorways,Rear-end collision,183,1,1,0,0,0,1,0,0,0,0
2023,Canary Islands,Motorways,Multiple or chain collision,78,0,0,0,0,0,0,0,0,0,0
2023,Canary Islands,Motorways,Collision with obstacle or road element,2,0,0,0,0,0,0,0,0,0,0
2023,Canary Islands,Motorways,Pedestrian struck,13,4,4,4,0,0,0,0,0,0,0
2023,Canary Islands,Motorways,Overturn,2,0,0,0,0,0,0,0,0,0,0
2023,Canary Islands,Motorways,Fall (rider or occupant),20,1,1,0,0,0,1,0,0,0,0
2023,Canary Islands,Motorways,Run-off road,89,1,1,0,0,0,1,0,0,0,0
2023,Canary Islands,Motorways,Other crash type,8,1,1,0,0,0,1,0,0,0,0
2023,Canary Islands,Other roads,Head-on collision,6,0,0,0,0,0,0,0,0,0,0
2023,Canary Islands,Other roads,Head-on/side collision,20,1,1,0,0,0,1,0,0,0,0
2023,Canary Islands,Other roads,Side collision,6,0,0,0,0,0,0,0,0,0,0
2023,Canary Islands,Other roads,Rear-end collision,32,2,2,0,0,0,2,0,0,0,0
2023,Canary Islands,Other roads,Multiple or chain collision,3,0,0,0,0,0,0,0,0,0,0
2023,Canary Islands,Other roads,Pedestrian struck,20,2,2,2,0,0,0,0,0,0,0
2023,Canary Islands,Other roads,Overturn,2,0,0,0,0,0,0,0,0,0,0
2023,Canary Islands,Other roads,Fall (rider or occupant),21,1,1,0,0,0,1,0,0,0,0
2023,Canary Islands,Other roads,Run-off road,30,2,2,1,0,0,1,0,0,0,0
2023,Canary Islands,Other roads,Other crash type,2,0,0,0,0,0,0,0,0,0,0
2023,Cantabria,Urban streets,Head-on collision,20,1,1,0,0,1,0,0,0,0,0
2023,Cantabria,Urban streets,Head-on/side collision,117,0,0,0,0,0,0,0,0,0,0
2023,Cantabria,Urban streets,Side collision,49,0,0,0,0,0,0,0,0,0,0
2023,Cantabria,Urban streets,Rear-end collision,78,1,1,0,0,0,1,0,0,0,0
2023,Cantabria,Urban streets,Multiple or chain collision,14,0,0,0,0,0,0,0,0,0,0
2023,Cantabria,Urban streets,Collision with obstacle or road element,7,0,0,0,0,0,0,0,0,0,0
2023,Cantabria,Urban streets,Pedestrian struck,152,2,2,2,0,0,0,0,0,0,0
2023,Cantabria,Urban streets,Overturn,2,0,0,0,0,0,0,0,0,0,0
2023,Cantabria,Urban streets,Fall (rider or occupant),60,0,0,0,0,0,0,0,0,0,0
2023,Cantabria,Urban streets,Run-off road,34,2,2,0,1,0,1,0,0,0,0
2023,Cantabria,Urban streets,Other crash type,7,0,0,0,0,0,0,0,0,0,0
2023,Cantabria,Conventional roads,Head-on collision,23,1,1,0,0,0,0,1,0,0,0
2023,Cantabria,Conventional roads,Head-on/side collision,65,0,0,0,0,0,0,0,0,0,0
2023,Cantabria,Conventional roads,Side collision,23,0,0,0,0,0,0,0,0,0,0
2023,Cantabria,Conventional roads,Rear-end collision,52,0,0,0,0,0,0,0,0,0,0
2023,Cantabria,Conventional roads,Multiple or chain collision,13,0,0,0,0,0,0,0,0,0,0
2023,Cantabria,Conventional roads,Collision with obstacle or road element,2,0,0,0,0,0,0,0,0,0,0
2023,Cantabria,Conventional roads,Pedestrian struck,15,0,0,0,0,0,0,0,0,0,0
2023,Cantabria,Conventional roads,Animal struck,6,1,1,0,0,0,1,0,0,0,0
2023,Cantabria,Conventional roads,Overturn,2,0,0,0,0,0,0,0,0,0,0
2023,Cantabria,Conventional roads,Fall (rider or occupant),45,2,2,0,1,0,1,0,0,0,0
2023,Cantabria,Conventional roads,Run-off road,108,6,8,3,2,0,2,1,0,0,0
2023,Cantabria,Conventional roads,Other crash type,5,0,0,0,0,0,0,0,0,0,0
2023,Cantabria,Dual carriageways,Head-on/side collision,8,0,0,0,0,0,0,0,0,0,0
2023,Cantabria,Dual carriageways,Side collision,11,0,0,0,0,0,0,0,0,0,0
2023,Cantabria,Dual carriageways,Rear-end collision,58,1,1,0,0,0,0,1,0,0,0
2023,Cantabria,Dual carriageways,Multiple or chain collision,20,0,0,0,0,0,0,0,0,0,0
2023,Cantabria,Dual carriageways,Collision with obstacle or road element,3,0,0,0,0,0,0,0,0,0,0
2023,Cantabria,Dual carriageways,Animal struck,1,0,0,0,0,0,0,0,0,0,0
2023,Cantabria,Dual carriageways,Overturn,1,0,0,0,0,0,0,0,0,0,0
2023,Cantabria,Dual carriageways,Fall (rider or occupant),4,0,0,0,0,0,0,0,0,0,0
2023,Cantabria,Dual carriageways,Run-off road,93,3,3,0,0,0,1,0,0,2,0
2023,Cantabria,Dual carriageways,Other crash type,2,0,0,0,0,0,0,0,0,0,0
2023,Cantabria,Other roads,Head-on collision,5,0,0,0,0,0,0,0,0,0,0
2023,Cantabria,Other roads,Head-on/side collision,10,1,1,0,0,0,0,0,0,0,1
2023,Cantabria,Other roads,Side collision,10,0,0,0,0,0,0,0,0,0,0
2023,Cantabria,Other roads,Rear-end collision,12,0,0,0,0,0,0,0,0,0,0
2023,Cantabria,Other roads,Multiple or chain collision,2,0,0,0,0,0,0,0,0,0,0
2023,Cantabria,Other roads,Collision with obstacle or road element,3,0,0,0,0,0,0,0,0,0,0
2023,Cantabria,Other roads,Pedestrian struck,13,0,0,0,0,0,0,0,0,0,0
2023,Cantabria,Other roads,Fall (rider or occupant),17,1,1,0,1,0,0,0,0,0,0
2023,Cantabria,Other roads,Run-off road,7,0,0,0,0,0,0,0,0,0,0
2023,Cantabria,Other roads,Other crash type,1,0,0,0,0,0,0,0,0,0,0
2023,Castile and León,Urban streets,Head-on collision,50,0,0,0,0,0,0,0,0,0,0
2023,Castile and León,Urban streets,Head-on/side collision,426,1,1,0,0,0,1,0,0,0,0
2023,Castile and León,Urban streets,Side collision,139,0,0,0,0,0,0,0,0,0,0
2023,Castile and León,Urban streets,Rear-end collision,286,0,0,0,0,0,0,0,0,0,0
2023,Castile and León,Urban streets,Multiple or chain collision,22,0,0,0,0,0,0,0,0,0,0
2023,Castile and León,Urban streets,Collision with obstacle or road element,46,0,0,0,0,0,0,0,0,0,0
2023,Castile and León,Urban streets,Pedestrian struck,452,15,15,15,0,0,0,0,0,0,0
2023,Castile and León,Urban streets,Animal struck,1,0,0,0,0,0,0,0,0,0,0
2023,Castile and León,Urban streets,Overturn,8,0,0,0,0,0,0,0,0,0,0
2023,Castile and León,Urban streets,Fall (rider or occupant),226,0,0,0,0,0,0,0,0,0,0
2023,Castile and León,Urban streets,Run-off road,88,5,5,0,0,0,3,1,1,0,0
2023,Castile and León,Urban streets,Other crash type,89,2,2,0,1,0,0,1,0,0,0
2023,Castile and León,Conventional roads,Head-on collision,83,20,28,0,1,0,3,19,3,2,0
2023,Castile and León,Conventional roads,Head-on/side collision,246,13,13,0,1,1,3,2,3,1,2
2023,Castile and León,Conventional roads,Side collision,42,1,1,0,0,0,1,0,0,0,0
2023,Castile and León,Conventional roads,Rear-end collision,133,4,4,0,1,0,0,3,0,0,0
2023,Castile and León,Conventional roads,Multiple or chain collision,14,0,0,0,0,0,0,0,0,0,0
2023,Castile and León,Conventional roads,Collision with obstacle or road element,12,0,0,0,0,0,0,0,0,0,0
2023,Castile and León,Conventional roads,Pedestrian struck,35,5,5,5,0,0,0,0,0,0,0
2023,Castile and León,Conventional roads,Animal struck,56,0,0,0,0,0,0,0,0,0,0
2023,Castile and León,Conventional roads,Overturn,8,1,1,0,0,0,0,0,0,0,1
2023,Castile and León,Conventional roads,Fall (rider or occupant),66,2,2,0,1,0,1,0,0,0,0
2023,Castile and León,Conventional roads,Run-off road,765,40,45,0,0,0,11,31,1,2,0
2023,Castile and León,Conventional roads,Other crash type,11,0,0,0,0,0,0,0,0,0,0
2023,Castile and León,Dual carriageways,Head-on collision,1,0,0,0,0,0,0,0,0,0,0
2023,Castile and León,Dual carriageways,Head-on/side collision,12,1,1,0,0,0,0,1,0,0,0
2023,Castile and León,Dual carriageways,Side collision,19,0,0,0,0,0,0,0,0,0,0
2023,Castile and León,Dual carriageways,Rear-end collision,93,1,1,0,0,0,1,0,0,0,0
2023,Castile and León,Dual carriageways,Multiple or chain collision,21,1,1,0,0,0,1,0,0,0,0
2023,Castile and León,Dual carriageways,Collision with obstacle or road element,10,1,1,0,0,0,0,1,0,0,0
2023,Castile and León,Dual carriageways,Pedestrian struck,5,2,2,2,0,0,0,0,0,0,0
2023,Castile and León,Dual carriageways,Animal struck,12,0,0,0,0,0,0,0,0,0,0
2023,Castile and León,Dual carriageways,Overturn,3,0,0,0,0,0,0,0,0,0,0
2023,Castile and León,Dual carriageways,Fall (rider or occupant),12,1,1,0,0,0,1,0,0,0,0
2023,Castile and León,Dual carriageways,Run-off road,219,19,20,0,0,0,2,14,0,4,0
2023,Castile and León,Dual carriageways,Other crash type,5,0,0,0,0,0,0,0,0,0,0
2023,Castile and León,Motorways,Head-on collision,1,0,0,0,0,0,0,0,0,0,0
2023,Castile and León,Motorways,Head-on/side collision,1,0,0,0,0,0,0,0,0,0,0
2023,Castile and León,Motorways,Side collision,1,1,1,0,0,0,0,1,0,0,0
2023,Castile and León,Motorways,Rear-end collision,12,0,0,0,0,0,0,0,0,0,0
2023,Castile and León,Motorways,Multiple or chain collision,3,1,1,0,0,0,0,1,0,0,0
2023,Castile and León,Motorways,Collision with obstacle or road element,1,0,0,0,0,0,0,0,0,0,0
2023,Castile and León,Motorways,Overturn,1,0,0,0,0,0,0,0,0,0,0
2023,Castile and León,Motorways,Run-off road,20,1,3,0,0,0,0,3,0,0,0
2023,Castile and León,Other roads,Head-on collision,6,1,1,0,0,0,1,0,0,0,0
2023,Castile and León,Other roads,Head-on/side collision,16,0,0,0,0,0,0,0,0,0,0
2023,Castile and León,Other roads,Side collision,11,1,1,0,0,1,0,0,0,0,0
2023,Castile and León,Other roads,Rear-end collision,17,1,1,0,1,0,0,0,0,0,0
2023,Castile and León,Other roads,Collision with obstacle or road element,2,0,0,0,0,0,0,0,0,0,0
2023,Castile and León,Other roads,Pedestrian struck,24,2,2,2,0,0,0,0,0,0,0
2023,Castile and León,Other roads,Animal struck,1,0,0,0,0,0,0,0,0,0,0
2023,Castile and León,Other roads,Overturn,4,0,0,0,0,0,0,0,0,0,0
2023,Castile and León,Other roads,Fall (rider or occupant),31,0,0,0,0,0,0,0,0,0,0
2023,Castile and León,Other roads,Run-off road,73,8,8,0,0,1,0,6,0,0,1
2023,Castile and León,Other roads,Other crash type,5,0,0,0,0,0,0,0,0,0,0
2023,Castile-La Mancha,Urban streets,Head-on collision,24,0,0,0,0,0,0,0,0,0,0
2023,Castile-La Mancha,Urban streets,Head-on/side collision,337,1,1,0,0,0,1,0,0,0,0
2023,Castile-La Mancha,Urban streets,Side collision,92,0,0,0,0,0,0,0,0,0,0
2023,Castile-La Mancha,Urban streets,Rear-end collision,136,1,1,0,0,0,0,1,0,0,0
2023,Castile-La Mancha,Urban streets,Multiple or chain collision,12,0,0,0,0,0,0,0,0,0,0
2023,Castile-La Mancha,Urban streets,Collision with obstacle or road element,43,0,0,0,0,0,0,0,0,0,0
2023,Castile-La Mancha,Urban streets,Pedestrian struck,291,12,12,12,0,0,0,0,0,0,0
2023,Castile-La Mancha,Urban streets,Animal struck,1,0,0,0,0,0,0,0,0,0,0
2023,Castile-La Mancha,Urban streets,Overturn,7,0,0,0,0,0,0,0,0,0,0
2023,Castile-La Mancha,Urban streets,Fall (rider or occupant),131,1,1,0,0,0,1,0,0,0,0
2023,Castile-La Mancha,Urban streets,Run-off road,73,0,0,0,0,0,0,0,0,0,0
2023,Castile-La Mancha,Urban streets,Other crash type,33,1,1,0,0,0,1,0,0,0,0
2023,Castile-La Mancha,Conventional roads,Head-on collision,72,13,16,0,0,0,1,13,1,1,0
2023,Castile-La Mancha,Conventional roads,Head-on/side collision,156,8,11,0,0,1,2,8,0,0,0
2023,Castile-La Mancha,Conventional roads,Side collision,46,1,1,0,0,0,0,1,0,0,0
2023,Castile-La Mancha,Conventional roads,Rear-end collision,114,4,4,0,0,0,1,1,0,0,2
2023,Castile-La Mancha,Conventional roads,Multiple or chain collision,14,1,1,0,0,0,0,1,0,0,0
2023,Castile-La Mancha,Conventional roads,Collision with obstacle or road element,11,0,0,0,0,0,0,0,0,0,0
2023,Castile-La Mancha,Conventional roads,Pedestrian struck,19,2,2,2,0,0,0,0,0,0,0
2023,Castile-La Mancha,Conventional roads,Animal struck,31,0,0,0,0,0,0,0,0,0,0
2023,Castile-La Mancha,Conventional roads,Overturn,15,0,0,0,0,0,0,0,0,0,0
2023,Castile-La Mancha,Conventional roads,Fall (rider or occupant),40,1,1,0,0,0,1,0,0,0,0
2023,Castile-La Mancha,Conventional roads,Run-off road,547,33,33,0,0,1,9,19,3,0,1
2023,Castile-La Mancha,Conventional roads,Other crash type,6,0,0,0,0,0,0,0,0,0,0
2023,Castile-La Mancha,Dual carriageways,Head-on/side collision,17,1,1,0,0,0,0,1,0,0,0
2023,Castile-La Mancha,Dual carriageways,Side collision,27,1,1,0,0,0,0,1,0,0,0
2023,Castile-La Mancha,Dual carriageways,Rear-end collision,177,4,4,0,0,0,1,1,1,1,0
2023,Castile-La Mancha,Dual carriageways,Multiple or chain collision,54,2,2,0,0,0,0,2,0,0,0
2023,Castile-La Mancha,Dual carriageways,Collision with obstacle or road element,17,2,2,0,0,0,0,1,0,1,0
2023,Castile-La Mancha,Dual carriageways,Pedestrian struck,5,3,4,4,0,0,0,0,0,0,0
2023,Castile-La Mancha,Dual carriageways,Animal struck,3,0,0,0,0,0,0,0,0,0,0
2023,Castile-La Mancha,Dual carriageways,Overturn,2,0,0,0,0,0,0,0,0,0,0
2023,Castile-La Mancha,Dual carriageways,Fall (rider or occupant),8,0,0,0,0,0,0,0,0,0,0
2023,Castile-La Mancha,Dual carriageways,Run-off road,198,11,13,0,0,0,2,9,1,1,0
2023,Castile-La Mancha,Dual carriageways,Other crash type,3,1,2,0,0,0,0,2,0,0,0
2023,Castile-La Mancha,Motorways,Head-on collision,1,1,1,0,0,0,0,1,0,0,0
2023,Castile-La Mancha,Motorways,Head-on/side collision,1,0,0,0,0,0,0,0,0,0,0
2023,Castile-La Mancha,Motorways,Rear-end collision,1,0,0,0,0,0,0,0,0,0,0
2023,Castile-La Mancha,Motorways,Collision with obstacle or road element,1,0,0,0,0,0,0,0,0,0,0
2023,Castile-La Mancha,Motorways,Pedestrian struck,1,1,1,1,0,0,0,0,0,0,0
2023,Castile-La Mancha,Motorways,Run-off road,13,0,0,0,0,0,0,0,0,0,0
2023,Castile-La Mancha,Other roads,Head-on collision,5,2,2,0,0,0,1,1,0,0,0
2023,Castile-La Mancha,Other roads,Head-on/side collision,17,1,1,0,0,0,0,1,0,0,0
2023,Castile-La Mancha,Other roads,Side collision,6,0,0,0,0,0,0,0,0,0,0
2023,Castile-La Mancha,Other roads,Rear-end collision,13,0,0,0,0,0,0,0,0,0,0
2023,Castile-La Mancha,Other roads,Collision with obstacle or road element,2,0,0,0,0,0,0,0,0,0,0
2023,Castile-La Mancha,Other roads,Pedestrian struck,10,1,1,1,0,0,0,0,0,0,0
2023,Castile-La Mancha,Other roads,Animal struck,3,0,0,0,0,0,0,0,0,0,0
2023,Castile-La Mancha,Other roads,Overturn,7,0,0,0,0,0,0,0,0,0,0
2023,Castile-La Mancha,Other roads,Fall (rider or occupant),19,0,0,0,0,0,0,0,0,0,0
2023,Castile-La Mancha,Other roads,Run-off road,64,3,3,0,0,0,0,2,1,0,0
2023,Castile-La Mancha,Other roads,Other crash type,2,0,0,0,0,0,0,0,0,0,0
2023,Catalonia,Urban streets,Head-on collision,328,2,2,0,0,0,1,0,0,0,1
2023,Catalonia,Urban streets,Head-on/side collision,3386,20,20,0,3,1,12,2,0,1,1
2023,Catalonia,Urban streets,Side collision,2221,5,6,0,0,1,2,1,1,0,1
2023,Catalonia,Urban streets,Rear-end collision,1134,3,3,0,1,0,1,1,0,0,0
2023,Catalonia,Urban streets,Collision with obstacle or road element,516,8,8,1,0,0,4,2,0,0,1
2023,Catalonia,Urban streets,Pedestrian struck,2402,34,35,33,0,0,1,1,0,0,0
2023,Catalonia,Urban streets,Animal struck,22,0,0,0,0,0,0,0,0,0,0
2023,Catalonia,Urban streets,Overturn,2098,6,6,0,0,0,3,0,0,1,2
2023,Catalonia,Urban streets,Run-off road,415,4,4,0,0,1,1,2,0,0,0
2023,Catalonia,Urban streets,Other crash type,2112,11,11,3,0,0,3,4,0,1,0
2023,Catalonia,Conventional roads,Head-on collision,311,34,35,0,0,0,8,26,1,0,0
2023,Catalonia,Conventional roads,Head-on/side collision,591,5,6,0,0,0,3,3,0,0,0
2023,Catalonia,Conventional roads,Side collision,342,7,8,0,1,0,4,3,0,0,0
2023,Catalonia,Conventional roads,Rear-end collision,770,7,7,0,2,0,3,1,0,0,1
2023,Catalonia,Conventional roads,Collision with obstacle or road element,119,1,1,0,1,0,0,0,0,0,0
2023,Catalonia,Conventional roads,Pedestrian struck,74,8,9,9,0,0,0,0,0,0,0
2023,Catalonia,Conventional roads,Animal struck,139,0,0,0,0,0,0,0,0,0,0
2023,Catalonia,Conventional roads,Overturn,617,8,8,0,1,1,6,0,0,0,0
2023,Catalonia,Conventional roads,Run-off road,1208,29,36,0,0,0,12,24,0,0,0
2023,Catalonia,Conventional roads,Other crash type,158,2,2,0,0,0,2,0,0,0,0
2023,Catalonia,Dual carriageways,Head-on collision,8,1,2,0,0,0,0,2,0,0,0
2023,Catalonia,Dual carriageways,Head-on/side collision,75,2,2,0,0,0,1,0,0,1,0
2023,Catalonia,Dual carriageways,Side collision,223,3,3,0,0,0,2,1,0,0,0
2023,Catalonia,Dual carriageways,Rear-end collision,525,3,3,0,0,1,1,1,0,0,0
2023,Catalonia,Dual carriageways,Collision with obstacle or road element,69,0,0,0,0,0,0,0,0,0,0
2023,Catalonia,Dual carriageways,Pedestrian struck,9,3,3,3,0,0,0,0,0,0,0
2023,Catalonia,Dual carriageways,Animal struck,19,0,0,0,0,0,0,0,0,0,0
2023,Catalonia,Dual carriageways,Overturn,106,0,0,0,0,0,0,0,0,0,0
2023,Catalonia,Dual carriageways,Run-off road,251,6,7,0,0,0,3,3,0,1,0
2023,Catalonia,Dual carriageways,Other crash type,90,3,3,0,0,0,0,2,0,1,0
2023,Catalonia,Motorways,Head-on collision,4,2,2,0,0,0,0,2,0,0,0
2023,Catalonia,Motorways,Head-on/side collision,80,2,2,0,0,0,1,1,0,0,0
2023,Catalonia,Motorways,Side collision,263,1,1,0,0,0,1,0,0,0,0
2023,Catalonia,Motorways,Rear-end collision,758,13,15,0,0,0,3,7,3,2,0
2023,Catalonia,Motorways,Collision with obstacle or road element,79,1,1,0,0,0,1,0,0,0,0
2023,Catalonia,Motorways,Pedestrian struck,7,3,3,3,0,0,0,0,0,0,0
2023,Catalonia,Motorways,Animal struck,25,0,0,0,0,0,0,0,0,0,0
2023,Catalonia,Motorways,Overturn,97,0,0,0,0,0,0,0,0,0,0
2023,Catalonia,Motorways,Run-off road,268,7,7,0,0,0,3,4,0,0,0
2023,Catalonia,Motorways,Other crash type,81,4,4,0,0,0,2,2,0,0,0
2023,Catalonia,Other roads,Head-on collision,80,2,2,0,0,0,1,1,0,0,0
2023,Catalonia,Other roads,Head-on/side collision,183,4,7,0,1,0,1,5,0,0,0
2023,Catalonia,Other roads,Side collision,240,0,0,0,0,0,0,0,0,0,0
2023,Catalonia,Other roads,Rear-end collision,195,2,2,0,0,0,2,0,0,0,0
2023,Catalonia,Other roads,Collision with obstacle or road element,33,0,0,0,0,0,0,0,0,0,0
2023,Catalonia,Other roads,Pedestrian struck,69,3,3,3,0,0,0,0,0,0,0
2023,Catalonia,Other roads,Animal struck,15,0,0,0,0,0,0,0,0,0,0
2023,Catalonia,Other roads,Overturn,200,2,2,0,1,0,1,0,0,0,0
2023,Catalonia,Other roads,Run-off road,259,5,6,0,0,0,1,3,0,0,2
2023,Catalonia,Other roads,Other crash type,316,1,1,0,0,0,0,1,0,0,0
2023,Valencian Community,Urban streets,Head-on collision,165,3,3,0,0,0,2,1,0,0,0
2023,Valencian Community,Urban streets,Head-on/side collision,2015,10,10,1,2,1,6,0,0,0,0
2023,Valencian Community,Urban streets,Side collision,541,1,1,0,0,0,1,0,0,0,0
2023,Valencian Community,Urban streets,Rear-end collision,847,0,0,0,0,0,0,0,0,0,0
2023,Valencian Community,Urban streets,Multiple or chain collision,50,0,0,0,0,0,0,0,0,0,0
2023,Valencian Community,Urban streets,Collision with obstacle or road element,179,2,2,0,0,0,2,0,0,0,0
2023,Valencian Community,Urban streets,Pedestrian struck,1204,12,12,9,2,0,0,1,0,0,0
2023,Valencian Community,Urban streets,Animal struck,8,0,0,0,0,0,0,0,0,0,0
2023,Valencian Community,Urban streets,Overturn,29,0,0,0,0,0,0,0,0,0,0
2023,Valencian Community,Urban streets,Fall (rider or occupant),1128,9,9,0,1,2,5,0,0,1,0
2023,Valencian Community,Urban streets,Run-off road,185,12,13,1,2,1,7,2,0,0,0
2023,Valencian Community,Urban streets,Other crash type,210,0,0,0,0,0,0,0,0,0,0
2023,Valencian Community,Conventional roads,Head-on collision,100,14,15,0,0,0,3,12,0,0,0
2023,Valencian Community,Conventional roads,Head-on/side collision,311,10,10,0,1,0,5,3,0,0,1
2023,Valencian Community,Conventional roads,Side collision,122,4,4,0,0,2,2,0,0,0,0
2023,Valencian Community,Conventional roads,Rear-end collision,267,3,4,0,2,0,1,0,0,0,1
2023,Valencian Community,Conventional roads,Multiple or chain collision,57,1,3,0,0,0,0,3,0,0,0
2023,Valencian Community,Conventional roads,Collision with obstacle or road element,22,0,0,0,0,0,0,0,0,0,0
2023,Valencian Community,Conventional roads,Pedestrian struck,42,7,7,6,1,0,0,0,0,0,0
2023,Valencian Community,Conventional roads,Animal struck,31,0,0,0,0,0,0,0,0,0,0
2023,Valencian Community,Conventional roads,Overturn,27,0,0,0,0,0,0,0,0,0,0
2023,Valencian Community,Conventional roads,Fall (rider or occupant),114,1,1,0,0,0,1,0,0,0,0
2023,Valencian Community,Conventional roads,Run-off road,634,23,23,0,0,0,12,9,1,0,1
2023,Valencian Community,Conventional roads,Other crash type,23,0,0,0,0,0,0,0,0,0,0
2023,Valencian Community,Dual carriageways,Head-on collision,9,0,0,0,0,0,0,0,0,0,0
2023,Valencian Community,Dual carriageways,Head-on/side collision,108,0,0,0,0,0,0,0,0,0,0
2023,Valencian Community,Dual carriageways,Side collision,154,2,2,0,1,0,0,1,0,0,0
2023,Valencian Community,Dual carriageways,Rear-end collision,467,8,8,1,0,1,3,1,0,1,1
2023,Valencian Community,Dual carriageways,Multiple or chain collision,100,1,1,0,0,0,0,0,0,1,0
2023,Valencian Community,Dual carriageways,Collision with obstacle or road element,20,0,0,0,0,0,0,0,0,0,0
2023,Valencian Community,Dual carriageways,Pedestrian struck,18,3,3,3,0,0,0,0,0,0,0
2023,Valencian Community,Dual carriageways,Animal struck,10,0,0,0,0,0,0,0,0,0,0
2023,Valencian Community,Dual carriageways,Overturn,13,0,0,0,0,0,0,0,0,0,0
2023,Valencian Community,Dual carriageways,Fall (rider or occupant),33,1,1,0,1,0,0,0,0,0,0
2023,Valencian Community,Dual carriageways,Run-off road,291,9,9,0,0,0,4,3,0,2,0
2023,Valencian Community,Dual carriageways,Other crash type,12,0,0,0,0,0,0,0,0,0,0
2023,Valencian Community,Motorways,Head-on collision,2,1,1,0,0,0,0,0,1,0,0
2023,Valencian Community,Motorways,Head-on/side collision,5,0,0,0,0,0,0,0,0,0,0
2023,Valencian Community,Motorways,Side collision,13,0,0,0,0,0,0,0,0,0,0
2023,Valencian Community,Motorways,Rear-end collision,72,1,1,0,0,0,0,0,0,1,0
2023,Valencian Community,Motorways,Multiple or chain collision,21,1,1,0,0,0,0,1,0,0,0
2023,Valencian Community,Motorways,Collision with obstacle or road element,7,1,1,0,0,0,0,1,0,0,0
2023,Valencian Community,Motorways,Animal struck,3,0,0,0,0,0,0,0,0,0,0
2023,Valencian Community,Motorways,Fall (rider or occupant),3,0,0,0,0,0,0,0,0,0,0
2023,Valencian Community,Motorways,Run-off road,78,3,3,0,0,0,0,2,0,1,0
2023,Valencian Community,Motorways,Other crash type,3,0,0,0,0,0,0,0,0,0,0
2023,Valencian Community,Other roads,Head-on collision,34,0,0,0,0,0,0,0,0,0,0
2023,Valencian Community,Other roads,Head-on/side collision,93,0,0,0,0,0,0,0,0,0,0
2023,Valencian Community,Other roads,Side collision,37,0,0,0,0,0,0,0,0,0,0
2023,Valencian Community,Other roads,Rear-end collision,44,0,0,0,0,0,0,0,0,0,0
2023,Valencian Community,Other roads,Multiple or chain collision,5,0,0,0,0,0,0,0,0,0,0
2023,Valencian Community,Other roads,Collision with obstacle or road element,8,0,0,0,0,0,0,0,0,0,0
2023,Valencian Community,Other roads,Pedestrian struck,44,1,1,1,0,0,0,0,0,0,0
2023,Valencian Community,Other roads,Animal struck,4,0,0,0,0,0,0,0,0,0,0
2023,Valencian Community,Other roads,Overturn,16,1,1,0,0,0,0,0,0,0,1
2023,Valencian Community,Other roads,Fall (rider or occupant),47,0,0,0,0,0,0,0,0,0,0
2023,Valencian Community,Other roads,Run-off road,121,4,4,0,0,0,0,2,0,0,2
2023,Valencian Community,Other roads,Other crash type,14,0,0,0,0,0,0,0,0,0,0
2023,Extremadura,Urban streets,Head-on collision,14,0,0,0,0,0,0,0,0,0,0
2023,Extremadura,Urban streets,Head-on/side collision,195,2,2,1,0,0,1,0,0,0,0
2023,Extremadura,Urban streets,Side collision,71,0,0,0,0,0,0,0,0,0,0
2023,Extremadura,Urban streets,Rear-end collision,144,1,1,0,0,0,0,0,0,0,1
2023,Extremadura,Urban streets,Multiple or chain collision,9,0,0,0,0,0,0,0,0,0,0
2023,Extremadura,Urban streets,Collision with obstacle or road element,31,0,0,0,0,0,0,0,0,0,0
2023,Extremadura,Urban streets,Pedestrian struck,188,8,8,8,0,0,0,0,0,0,0
2023,Extremadura,Urban streets,Overturn,4,0,0,0,0,0,0,0,0,0,0
2023,Extremadura,Urban streets,Fall (rider or occupant),85,0,0,0,0,0,0,0,0,0,0
2023,Extremadura,Urban streets,Run-off road,46,4,4,0,0,0,2,0,1,0,1
2023,Extremadura,Urban streets,Other crash type,27,0,0,0,0,0,0,0,0,0,0
2023,Extremadura,Conventional roads,Head-on collision,24,8,8,0,0,0,1,6,1,0,0
2023,Extremadura,Conventional roads,Head-on/side collision,75,5,7,0,1,1,1,4,0,0,0
2023,Extremadura,Conventional roads,Side collision,12,0,0,0,0,0,0,0,0,0,0
2023,Extremadura,Conventional roads,Rear-end collision,47,0,0,0,0,0,0,0,0,0,0
2023,Extremadura,Conventional roads,Multiple or chain collision,9,0,0,0,0,0,0,0,0,0,0
2023,Extremadura,Conventional roads,Collision with obstacle or road element,5,0,0,0,0,0,0,0,0,0,0
2023,Extremadura,Conventional roads,Pedestrian struck,11,2,2,2,0,0,0,0,0,0,0
2023,Extremadura,Conventional roads,Animal struck,16,0,0,0,0,0,0,0,0,0,0
2023,Extremadura,Conventional roads,Fall (rider or occupant),11,0,0,0,0,0,0,0,0,0,0
2023,Extremadura,Conventional roads,Run-off road,268,25,25,0,0,0,6,16,3,0,0
2023,Extremadura,Conventional roads,Other crash type,7,0,0,0,0,0,0,0,0,0,0
2023,Extremadura,Dual carriageways,Head-on collision,1,0,0,0,0,0,0,0,0,0,0
2023,Extremadura,Dual carriageways,Head-on/side collision,5,0,0,0,0,0,0,0,0,0,0
2023,Extremadura,Dual carriageways,Side collision,10,0,0,0,0,0,0,0,0,0,0
2023,Extremadura,Dual carriageways,Rear-end collision,32,4,5,0,0,0,1,1,0,3,0
2023,Extremadura,Dual carriageways,Multiple or chain collision,6,0,0,0,0,0,0,0,0,0,0
2023,Extremadura,Dual carriageways,Collision with obstacle or road element,4,0,0,0,0,0,0,0,0,0,0
2023,Extremadura,Dual carriageways,Pedestrian struck,1,0,0,0,0,0,0,0,0,0,0
2023,Extremadura,Dual carriageways,Animal struck,2,0,0,0,0,0,0,0,0,0,0
2023,Extremadura,Dual carriageways,Fall (rider or occupant),5,1,1,0,0,0,1,0,0,0,0
2023,Extremadura,Dual carriageways,Run-off road,42,2,2,0,0,0,0,2,0,0,0
2023,Extremadura,Other roads,Head-on collision,8,0,0,0,0,0,0,0,0,0,0
2023,Extremadura,Other roads,Head-on/side collision,23,2,2,0,0,0,1,1,0,0,0
2023,Extremadura,Other roads,Side collision,6,1,1,0,1,0,0,0,0,0,0
2023,Extremadura,Other roads,Rear-end collision,20,0,0,0,0,0,0,0,0,0,0
2023,Extremadura,Other roads,Multiple or chain collision,1,0,0,0,0,0,0,0,0,0,0
2023,Extremadura,Other roads,Collision with obstacle or road element,4,0,0,0,0,0,0,0,0,0,0
2023,Extremadura,Other roads,Pedestrian struck,18,0,0,0,0,0,0,0,0,0,0
2023,Extremadura,Other roads,Animal struck,2,0,0,0,0,0,0,0,0,0,0
2023,Extremadura,Other roads,Overturn,1,0,0,0,0,0,0,0,0,0,0
2023,Extremadura,Other roads,Fall (rider or occupant),8,0,0,0,0,0,0,0,0,0,0
2023,Extremadura,Other roads,Run-off road,41,2,2,0,0,0,1,1,0,0,0
2023,Extremadura,Other roads,Other crash type,3,0,0,0,0,0,0,0,0,0,0
2023,Galicia,Urban streets,Head-on collision,57,1,2,0,0,0,0,2,0,0,0
2023,Galicia,Urban streets,Head-on/side collision,397,0,0,0,0,0,0,0,0,0,0
2023,Galicia,Urban streets,Side collision,144,1,1,0,0,0,1,0,0,0,0
2023,Galicia,Urban streets,Rear-end collision,284,0,0,0,0,0,0,0,0,0,0
2023,Galicia,Urban streets,Multiple or chain collision,33,0,0,0,0,0,0,0,0,0,0
2023,Galicia,Urban streets,Collision with obstacle or road element,38,1,1,0,1,0,0,0,0,0,0
2023,Galicia,Urban streets,Pedestrian struck,515,9,9,9,0,0,0,0,0,0,0
2023,Galicia,Urban streets,Animal struck,2,0,0,0,0,0,0,0,0,0,0
2023,Galicia,Urban streets,Overturn,5,0,0,0,0,0,0,0,0,0,0
2023,Galicia,Urban streets,Fall (rider or occupant),154,1,1,0,0,0,1,0,0,0,0
2023,Galicia,Urban streets,Run-off road,180,4,4,0,0,0,0,2,0,0,2
2023,Galicia,Urban streets,Other crash type,47,0,0,0,0,0,0,0,0,0,0
2023,Galicia,Conventional roads,Head-on collision,134,9,10,0,0,0,2,8,0,0,0
2023,Galicia,Conventional roads,Head-on/side collision,379,5,5,0,1,0,1,1,1,0,1
2023,Galicia,Conventional roads,Side collision,90,2,2,0,0,0,1,1,0,0,0
2023,Galicia,Conventional roads,Rear-end collision,224,3,3,0,0,0,3,0,0,0,0
2023,Galicia,Conventional roads,Multiple or chain collision,47,1,1,0,0,0,0,0,1,0,0
2023,Galicia,Conventional roads,Collision with obstacle or road element,13,0,0,0,0,0,0,0,0,0,0
2023,Galicia,Conventional roads,Pedestrian struck,134,17,17,17,0,0,0,0,0,0,0
2023,Galicia,Conventional roads,Animal struck,35,0,0,0,0,0,0,0,0,0,0
2023,Galicia,Conventional roads,Overturn,6,0,0,0,0,0,0,0,0,0,0
2023,Galicia,Conventional roads,Fall (rider or occupant),76,0,0,0,0,0,0,0,0,0,0
2023,Galicia,Conventional roads,Run-off road,756,33,39,2,1,0,8,23,2,1,2
2023,Galicia,Conventional roads,Other crash type,38,3,3,0,1,0,0,1,1,0,0
2023,Galicia,Dual carriageways,Head-on collision,6,1,1,0,0,0,0,1,0,0,0
2023,Galicia,Dual carriageways,Head-on/side collision,21,0,0,0,0,0,0,0,0,0,0
2023,Galicia,Dual carriageways,Side collision,14,0,0,0,0,0,0,0,0,0,0
2023,Galicia,Dual carriageways,Rear-end collision,76,1,1,0,0,0,0,0,1,0,0
2023,Galicia,Dual carriageways,Multiple or chain collision,22,0,0,0,0,0,0,0,0,0,0
2023,Galicia,Dual carriageways,Pedestrian struck,7,2,2,2,0,0,0,0,0,0,0
2023,Galicia,Dual carriageways,Animal struck,7,0,0,0,0,0,0,0,0,0,0
2023,Galicia,Dual carriageways,Fall (rider or occupant),13,0,0,0,0,0,0,0,0,0,0
2023,Galicia,Dual carriageways,Run-off road,171,8,8,0,0,1,0,7,0,0,0
2023,Galicia,Dual carriageways,Other crash type,7,1,1,0,0,0,0,1,0,0,0
2023,Galicia,Motorways,Head-on collision,1,0,0,0,0,0,0,0,0,0,0
2023,Galicia,Motorways,Head-on/side collision,2,0,0,0,0,0,0,0,0,0,0
2023,Galicia,Motorways,Side collision,8,0,0,0,0,0,0,0,0,0,0
2023,Galicia,Motorways,Rear-end collision,38,0,0,0,0,0,0,0,0,0,0
2023,Galicia,Motorways,Multiple or chain collision,9,0,0,0,0,0,0,0,0,0,0
2023,Galicia,Motorways,Collision with obstacle or road element,3,0,0,0,0,0,0,0,0,0,0
2023,Galicia,Motorways,Pedestrian struck,1,0,0,0,0,0,0,0,0,0,0
2023,Galicia,Motorways,Animal struck,1,0,0,0,0,0,0,0,0,0,0
2023,Galicia,Motorways,Fall (rider or occupant),1,0,0,0,0,0,0,0,0,0,0
2023,Galicia,Motorways,Run-off road,82,1,1,0,0,0,0,1,0,0,0
2023,Galicia,Motorways,Other crash type,1,0,0,0,0,0,0,0,0,0,0
2023,Galicia,Other roads,Head-on collision,28,1,1,0,0,0,1,0,0,0,0
2023,Galicia,Other roads,Head-on/side collision,72,2,2,0,0,0,1,1,0,0,0
2023,Galicia,Other roads,Side collision,17,0,0,0,0,0,0,0,0,0,0
2023,Galicia,Other roads,Rear-end collision,16,0,0,0,0,0,0,0,0,0,0
2023,Galicia,Other roads,Multiple or chain collision,3,0,0,0,0,0,0,0,0,0,0
2023,Galicia,Other roads,Collision with obstacle or road element,5,0,0,0,0,0,0,0,0,0,0
2023,Galicia,Other roads,Pedestrian struck,35,2,2,2,0,0,0,0,0,0,0
2023,Galicia,Other roads,Animal struck,2,0,0,0,0,0,0,0,0,0,0
2023,Galicia,Other roads,Overturn,3,0,0,0,0,0,0,0,0,0,0
2023,Galicia,Other roads,Fall (rider or occupant),20,2,2,0,0,0,0,0,0,0,2
2023,Galicia,Other roads,Run-off road,121,6,7,0,0,0,0,5,0,0,2
2023,Galicia,Other roads,Other crash type,4,1,2,0,0,0,0,2,0,0,0
2023,Madrid,Urban streets,Head-on collision,242,2,2,0,0,0,0,2,0,0,0
2023,Madrid,Urban streets,Head-on/side collision,2625,9,9,0,1,0,7,1,0,0,0
2023,Madrid,Urban streets,Side collision,926,0,0,0,0,0,0,0,0,0,0
2023,Madrid,Urban streets,Rear-end collision,2197,0,0,0,0,0,0,0,0,0,0
2023,Madrid,Urban streets,Multiple or chain collision,317,0,0,0,0,0,0,0,0,0,0
2023,Madrid,Urban streets,Collision with obstacle or road element,399,2,2,0,0,0,0,2,0,0,0
2023,Madrid,Urban streets,Pedestrian struck,1946,25,27,26,0,0,1,0,0,0,0
2023,Madrid,Urban streets,Animal struck,10,0,0,0,0,0,0,0,0,0,0
2023,Madrid,Urban streets,Overturn,67,0,0,0,0,0,0,0,0,0,0
2023,Madrid,Urban streets,Fall (rider or occupant),1956,4,4,0,2,0,1,0,0,0,1
2023,Madrid,Urban streets,Run-off road,870,11,11,1,0,1,2,4,0,0,3
2023,Madrid,Urban streets,Other crash type,159,0,0,0,0,0,0,0,0,0,0
2023,Madrid,Conventional roads,Head-on collision,58,9,11,0,0,0,1,9,1,0,0
2023,Madrid,Conventional roads,Head-on/side collision,134,10,13,0,0,0,2,11,0,0,0
2023,Madrid,Conventional roads,Side collision,58,0,0,0,0,0,0,0,0,0,0
2023,Madrid,Conventional roads,Rear-end collision,158,0,0,0,0,0,0,0,0,0,0
2023,Madrid,Conventional roads,Multiple or chain collision,19,1,1,0,0,0,0,1,0,0,0
2023,Madrid,Conventional roads,Collision with obstacle or road element,8,0,0,0,0,0,0,0,0,0,0
2023,Madrid,Conventional roads,Pedestrian struck,26,3,3,3,0,0,0,0,0,0,0
2023,Madrid,Conventional roads,Animal struck,11,0,0,0,0,0,0,0,0,0,0
2023,Madrid,Conventional roads,Overturn,2,0,0,0,0,0,0,0,0,0,0
2023,Madrid,Conventional roads,Fall (rider or occupant),51,1,1,0,0,0,1,0,0,0,0
2023,Madrid,Conventional roads,Run-off road,287,11,11,0,1,0,4,5,0,1,0
2023,Madrid,Conventional roads,Other crash type,6,0,0,0,0,0,0,0,0,0,0
2023,Madrid,Dual carriageways,Head-on collision,14,1,1,0,0,0,0,1,0,0,0
2023,Madrid,Dual carriageways,Head-on/side collision,90,0,0,0,0,0,0,0,0,0,0
2023,Madrid,Dual carriageways,Side collision,141,2,2,0,0,0,2,0,0,0,0
2023,Madrid,Dual carriageways,Rear-end collision,548,1,1,0,0,0,1,0,0,0,0
2023,Madrid,Dual carriageways,Multiple or chain collision,164,0,0,0,0,0,0,0,0,0,0
2023,Madrid,Dual carriageways,Collision with obstacle or road element,20,0,0,0,0,0,0,0,0,0,0
2023,Madrid,Dual carriageways,Pedestrian struck,22,10,10,10,0,0,0,0,0,0,0
2023,Madrid,Dual carriageways,Animal struck,4,0,0,0,0,0,0,0,0,0,0
2023,Madrid,Dual carriageways,Overturn,7,0,0,0,0,0,0,0,0,0,0
2023,Madrid,Dual carriageways,Fall (rider or occupant),54,0,0,0,0,0,0,0,0,0,0
2023,Madrid,Dual carriageways,Run-off road,267,10,12,0,0,0,6,5,1,0,0
2023,Madrid,Dual carriageways,Other crash type,7,0,0,0,0,0,0,0,0,0,0
2023,Madrid,Motorways,Head-on collision,2,2,2,0,0,0,0,2,0,0,0
2023,Madrid,Motorways,Head-on/side collision,32,0,0,0,0,0,0,0,0,0,0
2023,Madrid,Motorways,Side collision,78,1,1,0,0,0,0,1,0,0,0
2023,Madrid,Motorways,Rear-end collision,261,1,1,0,0,0,0,0,1,0,0
2023,Madrid,Motorways,Multiple or chain collision,70,1,1,0,0,0,0,0,0,1,0
2023,Madrid,Motorways,Collision with obstacle or road element,12,0,0,0,0,0,0,0,0,0,0
2023,Madrid,Motorways,Pedestrian struck,10,5,5,5,0,0,0,0,0,0,0
2023,Madrid,Motorways,Overturn,6,0,0,0,0,0,0,0,0,0,0
2023,Madrid,Motorways,Fall (rider or occupant),20,0,0,0,0,0,0,0,0,0,0
2023,Madrid,Motorways,Run-off road,101,4,4,0,0,0,2,2,0,0,0
2023,Madrid,Motorways,Other crash type,4,0,0,0,0,0,0,0,0,0,0
2023,Madrid,Other roads,Head-on collision,6,1,1,0,0,1,0,0,0,0,0
2023,Madrid,Other roads,Head-on/side collision,27,0,0,0,0,0,0,0,0,0,0
2023,Madrid,Other roads,Side collision,13,0,0,0,0,0,0,0,0,0,0
2023,Madrid,Other roads,Rear-end collision,50,0,0,0,0,0,0,0,0,0,0
2023,Madrid,Other roads,Multiple or chain collision,7,0,0,0,0,0,0,0,0,0,0
2023,Madrid,Other roads,Collision with obstacle or road element,3,1,1,0,0,0,1,0,0,0,0
2023,Madrid,Other roads,Pedestrian struck,28,0,0,0,0,0,0,0,0,0,0
2023,Madrid,Other roads,Overturn,3,0,0,0,0,0,0,0,0,0,0
2023,Madrid,Other roads,Fall (rider or occupant),26,0,0,0,0,0,0,0,0,0,0
2023,Madrid,Other roads,Run-off road,44,0,0,0,0,0,0,0,0,0,0
2023,Madrid,Other roads,Other crash type,7,0,0,0,0,0,0,0,0,0,0
2023,Murcia,Urban streets,Head-on collision,94,1,1,0,0,0,1,0,0,0,0
2023,Murcia,Urban streets,Head-on/side collision,919,4,4,0,1,0,3,0,0,0,0
2023,Murcia,Urban streets,Side collision,171,1,1,0,0,0,0,0,0,0,1
2023,Murcia,Urban streets,Rear-end collision,417,1,1,0,0,0,1,0,0,0,0
2023,Murcia,Urban streets,Multiple or chain collision,33,0,0,0,0,0,0,0,0,0,0
2023,Murcia,Urban streets,Collision with obstacle or road element,40,1,1,0,0,0,0,0,0,0,1
2023,Murcia,Urban streets,Pedestrian struck,391,4,4,4,0,0,0,0,0,0,0
2023,Murcia,Urban streets,Animal struck,7,0,0,0,0,0,0,0,0,0,0
2023,Murcia,Urban streets,Overturn,5,0,0,0,0,0,0,0,0,0,0
2023,Murcia,Urban streets,Fall (rider or occupant),361,0,0,0,0,0,0,0,0,0,0
2023,Murcia,Urban streets,Run-off road,258,5,5,0,0,0,4,1,0,0,0
2023,Murcia,Urban streets,Other crash type,79,1,1,1,0,0,0,0,0,0,0
2023,Murcia,Conventional roads,Head-on collision,22,5,5,0,0,0,2,3,0,0,0
2023,Murcia,Conventional roads,Head-on/side collision,85,3,3,0,0,0,0,2,1,0,0
2023,Murcia,Conventional roads,Side collision,14,1,1,0,1,0,0,0,0,0,0
2023,Murcia,Conventional roads,Rear-end collision,36,2,2,0,0,0,0,1,0,0,1
2023,Murcia,Conventional roads,Multiple or chain collision,9,0,0,0,0,0,0,0,0,0,0
2023,Murcia,Conventional roads,Collision with obstacle or road element,1,0,0,0,0,0,0,0,0,0,0
2023,Murcia,Conventional roads,Pedestrian struck,5,1,1,1,0,0,0,0,0,0,0
2023,Murcia,Conventional roads,Animal struck,7,0,0,0,0,0,0,0,0,0,0
2023,Murcia,Conventional roads,Overturn,2,0,0,0,0,0,0,0,0,0,0
2023,Murcia,Conventional roads,Fall (rider or occupant),13,0,0,0,0,0,0,0,0,0,0
2023,Murcia,Conventional roads,Run-off road,140,8,8,0,0,0,3,4,0,1,0
2023,Murcia,Conventional roads,Other crash type,2,1,1,0,0,0,1,0,0,0,0
2023,Murcia,Dual carriageways,Head-on collision,4,0,0,0,0,0,0,0,0,0,0
2023,Murcia,Dual carriageways,Head-on/side collision,10,1,1,0,0,0,1,0,0,0,0
2023,Murcia,Dual carriageways,Side collision,14,0,0,0,0,0,0,0,0,0,0
2023,Murcia,Dual carriageways,Rear-end collision,89,4,5,0,0,0,1,3,0,1,0
2023,Murcia,Dual carriageways,Multiple or chain collision,24,0,0,0,0,0,0,0,0,0,0
2023,Murcia,Dual carriageways,Collision with obstacle or road element,10,2,2,1,0,0,0,0,0,1,0
2023,Murcia,Dual carriageways,Pedestrian struck,8,3,4,4,0,0,0,0,0,0,0
2023,Murcia,Dual carriageways,Animal struck,1,0,0,0,0,0,0,0,0,0,0
2023,Murcia,Dual carriageways,Overturn,3,0,0,0,0,0,0,0,0,0,0
2023,Murcia,Dual carriageways,Fall (rider or occupant),3,0,0,0,0,0,0,0,0,0,0
2023,Murcia,Dual carriageways,Run-off road,67,5,5,0,0,0,1,2,0,2,0
2023,Murcia,Motorways,Head-on/side collision,1,0,0,0,0,0,0,0,0,0,0
2023,Murcia,Motorways,Rear-end collision,1,1,1,0,0,0,0,1,0,0,0
2023,Murcia,Motorways,Collision with obstacle or road element,1,1,1,0,0,0,1,0,0,0,0
2023,Murcia,Motorways,Animal struck,1,0,0,0,0,0,0,0,0,0,0
2023,Murcia,Motorways,Run-off road,9,0,0,0,0,0,0,0,0,0,0
2023,Murcia,Motorways,Other crash type,1,0,0,0,0,0,0,0,0,0,0
2023,Murcia,Other roads,Head-on collision,12,0,0,0,0,0,0,0,0,0,0
2023,Murcia,Other roads,Head-on/side collision,27,0,0,0,0,0,0,0,0,0,0
2023,Murcia,Other roads,Side collision,3,0,0,0,0,0,0,0,0,0,0
2023,Murcia,Other roads,Rear-end collision,4,0,0,0,0,0,0,0,0,0,0
2023,Murcia,Other roads,Collision with obstacle or road element,2,0,0,0,0,0,0,0,0,0,0
2023,Murcia,Other roads,Pedestrian struck,5,1,1,1,0,0,0,0,0,0,0
2023,Murcia,Other roads,Animal struck,2,0,0,0,0,0,0,0,0,0,0
2023,Murcia,Other roads,Overturn,3,0,0,0,0,0,0,0,0,0,0
2023,Murcia,Other roads,Fall (rider or occupant),6,0,0,0,0,0,0,0,0,0,0
2023,Murcia,Other roads,Run-off road,40,3,3,0,0,0,2,0,1,0,0
2023,Murcia,Other roads,Other crash type,2,0,0,0,0,0,0,0,0,0,0
2023,Navarre,Urban streets,Head-on collision,10,0,0,0,0,0,0,0,0,0,0
2023,Navarre,Urban streets,Head-on/side collision,104,0,0,0,0,0,0,0,0,0,0
2023,Navarre,Urban streets,Side collision,27,0,0,0,0,0,0,0,0,0,0
2023,Navarre,Urban streets,Rear-end collision,44,0,0,0,0,0,0,0,0,0,0
2023,Navarre,Urban streets,Multiple or chain collision,16,0,0,0,0,0,0,0,0,0,0
2023,Navarre,Urban streets,Collision with obstacle or road element,7,0,0,0,0,0,0,0,0,0,0
2023,Navarre,Urban streets,Pedestrian struck,135,3,3,3,0,0,0,0,0,0,0
2023,Navarre,Urban streets,Animal struck,1,0,0,0,0,0,0,0,0,0,0
2023,Navarre,Urban streets,Overturn,1,0,0,0,0,0,0,0,0,0,0
2023,Navarre,Urban streets,Fall (rider or occupant),61,0,0,0,0,0,0,0,0,0,0
2023,Navarre,Urban streets,Run-off road,15,0,0,0,0,0,0,0,0,0,0
2023,Navarre,Urban streets,Other crash type,8,0,0,0,0,0,0,0,0,0,0
2023,Navarre,Conventional roads,Head-on collision,5,0,0,0,0,0,0,0,0,0,0
2023,Navarre,Conventional roads,Head-on/side collision,36,3,3,0,0,0,2,1,0,0,0
2023,Navarre,Conventional roads,Side collision,10,1,1,0,0,0,1,0,0,0,0
2023,Navarre,Conventional roads,Rear-end collision,20,1,1,0,0,0,1,0,0,0,0
2023,Navarre,Conventional roads,Multiple or chain collision,1,0,0,0,0,0,0,0,0,0,0
2023,Navarre,Conventional roads,Collision with obstacle or road element,2,0,0,0,0,0,0,0,0,0,0
2023,Navarre,Conventional roads,Pedestrian struck,12,1,1,0,0,0,1,0,0,0,0
2023,Navarre,Conventional roads,Animal struck,1,0,0,0,0,0,0,0,0,0,0
2023,Navarre,Conventional roads,Fall (rider or occupant),13,0,0,0,0,0,0,0,0,0,0
2023,Navarre,Conventional roads,Run-off road,66,4,4,0,1,0,1,1,0,1,0
2023,Navarre,Conventional roads,Other crash type,5,0,0,0,0,0,0,0,0,0,0
2023,Navarre,Dual carriageways,Head-on/side collision,10,0,0,0,0,0,0,0,0,0,0
2023,Navarre,Dual carriageways,Side collision,7,0,0,0,0,0,0,0,0,0,0
2023,Navarre,Dual carriageways,Rear-end collision,17,0,0,0,0,0,0,0,0,0,0
2023,Navarre,Dual carriageways,Multiple or chain collision,1,0,0,0,0,0,0,0,0,0,0
2023,Navarre,Dual carriageways,Collision with obstacle or road element,2,0,0,0,0,0,0,0,0,0,0
2023,Navarre,Dual carriageways,Pedestrian struck,3,1,1,0,1,0,0,0,0,0,0
2023,Navarre,Dual carriageways,Fall (rider or occupant),3,0,0,0,0,0,0,0,0,0,0
2023,Navarre,Dual carriageways,Run-off road,19,2,3,0,0,0,0,3,0,0,0
2023,Navarre,Motorways,Head-on/side collision,1,0,0,0,0,0,0,0,0,0,0
2023,Navarre,Motorways,Side collision,2,0,0,0,0,0,0,0,0,0,0
2023,Navarre,Motorways,Rear-end collision,4,0,0,0,0,0,0,0,0,0,0
2023,Navarre,Motorways,Multiple or chain collision,1,0,0,0,0,0,0,0,0,0,0
2023,Navarre,Motorways,Run-off road,16,0,0,0,0,0,0,0,0,0,0
2023,Navarre,Motorways,Other crash type,1,0,0,0,0,0,0,0,0,0,0
2023,Navarre,Other roads,Head-on collision,1,0,0,0,0,0,0,0,0,0,0
2023,Navarre,Other roads,Head-on/side collision,1,0,0,0,0,0,0,0,0,0,0
2023,Navarre,Other roads,Side collision,1,0,0,0,0,0,0,0,0,0,0
2023,Navarre,Other roads,Collision with obstacle or road element,2,0,0,0,0,0,0,0,0,0,0
2023,Navarre,Other roads,Pedestrian struck,3,0,0,0,0,0,0,0,0,0,0
2023,Navarre,Other roads,Fall (rider or occupant),3,0,0,0,0,0,0,0,0,0,0
2023,Navarre,Other roads,Run-off road,6,0,0,0,0,0,0,0,0,0,0
2023,Basque Country,Urban streets,Head-on collision,60,0,0,0,0,0,0,0,0,0,0
2023,Basque Country,Urban streets,Head-on/side collision,468,0,0,0,0,0,0,0,0,0,0
2023,Basque Country,Urban streets,Side collision,100,0,0,0,0,0,0,0,0,0,0
2023,Basque Country,Urban streets,Rear-end collision,247,0,0,0,0,0,0,0,0,0,0
2023,Basque Country,Urban streets,Multiple or chain collision,20,0,0,0,0,0,0,0,0,0,0
2023,Basque Country,Urban streets,Collision with obstacle or road element,64,2,2,0,0,0,1,0,0,0,1
2023,Basque Country,Urban streets,Pedestrian struck,343,2,2,2,0,0,0,0,0,0,0
2023,Basque Country,Urban streets,Animal struck,5,0,0,0,0,0,0,0,0,0,0
2023,Basque Country,Urban streets,Overturn,64,0,0,0,0,0,0,0,0,0,0
2023,Basque Country,Urban streets,Fall (rider or occupant),339,0,0,0,0,0,0,0,0,0,0
2023,Basque Country,Urban streets,Run-off road,77,1,1,0,1,0,0,0,0,0,0
2023,Basque Country,Urban streets,Other crash type,89,0,0,0,0,0,0,0,0,0,0
2023,Basque Country,Conventional roads,Head-on collision,43,6,7,0,1,0,0,5,1,0,0
2023,Basque Country,Conventional roads,Head-on/side collision,118,2,2,0,0,0,0,2,0,0,0
2023,Basque Country,Conventional roads,Side collision,38,0,0,0,0,0,0,0,0,0,0
2023,Basque Country,Conventional roads,Rear-end collision,130,1,1,0,1,0,0,0,0,0,0
2023,Basque Country,Conventional roads,Multiple or chain collision,4,0,0,0,0,0,0,0,0,0,0
2023,Basque Country,Conventional roads,Collision with obstacle or road element,6,0,0,0,0,0,0,0,0,0,0
2023,Basque Country,Conventional roads,Pedestrian struck,11,1,1,1,0,0,0,0,0,0,0
2023,Basque Country,Conventional roads,Animal struck,6,0,0,0,0,0,0,0,0,0,0
2023,Basque Country,Conventional roads,Overturn,3,0,0,0,0,0,0,0,0,0,0
2023,Basque Country,Conventional roads,Fall (rider or occupant),100,1,1,0,0,0,1,0,0,0,0
2023,Basque Country,Conventional roads,Run-off road,253,6,6,0,0,0,3,3,0,0,0
2023,Basque Country,Conventional roads,Other crash type,27,0,0,0,0,0,0,0,0,0,0
2023,Basque Country,Dual carriageways,Head-on collision,11,1,3,0,0,0,0,3,0,0,0
2023,Basque Country,Dual carriageways,Head-on/side collision,47,1,1,0,0,0,0,1,0,0,0
2023,Basque Country,Dual carriageways,Side collision,42,0,0,0,0,0,0,0,0,0,0
2023,Basque Country,Dual carriageways,Rear-end collision,182,2,2,0,1,0,0,0,1,0,0
2023,Basque Country,Dual carriageways,Multiple or chain collision,28,0,0,0,0,0,0,0,0,0,0
2023,Basque Country,Dual carriageways,Collision with obstacle or road element,11,0,0,0,0,0,0,0,0,0,0
2023,Basque Country,Dual carriageways,Pedestrian struck,5,2,2,2,0,0,0,0,0,0,0
2023,Basque Country,Dual carriageways,Animal struck,3,0,0,0,0,0,0,0,0,0,0
2023,Basque Country,Dual carriageways,Overturn,3,0,0,0,0,0,0,0,0,0,0
2023,Basque Country,Dual carriageways,Fall (rider or occupant),33,0,0,0,0,0,0,0,0,0,0
2023,Basque Country,Dual carriageways,Run-off road,292,6,6,0,0,0,0,4,0,1,1
2023,Basque Country,Dual carriageways,Other crash type,14,0,0,0,0,0,0,0,0,0,0
2023,Basque Country,Motorways,Head-on collision,1,0,0,0,0,0,0,0,0,0,0
2023,Basque Country,Motorways,Head-on/side collision,7,0,0,0,0,0,0,0,0,0,0
2023,Basque Country,Motorways,Side collision,11,1,1,0,0,0,1,0,0,0,0
2023,Basque Country,Motorways,Rear-end collision,59,2,2,1,0,0,1,0,0,0,0
2023,Basque Country,Motorways,Multiple or chain collision,7,0,0,0,0,0,0,0,0,0,0
2023,Basque Country,Motorways,Collision with obstacle or road element,11,0,0,0,0,0,0,0,0,0,0
2023,Basque Country,Motorways,Animal struck,1,0,0,0,0,0,0,0,0,0,0
2023,Basque Country,Motorways,Overturn,2,0,0,0,0,0,0,0,0,0,0
2023,Basque Country,Motorways,Fall (rider or occupant),5,0,0,0,0,0,0,0,0,0,0
2023,Basque Country,Motorways,Run-off road,146,1,1,0,0,0,0,1,0,0,0
2023,Basque Country,Motorways,Other crash type,10,0,0,0,0,0,0,0,0,0,0
2023,Basque Country,Other roads,Head-on collision,34,0,0,0,0,0,0,0,0,0,0
2023,Basque Country,Other roads,Head-on/side collision,110,0,0,0,0,0,0,0,0,0,0
2023,Basque Country,Other roads,Side collision,43,2,2,0,0,0,2,0,0,0,0
2023,Basque Country,Other roads,Rear-end collision,149,0,0,0,0,0,0,0,0,0,0
2023,Basque Country,Other roads,Multiple or chain collision,9,0,0,0,0,0,0,0,0,0,0
2023,Basque Country,Other roads,Collision with obstacle or road element,28,2,2,0,0,0,1,1,0,0,0
2023,Basque Country,Other roads,Pedestrian struck,59,5,5,5,0,0,0,0,0,0,0
2023,Basque Country,Other roads,Animal struck,2,0,0,0,0,0,0,0,0,0,0
2023,Basque Country,Other roads,Overturn,10,0,0,0,0,0,0,0,0,0,0
2023,Basque Country,Other roads,Fall (rider or occupant),177,0,0,0,0,0,0,0,0,0,0
2023,Basque Country,Other roads,Run-off road,269,6,6,0,0,0,2,2,1,0,1
2023,Basque Country,Other roads,Other crash type,31,0,0,0,0,0,0,0,0,0,0
2023,La Rioja,Urban streets,Head-on collision,7,1,1,0,1,0,0,0,0,0,0
2023,La Rioja,Urban streets,Head-on/side collision,103,0,0,0,0,0,0,0,0,0,0
2023,La Rioja,Urban streets,Side collision,23,0,0,0,0,0,0,0,0,0,0
2023,La Rioja,Urban streets,Rear-end collision,58,0,0,0,0,0,0,0,0,0,0
2023,La Rioja,Urban streets,Multiple or chain collision,8,0,0,0,0,0,0,0,0,0,0
2023,La Rioja,Urban streets,Collision with obstacle or road element,8,0,0,0,0,0,0,0,0,0,0
2023,La Rioja,Urban streets,Pedestrian struck,133,0,0,0,0,0,0,0,0,0,0
2023,La Rioja,Urban streets,Fall (rider or occupant),49,0,0,0,0,0,0,0,0,0,0
2023,La Rioja,Urban streets,Run-off road,13,0,0,0,0,0,0,0,0,0,0
2023,La Rioja,Urban streets,Other crash type,19,0,0,0,0,0,0,0,0,0,0
2023,La Rioja,Conventional roads,Head-on collision,9,5,6,0,0,0,1,3,2,0,0
2023,La Rioja,Conventional roads,Head-on/side collision,36,1,2,0,0,0,0,2,0,0,0
2023,La Rioja,Conventional roads,Side collision,5,0,0,0,0,0,0,0,0,0,0
2023,La Rioja,Conventional roads,Rear-end collision,18,0,0,0,0,0,0,0,0,0,0
2023,La Rioja,Conventional roads,Multiple or chain collision,6,1,1,0,0,0,0,1,0,0,0
2023,La Rioja,Conventional roads,Pedestrian struck,6,0,0,0,0,0,0,0,0,0,0
2023,La Rioja,Conventional roads,Animal struck,2,0,0,0,0,0,0,0,0,0,0
2023,La Rioja,Conventional roads,Overturn,1,0,0,0,0,0,0,0,0,0,0
2023,La Rioja,Conventional roads,Fall (rider or occupant),25,0,0,0,0,0,0,0,0,0,0
2023,La Rioja,Conventional roads,Run-off road,72,2,2,0,0,0,1,1,0,0,0
2023,La Rioja,Conventional roads,Other crash type,4,0,0,0,0,0,0,0,0,0,0
2023,La Rioja,Dual carriageways,Side collision,2,0,0,0,0,0,0,0,0,0,0
2023,La Rioja,Dual carriageways,Rear-end collision,16,0,0,0,0,0,0,0,0,0,0
2023,La Rioja,Dual carriageways,Multiple or chain collision,3,0,0,0,0,0,0,0,0,0,0
2023,La Rioja,Dual carriageways,Collision with obstacle or road element,2,0,0,0,0,0,0,0,0,0,0
2023,La Rioja,Dual carriageways,Animal struck,1,0,0,0,0,0,0,0,0,0,0
2023,La Rioja,Dual carriageways,Fall (rider or occupant),2,0,0,0,0,0,0,0,0,0,0
2023,La Rioja,Dual carriageways,Run-off road,8,0,0,0,0,0,0,0,0,0,0
2023,La Rioja,Motorways,Rear-end collision,1,0,0,0,0,0,0,0,0,0,0
2023,La Rioja,Motorways,Collision with obstacle or road element,1,0,0,0,0,0,0,0,0,0,0
2023,La Rioja,Motorways,Run-off road,8,0,0,0,0,0,0,0,0,0,0
2023,La Rioja,Motorways,Other crash type,1,0,0,0,0,0,0,0,0,0,0
2023,La Rioja,Other roads,Head-on collision,3,0,0,0,0,0,0,0,0,0,0
2023,La Rioja,Other roads,Head-on/side collision,1,0,0,0,0,0,0,0,0,0,0
2023,La Rioja,Other roads,Rear-end collision,1,0,0,0,0,0,0,0,0,0,0
2023,La Rioja,Other roads,Pedestrian struck,6,0,0,0,0,0,0,0,0,0,0
2023,La Rioja,Other roads,Overturn,1,0,0,0,0,0,0,0,0,0,0
2023,La Rioja,Other roads,Fall (rider or occupant),7,0,0,0,0,0,0,0,0,0,0
2023,La Rioja,Other roads,Run-off road,16,0,0,0,0,0,0,0,0,0,0
2023,La Rioja,Other roads,Other crash type,1,0,0,0,0,0,0,0,0,0,0
2023,Ceuta,Urban streets,Head-on collision,12,0,0,0,0,0,0,0,0,0,0
2023,Ceuta,Urban streets,Head-on/side collision,77,0,0,0,0,0,0,0,0,0,0
2023,Ceuta,Urban streets,Side collision,31,0,0,0,0,0,0,0,0,0,0
2023,Ceuta,Urban streets,Rear-end collision,56,0,0,0,0,0,0,0,0,0,0
2023,Ceuta,Urban streets,Multiple or chain collision,12,0,0,0,0,0,0,0,0,0,0
2023,Ceuta,Urban streets,Collision with obstacle or road element,5,0,0,0,0,0,0,0,0,0,0
2023,Ceuta,Urban streets,Pedestrian struck,42,0,0,0,0,0,0,0,0,0,0
2023,Ceuta,Urban streets,Animal struck,1,0,0,0,0,0,0,0,0,0,0
2023,Ceuta,Urban streets,Fall (rider or occupant),22,1,1,0,0,0,1,0,0,0,0
2023,Ceuta,Urban streets,Run-off road,6,0,0,0,0,0,0,0,0,0,0
2023,Ceuta,Urban streets,Other crash type,8,0,0,0,0,0,0,0,0,0,0
2023,Ceuta,Conventional roads,Head-on collision,1,0,0,0,0,0,0,0,0,0,0
2023,Ceuta,Conventional roads,Head-on/side collision,7,0,0,0,0,0,0,0,0,0,0
2023,Ceuta,Conventional roads,Side collision,2,0,0,0,0,0,0,0,0,0,0
2023,Ceuta,Conventional roads,Rear-end collision,12,0,0,0,0,0,0,0,0,0,0
2023,Ceuta,Conventional roads,Multiple or chain collision,3,0,0,0,0,0,0,0,0,0,0
2023,Ceuta,Conventional roads,Collision with obstacle or road element,1,0,0,0,0,0,0,0,0,0,0
2023,Ceuta,Conventional roads,Pedestrian struck,3,0,0,0,0,0,0,0,0,0,0
2023,Ceuta,Conventional roads,Overturn,1,0,0,0,0,0,0,0,0,0,0
2023,Ceuta,Conventional roads,Fall (rider or occupant),8,0,0,0,0,0,0,0,0,0,0
2023,Ceuta,Conventional roads,Run-off road,1,0,0,0,0,0,0,0,0,0,0
2023,Ceuta,Conventional roads,Other crash type,1,0,0,0,0,0,0,0,0,0,0
2023,Ceuta,Other roads,Head-on collision,1,0,0,0,0,0,0,0,0,0,0
2023,Ceuta,Other roads,Head-on/side collision,3,0,0,0,0,0,0,0,0,0,0
2023,Ceuta,Other roads,Rear-end collision,1,0,0,0,0,0,0,0,0,0,0
2023,Ceuta,Other roads,Pedestrian struck,1,0,0,0,0,0,0,0,0,0,0
2023,Ceuta,Other roads,Fall (rider or occupant),2,0,0,0,0,0,0,0,0,0,0
2023,Ceuta,Other roads,Run-off road,1,0,0,0,0,0,0,0,0,0,0
2023,Ceuta,Other roads,Other crash type,1,0,0,0,0,0,0,0,0,0,0
2023,Melilla,Urban streets,Head-on collision,29,0,0,0,0,0,0,0,0,0,0
2023,Melilla,Urban streets,Head-on/side collision,157,0,0,0,0,0,0,0,0,0,0
2023,Melilla,Urban streets,Side collision,29,0,0,0,0,0,0,0,0,0,0
2023,Melilla,Urban streets,Rear-end collision,47,0,0,0,0,0,0,0,0,0,0
2023,Melilla,Urban streets,Multiple or chain collision,7,0,0,0,0,0,0,0,0,0,0
2023,Melilla,Urban streets,Collision with obstacle or road element,6,0,0,0,0,0,0,0,0,0,0
2023,Melilla,Urban streets,Pedestrian struck,92,0,0,0,0,0,0,0,0,0,0
2023,Melilla,Urban streets,Overturn,6,0,0,0,0,0,0,0,0,0,0
2023,Melilla,Urban streets,Fall (rider or occupant),36,0,0,0,0,0,0,0,0,0,0
2023,Melilla,Urban streets,Run-off road,12,0,0,0,0,0,0,0,0,0,0
2023,Melilla,Urban streets,Other crash type,10,0,0,0,0,0,0,0,0,0,0
2023,Melilla,Other roads,Rear-end collision,2,0,0,0,0,0,0,0,0,0,0
2023,Melilla,Other roads,Collision with obstacle or road element,1,0,0,0,0,0,0,0,0,0,0
2023,Melilla,Other roads,Pedestrian struck,2,0,0,0,0,0,0,0,0,0,0
2023,Melilla,Other roads,Run-off road,1,0,0,0,0,0,0,0,0,0,0
2024,Andalusia,Urban streets,Head-on collision,345,4,4,0,1,1,1,1,0,0,0
2024,Andalusia,Urban streets,Head-on/side collision,4030,9,9,0,0,3,5,0,0,0,1
2024,Andalusia,Urban streets,Side collision,918,7,7,0,0,1,6,0,0,0,0
2024,Andalusia,Urban streets,Rear-end collision,2125,4,4,0,0,0,4,0,0,0,0
2024,Andalusia,Urban streets,Multiple or chain collision,159,0,0,0,0,0,0,0,0,0,0
2024,Andalusia,Urban streets,Collision with obstacle or road element,207,2,2,0,0,0,2,0,0,0,0
2024,Andalusia,Urban streets,Pedestrian struck,1948,32,33,31,0,1,1,0,0,0,0
2024,Andalusia,Urban streets,Animal struck,11,0,0,0,0,0,0,0,0,0,0
2024,Andalusia,Urban streets,Overturn,76,2,2,0,0,0,0,1,1,0,0
2024,Andalusia,Urban streets,Fall (rider or occupant),1498,5,5,0,1,0,3,0,0,0,1
2024,Andalusia,Urban streets,Run-off road,546,29,30,3,1,2,13,11,0,0,0
2024,Andalusia,Urban streets,Other crash type,336,1,1,0,0,1,0,0,0,0,0
2024,Andalusia,Urban streets,Not recorded,11,0,0,0,0,0,0,0,0,0,0
2024,Andalusia,Conventional roads,Head-on collision,223,34,39,0,3,1,4,21,10,0,0
2024,Andalusia,Conventional roads,Head-on/side collision,571,13,15,0,1,0,3,10,1,0,0
2024,Andalusia,Conventional roads,Side collision,178,3,3,0,1,0,1,0,0,0,1
2024,Andalusia,Conventional roads,Rear-end collision,413,6,6,0,4,0,2,0,0,0,0
2024,Andalusia,Conventional roads,Multiple or chain collision,74,1,1,0,0,0,0,0,1,0,0
2024,Andalusia,Conventional roads,Collision with obstacle or road element,32,0,0,0,0,0,0,0,0,0,0
2024,Andalusia,Conventional roads,Pedestrian struck,97,12,13,12,1,0,0,0,0,0,0
2024,Andalusia,Conventional roads,Animal struck,55,1,1,0,0,0,0,1,0,0,0
2024,Andalusia,Conventional roads,Overturn,28,0,0,0,0,0,0,0,0,0,0
2024,Andalusia,Conventional roads,Fall (rider or occupant),110,0,0,0,0,0,0,0,0,0,0
2024,Andalusia,Conventional roads,Run-off road,1242,63,68,0,0,0,26,34,5,2,1
2024,Andalusia,Conventional roads,Other crash type,34,2,2,1,0,0,0,1,0,0,0
2024,Andalusia,Dual carriageways,Head-on collision,21,5,6,0,0,0,1,5,0,0,0
2024,Andalusia,Dual carriageways,Head-on/side collision,123,0,0,0,0,0,0,0,0,0,0
2024,Andalusia,Dual carriageways,Side collision,173,3,3,0,0,0,2,1,0,0,0
2024,Andalusia,Dual carriageways,Rear-end collision,619,16,16,0,1,0,9,6,0,0,0
2024,Andalusia,Dual carriageways,Multiple or chain collision,161,1,1,0,0,0,0,1,0,0,0
2024,Andalusia,Dual carriageways,Collision with obstacle or road element,54,1,1,0,0,0,0,1,0,0,0
2024,Andalusia,Dual carriageways,Pedestrian struck,25,9,9,9,0,0,0,0,0,0,0
2024,Andalusia,Dual carriageways,Animal struck,11,0,0,0,0,0,0,0,0,0,0
2024,Andalusia,Dual carriageways,Overturn,14,0,0,0,0,0,0,0,0,0,0
2024,Andalusia,Dual carriageways,Fall (rider or occupant),60,0,0,0,0,0,0,0,0,0,0
2024,Andalusia,Dual carriageways,Run-off road,549,29,36,0,1,0,8,19,1,6,1
2024,Andalusia,Dual carriageways,Other crash type,19,1,1,0,0,0,0,1,0,0,0
2024,Andalusia,Motorways,Head-on collision,1,0,0,0,0,0,0,0,0,0,0
2024,Andalusia,Motorways,Head-on/side collision,1,0,0,0,0,0,0,0,0,0,0
2024,Andalusia,Motorways,Side collision,4,0,0,0,0,0,0,0,0,0,0
2024,Andalusia,Motorways,Rear-end collision,31,1,1,0,0,0,1,0,0,0,0
2024,Andalusia,Motorways,Multiple or chain collision,5,0,0,0,0,0,0,0,0,0,0
2024,Andalusia,Motorways,Collision with obstacle or road element,6,1,6,6,0,0,0,0,0,0,0
2024,Andalusia,Motorways,Animal struck,2,0,0,0,0,0,0,0,0,0,0
2024,Andalusia,Motorways,Overturn,1,0,0,0,0,0,0,0,0,0,0
2024,Andalusia,Motorways,Run-off road,37,4,5,0,0,0,0,5,0,0,0
2024,Andalusia,Motorways,Other crash type,1,1,1,0,0,1,0,0,0,0,0
2024,Andalusia,Other roads,Head-on collision,37,0,0,0,0,0,0,0,0,0,0
2024,Andalusia,Other roads,Head-on/side collision,205,5,6,0,1,0,2,2,0,0,1
2024,Andalusia,Other roads,Side collision,54,3,3,0,2,0,1,0,0,0,0
2024,Andalusia,Other roads,Rear-end collision,107,1,1,0,0,0,0,1,0,0,0
2024,Andalusia,Other roads,Multiple or chain collision,7,0,0,0,0,0,0,0,0,0,0
2024,Andalusia,Other roads,Collision with obstacle or road element,14,0,0,0,0,0,0,0,0,0,0
2024,Andalusia,Other roads,Pedestrian struck,77,3,3,3,0,0,0,0,0,0,0
2024,Andalusia,Other roads,Animal struck,6,0,0,0,0,0,0,0,0,0,0
2024,Andalusia,Other roads,Overturn,10,0,0,0,0,0,0,0,0,0,0
2024,Andalusia,Other roads,Fall (rider or occupant),86,1,1,0,0,0,1,0,0,0,0
2024,Andalusia,Other roads,Run-off road,168,12,12,0,0,0,3,8,0,0,1
2024,Andalusia,Other roads,Other crash type,19,1,1,0,0,0,0,1,0,0,0
2024,Andalusia,Other roads,Not recorded,1,0,0,0,0,0,0,0,0,0,0
2024,Aragon,Urban streets,Head-on collision,26,0,0,0,0,0,0,0,0,0,0
2024,Aragon,Urban streets,Head-on/side collision,309,0,0,0,0,0,0,0,0,0,0
2024,Aragon,Urban streets,Side collision,105,0,0,0,0,0,0,0,0,0,0
2024,Aragon,Urban streets,Rear-end collision,192,0,0,0,0,0,0,0,0,0,0
2024,Aragon,Urban streets,Multiple or chain collision,12,0,0,0,0,0,0,0,0,0,0
2024,Aragon,Urban streets,Collision with obstacle or road element,17,0,0,0,0,0,0,0,0,0,0
2024,Aragon,Urban streets,Pedestrian struck,291,5,5,5,0,0,0,0,0,0,0
2024,Aragon,Urban streets,Animal struck,2,0,0,0,0,0,0,0,0,0,0
2024,Aragon,Urban streets,Overturn,3,0,0,0,0,0,0,0,0,0,0
2024,Aragon,Urban streets,Fall (rider or occupant),121,4,4,0,0,0,2,0,0,0,2
2024,Aragon,Urban streets,Run-off road,62,1,1,0,0,0,0,1,0,0,0
2024,Aragon,Urban streets,Other crash type,55,0,0,0,0,0,0,0,0,0,0
2024,Aragon,Conventional roads,Head-on collision,34,8,11,0,0,0,0,9,0,2,0
2024,Aragon,Conventional roads,Head-on/side collision,107,5,6,0,1,0,2,2,0,1,0
2024,Aragon,Conventional roads,Side collision,22,0,0,0,0,0,0,0,0,0,0
2024,Aragon,Conventional roads,Rear-end collision,54,1,1,0,0,0,0,1,0,0,0
2024,Aragon,Conventional roads,Multiple or chain collision,9,1,1,0,1,0,0,0,0,0,0
2024,Aragon,Conventional roads,Collision with obstacle or road element,11,0,0,0,0,0,0,0,0,0,0
2024,Aragon,Conventional roads,Pedestrian struck,9,0,0,0,0,0,0,0,0,0,0
2024,Aragon,Conventional roads,Animal struck,14,0,0,0,0,0,0,0,0,0,0
2024,Aragon,Conventional roads,Overturn,8,1,1,0,0,0,0,1,0,0,0
2024,Aragon,Conventional roads,Fall (rider or occupant),35,0,0,0,0,0,0,0,0,0,0
2024,Aragon,Conventional roads,Run-off road,351,21,24,0,0,0,5,16,2,1,0
2024,Aragon,Conventional roads,Other crash type,5,0,0,0,0,0,0,0,0,0,0
2024,Aragon,Dual carriageways,Head-on collision,2,0,0,0,0,0,0,0,0,0,0
2024,Aragon,Dual carriageways,Head-on/side collision,19,0,0,0,0,0,0,0,0,0,0
2024,Aragon,Dual carriageways,Side collision,24,2,2,1,1,0,0,0,0,0,0
2024,Aragon,Dual carriageways,Rear-end collision,78,5,5,0,0,0,1,2,2,0,0
2024,Aragon,Dual carriageways,Multiple or chain collision,35,1,1,0,0,0,0,1,0,0,0
2024,Aragon,Dual carriageways,Collision with obstacle or road element,11,0,0,0,0,0,0,0,0,0,0
2024,Aragon,Dual carriageways,Pedestrian struck,2,1,1,1,0,0,0,0,0,0,0
2024,Aragon,Dual carriageways,Overturn,2,1,1,0,0,0,1,0,0,0,0
2024,Aragon,Dual carriageways,Fall (rider or occupant),9,0,0,0,0,0,0,0,0,0,0
2024,Aragon,Dual carriageways,Run-off road,110,5,7,0,0,0,3,4,0,0,0
2024,Aragon,Dual carriageways,Other crash type,4,0,0,0,0,0,0,0,0,0,0
2024,Aragon,Motorways,Side collision,2,0,0,0,0,0,0,0,0,0,0
2024,Aragon,Motorways,Rear-end collision,5,0,0,0,0,0,0,0,0,0,0
2024,Aragon,Motorways,Multiple or chain collision,1,0,0,0,0,0,0,0,0,0,0
2024,Aragon,Motorways,Collision with obstacle or road element,1,1,1,1,0,0,0,0,0,0,0
2024,Aragon,Motorways,Pedestrian struck,1,0,0,0,0,0,0,0,0,0,0
2024,Aragon,Motorways,Run-off road,13,1,1,0,0,0,0,1,0,0,0
2024,Aragon,Motorways,Other crash type,2,0,0,0,0,0,0,0,0,0,0
2024,Aragon,Other roads,Head-on collision,2,0,0,0,0,0,0,0,0,0,0
2024,Aragon,Other roads,Head-on/side collision,15,0,0,0,0,0,0,0,0,0,0
2024,Aragon,Other roads,Side collision,5,0,0,0,0,0,0,0,0,0,0
2024,Aragon,Other roads,Rear-end collision,11,0,0,0,0,0,0,0,0,0,0
2024,Aragon,Other roads,Pedestrian struck,13,0,0,0,0,0,0,0,0,0,0
2024,Aragon,Other roads,Overturn,5,0,0,0,0,0,0,0,0,0,0
2024,Aragon,Other roads,Fall (rider or occupant),13,0,0,0,0,0,0,0,0,0,0
2024,Aragon,Other roads,Run-off road,49,0,0,0,0,0,0,0,0,0,0
2024,Aragon,Other roads,Other crash type,2,0,0,0,0,0,0,0,0,0,0
2024,Asturias,Urban streets,Head-on collision,22,0,0,0,0,0,0,0,0,0,0
2024,Asturias,Urban streets,Head-on/side collision,222,1,1,0,0,0,1,0,0,0,0
2024,Asturias,Urban streets,Side collision,66,0,0,0,0,0,0,0,0,0,0
2024,Asturias,Urban streets,Rear-end collision,154,1,1,0,0,0,1,0,0,0,0
2024,Asturias,Urban streets,Multiple or chain collision,7,0,0,0,0,0,0,0,0,0,0
2024,Asturias,Urban streets,Collision with obstacle or road element,24,1,1,0,0,0,0,1,0,0,0
2024,Asturias,Urban streets,Pedestrian struck,299,7,7,7,0,0,0,0,0,0,0
2024,Asturias,Urban streets,Animal struck,1,0,0,0,0,0,0,0,0,0,0
2024,Asturias,Urban streets,Overturn,2,0,0,0,0,0,0,0,0,0,0
2024,Asturias,Urban streets,Fall (rider or occupant),140,1,1,0,0,0,1,0,0,0,0
2024,Asturias,Urban streets,Run-off road,63,1,1,0,0,0,0,0,0,0,1
2024,Asturias,Urban streets,Other crash type,52,0,0,0,0,0,0,0,0,0,0
2024,Asturias,Urban streets,Not recorded,1,0,0,0,0,0,0,0,0,0,0
2024,Asturias,Conventional roads,Head-on collision,44,2,3,0,0,0,0,3,0,0,0
2024,Asturias,Conventional roads,Head-on/side collision,109,1,1,0,0,0,0,1,0,0,0
2024,Asturias,Conventional roads,Side collision,32,0,0,0,0,0,0,0,0,0,0
2024,Asturias,Conventional roads,Rear-end collision,72,0,0,0,0,0,0,0,0,0,0
2024,Asturias,Conventional roads,Multiple or chain collision,8,0,0,0,0,0,0,0,0,0,0
2024,Asturias,Conventional roads,Collision with obstacle or road element,8,0,0,0,0,0,0,0,0,0,0
2024,Asturias,Conventional roads,Pedestrian struck,24,2,2,2,0,0,0,0,0,0,0
2024,Asturias,Conventional roads,Animal struck,16,0,0,0,0,0,0,0,0,0,0
2024,Asturias,Conventional roads,Overturn,8,1,1,0,0,0,1,0,0,0,0
2024,Asturias,Conventional roads,Fall (rider or occupant),50,0,0,0,0,0,0,0,0,0,0
2024,Asturias,Conventional roads,Run-off road,230,12,13,1,0,0,2,10,0,0,0
2024,Asturias,Conventional roads,Other crash type,6,0,0,0,0,0,0,0,0,0,0
2024,Asturias,Dual carriageways,Head-on collision,2,0,0,0,0,0,0,0,0,0,0
2024,Asturias,Dual carriageways,Head-on/side collision,7,0,0,0,0,0,0,0,0,0,0
2024,Asturias,Dual carriageways,Side collision,13,0,0,0,0,0,0,0,0,0,0
2024,Asturias,Dual carriageways,Rear-end collision,61,3,3,0,0,0,1,1,1,0,0
2024,Asturias,Dual carriageways,Multiple or chain collision,13,0,0,0,0,0,0,0,0,0,0
2024,Asturias,Dual carriageways,Collision with obstacle or road element,4,1,1,0,0,0,0,1,0,0,0
2024,Asturias,Dual carriageways,Pedestrian struck,2,0,0,0,0,0,0,0,0,0,0
2024,Asturias,Dual carriageways,Animal struck,4,0,0,0,0,0,0,0,0,0,0
2024,Asturias,Dual carriageways,Overturn,2,0,0,0,0,0,0,0,0,0,0
2024,Asturias,Dual carriageways,Fall (rider or occupant),4,0,0,0,0,0,0,0,0,0,0
2024,Asturias,Dual carriageways,Run-off road,65,2,2,0,0,0,1,1,0,0,0
2024,Asturias,Dual carriageways,Other crash type,1,0,0,0,0,0,0,0,0,0,0
2024,Asturias,Motorways,Animal struck,1,0,0,0,0,0,0,0,0,0,0
2024,Asturias,Motorways,Run-off road,6,0,0,0,0,0,0,0,0,0,0
2024,Asturias,Other roads,Head-on collision,4,0,0,0,0,0,0,0,0,0,0
2024,Asturias,Other roads,Head-on/side collision,19,0,0,0,0,0,0,0,0,0,0
2024,Asturias,Other roads,Side collision,3,1,1,0,0,0,0,1,0,0,0
2024,Asturias,Other roads,Rear-end collision,10,0,0,0,0,0,0,0,0,0,0
2024,Asturias,Other roads,Multiple or chain collision,1,0,0,0,0,0,0,0,0,0,0
2024,Asturias,Other roads,Collision with obstacle or road element,2,0,0,0,0,0,0,0,0,0,0
2024,Asturias,Other roads,Pedestrian struck,12,1,1,1,0,0,0,0,0,0,0
2024,Asturias,Other roads,Animal struck,3,0,0,0,0,0,0,0,0,0,0
2024,Asturias,Other roads,Overturn,7,0,0,0,0,0,0,0,0,0,0
2024,Asturias,Other roads,Fall (rider or occupant),12,1,1,0,0,0,0,0,0,0,1
2024,Asturias,Other roads,Run-off road,23,3,3,0,0,1,0,0,0,0,2
2024,Asturias,Other roads,Other crash type,4,0,0,0,0,0,0,0,0,0,0
2024,Balearic Islands,Urban streets,Head-on collision,64,0,0,0,0,0,0,0,0,0,0
2024,Balearic Islands,Urban streets,Head-on/side collision,475,0,0,0,0,0,0,0,0,0,0
2024,Balearic Islands,Urban streets,Side collision,164,0,0,0,0,0,0,0,0,0,0
2024,Balearic Islands,Urban streets,Rear-end collision,182,0,0,0,0,0,0,0,0,0,0
2024,Balearic Islands,Urban streets,Multiple or chain collision,19,0,0,0,0,0,0,0,0,0,0
2024,Balearic Islands,Urban streets,Collision with obstacle or road element,59,1,1,0,0,0,0,0,0,0,1
2024,Balearic Islands,Urban streets,Pedestrian struck,262,6,6,6,0,0,0,0,0,0,0
2024,Balearic Islands,Urban streets,Animal struck,2,0,0,0,0,0,0,0,0,0,0
2024,Balearic Islands,Urban streets,Overturn,5,0,0,0,0,0,0,0,0,0,0
2024,Balearic Islands,Urban streets,Fall (rider or occupant),163,1,1,0,0,0,1,0,0,0,0
2024,Balearic Islands,Urban streets,Run-off road,68,1,1,0,0,0,0,1,0,0,0
2024,Balearic Islands,Urban streets,Other crash type,37,0,0,0,0,0,0,0,0,0,0
2024,Balearic Islands,Urban streets,Not recorded,1,0,0,0,0,0,0,0,0,0,0
2024,Balearic Islands,Conventional roads,Head-on collision,70,10,11,0,0,0,5,6,0,0,0
2024,Balearic Islands,Conventional roads,Head-on/side collision,210,5,5,0,0,0,4,1,0,0,0
2024,Balearic Islands,Conventional roads,Side collision,58,2,2,0,0,0,2,0,0,0,0
2024,Balearic Islands,Conventional roads,Rear-end collision,138,0,0,0,0,0,0,0,0,0,0
2024,Balearic Islands,Conventional roads,Multiple or chain collision,18,0,0,0,0,0,0,0,0,0,0
2024,Balearic Islands,Conventional roads,Collision with obstacle or road element,3,0,0,0,0,0,0,0,0,0,0
2024,Balearic Islands,Conventional roads,Pedestrian struck,11,2,2,2,0,0,0,0,0,0,0
2024,Balearic Islands,Conventional roads,Animal struck,5,0,0,0,0,0,0,0,0,0,0
2024,Balearic Islands,Conventional roads,Overturn,3,0,0,0,0,0,0,0,0,0,0
2024,Balearic Islands,Conventional roads,Fall (rider or occupant),33,0,0,0,0,0,0,0,0,0,0
2024,Balearic Islands,Conventional roads,Run-off road,257,12,17,0,3,0,4,10,0,0,0
2024,Balearic Islands,Conventional roads,Other crash type,10,0,0,0,0,0,0,0,0,0,0
2024,Balearic Islands,Dual carriageways,Head-on collision,2,1,1,0,0,0,0,1,0,0,0
2024,Balearic Islands,Dual carriageways,Head-on/side collision,23,0,0,0,0,0,0,0,0,0,0
2024,Balearic Islands,Dual carriageways,Side collision,14,0,0,0,0,0,0,0,0,0,0
2024,Balearic Islands,Dual carriageways,Rear-end collision,36,0,0,0,0,0,0,0,0,0,0
2024,Balearic Islands,Dual carriageways,Multiple or chain collision,6,0,0,0,0,0,0,0,0,0,0
2024,Balearic Islands,Dual carriageways,Collision with obstacle or road element,2,0,0,0,0,0,0,0,0,0,0
2024,Balearic Islands,Dual carriageways,Overturn,1,0,0,0,0,0,0,0,0,0,0
2024,Balearic Islands,Dual carriageways,Fall (rider or occupant),5,0,0,0,0,0,0,0,0,0,0
2024,Balearic Islands,Dual carriageways,Run-off road,31,1,1,0,0,0,1,0,0,0,0
2024,Balearic Islands,Dual carriageways,Other crash type,4,0,0,0,0,0,0,0,0,0,0
2024,Balearic Islands,Motorways,Head-on collision,1,1,1,0,0,0,1,0,0,0,0
2024,Balearic Islands,Motorways,Head-on/side collision,15,1,1,0,1,0,0,0,0,0,0
2024,Balearic Islands,Motorways,Side collision,36,0,0,0,0,0,0,0,0,0,0
2024,Balearic Islands,Motorways,Rear-end collision,117,2,2,0,0,0,1,1,0,0,0
2024,Balearic Islands,Motorways,Multiple or chain collision,32,1,1,0,0,0,0,1,0,0,0
2024,Balearic Islands,Motorways,Collision with obstacle or road element,1,0,0,0,0,0,0,0,0,0,0
2024,Balearic Islands,Motorways,Pedestrian struck,4,1,1,1,0,0,0,0,0,0,0
2024,Balearic Islands,Motorways,Overturn,1,0,0,0,0,0,0,0,0,0,0
2024,Balearic Islands,Motorways,Fall (rider or occupant),6,1,1,0,0,0,1,0,0,0,0
2024,Balearic Islands,Motorways,Run-off road,43,2,2,0,0,0,0,2,0,0,0
2024,Balearic Islands,Motorways,Other crash type,1,0,0,0,0,0,0,0,0,0,0
2024,Balearic Islands,Other roads,Head-on collision,17,0,0,0,0,0,0,0,0,0,0
2024,Balearic Islands,Other roads,Head-on/side collision,41,1,1,0,0,1,0,0,0,0,0
2024,Balearic Islands,Other roads,Side collision,10,1,1,0,0,0,0,0,0,0,1
2024,Balearic Islands,Other roads,Rear-end collision,13,0,0,0,0,0,0,0,0,0,0
2024,Balearic Islands,Other roads,Multiple or chain collision,4,0,0,0,0,0,0,0,0,0,0
2024,Balearic Islands,Other roads,Collision with obstacle or road element,4,0,0,0,0,0,0,0,0,0,0
2024,Balearic Islands,Other roads,Pedestrian struck,16,0,0,0,0,0,0,0,0,0,0
2024,Balearic Islands,Other roads,Overturn,2,0,0,0,0,0,0,0,0,0,0
2024,Balearic Islands,Other roads,Fall (rider or occupant),34,1,1,0,1,0,0,0,0,0,0
2024,Balearic Islands,Other roads,Run-off road,45,2,2,0,0,0,1,0,1,0,0
2024,Balearic Islands,Other roads,Other crash type,4,0,0,0,0,0,0,0,0,0,0
2024,Canary Islands,Urban streets,Head-on collision,48,1,1,0,0,0,1,0,0,0,0
2024,Canary Islands,Urban streets,Head-on/side collision,518,1,1,0,0,0,1,0,0,0,0
2024,Canary Islands,Urban streets,Side collision,154,0,0,0,0,0,0,0,0,0,0
2024,Canary Islands,Urban streets,Rear-end collision,286,1,1,0,0,0,1,0,0,0,0
2024,Canary Islands,Urban streets,Multiple or chain collision,24,0,0,0,0,0,0,0,0,0,0
2024,Canary Islands,Urban streets,Collision with obstacle or road element,21,0,0,0,0,0,0,0,0,0,0
2024,Canary Islands,Urban streets,Pedestrian struck,371,6,6,6,0,0,0,0,0,0,0
2024,Canary Islands,Urban streets,Overturn,12,0,0,0,0,0,0,0,0,0,0
2024,Canary Islands,Urban streets,Fall (rider or occupant),171,0,0,0,0,0,0,0,0,0,0
2024,Canary Islands,Urban streets,Run-off road,141,8,8,1,0,0,6,1,0,0,0
2024,Canary Islands,Urban streets,Other crash type,64,0,0,0,0,0,0,0,0,0,0
2024,Canary Islands,Urban streets,Not recorded,2,0,0,0,0,0,0,0,0,0,0
2024,Canary Islands,Conventional roads,Head-on collision,91,8,10,0,1,0,1,7,1,0,0
2024,Canary Islands,Conventional roads,Head-on/side collision,192,3,3,0,0,0,2,1,0,0,0
2024,Canary Islands,Conventional roads,Side collision,79,1,1,0,0,0,1,0,0,0,0
2024,Canary Islands,Conventional roads,Rear-end collision,179,0,0,0,0,0,0,0,0,0,0
2024,Canary Islands,Conventional roads,Multiple or chain collision,34,2,2,0,0,0,0,1,1,0,0
2024,Canary Islands,Conventional roads,Collision with obstacle or road element,7,0,0,0,0,0,0,0,0,0,0
2024,Canary Islands,Conventional roads,Pedestrian struck,48,3,3,3,0,0,0,0,0,0,0
2024,Canary Islands,Conventional roads,Animal struck,1,0,0,0,0,0,0,0,0,0,0
2024,Canary Islands,Conventional roads,Overturn,9,0,0,0,0,0,0,0,0,0,0
2024,Canary Islands,Conventional roads,Fall (rider or occupant),85,3,3,0,0,0,3,0,0,0,0
2024,Canary Islands,Conventional roads,Run-off road,391,17,17,1,0,0,8,6,2,0,0
2024,Canary Islands,Conventional roads,Other crash type,22,0,0,0,0,0,0,0,0,0,0
2024,Canary Islands,Conventional roads,Not recorded,1,0,0,0,0,0,0,0,0,0,0
2024,Canary Islands,Dual carriageways,Head-on collision,4,0,0,0,0,0,0,0,0,0,0
2024,Canary Islands,Dual carriageways,Head-on/side collision,6,0,0,0,0,0,0,0,0,0,0
2024,Canary Islands,Dual carriageways,Side collision,26,0,0,0,0,0,0,0,0,0,0
2024,Canary Islands,Dual carriageways,Rear-end collision,151,0,0,0,0,0,0,0,0,0,0
2024,Canary Islands,Dual carriageways,Multiple or chain collision,50,0,0,0,0,0,0,0,0,0,0
2024,Canary Islands,Dual carriageways,Collision with obstacle or road element,4,0,0,0,0,0,0,0,0,0,0
2024,Canary Islands,Dual carriageways,Pedestrian struck,7,1,1,1,0,0,0,0,0,0,0
2024,Canary Islands,Dual carriageways,Overturn,1,0,0,0,0,0,0,0,0,0,0
2024,Canary Islands,Dual carriageways,Fall (rider or occupant),16,0,0,0,0,0,0,0,0,0,0
2024,Canary Islands,Dual carriageways,Run-off road,80,4,4,0,0,0,3,1,0,0,0
2024,Canary Islands,Dual carriageways,Other crash type,3,0,0,0,0,0,0,0,0,0,0
2024,Canary Islands,Motorways,Head-on collision,5,0,0,0,0,0,0,0,0,0,0
2024,Canary Islands,Motorways,Head-on/side collision,14,0,0,0,0,0,0,0,0,0,0
2024,Canary Islands,Motorways,Side collision,31,0,0,0,0,0,0,0,0,0,0
2024,Canary Islands,Motorways,Rear-end collision,163,0,0,0,0,0,0,0,0,0,0
2024,Canary Islands,Motorways,Multiple or chain collision,73,0,0,0,0,0,0,0,0,0,0
2024,Canary Islands,Motorways,Collision with obstacle or road element,8,0,0,0,0,0,0,0,0,0,0
2024,Canary Islands,Motorways,Pedestrian struck,10,4,4,4,0,0,0,0,0,0,0
2024,Canary Islands,Motorways,Animal struck,1,0,0,0,0,0,0,0,0,0,0
2024,Canary Islands,Motorways,Overturn,3,0,0,0,0,0,0,0,0,0,0
2024,Canary Islands,Motorways,Fall (rider or occupant),17,0,0,0,0,0,0,0,0,0,0
2024,Canary Islands,Motorways,Run-off road,101,1,1,0,0,0,0,1,0,0,0
2024,Canary Islands,Motorways,Other crash type,9,0,0,0,0,0,0,0,0,0,0
2024,Canary Islands,Other roads,Head-on collision,4,0,0,0,0,0,0,0,0,0,0
2024,Canary Islands,Other roads,Head-on/side collision,16,0,0,0,0,0,0,0,0,0,0
2024,Canary Islands,Other roads,Side collision,13,0,0,0,0,0,0,0,0,0,0
2024,Canary Islands,Other roads,Rear-end collision,21,0,0,0,0,0,0,0,0,0,0
2024,Canary Islands,Other roads,Multiple or chain collision,2,0,0,0,0,0,0,0,0,0,0
2024,Canary Islands,Other roads,Collision with obstacle or road element,2,0,0,0,0,0,0,0,0,0,0
2024,Canary Islands,Other roads,Pedestrian struck,23,3,3,2,0,0,0,0,0,0,1
2024,Canary Islands,Other roads,Overturn,1,0,0,0,0,0,0,0,0,0,0
2024,Canary Islands,Other roads,Fall (rider or occupant),25,0,0,0,0,0,0,0,0,0,0
2024,Canary Islands,Other roads,Run-off road,16,0,0,0,0,0,0,0,0,0,0
2024,Cantabria,Urban streets,Head-on collision,19,0,0,0,0,0,0,0,0,0,0
2024,Cantabria,Urban streets,Head-on/side collision,139,1,1,0,0,0,0,1,0,0,0
2024,Cantabria,Urban streets,Side collision,58,0,0,0,0,0,0,0,0,0,0
2024,Cantabria,Urban streets,Rear-end collision,101,0,0,0,0,0,0,0,0,0,0
2024,Cantabria,Urban streets,Multiple or chain collision,18,0,0,0,0,0,0,0,0,0,0
2024,Cantabria,Urban streets,Collision with obstacle or road element,13,0,0,0,0,0,0,0,0,0,0
2024,Cantabria,Urban streets,Pedestrian struck,157,2,2,2,0,0,0,0,0,0,0
2024,Cantabria,Urban streets,Animal struck,2,0,0,0,0,0,0,0,0,0,0
2024,Cantabria,Urban streets,Overturn,2,0,0,0,0,0,0,0,0,0,0
2024,Cantabria,Urban streets,Fall (rider or occupant),39,0,0,0,0,0,0,0,0,0,0
2024,Cantabria,Urban streets,Run-off road,39,2,2,0,0,0,0,2,0,0,0
2024,Cantabria,Urban streets,Other crash type,6,0,0,0,0,0,0,0,0,0,0
2024,Cantabria,Conventional roads,Head-on collision,22,3,3,0,0,0,1,2,0,0,0
2024,Cantabria,Conventional roads,Head-on/side collision,68,1,1,0,0,0,1,0,0,0,0
2024,Cantabria,Conventional roads,Side collision,15,0,0,0,0,0,0,0,0,0,0
2024,Cantabria,Conventional roads,Rear-end collision,42,0,0,0,0,0,0,0,0,0,0
2024,Cantabria,Conventional roads,Multiple or chain collision,14,0,0,0,0,0,0,0,0,0,0
2024,Cantabria,Conventional roads,Collision with obstacle or road element,8,0,0,0,0,0,0,0,0,0,0
2024,Cantabria,Conventional roads,Pedestrian struck,23,3,3,3,0,0,0,0,0,0,0
2024,Cantabria,Conventional roads,Animal struck,5,0,0,0,0,0,0,0,0,0,0
2024,Cantabria,Conventional roads,Overturn,1,0,0,0,0,0,0,0,0,0,0
2024,Cantabria,Conventional roads,Fall (rider or occupant),43,0,0,0,0,0,0,0,0,0,0
2024,Cantabria,Conventional roads,Run-off road,97,3,3,0,0,0,1,2,0,0,0
2024,Cantabria,Conventional roads,Other crash type,5,0,0,0,0,0,0,0,0,0,0
2024,Cantabria,Dual carriageways,Head-on collision,1,0,0,0,0,0,0,0,0,0,0
2024,Cantabria,Dual carriageways,Head-on/side collision,3,0,0,0,0,0,0,0,0,0,0
2024,Cantabria,Dual carriageways,Side collision,11,0,0,0,0,0,0,0,0,0,0
2024,Cantabria,Dual carriageways,Rear-end collision,57,0,0,0,0,0,0,0,0,0,0
2024,Cantabria,Dual carriageways,Multiple or chain collision,29,1,1,0,0,0,0,1,0,0,0
2024,Cantabria,Dual carriageways,Collision with obstacle or road element,2,0,0,0,0,0,0,0,0,0,0
2024,Cantabria,Dual carriageways,Pedestrian struck,1,0,0,0,0,0,0,0,0,0,0
2024,Cantabria,Dual carriageways,Animal struck,3,0,0,0,0,0,0,0,0,0,0
2024,Cantabria,Dual carriageways,Overturn,3,0,0,0,0,0,0,0,0,0,0
2024,Cantabria,Dual carriageways,Fall (rider or occupant),3,0,0,0,0,0,0,0,0,0,0
2024,Cantabria,Dual carriageways,Run-off road,87,3,3,0,0,0,1,2,0,0,0
2024,Cantabria,Dual carriageways,Other crash type,3,0,0,0,0,0,0,0,0,0,0
2024,Cantabria,Other roads,Head-on collision,5,0,0,0,0,0,0,0,0,0,0
2024,Cantabria,Other roads,Head-on/side collision,13,0,0,0,0,0,0,0,0,0,0
2024,Cantabria,Other roads,Side collision,2,0,0,0,0,0,0,0,0,0,0
2024,Cantabria,Other roads,Rear-end collision,8,0,0,0,0,0,0,0,0,0,0
2024,Cantabria,Other roads,Multiple or chain collision,2,0,0,0,0,0,0,0,0,0,0
2024,Cantabria,Other roads,Collision with obstacle or road element,3,0,0,0,0,0,0,0,0,0,0
2024,Cantabria,Other roads,Pedestrian struck,12,0,0,0,0,0,0,0,0,0,0
2024,Cantabria,Other roads,Fall (rider or occupant),9,0,0,0,0,0,0,0,0,0,0
2024,Cantabria,Other roads,Run-off road,10,0,0,0,0,0,0,0,0,0,0
2024,Castile and León,Urban streets,Head-on collision,38,1,1,0,0,0,0,1,0,0,0
2024,Castile and León,Urban streets,Head-on/side collision,465,1,1,0,0,0,1,0,0,0,0
2024,Castile and León,Urban streets,Side collision,89,0,0,0,0,0,0,0,0,0,0
2024,Castile and León,Urban streets,Rear-end collision,272,0,0,0,0,0,0,0,0,0,0
2024,Castile and León,Urban streets,Multiple or chain collision,31,2,2,0,0,0,0,2,0,0,0
2024,Castile and León,Urban streets,Collision with obstacle or road element,49,0,0,0,0,0,0,0,0,0,0
2024,Castile and León,Urban streets,Pedestrian struck,459,10,10,10,0,0,0,0,0,0,0
2024,Castile and León,Urban streets,Animal struck,2,0,0,0,0,0,0,0,0,0,0
2024,Castile and León,Urban streets,Overturn,6,1,1,0,0,0,0,0,0,0,1
2024,Castile and León,Urban streets,Fall (rider or occupant),234,0,0,0,0,0,0,0,0,0,0
2024,Castile and León,Urban streets,Run-off road,97,8,8,0,0,1,2,5,0,0,0
2024,Castile and León,Urban streets,Other crash type,59,1,1,0,0,0,0,1,0,0,0
2024,Castile and León,Urban streets,Not recorded,1,0,0,0,0,0,0,0,0,0,0
2024,Castile and León,Conventional roads,Head-on collision,69,26,35,0,0,0,6,24,5,0,0
2024,Castile and León,Conventional roads,Head-on/side collision,223,18,20,0,1,1,1,12,4,1,0
2024,Castile and León,Conventional roads,Side collision,61,0,0,0,0,0,0,0,0,0,0
2024,Castile and León,Conventional roads,Rear-end collision,94,2,2,0,1,0,0,0,0,1,0
2024,Castile and León,Conventional roads,Multiple or chain collision,11,0,0,0,0,0,0,0,0,0,0
2024,Castile and León,Conventional roads,Collision with obstacle or road element,8,0,0,0,0,0,0,0,0,0,0
2024,Castile and León,Conventional roads,Pedestrian struck,47,5,5,5,0,0,0,0,0,0,0
2024,Castile and León,Conventional roads,Animal struck,73,0,0,0,0,0,0,0,0,0,0
2024,Castile and León,Conventional roads,Overturn,2,0,0,0,0,0,0,0,0,0,0
2024,Castile and León,Conventional roads,Fall (rider or occupant),68,4,4,0,2,0,2,0,0,0,0
2024,Castile and León,Conventional roads,Run-off road,689,36,37,0,0,0,9,22,2,2,2
2024,Castile and León,Conventional roads,Other crash type,14,1,1,0,0,0,0,1,0,0,0
2024,Castile and León,Conventional roads,Not recorded,1,0,0,0,0,0,0,0,0,0,0
2024,Castile and León,Dual carriageways,Head-on collision,6,1,2,0,0,0,2,0,0,0,0
2024,Castile and León,Dual carriageways,Head-on/side collision,14,0,0,0,0,0,0,0,0,0,0
2024,Castile and León,Dual carriageways,Side collision,22,1,1,0,0,0,1,0,0,0,0
2024,Castile and León,Dual carriageways,Rear-end collision,99,4,4,0,0,0,1,3,0,0,0
2024,Castile and León,Dual carriageways,Multiple or chain collision,22,0,0,0,0,0,0,0,0,0,0
2024,Castile and León,Dual carriageways,Collision with obstacle or road element,12,0,0,0,0,0,0,0,0,0,0
2024,Castile and León,Dual carriageways,Pedestrian struck,7,0,0,0,0,0,0,0,0,0,0
2024,Castile and León,Dual carriageways,Animal struck,8,0,0,0,0,0,0,0,0,0,0
2024,Castile and León,Dual carriageways,Overturn,1,0,0,0,0,0,0,0,0,0,0
2024,Castile and León,Dual carriageways,Fall (rider or occupant),10,0,0,0,0,0,0,0,0,0,0
2024,Castile and León,Dual carriageways,Run-off road,235,14,17,1,0,0,1,15,0,0,0
2024,Castile and León,Dual carriageways,Other crash type,6,0,0,0,0,0,0,0,0,0,0
2024,Castile and León,Motorways,Head-on/side collision,2,0,0,0,0,0,0,0,0,0,0
2024,Castile and León,Motorways,Side collision,2,0,0,0,0,0,0,0,0,0,0
2024,Castile and León,Motorways,Rear-end collision,7,0,0,0,0,0,0,0,0,0,0
2024,Castile and León,Motorways,Multiple or chain collision,4,0,0,0,0,0,0,0,0,0,0
2024,Castile and León,Motorways,Pedestrian struck,1,1,1,1,0,0,0,0,0,0,0
2024,Castile and León,Motorways,Animal struck,2,0,0,0,0,0,0,0,0,0,0
2024,Castile and León,Motorways,Fall (rider or occupant),1,0,0,0,0,0,0,0,0,0,0
2024,Castile and León,Motorways,Run-off road,10,2,2,0,0,0,0,2,0,0,0
2024,Castile and León,Motorways,Other crash type,1,0,0,0,0,0,0,0,0,0,0
2024,Castile and León,Other roads,Head-on collision,7,0,0,0,0,0,0,0,0,0,0
2024,Castile and León,Other roads,Head-on/side collision,26,2,3,0,0,0,0,2,0,0,1
2024,Castile and León,Other roads,Side collision,3,0,0,0,0,0,0,0,0,0,0
2024,Castile and León,Other roads,Rear-end collision,19,0,0,0,0,0,0,0,0,0,0
2024,Castile and León,Other roads,Multiple or chain collision,1,0,0,0,0,0,0,0,0,0,0
2024,Castile and León,Other roads,Collision with obstacle or road element,12,1,1,0,0,0,0,1,0,0,0
2024,Castile and León,Other roads,Pedestrian struck,18,2,2,2,0,0,0,0,0,0,0
2024,Castile and León,Other roads,Animal struck,3,0,0,0,0,0,0,0,0,0,0
2024,Castile and León,Other roads,Overturn,1,0,0,0,0,0,0,0,0,0,0
2024,Castile and León,Other roads,Fall (rider or occupant),24,0,0,0,0,0,0,0,0,0,0
2024,Castile and León,Other roads,Run-off road,58,2,2,0,0,0,0,2,0,0,0
2024,Castile and León,Other roads,Other crash type,4,0,0,0,0,0,0,0,0,0,0
2024,Castile-La Mancha,Urban streets,Head-on collision,36,0,0,0,0,0,0,0,0,0,0
2024,Castile-La Mancha,Urban streets,Head-on/side collision,396,0,0,0,0,0,0,0,0,0,0
2024,Castile-La Mancha,Urban streets,Side collision,87,0,0,0,0,0,0,0,0,0,0
2024,Castile-La Mancha,Urban streets,Rear-end collision,130,0,0,0,0,0,0,0,0,0,0
2024,Castile-La Mancha,Urban streets,Multiple or chain collision,16,0,0,0,0,0,0,0,0,0,0
2024,Castile-La Mancha,Urban streets,Collision with obstacle or road element,42,0,0,0,0,0,0,0,0,0,0
2024,Castile-La Mancha,Urban streets,Pedestrian struck,297,3,3,2,1,0,0,0,0,0,0
2024,Castile-La Mancha,Urban streets,Overturn,9,0,0,0,0,0,0,0,0,0,0
2024,Castile-La Mancha,Urban streets,Fall (rider or occupant),113,0,0,0,0,0,0,0,0,0,0
2024,Castile-La Mancha,Urban streets,Run-off road,66,5,5,1,0,1,1,1,1,0,0
2024,Castile-La Mancha,Urban streets,Other crash type,36,0,0,0,0,0,0,0,0,0,0
2024,Castile-La Mancha,Urban streets,Not recorded,6,0,0,0,0,0,0,0,0,0,0
2024,Castile-La Mancha,Conventional roads,Head-on collision,53,13,13,0,0,0,1,10,2,0,0
2024,Castile-La Mancha,Conventional roads,Head-on/side collision,150,5,5,0,0,0,2,2,0,0,1
2024,Castile-La Mancha,Conventional roads,Side collision,34,1,1,0,1,0,0,0,0,0,0
2024,Castile-La Mancha,Conventional roads,Rear-end collision,103,4,4,0,1,0,0,2,1,0,0
2024,Castile-La Mancha,Conventional roads,Multiple or chain collision,9,0,0,0,0,0,0,0,0,0,0
2024,Castile-La Mancha,Conventional roads,Collision with obstacle or road element,8,0,0,0,0,0,0,0,0,0,0
2024,Castile-La Mancha,Conventional roads,Pedestrian struck,21,3,3,3,0,0,0,0,0,0,0
2024,Castile-La Mancha,Conventional roads,Animal struck,34,2,2,0,0,0,2,0,0,0,0
2024,Castile-La Mancha,Conventional roads,Overturn,21,1,1,0,0,0,1,0,0,0,0
2024,Castile-La Mancha,Conventional roads,Fall (rider or occupant),23,1,1,0,0,0,0,0,0,0,1
2024,Castile-La Mancha,Conventional roads,Run-off road,584,25,26,0,0,0,3,20,2,1,0
2024,Castile-La Mancha,Conventional roads,Other crash type,7,0,0,0,0,0,0,0,0,0,0
2024,Castile-La Mancha,Dual carriageways,Head-on collision,3,3,4,0,0,0,1,3,0,0,0
2024,Castile-La Mancha,Dual carriageways,Head-on/side collision,21,2,2,0,0,0,0,1,1,0,0
2024,Castile-La Mancha,Dual carriageways,Side collision,35,0,0,0,0,0,0,0,0,0,0
2024,Castile-La Mancha,Dual carriageways,Rear-end collision,161,5,6,0,1,0,0,3,1,1,0
2024,Castile-La Mancha,Dual carriageways,Multiple or chain collision,38,1,5,0,0,0,0,4,0,1,0
2024,Castile-La Mancha,Dual carriageways,Collision with obstacle or road element,12,0,0,0,0,0,0,0,0,0,0
2024,Castile-La Mancha,Dual carriageways,Pedestrian struck,5,2,2,2,0,0,0,0,0,0,0
2024,Castile-La Mancha,Dual carriageways,Animal struck,2,0,0,0,0,0,0,0,0,0,0
2024,Castile-La Mancha,Dual carriageways,Overturn,6,0,0,0,0,0,0,0,0,0,0
2024,Castile-La Mancha,Dual carriageways,Fall (rider or occupant),6,0,0,0,0,0,0,0,0,0,0
2024,Castile-La Mancha,Dual carriageways,Run-off road,244,12,13,0,0,0,2,7,1,3,0
2024,Castile-La Mancha,Dual carriageways,Other crash type,3,1,1,1,0,0,0,0,0,0,0
2024,Castile-La Mancha,Motorways,Head-on collision,1,0,0,0,0,0,0,0,0,0,0
2024,Castile-La Mancha,Motorways,Side collision,1,0,0,0,0,0,0,0,0,0,0
2024,Castile-La Mancha,Motorways,Rear-end collision,3,0,0,0,0,0,0,0,0,0,0
2024,Castile-La Mancha,Motorways,Multiple or chain collision,1,0,0,0,0,0,0,0,0,0,0
2024,Castile-La Mancha,Motorways,Collision with obstacle or road element,2,0,0,0,0,0,0,0,0,0,0
2024,Castile-La Mancha,Motorways,Pedestrian struck,1,0,0,0,0,0,0,0,0,0,0
2024,Castile-La Mancha,Motorways,Animal struck,1,0,0,0,0,0,0,0,0,0,0
2024,Castile-La Mancha,Motorways,Run-off road,11,0,0,0,0,0,0,0,0,0,0
2024,Castile-La Mancha,Other roads,Head-on collision,9,1,1,0,0,0,0,0,1,0,0
2024,Castile-La Mancha,Other roads,Head-on/side collision,19,1,1,0,0,1,0,0,0,0,0
2024,Castile-La Mancha,Other roads,Side collision,7,0,0,0,0,0,0,0,0,0,0
2024,Castile-La Mancha,Other roads,Rear-end collision,6,0,0,0,0,0,0,0,0,0,0
2024,Castile-La Mancha,Other roads,Collision with obstacle or road element,1,0,0,0,0,0,0,0,0,0,0
2024,Castile-La Mancha,Other roads,Pedestrian struck,4,0,0,0,0,0,0,0,0,0,0
2024,Castile-La Mancha,Other roads,Animal struck,2,0,0,0,0,0,0,0,0,0,0
2024,Castile-La Mancha,Other roads,Overturn,8,1,1,0,0,0,0,0,0,0,1
2024,Castile-La Mancha,Other roads,Fall (rider or occupant),25,1,1,0,0,0,0,1,0,0,0
2024,Castile-La Mancha,Other roads,Run-off road,75,5,5,0,0,0,1,4,0,0,0
2024,Castile-La Mancha,Other roads,Other crash type,2,0,0,0,0,0,0,0,0,0,0
2024,Catalonia,Conventional roads,Head-on collision,346,33,44,0,0,0,6,28,8,2,0
2024,Catalonia,Conventional roads,Head-on/side collision,627,10,11,0,2,1,5,0,1,0,2
2024,Catalonia,Conventional roads,Side collision,405,5,5,0,1,0,3,0,1,0,0
2024,Catalonia,Conventional roads,Rear-end collision,901,4,4,0,3,0,1,0,0,0,0
2024,Catalonia,Conventional roads,Collision with obstacle or road element,138,2,2,0,0,0,2,0,0,0,0
2024,Catalonia,Conventional roads,Pedestrian struck,61,8,8,8,0,0,0,0,0,0,0
2024,Catalonia,Conventional roads,Animal struck,150,1,1,0,0,0,0,1,0,0,0
2024,Catalonia,Conventional roads,Overturn,764,6,6,0,1,0,5,0,0,0,0
2024,Catalonia,Conventional roads,Run-off road,1501,35,36,0,1,0,10,21,1,2,1
2024,Catalonia,Conventional roads,Other crash type,206,4,5,0,1,0,1,3,0,0,0
2024,Catalonia,Dual carriageways,Head-on collision,9,1,2,0,0,0,0,2,0,0,0
2024,Catalonia,Dual carriageways,Head-on/side collision,105,3,3,0,1,0,0,2,0,0,0
2024,Catalonia,Dual carriageways,Side collision,240,1,1,0,0,0,0,1,0,0,0
2024,Catalonia,Dual carriageways,Rear-end collision,602,6,6,0,0,0,3,1,1,1,0
2024,Catalonia,Dual carriageways,Collision with obstacle or road element,78,4,4,0,0,0,2,2,0,0,0
2024,Catalonia,Dual carriageways,Pedestrian struck,10,2,2,2,0,0,0,0,0,0,0
2024,Catalonia,Dual carriageways,Animal struck,29,0,0,0,0,0,0,0,0,0,0
2024,Catalonia,Dual carriageways,Overturn,127,2,2,0,0,0,2,0,0,0,0
2024,Catalonia,Dual carriageways,Run-off road,268,3,3,0,0,0,2,1,0,0,0
2024,Catalonia,Dual carriageways,Other crash type,132,2,2,0,0,0,2,0,0,0,0
2024,Catalonia,Motorways,Head-on collision,7,1,1,0,0,0,0,1,0,0,0
2024,Catalonia,Motorways,Head-on/side collision,70,0,0,0,0,0,0,0,0,0,0
2024,Catalonia,Motorways,Side collision,294,2,2,0,0,0,1,0,1,0,0
2024,Catalonia,Motorways,Rear-end collision,860,8,9,0,0,0,2,4,2,1,0
2024,Catalonia,Motorways,Collision with obstacle or road element,105,1,1,0,0,0,0,1,0,0,0
2024,Catalonia,Motorways,Pedestrian struck,11,1,1,1,0,0,0,0,0,0,0
2024,Catalonia,Motorways,Animal struck,23,0,0,0,0,0,0,0,0,0,0
2024,Catalonia,Motorways,Overturn,128,1,1,0,0,0,1,0,0,0,0
2024,Catalonia,Motorways,Run-off road,272,3,3,0,0,0,2,0,1,0,0
2024,Catalonia,Motorways,Other crash type,115,3,3,0,0,0,3,0,0,0,0
2024,Catalonia,Other roads,Head-on collision,340,0,0,0,0,0,0,0,0,0,0
2024,Catalonia,Other roads,Head-on/side collision,3605,15,15,0,1,2,6,4,0,0,2
2024,Catalonia,Other roads,Side collision,2218,4,4,0,0,0,3,1,0,0,0
2024,Catalonia,Other roads,Rear-end collision,1285,6,6,0,0,0,3,2,0,1,0
2024,Catalonia,Other roads,Collision with obstacle or road element,550,7,7,0,0,0,4,1,1,1,0
2024,Catalonia,Other roads,Pedestrian struck,2519,32,32,28,1,0,2,0,0,0,1
2024,Catalonia,Other roads,Animal struck,23,0,0,0,0,0,0,0,0,0,0
2024,Catalonia,Other roads,Overturn,2104,10,10,0,3,0,2,0,0,2,3
2024,Catalonia,Other roads,Run-off road,395,4,4,0,0,0,2,2,0,0,0
2024,Catalonia,Other roads,Other crash type,2492,10,10,3,1,0,3,3,0,0,0
2024,Valencian Community,Urban streets,Head-on collision,180,1,1,0,0,0,0,1,0,0,0
2024,Valencian Community,Urban streets,Head-on/side collision,2001,3,3,0,0,1,1,0,0,0,1
2024,Valencian Community,Urban streets,Side collision,674,1,1,0,0,0,1,0,0,0,0
2024,Valencian Community,Urban streets,Rear-end collision,903,2,2,0,0,0,2,0,0,0,0
2024,Valencian Community,Urban streets,Multiple or chain collision,51,0,0,0,0,0,0,0,0,0,0
2024,Valencian Community,Urban streets,Collision with obstacle or road element,188,4,4,0,1,1,1,1,0,0,0
2024,Valencian Community,Urban streets,Pedestrian struck,1172,12,12,12,0,0,0,0,0,0,0
2024,Valencian Community,Urban streets,Animal struck,6,0,0,0,0,0,0,0,0,0,0
2024,Valencian Community,Urban streets,Overturn,39,0,0,0,0,0,0,0,0,0,0
2024,Valencian Community,Urban streets,Fall (rider or occupant),1231,2,2,0,0,0,1,0,0,1,0
2024,Valencian Community,Urban streets,Run-off road,195,9,10,2,0,2,3,1,2,0,0
2024,Valencian Community,Urban streets,Other crash type,259,1,1,0,0,1,0,0,0,0,0
2024,Valencian Community,Urban streets,Not recorded,5,0,0,0,0,0,0,0,0,0,0
2024,Valencian Community,Conventional roads,Head-on collision,97,12,14,0,1,0,2,11,0,0,0
2024,Valencian Community,Conventional roads,Head-on/side collision,286,5,5,0,0,0,3,0,1,0,1
2024,Valencian Community,Conventional roads,Side collision,141,3,3,0,1,0,1,0,1,0,0
2024,Valencian Community,Conventional roads,Rear-end collision,266,5,5,0,1,0,4,0,0,0,0
2024,Valencian Community,Conventional roads,Multiple or chain collision,42,0,0,0,0,0,0,0,0,0,0
2024,Valencian Community,Conventional roads,Collision with obstacle or road element,19,0,0,0,0,0,0,0,0,0,0
2024,Valencian Community,Conventional roads,Pedestrian struck,35,5,5,5,0,0,0,0,0,0,0
2024,Valencian Community,Conventional roads,Animal struck,42,0,0,0,0,0,0,0,0,0,0
2024,Valencian Community,Conventional roads,Overturn,23,0,0,0,0,0,0,0,0,0,0
2024,Valencian Community,Conventional roads,Fall (rider or occupant),125,0,0,0,0,0,0,0,0,0,0
2024,Valencian Community,Conventional roads,Run-off road,655,30,31,0,1,0,18,10,0,0,2
2024,Valencian Community,Conventional roads,Other crash type,17,0,0,0,0,0,0,0,0,0,0
2024,Valencian Community,Dual carriageways,Head-on collision,7,2,2,0,0,0,0,2,0,0,0
2024,Valencian Community,Dual carriageways,Head-on/side collision,86,0,0,0,0,0,0,0,0,0,0
2024,Valencian Community,Dual carriageways,Side collision,150,6,6,0,0,0,5,1,0,0,0
2024,Valencian Community,Dual carriageways,Rear-end collision,488,7,7,0,1,2,0,3,1,0,0
2024,Valencian Community,Dual carriageways,Multiple or chain collision,114,1,1,0,0,0,0,0,0,1,0
2024,Valencian Community,Dual carriageways,Collision with obstacle or road element,21,0,0,0,0,0,0,0,0,0,0
2024,Valencian Community,Dual carriageways,Pedestrian struck,15,5,5,5,0,0,0,0,0,0,0
2024,Valencian Community,Dual carriageways,Animal struck,3,0,0,0,0,0,0,0,0,0,0
2024,Valencian Community,Dual carriageways,Overturn,24,0,0,0,0,0,0,0,0,0,0
2024,Valencian Community,Dual carriageways,Fall (rider or occupant),52,3,3,0,1,1,1,0,0,0,0
2024,Valencian Community,Dual carriageways,Run-off road,313,12,13,0,0,0,5,5,2,1,0
2024,Valencian Community,Dual carriageways,Other crash type,11,0,0,0,0,0,0,0,0,0,0
2024,Valencian Community,Motorways,Head-on/side collision,3,0,0,0,0,0,0,0,0,0,0
2024,Valencian Community,Motorways,Side collision,23,0,0,0,0,0,0,0,0,0,0
2024,Valencian Community,Motorways,Rear-end collision,61,4,4,0,0,0,2,0,2,0,0
2024,Valencian Community,Motorways,Multiple or chain collision,17,2,3,0,0,0,0,2,1,0,0
2024,Valencian Community,Motorways,Collision with obstacle or road element,5,1,2,0,0,0,0,2,0,0,0
2024,Valencian Community,Motorways,Pedestrian struck,6,2,2,1,0,0,0,1,0,0,0
2024,Valencian Community,Motorways,Animal struck,1,0,0,0,0,0,0,0,0,0,0
2024,Valencian Community,Motorways,Fall (rider or occupant),2,0,0,0,0,0,0,0,0,0,0
2024,Valencian Community,Motorways,Run-off road,87,3,3,0,0,0,0,3,0,0,0
2024,Valencian Community,Motorways,Other crash type,2,0,0,0,0,0,0,0,0,0,0
2024,Valencian Community,Other roads,Head-on collision,30,1,1,0,0,0,1,0,0,0,0
2024,Valencian Community,Other roads,Head-on/side collision,93,1,1,0,1,0,0,0,0,0,0
2024,Valencian Community,Other roads,Side collision,34,1,1,0,0,0,0,0,0,0,1
2024,Valencian Community,Other roads,Rear-end collision,30,0,0,0,0,0,0,0,0,0,0
2024,Valencian Community,Other roads,Multiple or chain collision,3,0,0,0,0,0,0,0,0,0,0
2024,Valencian Community,Other roads,Collision with obstacle or road element,11,0,0,0,0,0,0,0,0,0,0
2024,Valencian Community,Other roads,Pedestrian struck,24,1,1,1,0,0,0,0,0,0,0
2024,Valencian Community,Other roads,Animal struck,2,0,0,0,0,0,0,0,0,0,0
2024,Valencian Community,Other roads,Overturn,5,0,0,0,0,0,0,0,0,0,0
2024,Valencian Community,Other roads,Fall (rider or occupant),79,1,1,0,0,0,0,0,0,0,1
2024,Valencian Community,Other roads,Run-off road,140,8,8,0,1,0,2,3,0,0,2
2024,Valencian Community,Other roads,Other crash type,9,0,0,0,0,0,0,0,0,0,0
2024,Extremadura,Urban streets,Head-on collision,20,1,1,0,0,0,0,1,0,0,0
2024,Extremadura,Urban streets,Head-on/side collision,226,0,0,0,0,0,0,0,0,0,0
2024,Extremadura,Urban streets,Side collision,65,0,0,0,0,0,0,0,0,0,0
2024,Extremadura,Urban streets,Rear-end collision,155,0,0,0,0,0,0,0,0,0,0
2024,Extremadura,Urban streets,Multiple or chain collision,9,0,0,0,0,0,0,0,0,0,0
2024,Extremadura,Urban streets,Collision with obstacle or road element,21,0,0,0,0,0,0,0,0,0,0
2024,Extremadura,Urban streets,Pedestrian struck,204,4,4,3,1,0,0,0,0,0,0
2024,Extremadura,Urban streets,Animal struck,2,0,0,0,0,0,0,0,0,0,0
2024,Extremadura,Urban streets,Overturn,6,0,0,0,0,0,0,0,0,0,0
2024,Extremadura,Urban streets,Fall (rider or occupant),78,1,1,0,0,0,0,0,0,0,1
2024,Extremadura,Urban streets,Run-off road,52,1,1,0,0,0,1,0,0,0,0
2024,Extremadura,Urban streets,Other crash type,26,0,0,0,0,0,0,0,0,0,0
2024,Extremadura,Conventional roads,Head-on collision,28,6,7,0,0,0,2,5,0,0,0
2024,Extremadura,Conventional roads,Head-on/side collision,67,4,4,0,0,0,0,1,3,0,0
2024,Extremadura,Conventional roads,Side collision,16,0,0,0,0,0,0,0,0,0,0
2024,Extremadura,Conventional roads,Rear-end collision,60,1,1,0,0,0,0,1,0,0,0
2024,Extremadura,Conventional roads,Multiple or chain collision,4,0,0,0,0,0,0,0,0,0,0
2024,Extremadura,Conventional roads,Collision with obstacle or road element,2,0,0,0,0,0,0,0,0,0,0
2024,Extremadura,Conventional roads,Pedestrian struck,14,4,4,3,1,0,0,0,0,0,0
2024,Extremadura,Conventional roads,Animal struck,29,0,0,0,0,0,0,0,0,0,0
2024,Extremadura,Conventional roads,Fall (rider or occupant),13,0,0,0,0,0,0,0,0,0,0
2024,Extremadura,Conventional roads,Run-off road,225,8,8,0,0,0,0,6,2,0,0
2024,Extremadura,Conventional roads,Other crash type,6,0,0,0,0,0,0,0,0,0,0
2024,Extremadura,Dual carriageways,Head-on collision,3,1,1,0,0,0,0,1,0,0,0
2024,Extremadura,Dual carriageways,Head-on/side collision,9,0,0,0,0,0,0,0,0,0,0
2024,Extremadura,Dual carriageways,Side collision,9,0,0,0,0,0,0,0,0,0,0
2024,Extremadura,Dual carriageways,Rear-end collision,39,1,1,0,0,0,0,1,0,0,0
2024,Extremadura,Dual carriageways,Multiple or chain collision,9,2,3,0,0,0,0,2,0,1,0
2024,Extremadura,Dual carriageways,Collision with obstacle or road element,7,0,0,0,0,0,0,0,0,0,0
2024,Extremadura,Dual carriageways,Pedestrian struck,4,0,0,0,0,0,0,0,0,0,0
2024,Extremadura,Dual carriageways,Animal struck,4,0,0,0,0,0,0,0,0,0,0
2024,Extremadura,Dual carriageways,Fall (rider or occupant),3,0,0,0,0,0,0,0,0,0,0
2024,Extremadura,Dual carriageways,Run-off road,45,1,1,0,0,0,0,1,0,0,0
2024,Extremadura,Dual carriageways,Other crash type,3,0,0,0,0,0,0,0,0,0,0
2024,Extremadura,Motorways,Run-off road,1,0,0,0,0,0,0,0,0,0,0
2024,Extremadura,Other roads,Head-on collision,5,1,1,0,0,0,0,1,0,0,0
2024,Extremadura,Other roads,Head-on/side collision,25,1,1,0,0,0,0,0,1,0,0
2024,Extremadura,Other roads,Side collision,9,0,0,0,0,0,0,0,0,0,0
2024,Extremadura,Other roads,Rear-end collision,21,0,0,0,0,0,0,0,0,0,0
2024,Extremadura,Other roads,Multiple or chain collision,1,0,0,0,0,0,0,0,0,0,0
2024,Extremadura,Other roads,Collision with obstacle or road element,2,0,0,0,0,0,0,0,0,0,0
2024,Extremadura,Other roads,Pedestrian struck,12,0,0,0,0,0,0,0,0,0,0
2024,Extremadura,Other roads,Animal struck,1,0,0,0,0,0,0,0,0,0,0
2024,Extremadura,Other roads,Fall (rider or occupant),11,0,0,0,0,0,0,0,0,0,0
2024,Extremadura,Other roads,Run-off road,40,5,5,0,0,0,1,4,0,0,0
2024,Extremadura,Other roads,Other crash type,1,0,0,0,0,0,0,0,0,0,0
2024,Galicia,Urban streets,Head-on collision,48,1,1,0,0,0,0,1,0,0,0
2024,Galicia,Urban streets,Head-on/side collision,311,0,0,0,0,0,0,0,0,0,0
2024,Galicia,Urban streets,Side collision,112,1,1,0,0,0,1,0,0,0,0
2024,Galicia,Urban streets,Rear-end collision,192,0,0,0,0,0,0,0,0,0,0
2024,Galicia,Urban streets,Multiple or chain collision,27,0,0,0,0,0,0,0,0,0,0
2024,Galicia,Urban streets,Collision with obstacle or road element,28,0,0,0,0,0,0,0,0,0,0
2024,Galicia,Urban streets,Pedestrian struck,457,9,9,9,0,0,0,0,0,0,0
2024,Galicia,Urban streets,Overturn,5,1,1,0,0,0,0,0,0,0,1
2024,Galicia,Urban streets,Fall (rider or occupant),136,0,0,0,0,0,0,0,0,0,0
2024,Galicia,Urban streets,Run-off road,145,5,5,0,0,0,2,2,0,0,1
2024,Galicia,Urban streets,Other crash type,48,0,0,0,0,0,0,0,0,0,0
2024,Galicia,Urban streets,Not recorded,2,0,0,0,0,0,0,0,0,0,0
2024,Galicia,Conventional roads,Head-on collision,153,21,25,0,0,2,3,19,1,0,0
2024,Galicia,Conventional roads,Head-on/side collision,372,14,16,0,1,1,6,7,1,0,0
2024,Galicia,Conventional roads,Side collision,95,1,2,0,0,0,0,0,2,0,0
2024,Galicia,Conventional roads,Rear-end collision,243,2,2,0,0,0,2,0,0,0,0
2024,Galicia,Conventional roads,Multiple or chain collision,36,1,2,0,0,0,0,1,1,0,0
2024,Galicia,Conventional roads,Collision with obstacle or road element,19,0,0,0,0,0,0,0,0,0,0
2024,Galicia,Conventional roads,Pedestrian struck,133,10,10,10,0,0,0,0,0,0,0
2024,Galicia,Conventional roads,Animal struck,49,0,0,0,0,0,0,0,0,0,0
2024,Galicia,Conventional roads,Overturn,9,0,0,0,0,0,0,0,0,0,0
2024,Galicia,Conventional roads,Fall (rider or occupant),56,1,1,0,0,0,1,0,0,0,0
2024,Galicia,Conventional roads,Run-off road,662,19,20,0,0,0,5,14,1,0,0
2024,Galicia,Conventional roads,Other crash type,25,0,0,0,0,0,0,0,0,0,0
2024,Galicia,Conventional roads,Not recorded,1,0,0,0,0,0,0,0,0,0,0
2024,Galicia,Dual carriageways,Head-on collision,4,2,2,0,0,0,0,2,0,0,0
2024,Galicia,Dual carriageways,Head-on/side collision,24,2,2,0,0,0,0,2,0,0,0
2024,Galicia,Dual carriageways,Side collision,30,0,0,0,0,0,0,0,0,0,0
2024,Galicia,Dual carriageways,Rear-end collision,89,1,1,0,0,0,0,1,0,0,0
2024,Galicia,Dual carriageways,Multiple or chain collision,30,1,1,0,0,0,0,0,1,0,0
2024,Galicia,Dual carriageways,Collision with obstacle or road element,7,0,0,0,0,0,0,0,0,0,0
2024,Galicia,Dual carriageways,Pedestrian struck,16,6,6,6,0,0,0,0,0,0,0
2024,Galicia,Dual carriageways,Animal struck,7,0,0,0,0,0,0,0,0,0,0
2024,Galicia,Dual carriageways,Fall (rider or occupant),4,0,0,0,0,0,0,0,0,0,0
2024,Galicia,Dual carriageways,Run-off road,177,3,3,0,0,0,1,2,0,0,0
2024,Galicia,Dual carriageways,Other crash type,5,0,0,0,0,0,0,0,0,0,0
2024,Galicia,Motorways,Head-on collision,1,0,0,0,0,0,0,0,0,0,0
2024,Galicia,Motorways,Head-on/side collision,2,0,0,0,0,0,0,0,0,0,0
2024,Galicia,Motorways,Side collision,13,1,1,0,0,0,1,0,0,0,0
2024,Galicia,Motorways,Rear-end collision,48,0,0,0,0,0,0,0,0,0,0
2024,Galicia,Motorways,Multiple or chain collision,9,0,0,0,0,0,0,0,0,0,0
2024,Galicia,Motorways,Pedestrian struck,4,1,1,1,0,0,0,0,0,0,0
2024,Galicia,Motorways,Animal struck,4,0,0,0,0,0,0,0,0,0,0
2024,Galicia,Motorways,Overturn,1,0,0,0,0,0,0,0,0,0,0
2024,Galicia,Motorways,Fall (rider or occupant),2,1,1,0,0,0,1,0,0,0,0
2024,Galicia,Motorways,Run-off road,72,0,0,0,0,0,0,0,0,0,0
2024,Galicia,Motorways,Other crash type,4,0,0,0,0,0,0,0,0,0,0
2024,Galicia,Other roads,Head-on collision,32,1,1,0,0,0,0,1,0,0,0
2024,Galicia,Other roads,Head-on/side collision,48,0,0,0,0,0,0,0,0,0,0
2024,Galicia,Other roads,Side collision,16,1,1,0,0,0,1,0,0,0,0
2024,Galicia,Other roads,Rear-end collision,25,0,0,0,0,0,0,0,0,0,0
2024,Galicia,Other roads,Multiple or chain collision,1,0,0,0,0,0,0,0,0,0,0
2024,Galicia,Other roads,Collision with obstacle or road element,5,0,0,0,0,0,0,0,0,0,0
2024,Galicia,Other roads,Pedestrian struck,42,4,4,4,0,0,0,0,0,0,0
2024,Galicia,Other roads,Animal struck,2,0,0,0,0,0,0,0,0,0,0
2024,Galicia,Other roads,Overturn,1,0,0,0,0,0,0,0,0,0,0
2024,Galicia,Other roads,Fall (rider or occupant),20,1,1,0,0,0,0,1,0,0,0
2024,Galicia,Other roads,Run-off road,119,9,10,0,1,0,4,4,0,0,1
2024,Galicia,Other roads,Other crash type,10,0,0,0,0,0,0,0,0,0,0
2024,Madrid,Urban streets,Head-on collision,252,3,3,0,1,1,0,1,0,0,0
2024,Madrid,Urban streets,Head-on/side collision,2743,3,3,0,0,0,2,1,0,0,0
2024,Madrid,Urban streets,Side collision,888,1,1,0,1,0,0,0,0,0,0
2024,Madrid,Urban streets,Rear-end collision,2137,3,4,0,1,0,1,2,0,0,0
2024,Madrid,Urban streets,Multiple or chain collision,259,0,0,0,0,0,0,0,0,0,0
2024,Madrid,Urban streets,Collision with obstacle or road element,365,2,2,0,0,0,0,1,0,1,0
2024,Madrid,Urban streets,Pedestrian struck,1819,27,27,27,0,0,0,0,0,0,0
2024,Madrid,Urban streets,Animal struck,8,0,0,0,0,0,0,0,0,0,0
2024,Madrid,Urban streets,Overturn,61,0,0,0,0,0,0,0,0,0,0
2024,Madrid,Urban streets,Fall (rider or occupant),1948,4,4,0,3,0,1,0,0,0,0
2024,Madrid,Urban streets,Run-off road,908,4,4,2,1,0,1,0,0,0,0
2024,Madrid,Urban streets,Other crash type,87,1,1,1,0,0,0,0,0,0,0
2024,Madrid,Urban streets,Not recorded,2,0,0,0,0,0,0,0,0,0,0
2024,Madrid,Conventional roads,Head-on collision,60,5,5,0,1,0,1,3,0,0,0
2024,Madrid,Conventional roads,Head-on/side collision,116,1,1,0,0,0,1,0,0,0,0
2024,Madrid,Conventional roads,Side collision,52,1,1,0,0,0,1,0,0,0,0
2024,Madrid,Conventional roads,Rear-end collision,137,1,1,0,1,0,0,0,0,0,0
2024,Madrid,Conventional roads,Multiple or chain collision,19,2,2,0,0,0,1,1,0,0,0
2024,Madrid,Conventional roads,Collision with obstacle or road element,6,0,0,0,0,0,0,0,0,0,0
2024,Madrid,Conventional roads,Pedestrian struck,32,2,2,2,0,0,0,0,0,0,0
2024,Madrid,Conventional roads,Animal struck,9,1,1,0,0,0,1,0,0,0,0
2024,Madrid,Conventional roads,Overturn,1,0,0,0,0,0,0,0,0,0,0
2024,Madrid,Conventional roads,Fall (rider or occupant),52,0,0,0,0,0,0,0,0,0,0
2024,Madrid,Conventional roads,Run-off road,315,6,7,0,0,0,2,3,1,0,1
2024,Madrid,Conventional roads,Other crash type,8,0,0,0,0,0,0,0,0,0,0
2024,Madrid,Dual carriageways,Head-on collision,14,3,5,0,1,0,0,4,0,0,0
2024,Madrid,Dual carriageways,Head-on/side collision,72,2,4,0,0,0,0,4,0,0,0
2024,Madrid,Dual carriageways,Side collision,157,1,1,0,1,0,0,0,0,0,0
2024,Madrid,Dual carriageways,Rear-end collision,585,9,9,0,3,0,3,3,0,0,0
2024,Madrid,Dual carriageways,Multiple or chain collision,188,3,5,0,0,0,0,5,0,0,0
2024,Madrid,Dual carriageways,Collision with obstacle or road element,19,1,2,0,0,0,0,2,0,0,0
2024,Madrid,Dual carriageways,Pedestrian struck,20,5,5,5,0,0,0,0,0,0,0
2024,Madrid,Dual carriageways,Animal struck,1,0,0,0,0,0,0,0,0,0,0
2024,Madrid,Dual carriageways,Overturn,8,0,0,0,0,0,0,0,0,0,0
2024,Madrid,Dual carriageways,Fall (rider or occupant),53,0,0,0,0,0,0,0,0,0,0
2024,Madrid,Dual carriageways,Run-off road,293,6,7,0,0,0,1,4,1,1,0
2024,Madrid,Dual carriageways,Other crash type,11,1,1,0,0,0,1,0,0,0,0
2024,Madrid,Motorways,Head-on/side collision,12,1,1,0,0,0,1,0,0,0,0
2024,Madrid,Motorways,Side collision,32,0,0,0,0,0,0,0,0,0,0
2024,Madrid,Motorways,Rear-end collision,121,2,2,0,0,0,0,2,0,0,0
2024,Madrid,Motorways,Multiple or chain collision,40,0,0,0,0,0,0,0,0,0,0
2024,Madrid,Motorways,Collision with obstacle or road element,11,2,2,0,0,0,0,2,0,0,0
2024,Madrid,Motorways,Pedestrian struck,2,2,2,2,0,0,0,0,0,0,0
2024,Madrid,Motorways,Overturn,1,0,0,0,0,0,0,0,0,0,0
2024,Madrid,Motorways,Fall (rider or occupant),10,0,0,0,0,0,0,0,0,0,0
2024,Madrid,Motorways,Run-off road,82,5,5,0,0,0,4,1,0,0,0
2024,Madrid,Motorways,Other crash type,1,0,0,0,0,0,0,0,0,0,0
2024,Madrid,Other roads,Head-on collision,4,1,1,0,0,0,1,0,0,0,0
2024,Madrid,Other roads,Head-on/side collision,14,0,0,0,0,0,0,0,0,0,0
2024,Madrid,Other roads,Side collision,12,0,0,0,0,0,0,0,0,0,0
2024,Madrid,Other roads,Rear-end collision,35,0,0,0,0,0,0,0,0,0,0
2024,Madrid,Other roads,Multiple or chain collision,9,0,0,0,0,0,0,0,0,0,0
2024,Madrid,Other roads,Collision with obstacle or road element,5,0,0,0,0,0,0,0,0,0,0
2024,Madrid,Other roads,Pedestrian struck,15,0,0,0,0,0,0,0,0,0,0
2024,Madrid,Other roads,Animal struck,1,0,0,0,0,0,0,0,0,0,0
2024,Madrid,Other roads,Overturn,1,1,1,0,0,0,0,0,0,0,1
2024,Madrid,Other roads,Fall (rider or occupant),23,1,1,0,0,0,0,0,0,0,1
2024,Madrid,Other roads,Run-off road,42,2,2,0,1,0,0,1,0,0,0
2024,Madrid,Other roads,Other crash type,5,0,0,0,0,0,0,0,0,0,0
2024,Murcia,Urban streets,Head-on collision,112,1,1,0,0,0,0,1,0,0,0
2024,Murcia,Urban streets,Head-on/side collision,1115,3,3,0,0,0,3,0,0,0,0
2024,Murcia,Urban streets,Side collision,177,0,0,0,0,0,0,0,0,0,0
2024,Murcia,Urban streets,Rear-end collision,452,0,0,0,0,0,0,0,0,0,0
2024,Murcia,Urban streets,Multiple or chain collision,43,0,0,0,0,0,0,0,0,0,0
2024,Murcia,Urban streets,Collision with obstacle or road element,48,0,0,0,0,0,0,0,0,0,0
2024,Murcia,Urban streets,Pedestrian struck,379,11,12,11,0,1,0,0,0,0,0
2024,Murcia,Urban streets,Animal struck,3,0,0,0,0,0,0,0,0,0,0
2024,Murcia,Urban streets,Overturn,3,0,0,0,0,0,0,0,0,0,0
2024,Murcia,Urban streets,Fall (rider or occupant),413,1,1,0,1,0,0,0,0,0,0
2024,Murcia,Urban streets,Run-off road,304,7,7,0,1,1,1,4,0,0,0
2024,Murcia,Urban streets,Other crash type,79,1,1,1,0,0,0,0,0,0,0
2024,Murcia,Conventional roads,Head-on collision,43,7,9,0,0,0,1,6,0,2,0
2024,Murcia,Conventional roads,Head-on/side collision,88,4,4,0,0,1,2,0,0,0,1
2024,Murcia,Conventional roads,Side collision,16,1,1,0,0,0,0,0,0,1,0
2024,Murcia,Conventional roads,Rear-end collision,44,4,4,0,4,0,0,0,0,0,0
2024,Murcia,Conventional roads,Multiple or chain collision,4,0,0,0,0,0,0,0,0,0,0
2024,Murcia,Conventional roads,Collision with obstacle or road element,1,0,0,0,0,0,0,0,0,0,0
2024,Murcia,Conventional roads,Pedestrian struck,10,3,3,3,0,0,0,0,0,0,0
2024,Murcia,Conventional roads,Animal struck,7,0,0,0,0,0,0,0,0,0,0
2024,Murcia,Conventional roads,Overturn,2,1,1,0,1,0,0,0,0,0,0
2024,Murcia,Conventional roads,Fall (rider or occupant),20,1,1,0,1,0,0,0,0,0,0
2024,Murcia,Conventional roads,Run-off road,118,8,8,0,0,1,2,5,0,0,0
2024,Murcia,Conventional roads,Other crash type,1,0,0,0,0,0,0,0,0,0,0
2024,Murcia,Dual carriageways,Head-on collision,6,4,6,0,0,0,3,3,0,0,0
2024,Murcia,Dual carriageways,Head-on/side collision,18,0,0,0,0,0,0,0,0,0,0
2024,Murcia,Dual carriageways,Side collision,19,0,0,0,0,0,0,0,0,0,0
2024,Murcia,Dual carriageways,Rear-end collision,131,3,3,0,0,0,1,2,0,0,0
2024,Murcia,Dual carriageways,Multiple or chain collision,31,0,0,0,0,0,0,0,0,0,0
2024,Murcia,Dual carriageways,Collision with obstacle or road element,5,1,1,0,0,0,0,0,1,0,0
2024,Murcia,Dual carriageways,Pedestrian struck,3,2,2,2,0,0,0,0,0,0,0
2024,Murcia,Dual carriageways,Animal struck,1,0,0,0,0,0,0,0,0,0,0
2024,Murcia,Dual carriageways,Overturn,4,0,0,0,0,0,0,0,0,0,0
2024,Murcia,Dual carriageways,Fall (rider or occupant),10,1,1,0,0,0,1,0,0,0,0
2024,Murcia,Dual carriageways,Run-off road,87,5,5,0,0,0,1,1,3,0,0
2024,Murcia,Dual carriageways,Other crash type,4,2,3,0,0,0,0,2,0,1,0
2024,Murcia,Motorways,Head-on/side collision,1,0,0,0,0,0,0,0,0,0,0
2024,Murcia,Motorways,Rear-end collision,4,0,0,0,0,0,0,0,0,0,0
2024,Murcia,Motorways,Multiple or chain collision,1,0,0,0,0,0,0,0,0,0,0
2024,Murcia,Motorways,Pedestrian struck,1,0,0,0,0,0,0,0,0,0,0
2024,Murcia,Motorways,Run-off road,11,0,0,0,0,0,0,0,0,0,0
2024,Murcia,Other roads,Head-on collision,8,1,1,0,0,1,0,0,0,0,0
2024,Murcia,Other roads,Head-on/side collision,25,2,2,1,0,0,1,0,0,0,0
2024,Murcia,Other roads,Side collision,2,0,0,0,0,0,0,0,0,0,0
2024,Murcia,Other roads,Rear-end collision,4,0,0,0,0,0,0,0,0,0,0
2024,Murcia,Other roads,Multiple or chain collision,1,0,0,0,0,0,0,0,0,0,0
2024,Murcia,Other roads,Collision with obstacle or road element,1,0,0,0,0,0,0,0,0,0,0
2024,Murcia,Other roads,Pedestrian struck,4,0,0,0,0,0,0,0,0,0,0
2024,Murcia,Other roads,Overturn,1,0,0,0,0,0,0,0,0,0,0
2024,Murcia,Other roads,Fall (rider or occupant),10,0,0,0,0,0,0,0,0,0,0
2024,Murcia,Other roads,Run-off road,44,3,4,0,0,0,0,1,2,0,1
2024,Murcia,Other roads,Other crash type,3,0,0,0,0,0,0,0,0,0,0
2024,Navarre,Urban streets,Head-on collision,11,0,0,0,0,0,0,0,0,0,0
2024,Navarre,Urban streets,Head-on/side collision,159,0,0,0,0,0,0,0,0,0,0
2024,Navarre,Urban streets,Side collision,27,0,0,0,0,0,0,0,0,0,0
2024,Navarre,Urban streets,Rear-end collision,69,0,0,0,0,0,0,0,0,0,0
2024,Navarre,Urban streets,Multiple or chain collision,8,0,0,0,0,0,0,0,0,0,0
2024,Navarre,Urban streets,Collision with obstacle or road element,11,0,0,0,0,0,0,0,0,0,0
2024,Navarre,Urban streets,Pedestrian struck,138,0,0,0,0,0,0,0,0,0,0
2024,Navarre,Urban streets,Overturn,1,0,0,0,0,0,0,0,0,0,0
2024,Navarre,Urban streets,Fall (rider or occupant),126,1,1,0,1,0,0,0,0,0,0
2024,Navarre,Urban streets,Run-off road,19,0,0,0,0,0,0,0,0,0,0
2024,Navarre,Urban streets,Other crash type,6,1,1,0,0,0,0,0,0,0,1
2024,Navarre,Conventional roads,Head-on collision,14,2,2,0,0,0,0,1,1,0,0
2024,Navarre,Conventional roads,Head-on/side collision,28,2,2,0,0,0,1,1,0,0,0
2024,Navarre,Conventional roads,Side collision,3,0,0,0,0,0,0,0,0,0,0
2024,Navarre,Conventional roads,Rear-end collision,14,0,0,0,0,0,0,0,0,0,0
2024,Navarre,Conventional roads,Multiple or chain collision,4,0,0,0,0,0,0,0,0,0,0
2024,Navarre,Conventional roads,Collision with obstacle or road element,4,0,0,0,0,0,0,0,0,0,0
2024,Navarre,Conventional roads,Pedestrian struck,12,1,1,1,0,0,0,0,0,0,0
2024,Navarre,Conventional roads,Animal struck,3,0,0,0,0,0,0,0,0,0,0
2024,Navarre,Conventional roads,Fall (rider or occupant),8,0,0,0,0,0,0,0,0,0,0
2024,Navarre,Conventional roads,Run-off road,65,7,7,0,0,0,2,3,2,0,0
2024,Navarre,Conventional roads,Other crash type,4,2,2,0,0,0,0,1,0,1,0
2024,Navarre,Dual carriageways,Head-on/side collision,5,0,0,0,0,0,0,0,0,0,0
2024,Navarre,Dual carriageways,Side collision,6,0,0,0,0,0,0,0,0,0,0
2024,Navarre,Dual carriageways,Rear-end collision,20,1,1,0,0,0,1,0,0,0,0
2024,Navarre,Dual carriageways,Multiple or chain collision,2,0,0,0,0,0,0,0,0,0,0
2024,Navarre,Dual carriageways,Collision with obstacle or road element,1,0,0,0,0,0,0,0,0,0,0
2024,Navarre,Dual carriageways,Pedestrian struck,1,0,0,0,0,0,0,0,0,0,0
2024,Navarre,Dual carriageways,Overturn,1,0,0,0,0,0,0,0,0,0,0
2024,Navarre,Dual carriageways,Fall (rider or occupant),3,0,0,0,0,0,0,0,0,0,0
2024,Navarre,Dual carriageways,Run-off road,28,3,3,0,1,0,1,1,0,0,0
2024,Navarre,Dual carriageways,Other crash type,1,0,0,0,0,0,0,0,0,0,0
2024,Navarre,Motorways,Side collision,3,0,0,0,0,0,0,0,0,0,0
2024,Navarre,Motorways,Rear-end collision,3,0,0,0,0,0,0,0,0,0,0
2024,Navarre,Motorways,Collision with obstacle or road element,2,0,0,0,0,0,0,0,0,0,0
2024,Navarre,Motorways,Run-off road,7,2,2,0,0,0,0,2,0,0,0
2024,Navarre,Other roads,Head-on collision,1,0,0,0,0,0,0,0,0,0,0
2024,Navarre,Other roads,Head-on/side collision,4,0,0,0,0,0,0,0,0,0,0
2024,Navarre,Other roads,Side collision,2,0,0,0,0,0,0,0,0,0,0
2024,Navarre,Other roads,Collision with obstacle or road element,1,0,0,0,0,0,0,0,0,0,0
2024,Navarre,Other roads,Pedestrian struck,4,0,0,0,0,0,0,0,0,0,0
2024,Navarre,Other roads,Animal struck,1,0,0,0,0,0,0,0,0,0,0
2024,Navarre,Other roads,Fall (rider or occupant),1,0,0,0,0,0,0,0,0,0,0
2024,Navarre,Other roads,Run-off road,11,5,5,0,0,0,0,3,0,0,2
2024,Basque Country,Urban streets,Head-on collision,39,0,0,0,0,0,0,0,0,0,0
2024,Basque Country,Urban streets,Head-on/side collision,311,1,2,0,0,0,0,2,0,0,0
2024,Basque Country,Urban streets,Side collision,74,0,0,0,0,0,0,0,0,0,0
2024,Basque Country,Urban streets,Rear-end collision,205,0,0,0,0,0,0,0,0,0,0
2024,Basque Country,Urban streets,Multiple or chain collision,21,0,0,0,0,0,0,0,0,0,0
2024,Basque Country,Urban streets,Collision with obstacle or road element,46,0,0,0,0,0,0,0,0,0,0
2024,Basque Country,Urban streets,Pedestrian struck,337,4,4,4,0,0,0,0,0,0,0
2024,Basque Country,Urban streets,Animal struck,2,0,0,0,0,0,0,0,0,0,0
2024,Basque Country,Urban streets,Overturn,60,0,0,0,0,0,0,0,0,0,0
2024,Basque Country,Urban streets,Fall (rider or occupant),223,0,0,0,0,0,0,0,0,0,0
2024,Basque Country,Urban streets,Run-off road,89,0,0,0,0,0,0,0,0,0,0
2024,Basque Country,Urban streets,Other crash type,58,0,0,0,0,0,0,0,0,0,0
2024,Basque Country,Conventional roads,Head-on collision,35,3,3,0,0,0,1,2,0,0,0
2024,Basque Country,Conventional roads,Head-on/side collision,102,1,1,0,0,0,1,0,0,0,0
2024,Basque Country,Conventional roads,Side collision,29,0,0,0,0,0,0,0,0,0,0
2024,Basque Country,Conventional roads,Rear-end collision,104,0,0,0,0,0,0,0,0,0,0
2024,Basque Country,Conventional roads,Multiple or chain collision,7,1,1,0,0,0,0,1,0,0,0
2024,Basque Country,Conventional roads,Collision with obstacle or road element,7,0,0,0,0,0,0,0,0,0,0
2024,Basque Country,Conventional roads,Pedestrian struck,14,0,0,0,0,0,0,0,0,0,0
2024,Basque Country,Conventional roads,Animal struck,12,0,0,0,0,0,0,0,0,0,0
2024,Basque Country,Conventional roads,Overturn,5,0,0,0,0,0,0,0,0,0,0
2024,Basque Country,Conventional roads,Fall (rider or occupant),93,0,0,0,0,0,0,0,0,0,0
2024,Basque Country,Conventional roads,Run-off road,246,5,5,1,0,0,0,4,0,0,0
2024,Basque Country,Conventional roads,Other crash type,28,0,0,0,0,0,0,0,0,0,0
2024,Basque Country,Dual carriageways,Head-on collision,5,1,2,0,0,0,2,0,0,0,0
2024,Basque Country,Dual carriageways,Head-on/side collision,55,0,0,0,0,0,0,0,0,0,0
2024,Basque Country,Dual carriageways,Side collision,36,0,0,0,0,0,0,0,0,0,0
2024,Basque Country,Dual carriageways,Rear-end collision,196,2,2,0,0,0,0,1,0,1,0
2024,Basque Country,Dual carriageways,Multiple or chain collision,14,1,1,0,0,0,1,0,0,0,0
2024,Basque Country,Dual carriageways,Collision with obstacle or road element,12,1,1,1,0,0,0,0,0,0,0
2024,Basque Country,Dual carriageways,Pedestrian struck,5,0,0,0,0,0,0,0,0,0,0
2024,Basque Country,Dual carriageways,Animal struck,4,0,0,0,0,0,0,0,0,0,0
2024,Basque Country,Dual carriageways,Overturn,4,0,0,0,0,0,0,0,0,0,0
2024,Basque Country,Dual carriageways,Fall (rider or occupant),36,0,0,0,0,0,0,0,0,0,0
2024,Basque Country,Dual carriageways,Run-off road,298,4,4,0,0,0,3,1,0,0,0
2024,Basque Country,Dual carriageways,Other crash type,12,1,1,0,0,0,1,0,0,0,0
2024,Basque Country,Motorways,Head-on collision,1,0,0,0,0,0,0,0,0,0,0
2024,Basque Country,Motorways,Head-on/side collision,7,0,0,0,0,0,0,0,0,0,0
2024,Basque Country,Motorways,Side collision,11,0,0,0,0,0,0,0,0,0,0
2024,Basque Country,Motorways,Rear-end collision,49,0,0,0,0,0,0,0,0,0,0
2024,Basque Country,Motorways,Multiple or chain collision,11,0,0,0,0,0,0,0,0,0,0
2024,Basque Country,Motorways,Collision with obstacle or road element,6,0,0,0,0,0,0,0,0,0,0
2024,Basque Country,Motorways,Pedestrian struck,2,0,0,0,0,0,0,0,0,0,0
2024,Basque Country,Motorways,Animal struck,2,0,0,0,0,0,0,0,0,0,0
2024,Basque Country,Motorways,Overturn,1,0,0,0,0,0,0,0,0,0,0
2024,Basque Country,Motorways,Fall (rider or occupant),4,0,0,0,0,0,0,0,0,0,0
2024,Basque Country,Motorways,Run-off road,170,3,3,0,0,0,2,1,0,0,0
2024,Basque Country,Motorways,Other crash type,7,0,0,0,0,0,0,0,0,0,0
2024,Basque Country,Other roads,Head-on collision,32,4,5,0,0,0,2,3,0,0,0
2024,Basque Country,Other roads,Head-on/side collision,179,1,1,0,0,0,1,0,0,0,0
2024,Basque Country,Other roads,Side collision,48,0,0,0,0,0,0,0,0,0,0
2024,Basque Country,Other roads,Rear-end collision,166,0,0,0,0,0,0,0,0,0,0
2024,Basque Country,Other roads,Multiple or chain collision,5,0,0,0,0,0,0,0,0,0,0
2024,Basque Country,Other roads,Collision with obstacle or road element,27,0,0,0,0,0,0,0,0,0,0
2024,Basque Country,Other roads,Pedestrian struck,88,5,5,5,0,0,0,0,0,0,0
2024,Basque Country,Other roads,Animal struck,6,0,0,0,0,0,0,0,0,0,0
2024,Basque Country,Other roads,Overturn,4,0,0,0,0,0,0,0,0,0,0
2024,Basque Country,Other roads,Fall (rider or occupant),173,0,0,0,0,0,0,0,0,0,0
2024,Basque Country,Other roads,Run-off road,295,5,5,0,0,0,3,2,0,0,0
2024,Basque Country,Other roads,Other crash type,36,0,0,0,0,0,0,0,0,0,0
2024,La Rioja,Urban streets,Head-on collision,4,0,0,0,0,0,0,0,0,0,0
2024,La Rioja,Urban streets,Head-on/side collision,120,1,1,0,0,0,1,0,0,0,0
2024,La Rioja,Urban streets,Side collision,10,0,0,0,0,0,0,0,0,0,0
2024,La Rioja,Urban streets,Rear-end collision,59,1,1,0,0,0,0,1,0,0,0
2024,La Rioja,Urban streets,Multiple or chain collision,5,0,0,0,0,0,0,0,0,0,0
2024,La Rioja,Urban streets,Collision with obstacle or road element,5,0,0,0,0,0,0,0,0,0,0
2024,La Rioja,Urban streets,Pedestrian struck,130,2,2,2,0,0,0,0,0,0,0
2024,La Rioja,Urban streets,Overturn,1,0,0,0,0,0,0,0,0,0,0
2024,La Rioja,Urban streets,Fall (rider or occupant),61,0,0,0,0,0,0,0,0,0,0
2024,La Rioja,Urban streets,Run-off road,16,0,0,0,0,0,0,0,0,0,0
2024,La Rioja,Urban streets,Other crash type,22,0,0,0,0,0,0,0,0,0,0
2024,La Rioja,Conventional roads,Head-on collision,12,3,3,0,0,0,0,2,1,0,0
2024,La Rioja,Conventional roads,Head-on/side collision,21,0,0,0,0,0,0,0,0,0,0
2024,La Rioja,Conventional roads,Side collision,14,0,0,0,0,0,0,0,0,0,0
2024,La Rioja,Conventional roads,Rear-end collision,10,0,0,0,0,0,0,0,0,0,0
2024,La Rioja,Conventional roads,Pedestrian struck,6,2,2,1,0,0,1,0,0,0,0
2024,La Rioja,Conventional roads,Animal struck,4,0,0,0,0,0,0,0,0,0,0
2024,La Rioja,Conventional roads,Overturn,1,0,0,0,0,0,0,0,0,0,0
2024,La Rioja,Conventional roads,Fall (rider or occupant),8,1,1,0,1,0,0,0,0,0,0
2024,La Rioja,Conventional roads,Run-off road,71,1,1,0,0,0,0,1,0,0,0
2024,La Rioja,Conventional roads,Other crash type,3,0,0,0,0,0,0,0,0,0,0
2024,La Rioja,Dual carriageways,Head-on/side collision,3,0,0,0,0,0,0,0,0,0,0
2024,La Rioja,Dual carriageways,Side collision,1,0,0,0,0,0,0,0,0,0,0
2024,La Rioja,Dual carriageways,Rear-end collision,20,0,0,0,0,0,0,0,0,0,0
2024,La Rioja,Dual carriageways,Multiple or chain collision,5,0,0,0,0,0,0,0,0,0,0
2024,La Rioja,Dual carriageways,Collision with obstacle or road element,1,0,0,0,0,0,0,0,0,0,0
2024,La Rioja,Dual carriageways,Pedestrian struck,1,0,0,0,0,0,0,0,0,0,0
2024,La Rioja,Dual carriageways,Fall (rider or occupant),2,0,0,0,0,0,0,0,0,0,0
2024,La Rioja,Dual carriageways,Run-off road,15,1,1,0,0,0,0,0,0,1,0
2024,La Rioja,Dual carriageways,Other crash type,1,0,0,0,0,0,0,0,0,0,0
2024,La Rioja,Motorways,Rear-end collision,1,0,0,0,0,0,0,0,0,0,0
2024,La Rioja,Motorways,Run-off road,7,1,1,0,0,0,0,1,0,0,0
2024,La Rioja,Other roads,Head-on/side collision,2,0,0,0,0,0,0,0,0,0,0
2024,La Rioja,Other roads,Rear-end collision,2,0,0,0,0,0,0,0,0,0,0
2024,La Rioja,Other roads,Pedestrian struck,4,0,0,0,0,0,0,0,0,0,0
2024,La Rioja,Other roads,Fall (rider or occupant),9,0,0,0,0,0,0,0,0,0,0
2024,La Rioja,Other roads,Run-off road,9,1,1,0,0,0,0,1,0,0,0
2024,La Rioja,Other roads,Other crash type,3,0,0,0,0,0,0,0,0,0,0
2024,Ceuta,Urban streets,Head-on collision,10,1,1,0,0,0,1,0,0,0,0
2024,Ceuta,Urban streets,Head-on/side collision,89,0,0,0,0,0,0,0,0,0,0
2024,Ceuta,Urban streets,Side collision,23,0,0,0,0,0,0,0,0,0,0
2024,Ceuta,Urban streets,Rear-end collision,58,0,0,0,0,0,0,0,0,0,0
2024,Ceuta,Urban streets,Multiple or chain collision,5,0,0,0,0,0,0,0,0,0,0
2024,Ceuta,Urban streets,Pedestrian struck,44,0,0,0,0,0,0,0,0,0,0
2024,Ceuta,Urban streets,Fall (rider or occupant),28,0,0,0,0,0,0,0,0,0,0
2024,Ceuta,Urban streets,Run-off road,3,0,0,0,0,0,0,0,0,0,0
2024,Ceuta,Urban streets,Other crash type,14,0,0,0,0,0,0,0,0,0,0
2024,Ceuta,Conventional roads,Head-on/side collision,4,0,0,0,0,0,0,0,0,0,0
2024,Ceuta,Conventional roads,Rear-end collision,4,0,0,0,0,0,0,0,0,0,0
2024,Ceuta,Conventional roads,Multiple or chain collision,2,0,0,0,0,0,0,0,0,0,0
2024,Ceuta,Dual carriageways,Rear-end collision,2,0,0,0,0,0,0,0,0,0,0
2024,Ceuta,Dual carriageways,Multiple or chain collision,1,0,0,0,0,0,0,0,0,0,0
2024,Ceuta,Other roads,Head-on/side collision,3,0,0,0,0,0,0,0,0,0,0
2024,Ceuta,Other roads,Side collision,2,0,0,0,0,0,0,0,0,0,0
2024,Ceuta,Other roads,Rear-end collision,3,0,0,0,0,0,0,0,0,0,0
2024,Ceuta,Other roads,Pedestrian struck,3,0,0,0,0,0,0,0,0,0,0
2024,Ceuta,Other roads,Fall (rider or occupant),1,0,0,0,0,0,0,0,0,0,0
2024,Ceuta,Other roads,Run-off road,1,0,0,0,0,0,0,0,0,0,0
2024,Melilla,Urban streets,Head-on collision,18,0,0,0,0,0,0,0,0,0,0
2024,Melilla,Urban streets,Head-on/side collision,130,1,1,0,0,0,1,0,0,0,0
2024,Melilla,Urban streets,Side collision,49,0,0,0,0,0,0,0,0,0,0
2024,Melilla,Urban streets,Rear-end collision,56,0,0,0,0,0,0,0,0,0,0
2024,Melilla,Urban streets,Multiple or chain collision,7,0,0,0,0,0,0,0,0,0,0
2024,Melilla,Urban streets,Collision with obstacle or road element,4,0,0,0,0,0,0,0,0,0,0
2024,Melilla,Urban streets,Pedestrian struck,72,0,0,0,0,0,0,0,0,0,0
2024,Melilla,Urban streets,Overturn,4,0,0,0,0,0,0,0,0,0,0
2024,Melilla,Urban streets,Fall (rider or occupant),36,0,0,0,0,0,0,0,0,0,0
2024,Melilla,Urban streets,Run-off road,13,0,0,0,0,0,0,0,0,0,0
2024,Melilla,Urban streets,Other crash type,12,0,0,0,0,0,0,0,0,0,0
2024,Melilla,Conventional roads,Collision with obstacle or road element,1,0,0,0,0,0,0,0,0,0,0
2024,Melilla,Other roads,Head-on/side collision,4,0,0,0,0,0,0,0,0,0,0
2024,Melilla,Other roads,Side collision,3,0,0,0,0,0,0,0,0,0,0
2024,Melilla,Other roads,Pedestrian struck,1,0,0,0,0,0,0,0,0,0,0
2024,Melilla,Other roads,Run-off road,2,0,0,0,0,0,0,0,0,0,0
2024,Melilla,Other roads,Other crash type,1,0,0,0,0,0,0,0,0,0,0
