profile,non_working_mix,remainder_mix,credible,assumption,share_18_29,share_65_plus,share_75_plus_of_65_plus,ratio_18_29,ratio_30_44,ratio_65_plus,ratio_65_74,ratio_75_plus
"A: EMEF, province of Barcelona",working-day mix (EMEF),working-day mix (EMEF),True,Madrid survey: km per resident,0.1156786318,0.1267669227,0.2260504672,2.504031092,1.407695304,1.229451237,0.9691148203,2.120788691
"A: EMEF, province of Barcelona",working-day mix (EMEF),working-day mix (EMEF),True,"Madrid km per DGT licence holder, Spain's licence holders",0.1156786318,0.1267669227,0.2220561589,2.504031092,1.407695304,1.229451237,0.9641389555,2.158937076
"A: EMEF, province of Barcelona",working-day mix (EMEF),working-day mix (EMEF),True,"RACC driving-days limit for men, equal km per licence holder for women",0.1156786318,0.1267669227,0.2744451428,2.504031092,1.407695304,1.229451237,1.033755001,1.746816393
"A: EMEF, province of Barcelona",working-day mix (EMEF),working-day mix (EMEF),True,equal km per licence holder,0.1156786318,0.1267669227,0.3421262241,2.504031092,1.407695304,1.229451237,1.140106187,1.401252639
"A: EMEF, province of Barcelona",working-day mix (EMEF),"car journeys over 50 km per resident (MOVILIA 2007, Spain)",True,Madrid survey: km per resident,0.1402827891,0.1108152547,0.2260504672,2.001804418,1.336138733,1.363486624,1.074768202,2.351998132
"A: EMEF, province of Barcelona",working-day mix (EMEF),"car journeys over 50 km per resident (MOVILIA 2007, Spain)",True,"Madrid km per DGT licence holder, Spain's licence holders",0.1402827891,0.1108152547,0.2220561589,2.001804418,1.336138733,1.363486624,1.069249866,2.394305473
"A: EMEF, province of Barcelona",working-day mix (EMEF),"car journeys over 50 km per resident (MOVILIA 2007, Spain)",True,"RACC driving-days limit for men, equal km per licence holder for women",0.1402827891,0.1108152547,0.2744451428,2.001804418,1.336138733,1.363486624,1.146455487,1.937255187
"A: EMEF, province of Barcelona",working-day mix (EMEF),"car journeys over 50 km per resident (MOVILIA 2007, Spain)",True,equal km per licence holder,0.1402827891,0.1108152547,0.3421262241,2.001804418,1.336138733,1.363486624,1.264401133,1.554017901
"A: EMEF, province of Barcelona",working-day mix (EMEF),"overnight weekend stays away, driving (EMEF 2023, proxy)",True,Madrid survey: km per resident,0.1207637563,0.1366314372,0.2260504672,2.362308501,1.425816367,1.123432505,0.8855455647,1.937907645
"A: EMEF, province of Barcelona",working-day mix (EMEF),"overnight weekend stays away, driving (EMEF 2023, proxy)",True,"Madrid km per DGT licence holder, Spain's licence holders",0.1207637563,0.1366314372,0.2220561589,2.362308501,1.425816367,1.123432505,0.8809987815,1.972766397
"A: EMEF, province of Barcelona",working-day mix (EMEF),"overnight weekend stays away, driving (EMEF 2023, proxy)",True,"RACC driving-days limit for men, equal km per licence holder for women",0.1207637563,0.1366314372,0.2744451428,2.362308501,1.425816367,1.123432505,0.9446116573,1.596183937
"A: EMEF, province of Barcelona",working-day mix (EMEF),"overnight weekend stays away, driving (EMEF 2023, proxy)",True,equal km per licence holder,0.1207637563,0.1366314372,0.3421262241,2.362308501,1.425816367,1.123432505,1.041791908,1.280419031
"A: EMEF, province of Barcelona",working-day mix (EMEF),"car trips on an average weekend day (MOVILIA 2006, Spain)",True,Madrid survey: km per resident,0.1182418168,0.1414964725,0.2260504672,2.420261212,1.450737988,1.088208509,0.8577802535,1.877146673
"A: EMEF, province of Barcelona",working-day mix (EMEF),"car trips on an average weekend day (MOVILIA 2006, Spain)",True,"Madrid km per DGT licence holder, Spain's licence holders",0.1182418168,0.1414964725,0.2220561589,2.420261212,1.450737988,1.088208509,0.8533760297,1.910912467
"A: EMEF, province of Barcelona",working-day mix (EMEF),"car trips on an average weekend day (MOVILIA 2006, Spain)",True,"RACC driving-days limit for men, equal km per licence holder for women",0.1182418168,0.1414964725,0.2744451428,2.420261212,1.450737988,1.088208509,0.9149943934,1.546137338
"A: EMEF, province of Barcelona",working-day mix (EMEF),"car trips on an average weekend day (MOVILIA 2006, Spain)",True,equal km per licence holder,0.1182418168,0.1414964725,0.3421262241,2.420261212,1.450737988,1.088208509,1.009127664,1.240272895
"A: EMEF, province of Barcelona",working-day mix (EMEF),"km of cars by the private owner's age, DGT 2024 (owner, not driver: bound)",False,Madrid survey: km per resident,0.10148272,0.1361954138,0.2260504672,2.895031615,1.438419339,1.160666159,0.9148949889,2.002135253
"A: EMEF, province of Barcelona",working-day mix (EMEF),"km of cars by the private owner's age, DGT 2024 (owner, not driver: bound)",False,"Madrid km per DGT licence holder, Spain's licence holders",0.10148272,0.1361954138,0.2220561589,2.895031615,1.438419339,1.160666159,0.9101975128,2.03814932
"A: EMEF, province of Barcelona",working-day mix (EMEF),"km of cars by the private owner's age, DGT 2024 (owner, not driver: bound)",False,"RACC driving-days limit for men, equal km per licence holder for women",0.10148272,0.1361954138,0.2744451428,2.895031615,1.438419339,1.160666159,0.9759186948,1.649085878
"A: EMEF, province of Barcelona",working-day mix (EMEF),"km of cars by the private owner's age, DGT 2024 (owner, not driver: bound)",False,equal km per licence holder,0.10148272,0.1361954138,0.3421262241,2.895031615,1.438419339,1.160666159,1.076319767,1.322855652
"A: EMEF, province of Barcelona",working-day mix (EMEF),B-licence holders: equal km per holder at every age (bound),False,Madrid survey: km per resident,0.1194176222,0.1406222899,0.2624795825,2.358677662,1.390690668,1.077723229,0.8914762242,1.601043813
"A: EMEF, province of Barcelona",working-day mix (EMEF),B-licence holders: equal km per holder at every age (bound),False,"Madrid km per DGT licence holder, Spain's licence holders",0.1194176222,0.1406222899,0.2599644998,2.358677662,1.390690668,1.077723229,0.8884464556,1.616533456
"A: EMEF, province of Barcelona",working-day mix (EMEF),B-licence holders: equal km per holder at every age (bound),False,"RACC driving-days limit for men, equal km per licence holder for women",0.1194176222,0.1406222899,0.2929520947,2.358677662,1.390690668,1.077723229,0.9298972703,1.434505228
"A: EMEF, province of Barcelona",working-day mix (EMEF),B-licence holders: equal km per holder at every age (bound),False,equal km per licence holder,0.1194176222,0.1406222899,0.3355686129,2.358677662,1.390690668,1.077723229,0.9895407259,1.252326038
"A: EMEF, province of Barcelona",working-day mix (EMEF),under 65 only: working-day mix without 65 and over (bound),False,Madrid survey: km per resident,0.1206850005,0.08854516303,0.2260504672,2.505278349,1.407520768,1.837252452,1.44821407,3.169238523
"A: EMEF, province of Barcelona",working-day mix (EMEF),under 65 only: working-day mix without 65 and over (bound),False,"Madrid km per DGT licence holder, Spain's licence holders",0.1206850005,0.08854516303,0.2220561589,2.505278349,1.407520768,1.837252452,1.440778297,3.226246245
"A: EMEF, province of Barcelona",working-day mix (EMEF),under 65 only: working-day mix without 65 and over (bound),False,"RACC driving-days limit for men, equal km per licence holder for women",0.1206850005,0.08854516303,0.2744451428,2.505278349,1.407520768,1.837252452,1.544810281,2.610386328
"A: EMEF, province of Barcelona",working-day mix (EMEF),under 65 only: working-day mix without 65 and over (bound),False,equal km per licence holder,0.1206850005,0.08854516303,0.3421262241,2.505278349,1.407520768,1.837252452,1.703738078,2.093986951
"A: EMEF, province of Barcelona","overnight weekend stays away, driving (EMEF 2023, proxy)",working-day mix (EMEF),True,Madrid survey: km per resident,0.118271111,0.1317960126,0.2260504672,2.430255839,1.416806742,1.173418135,0.9249467334,2.024132261
"A: EMEF, province of Barcelona","overnight weekend stays away, driving (EMEF 2023, proxy)",working-day mix (EMEF),True,"Madrid km per DGT licence holder, Spain's licence holders",0.118271111,0.1317960126,0.2220561589,2.430255839,1.416806742,1.173418135,0.9201976472,2.060542006
"A: EMEF, province of Barcelona","overnight weekend stays away, driving (EMEF 2023, proxy)",working-day mix (EMEF),True,"RACC driving-days limit for men, equal km per licence holder for women",0.118271111,0.1317960126,0.2744451428,2.430255839,1.416806742,1.173418135,0.986640893,1.667204012
"A: EMEF, province of Barcelona","overnight weekend stays away, driving (EMEF 2023, proxy)",working-day mix (EMEF),True,equal km per licence holder,0.118271111,0.1317960126,0.3421262241,2.430255839,1.416806742,1.173418135,1.088145049,1.337389568
"A: EMEF, province of Barcelona","overnight weekend stays away, driving (EMEF 2023, proxy)","car journeys over 50 km per resident (MOVILIA 2007, Spain)",True,Madrid survey: km per resident,0.1428752683,0.1158443447,0.2260504672,1.949846727,1.344055557,1.293919004,1.019931532,2.231994819
"A: EMEF, province of Barcelona","overnight weekend stays away, driving (EMEF 2023, proxy)","car journeys over 50 km per resident (MOVILIA 2007, Spain)",True,"Madrid km per DGT licence holder, Spain's licence holders",0.1428752683,0.1158443447,0.2220561589,1.949846727,1.344055557,1.293919004,1.014694751,2.272143561
"A: EMEF, province of Barcelona","overnight weekend stays away, driving (EMEF 2023, proxy)","car journeys over 50 km per resident (MOVILIA 2007, Spain)",True,"RACC driving-days limit for men, equal km per licence holder for women",0.1428752683,0.1158443447,0.2744451428,1.949846727,1.344055557,1.293919004,1.087961199,1.838412829
"A: EMEF, province of Barcelona","overnight weekend stays away, driving (EMEF 2023, proxy)","car journeys over 50 km per resident (MOVILIA 2007, Spain)",True,equal km per licence holder,0.1428752683,0.1158443447,0.3421262241,1.949846727,1.344055557,1.293919004,1.199889038,1.474729021
"A: EMEF, province of Barcelona","overnight weekend stays away, driving (EMEF 2023, proxy)","overnight weekend stays away, driving (EMEF 2023, proxy)",True,Madrid survey: km per resident,0.1233562356,0.1416605271,0.2260504672,2.294552961,1.435457156,1.075065032,0.8474199093,1.854474333
"A: EMEF, province of Barcelona","overnight weekend stays away, driving (EMEF 2023, proxy)","overnight weekend stays away, driving (EMEF 2023, proxy)",True,"Madrid km per DGT licence holder, Spain's licence holders",0.1233562356,0.1416605271,0.2220561589,2.294552961,1.435457156,1.075065032,0.8430688801,1.887832301
"A: EMEF, province of Barcelona","overnight weekend stays away, driving (EMEF 2023, proxy)","overnight weekend stays away, driving (EMEF 2023, proxy)",True,"RACC driving-days limit for men, equal km per licence holder for women",0.1233562356,0.1416605271,0.2744451428,2.294552961,1.435457156,1.075065032,0.9039430119,1.527462957
"A: EMEF, province of Barcelona","overnight weekend stays away, driving (EMEF 2023, proxy)","overnight weekend stays away, driving (EMEF 2023, proxy)",True,equal km per licence holder,0.1233562356,0.1416605271,0.3421262241,2.294552961,1.435457156,1.075065032,0.9969393323,1.225292772
"A: EMEF, province of Barcelona","overnight weekend stays away, driving (EMEF 2023, proxy)","car trips on an average weekend day (MOVILIA 2006, Spain)",True,Madrid survey: km per resident,0.120834296,0.1465255625,0.2260504672,2.349848177,1.460890513,1.042655932,0.821873439,1.798569022
"A: EMEF, province of Barcelona","overnight weekend stays away, driving (EMEF 2023, proxy)","car trips on an average weekend day (MOVILIA 2006, Spain)",True,"Madrid km per DGT licence holder, Spain's licence holders",0.120834296,0.1465255625,0.2220561589,2.349848177,1.460890513,1.042655932,0.8176535767,1.830921375
"A: EMEF, province of Barcelona","overnight weekend stays away, driving (EMEF 2023, proxy)","car trips on an average weekend day (MOVILIA 2006, Spain)",True,"RACC driving-days limit for men, equal km per licence holder for women",0.120834296,0.1465255625,0.2744451428,2.349848177,1.460890513,1.042655932,0.8766925862,1.481415789
"A: EMEF, province of Barcelona","overnight weekend stays away, driving (EMEF 2023, proxy)","car trips on an average weekend day (MOVILIA 2006, Spain)",True,equal km per licence holder,0.120834296,0.1465255625,0.3421262241,2.349848177,1.460890513,1.042655932,0.966885423,1.188354879
"A: EMEF, province of Barcelona","overnight weekend stays away, driving (EMEF 2023, proxy)","km of cars by the private owner's age, DGT 2024 (owner, not driver: bound)",False,Madrid survey: km per resident,0.1040751993,0.1412245038,0.2260504672,2.801453683,1.448042162,1.110823441,0.8756064718,1.916157162
"A: EMEF, province of Barcelona","overnight weekend stays away, driving (EMEF 2023, proxy)","km of cars by the private owner's age, DGT 2024 (owner, not driver: bound)",False,"Madrid km per DGT licence holder, Spain's licence holders",0.1040751993,0.1412245038,0.2220561589,2.801453683,1.448042162,1.110823441,0.8711107203,1.95062467
"A: EMEF, province of Barcelona","overnight weekend stays away, driving (EMEF 2023, proxy)","km of cars by the private owner's age, DGT 2024 (owner, not driver: bound)",False,"RACC driving-days limit for men, equal km per licence holder for women",0.1040751993,0.1412245038,0.2744451428,2.801453683,1.448042162,1.110823441,0.9340096246,1.578268856
"A: EMEF, province of Barcelona","overnight weekend stays away, driving (EMEF 2023, proxy)","km of cars by the private owner's age, DGT 2024 (owner, not driver: bound)",False,equal km per licence holder,0.1040751993,0.1412245038,0.3421262241,2.801453683,1.448042162,1.110823441,1.030099154,1.266047999
"A: EMEF, province of Barcelona","overnight weekend stays away, driving (EMEF 2023, proxy)",B-licence holders: equal km per holder at every age (bound),False,Madrid survey: km per resident,0.1220101014,0.1456513798,0.2612217482,2.290251726,1.39970265,1.032259289,0.8524153599,1.540887626
"A: EMEF, province of Barcelona","overnight weekend stays away, driving (EMEF 2023, proxy)",B-licence holders: equal km per holder at every age (bound),False,"Madrid km per DGT licence holder, Spain's licence holders",0.1220101014,0.1456513798,0.2586555905,2.290251726,1.39970265,1.032259289,0.849464731,1.556174984
"A: EMEF, province of Barcelona","overnight weekend stays away, driving (EMEF 2023, proxy)",B-licence holders: equal km per holder at every age (bound),False,"RACC driving-days limit for men, equal km per licence holder for women",0.1220101014,0.1456513798,0.2923130817,2.290251726,1.39970265,1.032259289,0.8898651552,1.376994
"A: EMEF, province of Barcelona","overnight weekend stays away, driving (EMEF 2023, proxy)",B-licence holders: equal km per holder at every age (bound),False,equal km per licence holder,0.1220101014,0.1456513798,0.3357950358,2.290251726,1.39970265,1.032259289,0.9481198777,1.198687641
"A: EMEF, province of Barcelona","overnight weekend stays away, driving (EMEF 2023, proxy)",under 65 only: working-day mix without 65 and over (bound),False,Madrid survey: km per resident,0.1232774797,0.09357425297,0.2260504672,2.434472921,1.416241171,1.72566592,1.360255997,2.97675309
"A: EMEF, province of Barcelona","overnight weekend stays away, driving (EMEF 2023, proxy)",under 65 only: working-day mix without 65 and over (bound),False,"Madrid km per DGT licence holder, Spain's licence holders",0.1232774797,0.09357425297,0.2220561589,2.434472921,1.416241171,1.72566592,1.35327184,3.030298416
"A: EMEF, province of Barcelona","overnight weekend stays away, driving (EMEF 2023, proxy)",under 65 only: working-day mix without 65 and over (bound),False,"RACC driving-days limit for men, equal km per licence holder for women",0.1232774797,0.09357425297,0.2744451428,2.434472921,1.416241171,1.72566592,1.450985385,2.451843088
"A: EMEF, province of Barcelona","overnight weekend stays away, driving (EMEF 2023, proxy)",under 65 only: working-day mix without 65 and over (bound),False,equal km per licence holder,0.1232774797,0.09357425297,0.3421262241,2.434472921,1.416241171,1.72566592,1.600260615,1.966807509
"A: EMEF, province of Barcelona","car trips on an average weekend day (MOVILIA 2006, Spain)",working-day mix (EMEF),True,Madrid survey: km per resident,0.1169853852,0.1342762868,0.2260504672,2.460865166,1.429184806,1.153571454,0.9093025891,1.989896973
"A: EMEF, province of Barcelona","car trips on an average weekend day (MOVILIA 2006, Spain)",working-day mix (EMEF),True,"Madrid km per DGT licence holder, Spain's licence holders",0.1169853852,0.1342762868,0.2220561589,2.460865166,1.429184806,1.153571454,0.9046338268,2.025690901
"A: EMEF, province of Barcelona","car trips on an average weekend day (MOVILIA 2006, Spain)",working-day mix (EMEF),True,"RACC driving-days limit for men, equal km per licence holder for women",0.1169853852,0.1342762868,0.2744451428,2.460865166,1.429184806,1.153571454,0.9699532807,1.639005653
"A: EMEF, province of Barcelona","car trips on an average weekend day (MOVILIA 2006, Spain)",working-day mix (EMEF),True,equal km per licence holder,0.1169853852,0.1342762868,0.3421262241,2.460865166,1.429184806,1.153571454,1.06974064,1.314769546
"A: EMEF, province of Barcelona","car trips on an average weekend day (MOVILIA 2006, Spain)","car journeys over 50 km per resident (MOVILIA 2007, Spain)",True,Madrid survey: km per resident,0.1415895425,0.1183246189,0.2260504672,1.970774611,1.355660772,1.268870845,1.000187323,2.188787045
"A: EMEF, province of Barcelona","car trips on an average weekend day (MOVILIA 2006, Spain)","car journeys over 50 km per resident (MOVILIA 2007, Spain)",True,"Madrid km per DGT licence holder, Spain's licence holders",0.1415895425,0.1183246189,0.2220561589,1.970774611,1.355660772,1.268870845,0.9950519183,2.228158573
"A: EMEF, province of Barcelona","car trips on an average weekend day (MOVILIA 2006, Spain)","car journeys over 50 km per resident (MOVILIA 2007, Spain)",True,"RACC driving-days limit for men, equal km per licence holder for women",0.1415895425,0.1183246189,0.2744451428,1.970774611,1.355660772,1.268870845,1.066900047,1.80282416
"A: EMEF, province of Barcelona","car trips on an average weekend day (MOVILIA 2006, Spain)","car journeys over 50 km per resident (MOVILIA 2007, Spain)",True,equal km per licence holder,0.1415895425,0.1183246189,0.3421262241,1.970774611,1.355660772,1.268870845,1.176661146,1.446180676
"A: EMEF, province of Barcelona","car trips on an average weekend day (MOVILIA 2006, Spain)","overnight weekend stays away, driving (EMEF 2023, proxy)",True,Madrid survey: km per resident,0.1220705098,0.1441408013,0.2260504672,2.322457876,1.448331919,1.058268983,0.8341804253,1.82550135
"A: EMEF, province of Barcelona","car trips on an average weekend day (MOVILIA 2006, Spain)","overnight weekend stays away, driving (EMEF 2023, proxy)",True,"Madrid km per DGT licence holder, Spain's licence holders",0.1220705098,0.1441408013,0.2220561589,2.322457876,1.448331919,1.058268983,0.8298973735,1.858338156
"A: EMEF, province of Barcelona","car trips on an average weekend day (MOVILIA 2006, Spain)","overnight weekend stays away, driving (EMEF 2023, proxy)",True,"RACC driving-days limit for men, equal km per licence holder for women",0.1220705098,0.1441408013,0.2744451428,2.322457876,1.448331919,1.058268983,0.8898204513,1.503598966
"A: EMEF, province of Barcelona","car trips on an average weekend day (MOVILIA 2006, Spain)","overnight weekend stays away, driving (EMEF 2023, proxy)",True,equal km per licence holder,0.1220705098,0.1441408013,0.3421262241,2.322457876,1.448331919,1.058268983,0.9813638636,1.206149672
"A: EMEF, province of Barcelona","car trips on an average weekend day (MOVILIA 2006, Spain)","car trips on an average weekend day (MOVILIA 2006, Spain)",True,Madrid survey: km per resident,0.1195485702,0.1490058366,0.2260504672,2.378936452,1.474143041,1.026947738,0.809491457,1.771472577
"A: EMEF, province of Barcelona","car trips on an average weekend day (MOVILIA 2006, Spain)","car trips on an average weekend day (MOVILIA 2006, Spain)",True,"Madrid km per DGT licence holder, Spain's licence holders",0.1195485702,0.1490058366,0.2220561589,2.378936452,1.474143041,1.026947738,0.8053351693,1.803337523
"A: EMEF, province of Barcelona","car trips on an average weekend day (MOVILIA 2006, Spain)","car trips on an average weekend day (MOVILIA 2006, Spain)",True,"RACC driving-days limit for men, equal km per licence holder for women",0.1195485702,0.1490058366,0.2744451428,2.378936452,1.474143041,1.026947738,0.8634847232,1.459097433
"A: EMEF, province of Barcelona","car trips on an average weekend day (MOVILIA 2006, Spain)","car trips on an average weekend day (MOVILIA 2006, Spain)",True,equal km per licence holder,0.1195485702,0.1490058366,0.3421262241,2.378936452,1.474143041,1.026947738,0.9523187546,1.17045165
"A: EMEF, province of Barcelona","car trips on an average weekend day (MOVILIA 2006, Spain)","km of cars by the private owner's age, DGT 2024 (owner, not driver: bound)",False,Madrid survey: km per resident,0.1027894735,0.143704778,0.2260504672,2.840933431,1.460739125,1.093359258,0.8618403308,1.886031654
"A: EMEF, province of Barcelona","car trips on an average weekend day (MOVILIA 2006, Spain)","km of cars by the private owner's age, DGT 2024 (owner, not driver: bound)",False,"Madrid km per DGT licence holder, Spain's licence holders",0.1027894735,0.143704778,0.2220561589,2.840933431,1.460739125,1.093359258,0.8574152608,1.919957269
"A: EMEF, province of Barcelona","car trips on an average weekend day (MOVILIA 2006, Spain)","km of cars by the private owner's age, DGT 2024 (owner, not driver: bound)",False,"RACC driving-days limit for men, equal km per licence holder for women",0.1027894735,0.143704778,0.2744451428,2.840933431,1.460739125,1.093359258,0.9193252789,1.553455572
"A: EMEF, province of Barcelona","car trips on an average weekend day (MOVILIA 2006, Spain)","km of cars by the private owner's age, DGT 2024 (owner, not driver: bound)",False,equal km per licence holder,0.1027894735,0.143704778,0.3421262241,2.840933431,1.460739125,1.093359258,1.013904104,1.246143401
"A: EMEF, province of Barcelona","car trips on an average weekend day (MOVILIA 2006, Spain)",B-licence holders: equal km per holder at every age (bound),False,Madrid survey: km per resident,0.1207243756,0.148131654,0.2606328503,2.318421985,1.412158542,1.016632474,0.8388424433,1.520989879
"A: EMEF, province of Barcelona","car trips on an average weekend day (MOVILIA 2006, Spain)",B-licence holders: equal km per holder at every age (bound),False,"Madrid km per DGT licence holder, Spain's licence holders",0.1207243756,0.148131654,0.25804278,2.318421985,1.412158542,1.016632474,0.83591416,1.536256614
"A: EMEF, province of Barcelona","car trips on an average weekend day (MOVILIA 2006, Spain)",B-licence holders: equal km per holder at every age (bound),False,"RACC driving-days limit for men, equal km per licence holder for women",0.1207243756,0.148131654,0.292013906,2.318421985,1.412158542,1.016632474,0.8760236276,1.357537841
"A: EMEF, province of Barcelona","car trips on an average weekend day (MOVILIA 2006, Spain)",B-licence holders: equal km per holder at every age (bound),False,equal km per licence holder,0.1207243756,0.148131654,0.3359010434,2.318421985,1.412158542,1.016632474,0.9339158573,1.180168788
"A: EMEF, province of Barcelona","car trips on an average weekend day (MOVILIA 2006, Spain)",under 65 only: working-day mix without 65 and over (bound),False,Madrid survey: km per resident,0.1219917539,0.09605452714,0.2260504672,2.46387053,1.428083781,1.683662022,1.327146429,2.904296868
"A: EMEF, province of Barcelona","car trips on an average weekend day (MOVILIA 2006, Spain)",under 65 only: working-day mix without 65 and over (bound),False,"Madrid km per DGT licence holder, Spain's licence holders",0.1219917539,0.09605452714,0.2220561589,2.46387053,1.428083781,1.683662022,1.320332271,2.956538864
"A: EMEF, province of Barcelona","car trips on an average weekend day (MOVILIA 2006, Spain)",under 65 only: working-day mix without 65 and over (bound),False,"RACC driving-days limit for men, equal km per licence holder for women",0.1219917539,0.09605452714,0.2744451428,2.46387053,1.428083781,1.683662022,1.4156674,2.392163538
"A: EMEF, province of Barcelona","car trips on an average weekend day (MOVILIA 2006, Spain)",under 65 only: working-day mix without 65 and over (bound),False,equal km per licence holder,0.1219917539,0.09605452714,0.3421262241,2.46387053,1.428083781,1.683662022,1.561309169,1.918934059
"A2: EMEF, province of Barcelona, per licence holder",working-day mix (EMEF),working-day mix (EMEF),True,Madrid survey: km per resident,0.1255376601,0.1178247212,0.2259628524,2.221819704,1.278325744,1.273710762,1.003888742,2.19798776
"A2: EMEF, province of Barcelona, per licence holder",working-day mix (EMEF),working-day mix (EMEF),True,"Madrid km per DGT licence holder, Spain's licence holders",0.1255376601,0.1178247212,0.222042805,2.221819704,1.278325744,1.273710762,0.9988302485,2.236792063
"A2: EMEF, province of Barcelona, per licence holder",working-day mix (EMEF),working-day mix (EMEF),True,"RACC driving-days limit for men, equal km per licence holder for women",0.1255376601,0.1178247212,0.2747935063,2.221819704,1.278325744,1.273710762,1.071484033,1.807406553
"A2: EMEF, province of Barcelona, per licence holder",working-day mix (EMEF),working-day mix (EMEF),True,equal km per licence holder,0.1255376601,0.1178247212,0.3429566539,2.221819704,1.278325744,1.273710762,1.182642185,1.448181799
"A2: EMEF, province of Barcelona, per licence holder",working-day mix (EMEF),"car journeys over 50 km per resident (MOVILIA 2007, Spain)",True,Madrid survey: km per resident,0.1471502565,0.1045864181,0.2259628524,1.857536664,1.249113838,1.406201395,1.108312649,2.426621134
"A2: EMEF, province of Barcelona, per licence holder",working-day mix (EMEF),"car journeys over 50 km per resident (MOVILIA 2007, Spain)",True,"Madrid km per DGT licence holder, Spain's licence holders",0.1471502565,0.1045864181,0.222042805,1.857536664,1.249113838,1.406201395,1.102727974,2.469461837
"A2: EMEF, province of Barcelona, per licence holder",working-day mix (EMEF),"car journeys over 50 km per resident (MOVILIA 2007, Spain)",True,"RACC driving-days limit for men, equal km per licence holder for women",0.1471502565,0.1045864181,0.2747935063,1.857536664,1.249113838,1.406201395,1.182939162,1.995411902
"A2: EMEF, province of Barcelona, per licence holder",working-day mix (EMEF),"car journeys over 50 km per resident (MOVILIA 2007, Spain)",True,equal km per licence holder,0.1471502565,0.1045864181,0.3429566539,1.857536664,1.249113838,1.406201395,1.305659918,1.598820804
"A2: EMEF, province of Barcelona, per licence holder",working-day mix (EMEF),"overnight weekend stays away, driving (EMEF 2023, proxy)",True,Madrid survey: km per resident,0.1311424028,0.1270572829,0.2259628524,2.095639189,1.294899802,1.163816419,0.9172743417,2.008347829
"A2: EMEF, province of Barcelona, per licence holder",working-day mix (EMEF),"overnight weekend stays away, driving (EMEF 2023, proxy)",True,"Madrid km per DGT licence holder, Spain's licence holders",0.1311424028,0.1270572829,0.222042805,2.095639189,1.294899802,1.163816419,0.9126522893,2.04380414
"A2: EMEF, province of Barcelona, per licence holder",working-day mix (EMEF),"overnight weekend stays away, driving (EMEF 2023, proxy)",True,"RACC driving-days limit for men, equal km per licence holder for women",0.1311424028,0.1270572829,0.2747935063,2.095639189,1.294899802,1.163816419,0.9790375861,1.651465532
"A2: EMEF, province of Barcelona, per licence holder",working-day mix (EMEF),"overnight weekend stays away, driving (EMEF 2023, proxy)",True,equal km per licence holder,0.1311424028,0.1270572829,0.3429566539,2.095639189,1.294899802,1.163816419,1.080605137,1.323234289
"A2: EMEF, province of Barcelona, per licence holder",working-day mix (EMEF),"car trips on an average weekend day (MOVILIA 2006, Spain)",True,Madrid survey: km per resident,0.1285069435,0.1317302193,0.2259628524,2.147129016,1.317669914,1.126999481,0.8882566783,1.944814425
"A2: EMEF, province of Barcelona, per licence holder",working-day mix (EMEF),"car trips on an average weekend day (MOVILIA 2006, Spain)",True,"Madrid km per DGT licence holder, Spain's licence holders",0.1285069435,0.1317302193,0.222042805,2.147129016,1.317669914,1.126999481,0.8837808429,1.979149088
"A2: EMEF, province of Barcelona, per licence holder",working-day mix (EMEF),"car trips on an average weekend day (MOVILIA 2006, Spain)",True,"RACC driving-days limit for men, equal km per licence holder for women",0.1285069435,0.1317302193,0.2747935063,2.147129016,1.317669914,1.126999481,0.9480660633,1.599221979
"A2: EMEF, province of Barcelona, per licence holder",working-day mix (EMEF),"car trips on an average weekend day (MOVILIA 2006, Spain)",True,equal km per licence holder,0.1285069435,0.1317302193,0.3429566539,2.147129016,1.317669914,1.126999481,1.046420559,1.28137422
"A2: EMEF, province of Barcelona, per licence holder",working-day mix (EMEF),"km of cars by the private owner's age, DGT 2024 (owner, not driver: bound)",False,Madrid survey: km per resident,0.1083501874,0.1299665772,0.2259628524,2.6424871,1.344816488,1.18531903,0.9342218541,2.045453958
"A2: EMEF, province of Barcelona, per licence holder",working-day mix (EMEF),"km of cars by the private owner's age, DGT 2024 (owner, not driver: bound)",False,"Madrid km per DGT licence holder, Spain's licence holders",0.1083501874,0.1299665772,0.222042805,2.6424871,1.344816488,1.18531903,0.9295144049,2.081565358
"A2: EMEF, province of Barcelona, per licence holder",working-day mix (EMEF),"km of cars by the private owner's age, DGT 2024 (owner, not driver: bound)",False,"RACC driving-days limit for men, equal km per licence holder for women",0.1083501874,0.1299665772,0.2747935063,2.6424871,1.344816488,1.18531903,0.9971262329,1.681977923
"A2: EMEF, province of Barcelona, per licence holder",working-day mix (EMEF),"km of cars by the private owner's age, DGT 2024 (owner, not driver: bound)",False,equal km per licence holder,0.1083501874,0.1299665772,0.3429566539,2.6424871,1.344816488,1.18531903,1.100570341,1.347682296
"A2: EMEF, province of Barcelona, per licence holder",working-day mix (EMEF),B-licence holders: equal km per holder at every age (bound),False,Madrid survey: km per resident,0.1262850896,0.1343934532,0.2641143264,2.171166592,1.298285016,1.097719823,0.91003423,1.620656768
"A2: EMEF, province of Barcelona, per licence holder",working-day mix (EMEF),B-licence holders: equal km per holder at every age (bound),False,"Madrid km per DGT licence holder, Spain's licence holders",0.1262850896,0.1343934532,0.2617132875,2.171166592,1.298285016,1.097719823,0.9070746378,1.635525175
"A2: EMEF, province of Barcelona, per licence holder",working-day mix (EMEF),B-licence holders: equal km per holder at every age (bound),False,"RACC driving-days limit for men, equal km per licence holder for women",0.1262850896,0.1343934532,0.2940232241,2.171166592,1.298285016,1.097719823,0.9485880771,1.455798847
"A2: EMEF, province of Barcelona, per licence holder",working-day mix (EMEF),B-licence holders: equal km per holder at every age (bound),False,equal km per licence holder,0.1262850896,0.1343934532,0.3357733226,2.171166592,1.298285016,1.097719823,1.008211767,1.274784629
"A2: EMEF, province of Barcelona, per licence holder",working-day mix (EMEF),under 65 only: working-day mix without 65 and over (bound),False,Madrid survey: km per resident,0.1305518633,0.0823163264,0.2259628524,2.222372546,1.278006145,1.896436708,1.494696848,3.272599083
"A2: EMEF, province of Barcelona, per licence holder",working-day mix (EMEF),under 65 only: working-day mix without 65 and over (bound),False,"Madrid km per DGT licence holder, Spain's licence holders",0.1305518633,0.0823163264,0.222042805,2.222372546,1.278006145,1.896436708,1.487165222,3.330375076
"A2: EMEF, province of Barcelona, per licence holder",working-day mix (EMEF),under 65 only: working-day mix without 65 and over (bound),False,"RACC driving-days limit for men, equal km per licence holder for women",0.1305518633,0.0823163264,0.2747935063,2.222372546,1.278006145,1.896436708,1.59533994,2.691060038
"A2: EMEF, province of Barcelona, per licence holder",working-day mix (EMEF),under 65 only: working-day mix without 65 and over (bound),False,equal km per licence holder,0.1305518633,0.0823163264,0.3429566539,2.222372546,1.278006145,1.896436708,1.760844077,2.156207833
"A2: EMEF, province of Barcelona, per licence holder","overnight weekend stays away, driving (EMEF 2023, proxy)",working-day mix (EMEF),True,Madrid survey: km per resident,0.1283950491,0.1225316314,0.2259628524,2.156114337,1.286660829,1.215615546,0.9581003766,2.097735349
"A2: EMEF, province of Barcelona, per licence holder","overnight weekend stays away, driving (EMEF 2023, proxy)",working-day mix (EMEF),True,"Madrid km per DGT licence holder, Spain's licence holders",0.1283950491,0.1225316314,0.222042805,2.156114337,1.286660829,1.215615546,0.9532726059,2.134769749
"A2: EMEF, province of Barcelona, per licence holder","overnight weekend stays away, driving (EMEF 2023, proxy)",working-day mix (EMEF),True,"RACC driving-days limit for men, equal km per licence holder for women",0.1283950491,0.1225316314,0.2747935063,2.156114337,1.286660829,1.215615546,1.022612579,1.724968939
"A2: EMEF, province of Barcelona, per licence holder","overnight weekend stays away, driving (EMEF 2023, proxy)",working-day mix (EMEF),True,equal km per licence holder,0.1283950491,0.1225316314,0.3429566539,2.156114337,1.286660829,1.215615546,1.128700697,1.382128784
"A2: EMEF, province of Barcelona, per licence holder","overnight weekend stays away, driving (EMEF 2023, proxy)","car journeys over 50 km per resident (MOVILIA 2007, Spain)",True,Madrid survey: km per resident,0.1500076455,0.1092933283,0.2259628524,1.808236874,1.25701354,1.335363373,1.052480906,2.304379013
"A2: EMEF, province of Barcelona, per licence holder","overnight weekend stays away, driving (EMEF 2023, proxy)","car journeys over 50 km per resident (MOVILIA 2007, Spain)",True,"Madrid km per DGT licence holder, Spain's licence holders",0.1500076455,0.1092933283,0.222042805,1.808236874,1.25701354,1.335363373,1.047177561,2.345061597
"A2: EMEF, province of Barcelona, per licence holder","overnight weekend stays away, driving (EMEF 2023, proxy)","car journeys over 50 km per resident (MOVILIA 2007, Spain)",True,"RACC driving-days limit for men, equal km per licence holder for women",0.1500076455,0.1092933283,0.2747935063,1.808236874,1.25701354,1.335363373,1.123348074,1.894892139
"A2: EMEF, province of Barcelona, per licence holder","overnight weekend stays away, driving (EMEF 2023, proxy)","car journeys over 50 km per resident (MOVILIA 2007, Spain)",True,equal km per licence holder,0.1500076455,0.1092933283,0.3429566539,1.808236874,1.25701354,1.335363373,1.239886718,1.518279494
"A2: EMEF, province of Barcelona, per licence holder","overnight weekend stays away, driving (EMEF 2023, proxy)","overnight weekend stays away, driving (EMEF 2023, proxy)",True,Madrid survey: km per resident,0.1339997919,0.131764193,0.2259628524,2.0353727,1.303712678,1.113717536,0.8777883721,1.921894347
"A2: EMEF, province of Barcelona, per licence holder","overnight weekend stays away, driving (EMEF 2023, proxy)","overnight weekend stays away, driving (EMEF 2023, proxy)",True,"Madrid km per DGT licence holder, Spain's licence holders",0.1339997919,0.131764193,0.222042805,2.0353727,1.303712678,1.113717536,0.8733652855,1.955824368
"A2: EMEF, province of Barcelona, per licence holder","overnight weekend stays away, driving (EMEF 2023, proxy)","overnight weekend stays away, driving (EMEF 2023, proxy)",True,"RACC driving-days limit for men, equal km per licence holder for women",0.1339997919,0.131764193,0.2747935063,2.0353727,1.303712678,1.113717536,0.93689289,1.580374786
"A2: EMEF, province of Barcelona, per licence holder","overnight weekend stays away, driving (EMEF 2023, proxy)","overnight weekend stays away, driving (EMEF 2023, proxy)",True,equal km per licence holder,0.1339997919,0.131764193,0.3429566539,2.0353727,1.303712678,1.113717536,1.034088256,1.266272935
"A2: EMEF, province of Barcelona, per licence holder","overnight weekend stays away, driving (EMEF 2023, proxy)","car trips on an average weekend day (MOVILIA 2006, Spain)",True,Madrid survey: km per resident,0.1313643325,0.1364371294,0.2259628524,2.08453346,1.326938955,1.07988661,0.851124166,1.863513775
"A2: EMEF, province of Barcelona, per licence holder","overnight weekend stays away, driving (EMEF 2023, proxy)","car trips on an average weekend day (MOVILIA 2006, Spain)",True,"Madrid km per DGT licence holder, Spain's licence holders",0.1313643325,0.1364371294,0.222042805,2.08453346,1.326938955,1.07988661,0.8468354376,1.896413118
"A2: EMEF, province of Barcelona, per licence holder","overnight weekend stays away, driving (EMEF 2023, proxy)","car trips on an average weekend day (MOVILIA 2006, Spain)",True,"RACC driving-days limit for men, equal km per licence holder for women",0.1313643325,0.1364371294,0.2747935063,2.08453346,1.326938955,1.07988661,0.9084332909,1.532368409
"A2: EMEF, province of Barcelona, per licence holder","overnight weekend stays away, driving (EMEF 2023, proxy)","car trips on an average weekend day (MOVILIA 2006, Spain)",True,equal km per licence holder,0.1313643325,0.1364371294,0.3429566539,2.08453346,1.326938955,1.07988661,1.002676194,1.227807897
"A2: EMEF, province of Barcelona, per licence holder","overnight weekend stays away, driving (EMEF 2023, proxy)","km of cars by the private owner's age, DGT 2024 (owner, not driver: bound)",False,Madrid survey: km per resident,0.1112075764,0.1346734874,0.2259628524,2.555818057,1.354323606,1.135550884,0.8949965586,1.959571214
"A2: EMEF, province of Barcelona, per licence holder","overnight weekend stays away, driving (EMEF 2023, proxy)","km of cars by the private owner's age, DGT 2024 (owner, not driver: bound)",False,"Madrid km per DGT licence holder, Spain's licence holders",0.1112075764,0.1346734874,0.222042805,2.555818057,1.354323606,1.135550884,0.8904867617,1.9941664
"A2: EMEF, province of Barcelona, per licence holder","overnight weekend stays away, driving (EMEF 2023, proxy)","km of cars by the private owner's age, DGT 2024 (owner, not driver: bound)",False,"RACC driving-days limit for men, equal km per licence holder for women",0.1112075764,0.1346734874,0.2747935063,2.555818057,1.354323606,1.135550884,0.955259763,1.611356495
"A2: EMEF, province of Barcelona, per licence holder","overnight weekend stays away, driving (EMEF 2023, proxy)","km of cars by the private owner's age, DGT 2024 (owner, not driver: bound)",False,equal km per licence holder,0.1112075764,0.1346734874,0.3429566539,2.555818057,1.354323606,1.135550884,1.054360549,1.291096983
"A2: EMEF, province of Barcelona, per licence holder","overnight weekend stays away, driving (EMEF 2023, proxy)",B-licence holders: equal km per holder at every age (bound),False,Madrid survey: km per resident,0.1291424786,0.1391003634,0.262823348,2.106962248,1.307191606,1.052499753,0.8710177399,1.561527219
"A2: EMEF, province of Barcelona, per licence holder","overnight weekend stays away, driving (EMEF 2023, proxy)",B-licence holders: equal km per holder at every age (bound),False,"Madrid km per DGT licence holder, Spain's licence holders",0.1291424786,0.1391003634,0.2603709086,2.106962248,1.307191606,1.052499753,0.868129646,1.576235279
"A2: EMEF, province of Barcelona, per licence holder","overnight weekend stays away, driving (EMEF 2023, proxy)",B-licence holders: equal km per holder at every age (bound),False,"RACC driving-days limit for men, equal km per licence holder for women",0.1291424786,0.1391003634,0.2933725245,2.106962248,1.307191606,1.052499753,0.9086738961,1.398923817
"A2: EMEF, province of Barcelona, per licence holder","overnight weekend stays away, driving (EMEF 2023, proxy)",B-licence holders: equal km per holder at every age (bound),False,equal km per licence holder,0.1291424786,0.1391003634,0.3360163938,2.106962248,1.307191606,1.052499753,0.9670328233,1.221386276
"A2: EMEF, province of Barcelona, per licence holder","overnight weekend stays away, driving (EMEF 2023, proxy)",under 65 only: working-day mix without 65 and over (bound),False,Madrid survey: km per resident,0.1334092523,0.08702323654,0.2259628524,2.159124883,1.286008376,1.780954716,1.403678482,3.073316786
"A2: EMEF, province of Barcelona, per licence holder","overnight weekend stays away, driving (EMEF 2023, proxy)",under 65 only: working-day mix without 65 and over (bound),False,"Madrid km per DGT licence holder, Spain's licence holders",0.1334092523,0.08702323654,0.222042805,2.159124883,1.286008376,1.780954716,1.396605488,3.127574557
"A2: EMEF, province of Barcelona, per licence holder","overnight weekend stays away, driving (EMEF 2023, proxy)",under 65 only: working-day mix without 65 and over (bound),False,"RACC driving-days limit for men, equal km per licence holder for women",0.1334092523,0.08702323654,0.2747935063,2.159124883,1.286008376,1.780954716,1.498192994,2.527190096
"A2: EMEF, province of Barcelona, per licence holder","overnight weekend stays away, driving (EMEF 2023, proxy)",under 65 only: working-day mix without 65 and over (bound),False,equal km per licence holder,0.1334092523,0.08702323654,0.3429566539,2.159124883,1.286008376,1.780954716,1.653618889,2.024907286
"A2: EMEF, province of Barcelona, per licence holder","car trips on an average weekend day (MOVILIA 2006, Spain)",working-day mix (EMEF),True,Madrid survey: km per resident,0.1270514491,0.1249139704,0.2259628524,2.183304951,1.29797952,1.194833541,0.9417208175,2.061872739
"A2: EMEF, province of Barcelona, per licence holder","car trips on an average weekend day (MOVILIA 2006, Spain)",working-day mix (EMEF),True,"Madrid km per DGT licence holder, Spain's licence holders",0.1270514491,0.1249139704,0.222042805,2.183304951,1.29797952,1.194833541,0.9369755818,2.098274004
"A2: EMEF, province of Barcelona, per licence holder","car trips on an average weekend day (MOVILIA 2006, Spain)",working-day mix (EMEF),True,"RACC driving-days limit for men, equal km per licence holder for women",0.1270514491,0.1249139704,0.2747935063,2.183304951,1.29797952,1.194833541,1.005130127,1.695479095
"A2: EMEF, province of Barcelona, per licence holder","car trips on an average weekend day (MOVILIA 2006, Spain)",working-day mix (EMEF),True,equal km per licence holder,0.1270514491,0.1249139704,0.3429566539,2.183304951,1.29797952,1.194833541,1.109404577,1.358500091
"A2: EMEF, province of Barcelona, per licence holder","car trips on an average weekend day (MOVILIA 2006, Spain)","car journeys over 50 km per resident (MOVILIA 2007, Spain)",True,Madrid survey: km per resident,0.1486640454,0.1116756673,0.2259628524,1.828330493,1.268098796,1.30956328,1.032146286,2.259856904
"A2: EMEF, province of Barcelona, per licence holder","car trips on an average weekend day (MOVILIA 2006, Spain)","car journeys over 50 km per resident (MOVILIA 2007, Spain)",True,"Madrid km per DGT licence holder, Spain's licence holders",0.1486640454,0.1116756673,0.222042805,1.828330493,1.268098796,1.30956328,1.026945406,2.299753474
"A2: EMEF, province of Barcelona, per licence holder","car trips on an average weekend day (MOVILIA 2006, Spain)","car journeys over 50 km per resident (MOVILIA 2007, Spain)",True,"RACC driving-days limit for men, equal km per licence holder for women",0.1486640454,0.1116756673,0.2747935063,1.828330493,1.268098796,1.30956328,1.101644255,1.858281584
"A2: EMEF, province of Barcelona, per licence holder","car trips on an average weekend day (MOVILIA 2006, Spain)","car journeys over 50 km per resident (MOVILIA 2007, Spain)",True,equal km per licence holder,0.1486640454,0.1116756673,0.3429566539,1.828330493,1.268098796,1.30956328,1.215931296,1.488945341
"A2: EMEF, province of Barcelona, per licence holder","car trips on an average weekend day (MOVILIA 2006, Spain)","overnight weekend stays away, driving (EMEF 2023, proxy)",True,Madrid survey: km per resident,0.1326561918,0.134146532,0.2259628524,2.060191582,1.315474538,1.096175472,0.8639624065,1.891622762
"A2: EMEF, province of Barcelona, per licence holder","car trips on an average weekend day (MOVILIA 2006, Spain)","overnight weekend stays away, driving (EMEF 2023, proxy)",True,"Madrid km per DGT licence holder, Spain's licence holders",0.1326561918,0.134146532,0.222042805,2.060191582,1.315474538,1.096175472,0.8596089876,1.925018354
"A2: EMEF, province of Barcelona, per licence holder","car trips on an average weekend day (MOVILIA 2006, Spain)","overnight weekend stays away, driving (EMEF 2023, proxy)",True,"RACC driving-days limit for men, equal km per licence holder for women",0.1326561918,0.134146532,0.2747935063,2.060191582,1.315474538,1.096175472,0.9221359745,1.555482445
"A2: EMEF, province of Barcelona, per licence holder","car trips on an average weekend day (MOVILIA 2006, Spain)","overnight weekend stays away, driving (EMEF 2023, proxy)",True,equal km per licence holder,0.1326561918,0.134146532,0.3429566539,2.060191582,1.315474538,1.096175472,1.017800425,1.246327984
"A2: EMEF, province of Barcelona, per licence holder","car trips on an average weekend day (MOVILIA 2006, Spain)","car trips on an average weekend day (MOVILIA 2006, Spain)",True,Madrid survey: km per resident,0.1300207324,0.1388194684,0.2259628524,2.110363424,1.339027643,1.063515632,0.8382212052,1.835263085
"A2: EMEF, province of Barcelona, per licence holder","car trips on an average weekend day (MOVILIA 2006, Spain)","car trips on an average weekend day (MOVILIA 2006, Spain)",True,"Madrid km per DGT licence holder, Spain's licence holders",0.1300207324,0.1388194684,0.222042805,2.110363424,1.339027643,1.063515632,0.8339974935,1.867663677
"A2: EMEF, province of Barcelona, per licence holder","car trips on an average weekend day (MOVILIA 2006, Spain)","car trips on an average weekend day (MOVILIA 2006, Spain)",True,"RACC driving-days limit for men, equal km per licence holder for women",0.1300207324,0.1388194684,0.2747935063,2.110363424,1.339027643,1.063515632,0.8946615293,1.509137851
"A2: EMEF, province of Barcelona, per licence holder","car trips on an average weekend day (MOVILIA 2006, Spain)","car trips on an average weekend day (MOVILIA 2006, Spain)",True,equal km per licence holder,0.1300207324,0.1388194684,0.3429566539,2.110363424,1.339027643,1.063515632,0.9874757192,1.209194447
"A2: EMEF, province of Barcelona, per licence holder","car trips on an average weekend day (MOVILIA 2006, Spain)","km of cars by the private owner's age, DGT 2024 (owner, not driver: bound)",False,Madrid survey: km per resident,0.1098639764,0.1370558264,0.2259628524,2.592150702,1.366399289,1.118001674,0.8811649608,1.929287298
"A2: EMEF, province of Barcelona, per licence holder","car trips on an average weekend day (MOVILIA 2006, Spain)","km of cars by the private owner's age, DGT 2024 (owner, not driver: bound)",False,"Madrid km per DGT licence holder, Spain's licence holders",0.1098639764,0.1370558264,0.222042805,2.592150702,1.366399289,1.118001674,0.8767248599,1.963347838
"A2: EMEF, province of Barcelona, per licence holder","car trips on an average weekend day (MOVILIA 2006, Spain)","km of cars by the private owner's age, DGT 2024 (owner, not driver: bound)",False,"RACC driving-days limit for men, equal km per licence holder for women",0.1098639764,0.1370558264,0.2747935063,2.592150702,1.366399289,1.118001674,0.940496836,1.586454014
"A2: EMEF, province of Barcelona, per licence holder","car trips on an average weekend day (MOVILIA 2006, Spain)","km of cars by the private owner's age, DGT 2024 (owner, not driver: bound)",False,equal km per licence holder,0.1098639764,0.1370558264,0.3429566539,2.592150702,1.366399289,1.118001674,1.038066083,1.271143907
"A2: EMEF, province of Barcelona, per licence holder","car trips on an average weekend day (MOVILIA 2006, Spain)",B-licence holders: equal km per holder at every age (bound),False,Madrid survey: km per resident,0.1277988785,0.1414827024,0.2622026771,2.133477083,1.319037403,1.036898089,0.8573843823,1.542021582
"A2: EMEF, province of Barcelona, per licence holder","car trips on an average weekend day (MOVILIA 2006, Spain)",B-licence holders: equal km per holder at every age (bound),False,"Madrid km per DGT licence holder, Spain's licence holders",0.1277988785,0.1414827024,0.2597255256,2.133477083,1.319037403,1.036898089,0.8545153504,1.556728728
"A2: EMEF, province of Barcelona, per licence holder","car trips on an average weekend day (MOVILIA 2006, Spain)",B-licence holders: equal km per holder at every age (bound),False,"RACC driving-days limit for men, equal km per licence holder for women",0.1277988785,0.1414827024,0.293059684,2.133477083,1.319037403,1.036898089,0.894808073,1.379658169
"A2: EMEF, province of Barcelona, per licence holder","car trips on an average weekend day (MOVILIA 2006, Spain)",B-licence holders: equal km per holder at every age (bound),False,equal km per licence holder,0.1277988785,0.1414827024,0.3361332565,2.133477083,1.319037403,1.036898089,0.9528657794,1.202862791
"A2: EMEF, province of Barcelona, per licence holder","car trips on an average weekend day (MOVILIA 2006, Spain)",under 65 only: working-day mix without 65 and over (bound),False,Madrid survey: km per resident,0.1320656522,0.08940557554,0.2259628524,2.185313765,1.296873806,1.736854644,1.368920539,2.997215194
"A2: EMEF, province of Barcelona, per licence holder","car trips on an average weekend day (MOVILIA 2006, Spain)",under 65 only: working-day mix without 65 and over (bound),False,"Madrid km per DGT licence holder, Spain's licence holders",0.1320656522,0.08940557554,0.222042805,2.185313765,1.296873806,1.736854644,1.362022688,3.050129431
"A2: EMEF, province of Barcelona, per licence holder","car trips on an average weekend day (MOVILIA 2006, Spain)",under 65 only: working-day mix without 65 and over (bound),False,"RACC driving-days limit for men, equal km per licence holder for women",0.1320656522,0.08940557554,0.2747935063,2.185313765,1.296873806,1.736854644,1.46109468,2.464611714
"A2: EMEF, province of Barcelona, per licence holder","car trips on an average weekend day (MOVILIA 2006, Spain)",under 65 only: working-day mix without 65 and over (bound),False,equal km per licence holder,0.1320656522,0.08940557554,0.3429566539,2.185313765,1.296873806,1.736854644,1.612671912,1.974766451
"C: EMEF, Barcelona city",working-day mix (EMEF),working-day mix (EMEF),True,Madrid survey: km per resident,0.08631273867,0.160090612,0.2260778719,3.522318825,1.640339414,1.021791043,0.8054552129,1.762363683
"C: EMEF, Barcelona city",working-day mix (EMEF),working-day mix (EMEF),True,"Madrid km per DGT licence holder, Spain's licence holders",0.08631273867,0.160090612,0.2220603358,3.522318825,1.640339414,1.021791043,0.8012955775,1.794248529
"C: EMEF, Barcelona city",working-day mix (EMEF),working-day mix (EMEF),True,"RACC driving-days limit for men, equal km per licence holder for women",0.08631273867,0.160090612,0.2743361817,3.522318825,1.640339414,1.021791043,0.8590198336,1.452347366
"C: EMEF, Barcelona city",working-day mix (EMEF),working-day mix (EMEF),True,equal km per licence holder,0.08631273867,0.160090612,0.3418664886,3.522318825,1.640339414,1.021791043,0.9471628503,1.165459161
"C: EMEF, Barcelona city",working-day mix (EMEF),"car journeys over 50 km per resident (MOVILIA 2007, Spain)",True,Madrid survey: km per resident,0.1198274962,0.1340274153,0.2260778719,2.426989472,1.484226719,1.167495273,0.9203106245,2.01367127
"C: EMEF, Barcelona city",working-day mix (EMEF),"car journeys over 50 km per resident (MOVILIA 2007, Spain)",True,"Madrid km per DGT licence holder, Spain's licence holders",0.1198274962,0.1340274153,0.2220603358,2.426989472,1.484226719,1.167495273,0.915557838,2.050102797
"C: EMEF, Barcelona city",working-day mix (EMEF),"car journeys over 50 km per resident (MOVILIA 2007, Spain)",True,"RACC driving-days limit for men, equal km per licence holder for women",0.1198274962,0.1340274153,0.2743361817,2.426989472,1.484226719,1.167495273,0.9815133938,1.65944759
"C: EMEF, Barcelona city",working-day mix (EMEF),"car journeys over 50 km per resident (MOVILIA 2007, Spain)",True,equal km per licence holder,0.1198274962,0.1340274153,0.3418664886,2.426989472,1.484226719,1.167495273,1.082225331,1.331650017
"C: EMEF, Barcelona city",working-day mix (EMEF),"overnight weekend stays away, driving (EMEF 2023, proxy)",True,Madrid survey: km per resident,0.08988111802,0.1722198491,0.2260778719,3.325894598,1.661130205,0.9339381992,0.7362027647,1.610836947
"C: EMEF, Barcelona city",working-day mix (EMEF),"overnight weekend stays away, driving (EMEF 2023, proxy)",True,"Madrid km per DGT licence holder, Spain's licence holders",0.08988111802,0.1722198491,0.2220603358,3.325894598,1.661130205,0.9339381992,0.7324007717,1.639980357
"C: EMEF, Barcelona city",working-day mix (EMEF),"overnight weekend stays away, driving (EMEF 2023, proxy)",True,"RACC driving-days limit for men, equal km per licence holder for women",0.08988111802,0.1722198491,0.2743361817,3.325894598,1.661130205,0.9339381992,0.7851619386,1.327475605
"C: EMEF, Barcelona city",working-day mix (EMEF),"overnight weekend stays away, driving (EMEF 2023, proxy)",True,equal km per licence holder,0.08988111802,0.1722198491,0.3418664886,3.325894598,1.661130205,0.9339381992,0.8657264833,1.065253837
"C: EMEF, Barcelona city",working-day mix (EMEF),"car trips on an average weekend day (MOVILIA 2006, Spain)",True,Madrid survey: km per resident,0.08782831884,0.1777930904,0.2260778719,3.406390523,1.689644543,0.9053958978,0.7137035016,1.561607786
"C: EMEF, Barcelona city",working-day mix (EMEF),"car trips on an average weekend day (MOVILIA 2006, Spain)",True,"Madrid km per DGT licence holder, Spain's licence holders",0.08782831884,0.1777930904,0.2220603358,3.406390523,1.689644543,0.9053958978,0.7100177022,1.589860538
"C: EMEF, Barcelona city",working-day mix (EMEF),"car trips on an average weekend day (MOVILIA 2006, Spain)",True,"RACC driving-days limit for men, equal km per licence holder for women",0.08782831884,0.1777930904,0.2743361817,3.406390523,1.689644543,0.9053958978,0.7611664229,1.286906316
"C: EMEF, Barcelona city",working-day mix (EMEF),"car trips on an average weekend day (MOVILIA 2006, Spain)",True,equal km per licence holder,0.08782831884,0.1777930904,0.3418664886,3.406390523,1.689644543,0.9053958978,0.8392688159,1.032698368
"C: EMEF, Barcelona city",working-day mix (EMEF),"km of cars by the private owner's age, DGT 2024 (owner, not driver: bound)",False,Madrid survey: km per resident,0.08102742715,0.1594075744,0.2260778719,3.749311294,1.598783516,1.025413407,0.8083106417,1.768611459
"C: EMEF, Barcelona city",working-day mix (EMEF),"km of cars by the private owner's age, DGT 2024 (owner, not driver: bound)",False,"Madrid km per DGT licence holder, Spain's licence holders",0.08102742715,0.1594075744,0.2220603358,3.749311294,1.598783516,1.025413407,0.8041362599,1.800609341
"C: EMEF, Barcelona city",working-day mix (EMEF),"km of cars by the private owner's age, DGT 2024 (owner, not driver: bound)",False,"RACC driving-days limit for men, equal km per licence holder for women",0.08102742715,0.1594075744,0.2743361817,3.749311294,1.598783516,1.025413407,0.862065155,1.4574961
"C: EMEF, Barcelona city",working-day mix (EMEF),"km of cars by the private owner's age, DGT 2024 (owner, not driver: bound)",False,equal km per licence holder,0.08102742715,0.1594075744,0.3418664886,3.749311294,1.598783516,1.025413407,0.9505206485,1.169590844
"C: EMEF, Barcelona city",working-day mix (EMEF),B-licence holders: equal km per holder at every age (bound),False,Madrid survey: km per resident,0.09896232927,0.1638344504,0.2573369779,2.947273421,1.54890484,0.9578764661,0.7868542087,1.451439061
"C: EMEF, Barcelona city",working-day mix (EMEF),B-licence holders: equal km per holder at every age (bound),False,"Madrid km per DGT licence holder, Spain's licence holders",0.09896232927,0.1638344504,0.2545964732,2.947273421,1.54890484,0.9578764661,0.783961309,1.467062512
"C: EMEF, Barcelona city",working-day mix (EMEF),B-licence holders: equal km per holder at every age (bound),False,"RACC driving-days limit for men, equal km per licence holder for women",0.09896232927,0.1638344504,0.2902556927,2.947273421,1.54890484,0.9578764661,0.8233493648,1.286827273
"C: EMEF, Barcelona city",working-day mix (EMEF),B-licence holders: equal km per holder at every age (bound),False,equal km per licence holder,0.09896232927,0.1638344504,0.3363205242,2.947273421,1.54890484,0.9578764661,0.8804966041,1.110574332
"C: EMEF, Barcelona city",working-day mix (EMEF),under 65 only: working-day mix without 65 and over (bound),False,Madrid survey: km per resident,0.09114617789,0.1117573236,0.2260778719,3.52824705,1.640588149,1.548266981,1.220464516,2.670418298
"C: EMEF, Barcelona city",working-day mix (EMEF),under 65 only: working-day mix without 65 and over (bound),False,"Madrid km per DGT licence holder, Spain's licence holders",0.09114617789,0.1117573236,0.2220603358,3.52824705,1.640588149,1.548266981,1.214161636,2.718731752
"C: EMEF, Barcelona city",working-day mix (EMEF),under 65 only: working-day mix without 65 and over (bound),False,"RACC driving-days limit for men, equal km per licence holder for women",0.09114617789,0.1117573236,0.2743361817,3.52824705,1.640588149,1.548266981,1.301628208,2.20066665
"C: EMEF, Barcelona city",working-day mix (EMEF),under 65 only: working-day mix without 65 and over (bound),False,equal km per licence holder,0.09114617789,0.1117573236,0.3418664886,3.52824705,1.640588149,1.548266981,1.43518675,1.765959829
"C: EMEF, Barcelona city","overnight weekend stays away, driving (EMEF 2023, proxy)",working-day mix (EMEF),True,Madrid survey: km per resident,0.08813195651,0.1662742944,0.2260778719,3.420191067,1.650785772,0.9754006979,0.7688867327,1.682350592
"C: EMEF, Barcelona city","overnight weekend stays away, driving (EMEF 2023, proxy)",working-day mix (EMEF),True,"Madrid km per DGT licence holder, Spain's licence holders",0.08813195651,0.1662742944,0.2220603358,3.420191067,1.650785772,0.9754006979,0.7649159489,1.712787834
"C: EMEF, Barcelona city","overnight weekend stays away, driving (EMEF 2023, proxy)",working-day mix (EMEF),True,"RACC driving-days limit for men, equal km per licence holder for women",0.08813195651,0.1662742944,0.2743361817,3.420191067,1.650785772,0.9754006979,0.8200194655,1.386409329
"C: EMEF, Barcelona city","overnight weekend stays away, driving (EMEF 2023, proxy)",working-day mix (EMEF),True,equal km per licence holder,0.08813195651,0.1662742944,0.3418664886,3.420191067,1.650785772,0.9754006979,0.9041607001,1.112546138
"C: EMEF, Barcelona city","overnight weekend stays away, driving (EMEF 2023, proxy)","car journeys over 50 km per resident (MOVILIA 2007, Spain)",True,Madrid survey: km per resident,0.1216467141,0.1402110977,0.2260778719,2.369379396,1.491883004,1.106055695,0.8718791683,1.90770158
"C: EMEF, Barcelona city","overnight weekend stays away, driving (EMEF 2023, proxy)","car journeys over 50 km per resident (MOVILIA 2007, Spain)",True,"Madrid km per DGT licence holder, Spain's licence holders",0.1216467141,0.1402110977,0.2220603358,2.369379396,1.491883004,1.106055695,0.8673764978,1.942215893
"C: EMEF, Barcelona city","overnight weekend stays away, driving (EMEF 2023, proxy)","car journeys over 50 km per resident (MOVILIA 2007, Spain)",True,"RACC driving-days limit for men, equal km per licence holder for women",0.1216467141,0.1402110977,0.2743361817,2.369379396,1.491883004,1.106055695,0.9298611345,1.572118963
"C: EMEF, Barcelona city","overnight weekend stays away, driving (EMEF 2023, proxy)","car journeys over 50 km per resident (MOVILIA 2007, Spain)",True,equal km per licence holder,0.1216467141,0.1402110977,0.3418664886,2.369379396,1.491883004,1.106055695,1.025273094,1.261571776
"C: EMEF, Barcelona city","overnight weekend stays away, driving (EMEF 2023, proxy)","overnight weekend stays away, driving (EMEF 2023, proxy)",True,Madrid survey: km per resident,0.09170033586,0.1784035315,0.2260778719,3.231637793,1.672215652,0.8937469103,0.7045208632,1.541515857
"C: EMEF, Barcelona city","overnight weekend stays away, driving (EMEF 2023, proxy)","overnight weekend stays away, driving (EMEF 2023, proxy)",True,"Madrid km per DGT licence holder, Spain's licence holders",0.09170033586,0.1784035315,0.2220603358,3.231637793,1.672215652,0.8937469103,0.700882486,1.569405105
"C: EMEF, Barcelona city","overnight weekend stays away, driving (EMEF 2023, proxy)","overnight weekend stays away, driving (EMEF 2023, proxy)",True,"RACC driving-days limit for men, equal km per licence holder for women",0.09170033586,0.1784035315,0.2743361817,3.231637793,1.672215652,0.8937469103,0.751373118,1.270348747
"C: EMEF, Barcelona city","overnight weekend stays away, driving (EMEF 2023, proxy)","overnight weekend stays away, driving (EMEF 2023, proxy)",True,equal km per licence holder,0.09170033586,0.1784035315,0.3418664886,3.231637793,1.672215652,0.8937469103,0.8284706315,1.019411484
"C: EMEF, Barcelona city","overnight weekend stays away, driving (EMEF 2023, proxy)","car trips on an average weekend day (MOVILIA 2006, Spain)",True,Madrid survey: km per resident,0.08964753668,0.1839767728,0.2260778719,3.308341869,1.70136276,0.8673814721,0.6837375732,1.496041305
"C: EMEF, Barcelona city","overnight weekend stays away, driving (EMEF 2023, proxy)","car trips on an average weekend day (MOVILIA 2006, Spain)",True,"Madrid km per DGT licence holder, Spain's licence holders",0.08964753668,0.1839767728,0.2220603358,3.308341869,1.70136276,0.8673814721,0.6802065277,1.523107822
"C: EMEF, Barcelona city","overnight weekend stays away, driving (EMEF 2023, proxy)","car trips on an average weekend day (MOVILIA 2006, Spain)",True,"RACC driving-days limit for men, equal km per licence holder for women",0.08964753668,0.1839767728,0.2743361817,3.308341869,1.70136276,0.8673814721,0.7292076914,1.232873595
"C: EMEF, Barcelona city","overnight weekend stays away, driving (EMEF 2023, proxy)","car trips on an average weekend day (MOVILIA 2006, Spain)",True,equal km per licence holder,0.08964753668,0.1839767728,0.3418664886,3.308341869,1.70136276,0.8673814721,0.8040308365,0.9893389545
"C: EMEF, Barcelona city","overnight weekend stays away, driving (EMEF 2023, proxy)","km of cars by the private owner's age, DGT 2024 (owner, not driver: bound)",False,Madrid survey: km per resident,0.08284664499,0.1655912568,0.2260778719,3.635683665,1.608360181,0.9786964386,0.7714846919,1.688035016
"C: EMEF, Barcelona city","overnight weekend stays away, driving (EMEF 2023, proxy)","km of cars by the private owner's age, DGT 2024 (owner, not driver: bound)",False,"Madrid km per DGT licence holder, Spain's licence holders",0.08284664499,0.1655912568,0.2220603358,3.635683665,1.608360181,0.9786964386,0.7675004914,1.718575101
"C: EMEF, Barcelona city","overnight weekend stays away, driving (EMEF 2023, proxy)","km of cars by the private owner's age, DGT 2024 (owner, not driver: bound)",False,"RACC driving-days limit for men, equal km per licence holder for women",0.08284664499,0.1655912568,0.2743361817,3.635683665,1.608360181,0.9786964386,0.822790195,1.391093809
"C: EMEF, Barcelona city","overnight weekend stays away, driving (EMEF 2023, proxy)","km of cars by the private owner's age, DGT 2024 (owner, not driver: bound)",False,equal km per licence holder,0.08284664499,0.1655912568,0.3418664886,3.635683665,1.608360181,0.9786964386,0.9072157309,1.116305273
"C: EMEF, Barcelona city","overnight weekend stays away, driving (EMEF 2023, proxy)",B-licence holders: equal km per holder at every age (bound),False,Madrid survey: km per resident,0.1007815471,0.1700181328,0.2562000616,2.868344425,1.557832355,0.9148322661,0.7503465759,1.39236707
"C: EMEF, Barcelona city","overnight weekend stays away, driving (EMEF 2023, proxy)",B-licence holders: equal km per holder at every age (bound),False,"Madrid km per DGT licence holder, Spain's licence holders",0.1007815471,0.1700181328,0.2534131104,2.868344425,1.557832355,0.9148322661,0.7475455901,1.40767985
"C: EMEF, Barcelona city","overnight weekend stays away, driving (EMEF 2023, proxy)",B-licence holders: equal km per holder at every age (bound),False,"RACC driving-days limit for men, equal km per licence holder for women",0.1007815471,0.1700181328,0.2896766885,2.868344425,1.557832355,0.9148322661,0.785709448,1.231457495
"C: EMEF, Barcelona city","overnight weekend stays away, driving (EMEF 2023, proxy)",B-licence holders: equal km per holder at every age (bound),False,equal km per licence holder,0.1007815471,0.1700181328,0.336522235,2.868344425,1.557832355,0.9148322661,0.8411852912,1.060032569
"C: EMEF, Barcelona city","overnight weekend stays away, driving (EMEF 2023, proxy)",under 65 only: working-day mix without 65 and over (bound),False,Madrid survey: km per resident,0.09296539573,0.117941006,0.2260778719,3.431313091,1.65046087,1.455262162,1.14715088,2.510005544
"C: EMEF, Barcelona city","overnight weekend stays away, driving (EMEF 2023, proxy)",under 65 only: working-day mix without 65 and over (bound),False,"Madrid km per DGT licence holder, Spain's licence holders",0.09296539573,0.117941006,0.2220603358,3.431313091,1.65046087,1.455262162,1.141226616,2.555416795
"C: EMEF, Barcelona city","overnight weekend stays away, driving (EMEF 2023, proxy)",under 65 only: working-day mix without 65 and over (bound),False,"RACC driving-days limit for men, equal km per licence holder for women",0.09296539573,0.117941006,0.2743361817,3.431313091,1.65046087,1.455262162,1.223439047,2.068472005
"C: EMEF, Barcelona city","overnight weekend stays away, driving (EMEF 2023, proxy)",under 65 only: working-day mix without 65 and over (bound),False,equal km per licence holder,0.09296539573,0.117941006,0.3418664886,3.431313091,1.65046087,1.455262162,1.348974691,1.659878141
"C: EMEF, Barcelona city","car trips on an average weekend day (MOVILIA 2006, Spain)",working-day mix (EMEF),True,Madrid survey: km per resident,0.0870854061,0.1691156235,0.2260778719,3.462712499,1.664913036,0.9594061115,0.756278555,1.654763466
"C: EMEF, Barcelona city","car trips on an average weekend day (MOVILIA 2006, Spain)",working-day mix (EMEF),True,"Madrid km per DGT licence holder, Spain's licence holders",0.0870854061,0.1691156235,0.2220603358,3.462712499,1.664913036,0.9594061115,0.752372884,1.684701599
"C: EMEF, Barcelona city","car trips on an average weekend day (MOVILIA 2006, Spain)",working-day mix (EMEF),True,"RACC driving-days limit for men, equal km per licence holder for women",0.0870854061,0.1691156235,0.2743361817,3.462712499,1.664913036,0.9594061115,0.806572815,1.363675037
"C: EMEF, Barcelona city","car trips on an average weekend day (MOVILIA 2006, Spain)",working-day mix (EMEF),True,equal km per licence holder,0.0870854061,0.1691156235,0.3418664886,3.462712499,1.664913036,0.9594061115,0.8893343047,1.094302645
"C: EMEF, Barcelona city","car trips on an average weekend day (MOVILIA 2006, Spain)","car journeys over 50 km per resident (MOVILIA 2007, Spain)",True,Madrid survey: km per resident,0.1206001636,0.1430524268,0.2260778719,2.390965344,1.504006546,1.084551912,0.8549282134,1.870612308
"C: EMEF, Barcelona city","car trips on an average weekend day (MOVILIA 2006, Spain)","car journeys over 50 km per resident (MOVILIA 2007, Spain)",True,"Madrid km per DGT licence holder, Spain's licence holders",0.1206001636,0.1430524268,0.2220603358,2.390965344,1.504006546,1.084551912,0.8505130832,1.904455599
"C: EMEF, Barcelona city","car trips on an average weekend day (MOVILIA 2006, Spain)","car journeys over 50 km per resident (MOVILIA 2007, Spain)",True,"RACC driving-days limit for men, equal km per licence holder for women",0.1206001636,0.1430524268,0.2743361817,2.390965344,1.504006546,1.084551912,0.9117829022,1.541554042
"C: EMEF, Barcelona city","car trips on an average weekend day (MOVILIA 2006, Spain)","car journeys over 50 km per resident (MOVILIA 2007, Spain)",True,equal km per licence holder,0.1206001636,0.1430524268,0.3418664886,2.390965344,1.504006546,1.084551912,1.005339875,1.237044471
"C: EMEF, Barcelona city","car trips on an average weekend day (MOVILIA 2006, Spain)","overnight weekend stays away, driving (EMEF 2023, proxy)",True,Madrid survey: km per resident,0.09065378545,0.1812448606,0.2260778719,3.270308717,1.686955394,0.8801027762,0.693765495,1.517982742
"C: EMEF, Barcelona city","car trips on an average weekend day (MOVILIA 2006, Spain)","overnight weekend stays away, driving (EMEF 2023, proxy)",True,"Madrid km per DGT licence holder, Spain's licence holders",0.09065378545,0.1812448606,0.2220603358,3.270308717,1.686955394,0.8801027762,0.690182662,1.545446226
"C: EMEF, Barcelona city","car trips on an average weekend day (MOVILIA 2006, Spain)","overnight weekend stays away, driving (EMEF 2023, proxy)",True,"RACC driving-days limit for men, equal km per licence holder for women",0.09065378545,0.1812448606,0.2743361817,3.270308717,1.686955394,0.8801027762,0.739902493,1.250955327
"C: EMEF, Barcelona city","car trips on an average weekend day (MOVILIA 2006, Spain)","overnight weekend stays away, driving (EMEF 2023, proxy)",True,equal km per licence holder,0.09065378545,0.1812448606,0.3418664886,3.270308717,1.686955394,0.8801027762,0.8158230192,1.003848927
"C: EMEF, Barcelona city","car trips on an average weekend day (MOVILIA 2006, Spain)","car trips on an average weekend day (MOVILIA 2006, Spain)",True,Madrid survey: km per resident,0.08860098627,0.1868181019,0.2260778719,3.348814786,1.716598004,0.8545453697,0.6736191584,1.473901865
"C: EMEF, Barcelona city","car trips on an average weekend day (MOVILIA 2006, Spain)","car trips on an average weekend day (MOVILIA 2006, Spain)",True,"Madrid km per DGT licence holder, Spain's licence holders",0.08860098627,0.1868181019,0.2220603358,3.348814786,1.716598004,0.8545453697,0.6701403677,1.500567834
"C: EMEF, Barcelona city","car trips on an average weekend day (MOVILIA 2006, Spain)","car trips on an average weekend day (MOVILIA 2006, Spain)",True,"RACC driving-days limit for men, equal km per licence holder for women",0.08860098627,0.1868181019,0.2743361817,3.348814786,1.716598004,0.8545453697,0.7184163788,1.214628691
"C: EMEF, Barcelona city","car trips on an average weekend day (MOVILIA 2006, Spain)","car trips on an average weekend day (MOVILIA 2006, Spain)",True,equal km per licence holder,0.08860098627,0.1868181019,0.3418664886,3.348814786,1.716598004,0.8545453697,0.79213224,0.9746980421
"C: EMEF, Barcelona city","car trips on an average weekend day (MOVILIA 2006, Spain)","km of cars by the private owner's age, DGT 2024 (owner, not driver: bound)",False,Madrid survey: km per resident,0.08180009457,0.1684325859,0.2260778719,3.683709526,1.621794965,0.9625813933,0.7587815592,1.660240125
"C: EMEF, Barcelona city","car trips on an average weekend day (MOVILIA 2006, Spain)","km of cars by the private owner's age, DGT 2024 (owner, not driver: bound)",False,"Madrid km per DGT licence holder, Spain's licence holders",0.08180009457,0.1684325859,0.2220603358,3.683709526,1.621794965,0.9625813933,0.7548629618,1.690277342
"C: EMEF, Barcelona city","car trips on an average weekend day (MOVILIA 2006, Spain)","km of cars by the private owner's age, DGT 2024 (owner, not driver: bound)",False,"RACC driving-days limit for men, equal km per licence holder for women",0.08180009457,0.1684325859,0.2743361817,3.683709526,1.621794965,0.9625813933,0.8092422748,1.368188301
"C: EMEF, Barcelona city","car trips on an average weekend day (MOVILIA 2006, Spain)","km of cars by the private owner's age, DGT 2024 (owner, not driver: bound)",False,equal km per licence holder,0.08180009457,0.1684325859,0.3418664886,3.683709526,1.621794965,0.9625813933,0.8922776745,1.097924385
"C: EMEF, Barcelona city","car trips on an average weekend day (MOVILIA 2006, Spain)",B-licence holders: equal km per holder at every age (bound),False,Madrid survey: km per resident,0.0997349967,0.1728594619,0.2557049365,2.89968208,1.570987114,0.9001796715,0.7378373435,1.372718822
"C: EMEF, Barcelona city","car trips on an average weekend day (MOVILIA 2006, Spain)",B-licence holders: equal km per holder at every age (bound),False,"Madrid km per DGT licence holder, Spain's licence holders",0.0997349967,0.1728594619,0.2528977579,2.89968208,1.570987114,0.9001796715,0.735064977,1.387956074
"C: EMEF, Barcelona city","car trips on an average weekend day (MOVILIA 2006, Spain)",B-licence holders: equal km per holder at every age (bound),False,"RACC driving-days limit for men, equal km per licence holder for women",0.0997349967,0.1728594619,0.2894245332,2.89968208,1.570987114,0.9001796715,0.7728506233,1.212789307
"C: EMEF, Barcelona city","car trips on an average weekend day (MOVILIA 2006, Spain)",B-licence holders: equal km per holder at every age (bound),False,equal km per licence holder,0.0997349967,0.1728594619,0.3366100796,2.89968208,1.570987114,0.9001796715,0.827821882,1.04278214
"C: EMEF, Barcelona city","car trips on an average weekend day (MOVILIA 2006, Spain)",under 65 only: working-day mix without 65 and over (bound),False,Madrid survey: km per resident,0.09191884532,0.1207823351,0.2260778719,3.471725217,1.663799093,1.421578604,1.120598878,2.451908852
"C: EMEF, Barcelona city","car trips on an average weekend day (MOVILIA 2006, Spain)",under 65 only: working-day mix without 65 and over (bound),False,"Madrid km per DGT licence holder, Spain's licence holders",0.09191884532,0.1207823351,0.2220603358,3.471725217,1.663799093,1.421578604,1.114811737,2.496269013
"C: EMEF, Barcelona city","car trips on an average weekend day (MOVILIA 2006, Spain)",under 65 only: working-day mix without 65 and over (bound),False,"RACC driving-days limit for men, equal km per licence holder for women",0.09191884532,0.1207823351,0.2743361817,3.471725217,1.663799093,1.421578604,1.195121276,2.020595067
"C: EMEF, Barcelona city","car trips on an average weekend day (MOVILIA 2006, Spain)",under 65 only: working-day mix without 65 and over (bound),False,equal km per licence holder,0.09191884532,0.1207823351,0.3418664886,3.471725217,1.663799093,1.421578604,1.317751267,1.621458533
"C: EMEF, rest of the metropolitan area (AMB)",working-day mix (EMEF),working-day mix (EMEF),True,Madrid survey: km per resident,0.1066615518,0.1304886684,0.225587748,2.834145199,1.556018982,1.246469312,0.9819422451,2.154554983
"C: EMEF, rest of the metropolitan area (AMB)",working-day mix (EMEF),working-day mix (EMEF),True,"Madrid km per DGT licence holder, Spain's licence holders",0.1066615518,0.1304886684,0.2219856325,2.834145199,1.556018982,1.246469312,0.9773959674,2.189516506
"C: EMEF, rest of the metropolitan area (AMB)",working-day mix (EMEF),working-day mix (EMEF),True,"RACC driving-days limit for men, equal km per licence holder for women",0.1066615518,0.1304886684,0.2762850772,2.834145199,1.556018982,1.246469312,1.05072879,1.759201805
"C: EMEF, rest of the metropolitan area (AMB)",working-day mix (EMEF),working-day mix (EMEF),True,equal km per licence holder,0.1066615518,0.1304886684,0.3465126207,2.834145199,1.556018982,1.246469312,1.1636462,1.402665235
"C: EMEF, rest of the metropolitan area (AMB)",working-day mix (EMEF),"car journeys over 50 km per resident (MOVILIA 2007, Spain)",True,Madrid survey: km per resident,0.1340017947,0.1134076975,0.225587748,2.16129448,1.432589541,1.374062292,1.082457305,2.375102803
"C: EMEF, rest of the metropolitan area (AMB)",working-day mix (EMEF),"car journeys over 50 km per resident (MOVILIA 2007, Spain)",True,"Madrid km per DGT licence holder, Spain's licence holders",0.1340017947,0.1134076975,0.2219856325,2.16129448,1.432589541,1.374062292,1.077445654,2.413643111
"C: EMEF, rest of the metropolitan area (AMB)",working-day mix (EMEF),"car journeys over 50 km per resident (MOVILIA 2007, Spain)",True,"RACC driving-days limit for men, equal km per licence holder for women",0.1340017947,0.1134076975,0.2762850772,2.16129448,1.432589541,1.374062292,1.158285082,1.939279884
"C: EMEF, rest of the metropolitan area (AMB)",working-day mix (EMEF),"car journeys over 50 km per resident (MOVILIA 2007, Spain)",True,equal km per licence holder,0.1340017947,0.1134076975,0.3465126207,2.16129448,1.432589541,1.374062292,1.282761114,1.546246978
"C: EMEF, rest of the metropolitan area (AMB)",working-day mix (EMEF),"overnight weekend stays away, driving (EMEF 2023, proxy)",True,Madrid survey: km per resident,0.1113309484,0.140645841,0.225587748,2.674155691,1.575916859,1.13893804,0.8972313765,1.968684352
"C: EMEF, rest of the metropolitan area (AMB)",working-day mix (EMEF),"overnight weekend stays away, driving (EMEF 2023, proxy)",True,"Madrid km per DGT licence holder, Spain's licence holders",0.1113309484,0.140645841,0.2219856325,2.674155691,1.575916859,1.13893804,0.8930773002,2.000629791
"C: EMEF, rest of the metropolitan area (AMB)",working-day mix (EMEF),"overnight weekend stays away, driving (EMEF 2023, proxy)",True,"RACC driving-days limit for men, equal km per licence holder for women",0.1113309484,0.140645841,0.2762850772,2.674155691,1.575916859,1.13893804,0.9600837967,1.607437774
"C: EMEF, rest of the metropolitan area (AMB)",working-day mix (EMEF),"overnight weekend stays away, driving (EMEF 2023, proxy)",True,equal km per licence holder,0.1113309484,0.140645841,0.3465126207,2.674155691,1.575916859,1.13893804,1.063259969,1.281659146
"C: EMEF, rest of the metropolitan area (AMB)",working-day mix (EMEF),"car trips on an average weekend day (MOVILIA 2006, Spain)",True,Madrid survey: km per resident,0.1089438208,0.1455362914,0.225587748,2.739644782,1.603344472,1.10344312,0.8692692263,1.907330448
"C: EMEF, rest of the metropolitan area (AMB)",working-day mix (EMEF),"car trips on an average weekend day (MOVILIA 2006, Spain)",True,"Madrid km per DGT licence holder, Spain's licence holders",0.1089438208,0.1455362914,0.2219856325,2.739644782,1.603344472,1.10344312,0.8652446115,1.93828031
"C: EMEF, rest of the metropolitan area (AMB)",working-day mix (EMEF),"car trips on an average weekend day (MOVILIA 2006, Spain)",True,"RACC driving-days limit for men, equal km per licence holder for women",0.1089438208,0.1455362914,0.2762850772,2.739644782,1.603344472,1.10344312,0.9301628555,1.557342093
"C: EMEF, rest of the metropolitan area (AMB)",working-day mix (EMEF),"car trips on an average weekend day (MOVILIA 2006, Spain)",True,equal km per licence holder,0.1089438208,0.1455362914,0.3465126207,2.739644782,1.603344472,1.10344312,1.03012355,1.241716333
"C: EMEF, rest of the metropolitan area (AMB)",working-day mix (EMEF),"km of cars by the private owner's age, DGT 2024 (owner, not driver: bound)",False,Madrid survey: km per resident,0.09520172559,0.1387878566,0.225587748,3.178454099,1.541955103,1.173096371,0.9241405893,2.027727925
"C: EMEF, rest of the metropolitan area (AMB)",working-day mix (EMEF),"km of cars by the private owner's age, DGT 2024 (owner, not driver: bound)",False,"Madrid km per DGT licence holder, Spain's licence holders",0.09520172559,0.1387878566,0.2219856325,3.178454099,1.541955103,1.173096371,0.9198619265,2.060631452
"C: EMEF, rest of the metropolitan area (AMB)",working-day mix (EMEF),"km of cars by the private owner's age, DGT 2024 (owner, not driver: bound)",False,"RACC driving-days limit for men, equal km per licence holder for women",0.09520172559,0.1387878566,0.2762850772,3.178454099,1.541955103,1.173096371,0.9888780407,1.655647061
"C: EMEF, rest of the metropolitan area (AMB)",working-day mix (EMEF),"km of cars by the private owner's age, DGT 2024 (owner, not driver: bound)",False,equal km per licence holder,0.09520172559,0.1387878566,0.3465126207,3.178454099,1.541955103,1.173096371,1.09514861,1.320097881
"C: EMEF, rest of the metropolitan area (AMB)",working-day mix (EMEF),B-licence holders: equal km per holder at every age (bound),False,Madrid survey: km per resident,0.1131366277,0.1432147327,0.2615256896,2.567394095,1.493172219,1.091270629,0.9015164257,1.627082636
"C: EMEF, rest of the metropolitan area (AMB)",working-day mix (EMEF),B-licence holders: equal km per holder at every age (bound),False,"Madrid km per DGT licence holder, Spain's licence holders",0.1131366277,0.1432147327,0.2592334102,2.567394095,1.493172219,1.091270629,0.8987267109,1.641470164
"C: EMEF, rest of the metropolitan area (AMB)",working-day mix (EMEF),B-licence holders: equal km per holder at every age (bound),False,"RACC driving-days limit for men, equal km per licence holder for women",0.1131366277,0.1432147327,0.2937879654,2.567394095,1.493172219,1.091270629,0.9427009003,1.448404831
"C: EMEF, rest of the metropolitan area (AMB)",working-day mix (EMEF),B-licence holders: equal km per holder at every age (bound),False,equal km per licence holder,0.1131366277,0.1432147327,0.33847869,2.567394095,1.493172219,1.091270629,1.006387414,1.257166022
"C: EMEF, rest of the metropolitan area (AMB)",working-day mix (EMEF),under 65 only: working-day mix without 65 and over (bound),False,Madrid survey: km per resident,0.1114146392,0.09113760582,0.225587748,2.836324159,1.556069998,1.865627362,1.469701904,3.224785954
"C: EMEF, rest of the metropolitan area (AMB)",working-day mix (EMEF),under 65 only: working-day mix without 65 and over (bound),False,"Madrid km per DGT licence holder, Spain's licence holders",0.1114146392,0.09113760582,0.2219856325,2.836324159,1.556069998,1.865627362,1.462897356,3.277113896
"C: EMEF, rest of the metropolitan area (AMB)",working-day mix (EMEF),under 65 only: working-day mix without 65 and over (bound),False,"RACC driving-days limit for men, equal km per licence holder for women",0.1114146392,0.09113760582,0.2762850772,2.836324159,1.556069998,1.865627362,1.572656754,2.633049198
"C: EMEF, rest of the metropolitan area (AMB)",working-day mix (EMEF),under 65 only: working-day mix without 65 and over (bound),False,equal km per licence holder,0.1114146392,0.09113760582,0.3465126207,2.836324159,1.556069998,1.865627362,1.741663568,2.099410404
"C: EMEF, rest of the metropolitan area (AMB)","overnight weekend stays away, driving (EMEF 2023, proxy)",working-day mix (EMEF),True,Madrid survey: km per resident,0.1090420861,0.1356669602,0.225587748,2.750867839,1.566024148,1.189636222,0.9371703348,2.056317492
"C: EMEF, rest of the metropolitan area (AMB)","overnight weekend stays away, driving (EMEF 2023, proxy)",working-day mix (EMEF),True,"Madrid km per DGT licence holder, Spain's licence holders",0.1090420861,0.1356669602,0.2219856325,2.750867839,1.566024148,1.189636222,0.9328313458,2.089684935
"C: EMEF, rest of the metropolitan area (AMB)","overnight weekend stays away, driving (EMEF 2023, proxy)",working-day mix (EMEF),True,"RACC driving-days limit for men, equal km per licence holder for women",0.1090420861,0.1356669602,0.2762850772,2.750867839,1.566024148,1.189636222,1.00282054,1.678990544
"C: EMEF, rest of the metropolitan area (AMB)","overnight weekend stays away, driving (EMEF 2023, proxy)",working-day mix (EMEF),True,equal km per licence holder,0.1090420861,0.1356669602,0.3465126207,2.750867839,1.566024148,1.189636222,1.110589451,1.338710351
"C: EMEF, rest of the metropolitan area (AMB)","overnight weekend stays away, driving (EMEF 2023, proxy)","car journeys over 50 km per resident (MOVILIA 2007, Spain)",True,Madrid survey: km per resident,0.136382329,0.1185859894,0.225587748,2.106456049,1.440508331,1.303471437,1.026847318,2.253084656
"C: EMEF, rest of the metropolitan area (AMB)","overnight weekend stays away, driving (EMEF 2023, proxy)","car journeys over 50 km per resident (MOVILIA 2007, Spain)",True,"Madrid km per DGT licence holder, Spain's licence holders",0.136382329,0.1185859894,0.2219856325,2.106456049,1.440508331,1.303471437,1.022093135,2.289645
"C: EMEF, rest of the metropolitan area (AMB)","overnight weekend stays away, driving (EMEF 2023, proxy)","car journeys over 50 km per resident (MOVILIA 2007, Spain)",True,"RACC driving-days limit for men, equal km per licence holder for women",0.136382329,0.1185859894,0.2762850772,2.106456049,1.440508331,1.303471437,1.098779532,1.839651633
"C: EMEF, rest of the metropolitan area (AMB)","overnight weekend stays away, driving (EMEF 2023, proxy)","car journeys over 50 km per resident (MOVILIA 2007, Spain)",True,equal km per licence holder,0.136382329,0.1185859894,0.3465126207,2.106456049,1.440508331,1.303471437,1.216860752,1.466810336
"C: EMEF, rest of the metropolitan area (AMB)","overnight weekend stays away, driving (EMEF 2023, proxy)","overnight weekend stays away, driving (EMEF 2023, proxy)",True,Madrid survey: km per resident,0.1137114827,0.1458241328,0.225587748,2.597647353,1.586501877,1.08988207,0.8585861175,1.883889818
"C: EMEF, rest of the metropolitan area (AMB)","overnight weekend stays away, driving (EMEF 2023, proxy)","overnight weekend stays away, driving (EMEF 2023, proxy)",True,"Madrid km per DGT licence holder, Spain's licence holders",0.1137114827,0.1458241328,0.2219856325,2.597647353,1.586501877,1.08988207,0.8546109643,1.914459313
"C: EMEF, rest of the metropolitan area (AMB)","overnight weekend stays away, driving (EMEF 2023, proxy)","overnight weekend stays away, driving (EMEF 2023, proxy)",True,"RACC driving-days limit for men, equal km per licence holder for women",0.1137114827,0.1458241328,0.2762850772,2.597647353,1.586501877,1.08988207,0.9187313787,1.538202735
"C: EMEF, rest of the metropolitan area (AMB)","overnight weekend stays away, driving (EMEF 2023, proxy)","overnight weekend stays away, driving (EMEF 2023, proxy)",True,equal km per licence holder,0.1137114827,0.1458241328,0.3465126207,2.597647353,1.586501877,1.08988207,1.017463581,1.226455939
"C: EMEF, rest of the metropolitan area (AMB)","overnight weekend stays away, driving (EMEF 2023, proxy)","car trips on an average weekend day (MOVILIA 2006, Spain)",True,Madrid survey: km per resident,0.1113243552,0.1507145832,0.225587748,2.660095473,1.614497414,1.057198482,0.832838676,1.827395377
"C: EMEF, rest of the metropolitan area (AMB)","overnight weekend stays away, driving (EMEF 2023, proxy)","car trips on an average weekend day (MOVILIA 2006, Spain)",True,"Madrid km per DGT licence holder, Spain's licence holders",0.1113243552,0.1507145832,0.2219856325,2.660095473,1.614497414,1.057198482,0.8289827304,1.857048148
"C: EMEF, rest of the metropolitan area (AMB)","overnight weekend stays away, driving (EMEF 2023, proxy)","car trips on an average weekend day (MOVILIA 2006, Spain)",True,"RACC driving-days limit for men, equal km per licence holder for women",0.1113243552,0.1507145832,0.2762850772,2.660095473,1.614497414,1.057198482,0.8911802899,1.492074823
"C: EMEF, rest of the metropolitan area (AMB)","overnight weekend stays away, driving (EMEF 2023, proxy)","car trips on an average weekend day (MOVILIA 2006, Spain)",True,equal km per licence holder,0.1113243552,0.1507145832,0.3465126207,2.660095473,1.614497414,1.057198482,0.9869516919,1.189676748
"C: EMEF, rest of the metropolitan area (AMB)","overnight weekend stays away, driving (EMEF 2023, proxy)","km of cars by the private owner's age, DGT 2024 (owner, not driver: bound)",False,Madrid survey: km per resident,0.09758225992,0.1439661485,0.225587748,3.076997377,1.551660069,1.122178665,0.8840286936,1.93971533
"C: EMEF, rest of the metropolitan area (AMB)","overnight weekend stays away, driving (EMEF 2023, proxy)","km of cars by the private owner's age, DGT 2024 (owner, not driver: bound)",False,"Madrid km per DGT licence holder, Spain's licence holders",0.09758225992,0.1439661485,0.2219856325,3.076997377,1.551660069,1.122178665,0.8799357441,1.971190695
"C: EMEF, rest of the metropolitan area (AMB)","overnight weekend stays away, driving (EMEF 2023, proxy)","km of cars by the private owner's age, DGT 2024 (owner, not driver: bound)",False,"RACC driving-days limit for men, equal km per licence holder for women",0.09758225992,0.1439661485,0.2762850772,3.076997377,1.551660069,1.122178665,0.9459562458,1.583784465
"C: EMEF, rest of the metropolitan area (AMB)","overnight weekend stays away, driving (EMEF 2023, proxy)","km of cars by the private owner's age, DGT 2024 (owner, not driver: bound)",False,equal km per licence holder,0.09758225992,0.1439661485,0.3465126207,3.076997377,1.551660069,1.122178665,1.04761419,1.262799641
"C: EMEF, rest of the metropolitan area (AMB)","overnight weekend stays away, driving (EMEF 2023, proxy)",B-licence holders: equal km per holder at every age (bound),False,Madrid survey: km per resident,0.115517162,0.1483930245,0.2602716067,2.494281782,1.502269,1.044727279,0.8616030256,1.565192078
"C: EMEF, rest of the metropolitan area (AMB)","overnight weekend stays away, driving (EMEF 2023, proxy)",B-licence holders: equal km per holder at every age (bound),False,"Madrid km per DGT licence holder, Spain's licence holders",0.115517162,0.1483930245,0.2579336196,2.494281782,1.502269,1.044727279,0.858888421,1.579379446
"C: EMEF, rest of the metropolitan area (AMB)","overnight weekend stays away, driving (EMEF 2023, proxy)",B-licence holders: equal km per holder at every age (bound),False,"RACC driving-days limit for men, equal km per licence holder for women",0.115517162,0.1483930245,0.2931771883,2.494281782,1.502269,1.044727279,0.9017142786,1.389518262
"C: EMEF, rest of the metropolitan area (AMB)","overnight weekend stays away, driving (EMEF 2023, proxy)",B-licence holders: equal km per holder at every age (bound),False,equal km per licence holder,0.115517162,0.1483930245,0.3387590404,2.494281782,1.502269,1.044727279,0.9638728703,1.202551101
"C: EMEF, rest of the metropolitan area (AMB)","overnight weekend stays away, driving (EMEF 2023, proxy)",under 65 only: working-day mix without 65 and over (bound),False,Madrid survey: km per resident,0.1137951736,0.09631589766,0.225587748,2.756479611,1.565636066,1.752286222,1.380414143,3.028872812
"C: EMEF, rest of the metropolitan area (AMB)","overnight weekend stays away, driving (EMEF 2023, proxy)",under 65 only: working-day mix without 65 and over (bound),False,"Madrid km per DGT licence holder, Spain's licence holders",0.1137951736,0.09631589766,0.2219856325,2.756479611,1.565636066,1.752286222,1.374022987,3.078021712
"C: EMEF, rest of the metropolitan area (AMB)","overnight weekend stays away, driving (EMEF 2023, proxy)",under 65 only: working-day mix without 65 and over (bound),False,"RACC driving-days limit for men, equal km per licence holder for women",0.1137951736,0.09631589766,0.2762850772,2.756479611,1.565636066,1.752286222,1.47711425,2.473085422
"C: EMEF, rest of the metropolitan area (AMB)","overnight weekend stays away, driving (EMEF 2023, proxy)",under 65 only: working-day mix without 65 and over (bound),False,equal km per licence holder,0.1137951736,0.09631589766,0.3465126207,2.756479611,1.565636066,1.752286222,1.635853513,1.971866408
"C: EMEF, rest of the metropolitan area (AMB)","car trips on an average weekend day (MOVILIA 2006, Spain)",working-day mix (EMEF),True,Madrid survey: km per resident,0.1078250897,0.1381601914,0.225587748,2.785467484,1.579641127,1.169659333,0.9214329634,2.021786915
"C: EMEF, rest of the metropolitan area (AMB)","car trips on an average weekend day (MOVILIA 2006, Spain)",working-day mix (EMEF),True,"Madrid km per DGT licence holder, Spain's licence holders",0.1078250897,0.1381601914,0.2219856325,2.785467484,1.579641127,1.169659333,0.9171668366,2.054594038
"C: EMEF, rest of the metropolitan area (AMB)","car trips on an average weekend day (MOVILIA 2006, Spain)",working-day mix (EMEF),True,"RACC driving-days limit for men, equal km per licence holder for women",0.1078250897,0.1381601914,0.2762850772,2.785467484,1.579641127,1.169659333,0.9859807416,1.650796205
"C: EMEF, rest of the metropolitan area (AMB)","car trips on an average weekend day (MOVILIA 2006, Spain)",working-day mix (EMEF),True,equal km per licence holder,0.1078250897,0.1381601914,0.3465126207,2.785467484,1.579641127,1.169659333,1.09193995,1.316230145
"C: EMEF, rest of the metropolitan area (AMB)","car trips on an average weekend day (MOVILIA 2006, Spain)","car journeys over 50 km per resident (MOVILIA 2007, Spain)",True,Madrid survey: km per resident,0.1351653325,0.1210792205,0.225587748,2.128255004,1.452689877,1.278332291,1.007043229,2.20963098
"C: EMEF, rest of the metropolitan area (AMB)","car trips on an average weekend day (MOVILIA 2006, Spain)","car journeys over 50 km per resident (MOVILIA 2007, Spain)",True,"Madrid km per DGT licence holder, Spain's licence holders",0.1351653325,0.1210792205,0.2219856325,2.128255004,1.452689877,1.278332291,1.002380736,2.245486211
"C: EMEF, rest of the metropolitan area (AMB)","car trips on an average weekend day (MOVILIA 2006, Spain)","car journeys over 50 km per resident (MOVILIA 2007, Spain)",True,"RACC driving-days limit for men, equal km per licence holder for women",0.1351653325,0.1210792205,0.2762850772,2.128255004,1.452689877,1.278332291,1.077588136,1.804171553
"C: EMEF, rest of the metropolitan area (AMB)","car trips on an average weekend day (MOVILIA 2006, Spain)","car journeys over 50 km per resident (MOVILIA 2007, Spain)",True,equal km per licence holder,0.1351653325,0.1210792205,0.3465126207,2.128255004,1.452689877,1.278332291,1.193392006,1.438520986
"C: EMEF, rest of the metropolitan area (AMB)","car trips on an average weekend day (MOVILIA 2006, Spain)","overnight weekend stays away, driving (EMEF 2023, proxy)",True,Madrid survey: km per resident,0.1124944862,0.148317364,0.225587748,2.629153262,1.600669832,1.072950131,0.845247493,1.854622516
"C: EMEF, rest of the metropolitan area (AMB)","car trips on an average weekend day (MOVILIA 2006, Spain)","overnight weekend stays away, driving (EMEF 2023, proxy)",True,"Madrid km per DGT licence holder, Spain's licence holders",0.1124944862,0.148317364,0.2219856325,2.629153262,1.600669832,1.072950131,0.841334096,1.884717097
"C: EMEF, rest of the metropolitan area (AMB)","car trips on an average weekend day (MOVILIA 2006, Spain)","overnight weekend stays away, driving (EMEF 2023, proxy)",True,"RACC driving-days limit for men, equal km per licence holder for women",0.1124944862,0.148317364,0.2762850772,2.629153262,1.600669832,1.072950131,0.9044583633,1.514305879
"C: EMEF, rest of the metropolitan area (AMB)","car trips on an average weekend day (MOVILIA 2006, Spain)","overnight weekend stays away, driving (EMEF 2023, proxy)",True,equal km per licence holder,0.1124944862,0.148317364,0.3465126207,2.629153262,1.600669832,1.072950131,1.001656704,1.207402247
"C: EMEF, rest of the metropolitan area (AMB)","car trips on an average weekend day (MOVILIA 2006, Spain)","car trips on an average weekend day (MOVILIA 2006, Spain)",True,Madrid survey: km per resident,0.1101073587,0.1532078144,0.225587748,2.692974657,1.629097143,1.041338894,0.820344827,1.799981662
"C: EMEF, rest of the metropolitan area (AMB)","car trips on an average weekend day (MOVILIA 2006, Spain)","car trips on an average weekend day (MOVILIA 2006, Spain)",True,"Madrid km per DGT licence holder, Spain's licence holders",0.1101073587,0.1532078144,0.2219856325,2.692974657,1.629097143,1.041338894,0.8165467264,1.829189597
"C: EMEF, rest of the metropolitan area (AMB)","car trips on an average weekend day (MOVILIA 2006, Spain)","car trips on an average weekend day (MOVILIA 2006, Spain)",True,"RACC driving-days limit for men, equal km per licence holder for women",0.1101073587,0.1532078144,0.2762850772,2.692974657,1.629097143,1.041338894,0.8778112277,1.469691428
"C: EMEF, rest of the metropolitan area (AMB)","car trips on an average weekend day (MOVILIA 2006, Spain)","car trips on an average weekend day (MOVILIA 2006, Spain)",True,equal km per licence holder,0.1101073587,0.1532078144,0.3465126207,2.692974657,1.629097143,1.041338894,0.9721459128,1.171829784
"C: EMEF, rest of the metropolitan area (AMB)","car trips on an average weekend day (MOVILIA 2006, Spain)","km of cars by the private owner's age, DGT 2024 (owner, not driver: bound)",False,Madrid survey: km per resident,0.09636526347,0.1464593796,0.225587748,3.119830325,1.565032317,1.10448213,0.870087737,1.909126406
"C: EMEF, rest of the metropolitan area (AMB)","car trips on an average weekend day (MOVILIA 2006, Spain)","km of cars by the private owner's age, DGT 2024 (owner, not driver: bound)",False,"Madrid km per DGT licence holder, Spain's licence holders",0.09636526347,0.1464593796,0.2219856325,3.119830325,1.565032317,1.10448213,0.8660593325,1.94010541
"C: EMEF, rest of the metropolitan area (AMB)","car trips on an average weekend day (MOVILIA 2006, Spain)","km of cars by the private owner's age, DGT 2024 (owner, not driver: bound)",False,"RACC driving-days limit for men, equal km per licence holder for women",0.09636526347,0.1464593796,0.2762850772,3.119830325,1.565032317,1.10448213,0.9310387041,1.558808499
"C: EMEF, rest of the metropolitan area (AMB)","car trips on an average weekend day (MOVILIA 2006, Spain)","km of cars by the private owner's age, DGT 2024 (owner, not driver: bound)",False,equal km per licence holder,0.09636526347,0.1464593796,0.3465126207,3.119830325,1.565032317,1.10448213,1.031093522,1.242885542
"C: EMEF, rest of the metropolitan area (AMB)","car trips on an average weekend day (MOVILIA 2006, Spain)",B-licence holders: equal km per holder at every age (bound),False,Madrid survey: km per resident,0.1143001656,0.1508862557,0.2596984937,2.524189398,1.515395963,1.028829746,0.84783521,1.544776241
"C: EMEF, rest of the metropolitan area (AMB)","car trips on an average weekend day (MOVILIA 2006, Spain)",B-licence holders: equal km per holder at every age (bound),False,"Madrid km per DGT licence holder, Spain's licence holders",0.1143001656,0.1508862557,0.2573396182,2.524189398,1.515395963,1.028829746,0.8451422729,1.558936263
"C: EMEF, rest of the metropolitan area (AMB)","car trips on an average weekend day (MOVILIA 2006, Spain)",B-licence holders: equal km per holder at every age (bound),False,"RACC driving-days limit for men, equal km per licence holder for women",0.1143001656,0.1508862557,0.2928980646,2.524189398,1.515395963,1.028829746,0.887642434,1.369678094
"C: EMEF, rest of the metropolitan area (AMB)","car trips on an average weekend day (MOVILIA 2006, Spain)",B-licence holders: equal km per holder at every age (bound),False,equal km per licence holder,0.1143001656,0.1508862557,0.3388871598,2.524189398,1.515395963,1.028829746,0.9493896426,1.183804258
"C: EMEF, rest of the metropolitan area (AMB)","car trips on an average weekend day (MOVILIA 2006, Spain)",under 65 only: working-day mix without 65 and over (bound),False,Madrid survey: km per resident,0.1125781771,0.09880912882,0.225587748,2.789679112,1.578647503,1.710156236,1.347225028,2.956050023
"C: EMEF, rest of the metropolitan area (AMB)","car trips on an average weekend day (MOVILIA 2006, Spain)",under 65 only: working-day mix without 65 and over (bound),False,"Madrid km per DGT licence holder, Spain's licence holders",0.1125781771,0.09880912882,0.2219856325,2.789679112,1.578647503,1.710156236,1.340987534,3.004017243
"C: EMEF, rest of the metropolitan area (AMB)","car trips on an average weekend day (MOVILIA 2006, Spain)",under 65 only: working-day mix without 65 and over (bound),False,"RACC driving-days limit for men, equal km per licence holder for women",0.1125781771,0.09880912882,0.2762850772,2.789679112,1.578647503,1.710156236,1.441600187,2.413625356
"C: EMEF, rest of the metropolitan area (AMB)","car trips on an average weekend day (MOVILIA 2006, Spain)",under 65 only: working-day mix without 65 and over (bound),False,equal km per licence holder,0.1125781771,0.09880912882,0.3465126207,2.789679112,1.578647503,1.710156236,1.596522903,1.924457085
"C: EMEF, rest of the metropolitan region (RMB)",working-day mix (EMEF),working-day mix (EMEF),True,Madrid survey: km per resident,0.1184585845,0.1191842995,0.2262426837,2.341042584,1.235969265,1.251933325,0.9870814738,2.157735246
"C: EMEF, rest of the metropolitan region (RMB)",working-day mix (EMEF),working-day mix (EMEF),True,"Madrid km per DGT licence holder, Spain's licence holders",0.1184585845,0.1191842995,0.2220854557,2.341042584,1.235969265,1.251933325,0.9818064434,2.198125994
"C: EMEF, rest of the metropolitan region (RMB)",working-day mix (EMEF),working-day mix (EMEF),True,"RACC driving-days limit for men, equal km per licence holder for women",0.1184585845,0.1191842995,0.2736809127,2.341042584,1.235969265,1.251933325,1.051550931,1.783726194
"C: EMEF, rest of the metropolitan region (RMB)",working-day mix (EMEF),working-day mix (EMEF),True,equal km per licence holder,0.1184585845,0.1191842995,0.3403045603,2.341042584,1.235969265,1.251933325,1.157748661,1.434514461
"C: EMEF, rest of the metropolitan region (RMB)",working-day mix (EMEF),"car journeys over 50 km per resident (MOVILIA 2007, Spain)",True,Madrid survey: km per resident,0.1422192107,0.1055334546,0.2262426837,1.914078195,1.220008785,1.387880841,1.094268711,2.392043848
"C: EMEF, rest of the metropolitan region (RMB)",working-day mix (EMEF),"car journeys over 50 km per resident (MOVILIA 2007, Spain)",True,"Madrid km per DGT licence holder, Spain's licence holders",0.1422192107,0.1055334546,0.2220854557,1.914078195,1.220008785,1.387880841,1.088420865,2.436820629
"C: EMEF, rest of the metropolitan region (RMB)",working-day mix (EMEF),"car journeys over 50 km per resident (MOVILIA 2007, Spain)",True,"RACC driving-days limit for men, equal km per licence holder for women",0.1422192107,0.1055334546,0.2736809127,1.914078195,1.220008785,1.387880841,1.16573891,1.97742113
"C: EMEF, rest of the metropolitan region (RMB)",working-day mix (EMEF),"car journeys over 50 km per resident (MOVILIA 2007, Spain)",True,equal km per licence holder,0.1422192107,0.1055334546,0.3403045603,1.914078195,1.220008785,1.387880841,1.283468659,1.590288474
"C: EMEF, rest of the metropolitan region (RMB)",working-day mix (EMEF),"overnight weekend stays away, driving (EMEF 2023, proxy)",True,Madrid survey: km per resident,0.1237890679,0.1285889277,0.2262426837,2.208241847,1.25204338,1.143799097,0.9018235043,1.971363472
"C: EMEF, rest of the metropolitan region (RMB)",working-day mix (EMEF),"overnight weekend stays away, driving (EMEF 2023, proxy)",True,"Madrid km per DGT licence holder, Spain's licence holders",0.1237890679,0.1285889277,0.2220854557,2.208241847,1.25204338,1.143799097,0.8970040984,2.008265517
"C: EMEF, rest of the metropolitan region (RMB)",working-day mix (EMEF),"overnight weekend stays away, driving (EMEF 2023, proxy)",True,"RACC driving-days limit for men, equal km per licence holder for women",0.1237890679,0.1285889277,0.2736809127,2.208241847,1.25204338,1.143799097,0.9607244897,1.629659
"C: EMEF, rest of the metropolitan region (RMB)",working-day mix (EMEF),"overnight weekend stays away, driving (EMEF 2023, proxy)",True,equal km per licence holder,0.1237890679,0.1285889277,0.3403045603,2.208241847,1.25204338,1.143799097,1.05774952,1.310610008
"C: EMEF, rest of the metropolitan region (RMB)",working-day mix (EMEF),"car trips on an average weekend day (MOVILIA 2006, Spain)",True,Madrid survey: km per resident,0.1212946665,0.1333081346,0.2262426837,2.26244069,1.274090708,1.10760945,0.8732899317,1.908989801
"C: EMEF, rest of the metropolitan region (RMB)",working-day mix (EMEF),"car trips on an average weekend day (MOVILIA 2006, Spain)",True,"Madrid km per DGT licence holder, Spain's licence holders",0.1212946665,0.1333081346,0.2220854557,2.26244069,1.274090708,1.10760945,0.8686230111,1.94472427
"C: EMEF, rest of the metropolitan region (RMB)",working-day mix (EMEF),"car trips on an average weekend day (MOVILIA 2006, Spain)",True,"RACC driving-days limit for men, equal km per licence holder for women",0.1212946665,0.1333081346,0.2736809127,2.26244069,1.274090708,1.10760945,0.9303272978,1.578096812
"C: EMEF, rest of the metropolitan region (RMB)",working-day mix (EMEF),"car trips on an average weekend day (MOVILIA 2006, Spain)",True,equal km per licence holder,0.1212946665,0.1333081346,0.3403045603,2.26244069,1.274090708,1.10760945,1.024282469,1.269142486
"C: EMEF, rest of the metropolitan region (RMB)",working-day mix (EMEF),"km of cars by the private owner's age, DGT 2024 (owner, not driver: bound)",False,Madrid survey: km per resident,0.1034191416,0.1309136137,0.2262426837,2.757668083,1.313021525,1.172148149,0.9241751927,2.0202237
"C: EMEF, rest of the metropolitan region (RMB)",working-day mix (EMEF),"km of cars by the private owner's age, DGT 2024 (owner, not driver: bound)",False,"Madrid km per DGT licence holder, Spain's licence holders",0.1034191416,0.1309136137,0.2220854557,2.757668083,1.313021525,1.172148149,0.9192363378,2.058040362
"C: EMEF, rest of the metropolitan region (RMB)",working-day mix (EMEF),"km of cars by the private owner's age, DGT 2024 (owner, not driver: bound)",False,"RACC driving-days limit for men, equal km per licence holder for women",0.1034191416,0.1309136137,0.2736809127,2.757668083,1.313021525,1.172148149,0.9845360385,1.670050085
"C: EMEF, rest of the metropolitan region (RMB)",working-day mix (EMEF),"km of cars by the private owner's age, DGT 2024 (owner, not driver: bound)",False,equal km per licence holder,0.1034191416,0.1309136137,0.3403045603,2.757668083,1.313021525,1.172148149,1.083965833,1.343093467
"C: EMEF, rest of the metropolitan region (RMB)",working-day mix (EMEF),B-licence holders: equal km per holder at every age (bound),False,Madrid survey: km per resident,0.1213540437,0.1353404897,0.26401952,2.250173563,1.267166905,1.08559272,0.8998646588,1.603328028
"C: EMEF, rest of the metropolitan region (RMB)",working-day mix (EMEF),B-licence holders: equal km per holder at every age (bound),False,"Madrid km per DGT licence holder, Spain's licence holders",0.1213540437,0.1353404897,0.2614619352,2.250173563,1.267166905,1.08559272,0.8967483939,1.619011564
"C: EMEF, rest of the metropolitan region (RMB)",working-day mix (EMEF),B-licence holders: equal km per holder at every age (bound),False,"RACC driving-days limit for men, equal km per licence holder for women",0.1213540437,0.1353404897,0.2932041822,2.250173563,1.267166905,1.08559272,0.9370214238,1.44373758
"C: EMEF, rest of the metropolitan region (RMB)",working-day mix (EMEF),B-licence holders: equal km per holder at every age (bound),False,equal km per licence holder,0.1213540437,0.1353404897,0.3341919824,2.250173563,1.267166905,1.08559272,0.9947053895,1.266666823
"C: EMEF, rest of the metropolitan region (RMB)",working-day mix (EMEF),under 65 only: working-day mix without 65 and over (bound),False,Madrid survey: km per resident,0.1232392805,0.08326336287,0.2262426837,2.341865893,1.235600424,1.865011973,1.470460711,3.214390086
"C: EMEF, rest of the metropolitan region (RMB)",working-day mix (EMEF),under 65 only: working-day mix without 65 and over (bound),False,"Madrid km per DGT licence holder, Spain's licence holders",0.1232392805,0.08326336287,0.2220854557,2.341865893,1.235600424,1.865011973,1.462602469,3.274560405
"C: EMEF, rest of the metropolitan region (RMB)",working-day mix (EMEF),under 65 only: working-day mix without 65 and over (bound),False,"RACC driving-days limit for men, equal km per licence holder for women",0.1232392805,0.08326336287,0.2736809127,2.341865893,1.235600424,1.865011973,1.566501215,2.657226741
"C: EMEF, rest of the metropolitan region (RMB)",working-day mix (EMEF),under 65 only: working-day mix without 65 and over (bound),False,equal km per licence holder,0.1232392805,0.08326336287,0.3403045603,2.341865893,1.235600424,1.865011973,1.72470456,2.137004097
"C: EMEF, rest of the metropolitan region (RMB)","overnight weekend stays away, driving (EMEF 2023, proxy)",working-day mix (EMEF),True,Madrid survey: km per resident,0.1211761516,0.123978932,0.2262426837,2.27187871,1.244054402,1.194754851,0.9419993509,2.059186861
"C: EMEF, rest of the metropolitan region (RMB)","overnight weekend stays away, driving (EMEF 2023, proxy)",working-day mix (EMEF),True,"Madrid km per DGT licence holder, Spain's licence holders",0.1211761516,0.123978932,0.2220854557,2.27187871,1.244054402,1.194754851,0.9369652425,2.097732876
"C: EMEF, rest of the metropolitan region (RMB)","overnight weekend stays away, driving (EMEF 2023, proxy)",working-day mix (EMEF),True,"RACC driving-days limit for men, equal km per licence holder for women",0.1211761516,0.123978932,0.2736809127,2.27187871,1.244054402,1.194754851,1.00352435,1.702259603
"C: EMEF, rest of the metropolitan region (RMB)","overnight weekend stays away, driving (EMEF 2023, proxy)",working-day mix (EMEF),True,equal km per licence holder,0.1211761516,0.123978932,0.3403045603,2.27187871,1.244054402,1.194754851,1.104871803,1.368997116
"C: EMEF, rest of the metropolitan region (RMB)","overnight weekend stays away, driving (EMEF 2023, proxy)","car journeys over 50 km per resident (MOVILIA 2007, Spain)",True,Madrid survey: km per resident,0.1449367778,0.1103280871,0.2262426837,1.864258488,1.22791612,1.3177197,1.03895046,2.271119543
"C: EMEF, rest of the metropolitan region (RMB)","overnight weekend stays away, driving (EMEF 2023, proxy)","car journeys over 50 km per resident (MOVILIA 2007, Spain)",True,"Madrid km per DGT licence holder, Spain's licence holders",0.1449367778,0.1103280871,0.2220854557,1.864258488,1.22791612,1.3177197,1.033398238,2.313632737
"C: EMEF, rest of the metropolitan region (RMB)","overnight weekend stays away, driving (EMEF 2023, proxy)","car journeys over 50 km per resident (MOVILIA 2007, Spain)",True,"RACC driving-days limit for men, equal km per licence holder for women",0.1449367778,0.1103280871,0.2736809127,1.864258488,1.22791612,1.3177197,1.106807646,1.877457129
"C: EMEF, rest of the metropolitan region (RMB)","overnight weekend stays away, driving (EMEF 2023, proxy)","car journeys over 50 km per resident (MOVILIA 2007, Spain)",True,equal km per licence holder,0.1449367778,0.1103280871,0.3403045603,1.864258488,1.22791612,1.3177197,1.218585837,1.509895078
"C: EMEF, rest of the metropolitan region (RMB)","overnight weekend stays away, driving (EMEF 2023, proxy)","overnight weekend stays away, driving (EMEF 2023, proxy)",True,Madrid survey: km per resident,0.126506635,0.1333835602,0.2262426837,2.144845037,1.260585626,1.094539187,0.8629847388,1.886462909
"C: EMEF, rest of the metropolitan region (RMB)","overnight weekend stays away, driving (EMEF 2023, proxy)","overnight weekend stays away, driving (EMEF 2023, proxy)",True,"Madrid km per DGT licence holder, Spain's licence holders",0.126506635,0.1333835602,0.2220854557,2.144845037,1.260585626,1.094539187,0.8583728899,1.921775696
"C: EMEF, rest of the metropolitan region (RMB)","overnight weekend stays away, driving (EMEF 2023, proxy)","overnight weekend stays away, driving (EMEF 2023, proxy)",True,"RACC driving-days limit for men, equal km per licence holder for women",0.126506635,0.1333835602,0.2736809127,2.144845037,1.260585626,1.094539187,0.9193490398,1.559474598
"C: EMEF, rest of the metropolitan region (RMB)","overnight weekend stays away, driving (EMEF 2023, proxy)","overnight weekend stays away, driving (EMEF 2023, proxy)",True,equal km per licence holder,0.126506635,0.1333835602,0.3403045603,2.144845037,1.260585626,1.094539187,1.0121955,1.254166065
"C: EMEF, rest of the metropolitan region (RMB)","overnight weekend stays away, driving (EMEF 2023, proxy)","car trips on an average weekend day (MOVILIA 2006, Spain)",True,Madrid survey: km per resident,0.1240122336,0.138102767,0.2262426837,2.196581009,1.28307128,1.061289261,0.8367689775,1.829155915
"C: EMEF, rest of the metropolitan region (RMB)","overnight weekend stays away, driving (EMEF 2023, proxy)","car trips on an average weekend day (MOVILIA 2006, Spain)",True,"Madrid km per DGT licence holder, Spain's licence holders",0.1240122336,0.138102767,0.2220854557,2.196581009,1.28307128,1.061289261,0.8322972273,1.86339597
"C: EMEF, rest of the metropolitan region (RMB)","overnight weekend stays away, driving (EMEF 2023, proxy)","car trips on an average weekend day (MOVILIA 2006, Spain)",True,"RACC driving-days limit for men, equal km per licence holder for women",0.1240122336,0.138102767,0.2736809127,2.196581009,1.28307128,1.061289261,0.891421043,1.512100858
"C: EMEF, rest of the metropolitan region (RMB)","overnight weekend stays away, driving (EMEF 2023, proxy)","car trips on an average weekend day (MOVILIA 2006, Spain)",True,equal km per licence holder,0.1240122336,0.138102767,0.3403045603,2.196581009,1.28307128,1.061289261,0.9814470124,1.216066992
"C: EMEF, rest of the metropolitan region (RMB)","overnight weekend stays away, driving (EMEF 2023, proxy)","km of cars by the private owner's age, DGT 2024 (owner, not driver: bound)",False,Madrid survey: km per resident,0.1061367087,0.1357082461,0.2262426837,2.668036324,1.322486003,1.122730477,0.8852120413,1.935051232
"C: EMEF, rest of the metropolitan region (RMB)","overnight weekend stays away, driving (EMEF 2023, proxy)","km of cars by the private owner's age, DGT 2024 (owner, not driver: bound)",False,"Madrid km per DGT licence holder, Spain's licence holders",0.1061367087,0.1357082461,0.2220854557,2.668036324,1.322486003,1.122730477,0.8804814081,1.971273547
"C: EMEF, rest of the metropolitan region (RMB)","overnight weekend stays away, driving (EMEF 2023, proxy)","km of cars by the private owner's age, DGT 2024 (owner, not driver: bound)",False,"RACC driving-days limit for men, equal km per licence holder for women",0.1061367087,0.1357082461,0.2736809127,2.668036324,1.322486003,1.122730477,0.9430280787,1.599640909
"C: EMEF, rest of the metropolitan region (RMB)","overnight weekend stays away, driving (EMEF 2023, proxy)","km of cars by the private owner's age, DGT 2024 (owner, not driver: bound)",False,equal km per licence holder,0.1061367087,0.1357082461,0.3403045603,2.668036324,1.322486003,1.122730477,1.038265921,1.286468755
"C: EMEF, rest of the metropolitan region (RMB)","overnight weekend stays away, driving (EMEF 2023, proxy)",B-licence holders: equal km per holder at every age (bound),False,Madrid survey: km per resident,0.1240716108,0.1401351222,0.26272701,2.18461409,1.276042473,1.040697594,0.8611380829,1.54458327
"C: EMEF, rest of the metropolitan region (RMB)","overnight weekend stays away, driving (EMEF 2023, proxy)",B-licence holders: equal km per holder at every age (bound),False,"Madrid km per DGT licence holder, Spain's licence holders",0.1240716108,0.1401351222,0.2601146944,2.18461409,1.276042473,1.040697594,0.8580976597,1.560095424
"C: EMEF, rest of the metropolitan region (RMB)","overnight weekend stays away, driving (EMEF 2023, proxy)",B-licence holders: equal km per holder at every age (bound),False,"RACC driving-days limit for men, equal km per licence holder for women",0.1240716108,0.1401351222,0.2925362062,2.18461409,1.276042473,1.040697594,0.8974223907,1.387191519
"C: EMEF, rest of the metropolitan region (RMB)","overnight weekend stays away, driving (EMEF 2023, proxy)",B-licence holders: equal km per holder at every age (bound),False,equal km per licence holder,0.1240716108,0.1401351222,0.3344011203,2.18461409,1.276042473,1.040697594,0.9538685664,1.213523878
"C: EMEF, rest of the metropolitan region (RMB)","overnight weekend stays away, driving (EMEF 2023, proxy)",under 65 only: working-day mix without 65 and over (bound),False,Madrid survey: km per resident,0.1259568476,0.08805799534,0.2262426837,2.275309373,1.243357682,1.751127789,1.380669213,3.018108135
"C: EMEF, rest of the metropolitan region (RMB)","overnight weekend stays away, driving (EMEF 2023, proxy)",under 65 only: working-day mix without 65 and over (bound),False,"Madrid km per DGT licence holder, Spain's licence holders",0.1259568476,0.08805799534,0.2220854557,2.275309373,1.243357682,1.751127789,1.373290824,3.074604242
"C: EMEF, rest of the metropolitan region (RMB)","overnight weekend stays away, driving (EMEF 2023, proxy)",under 65 only: working-day mix without 65 and over (bound),False,"RACC driving-days limit for men, equal km per licence holder for women",0.1259568476,0.08805799534,0.2736809127,2.275309373,1.243357682,1.751127789,1.470845148,2.49496714
"C: EMEF, rest of the metropolitan region (RMB)","overnight weekend stays away, driving (EMEF 2023, proxy)",under 65 only: working-day mix without 65 and over (bound),False,equal km per licence holder,0.1259568476,0.08805799534,0.3403045603,2.275309373,1.243357682,1.751127789,1.61938804,2.006511119
"C: EMEF, rest of the metropolitan region (RMB)","car trips on an average weekend day (MOVILIA 2006, Spain)",working-day mix (EMEF),True,Madrid survey: km per resident,0.1199044653,0.1263848604,0.2262426837,2.300505449,1.255014739,1.174324078,0.925890795,2.023973963
"C: EMEF, rest of the metropolitan region (RMB)","car trips on an average weekend day (MOVILIA 2006, Spain)",working-day mix (EMEF),True,"Madrid km per DGT licence holder, Spain's licence holders",0.1199044653,0.1263848604,0.2220854557,2.300505449,1.255014739,1.174324078,0.9209427718,2.061860827
"C: EMEF, rest of the metropolitan region (RMB)","car trips on an average weekend day (MOVILIA 2006, Spain)",working-day mix (EMEF),True,"RACC driving-days limit for men, equal km per licence holder for women",0.1199044653,0.1263848604,0.2736809127,2.300505449,1.255014739,1.174324078,0.9863636922,1.6731503
"C: EMEF, rest of the metropolitan region (RMB)","car trips on an average weekend day (MOVILIA 2006, Spain)",working-day mix (EMEF),True,equal km per licence holder,0.1199044653,0.1263848604,0.3403045603,2.300505449,1.255014739,1.174324078,1.085978064,1.345586732
"C: EMEF, rest of the metropolitan region (RMB)","car trips on an average weekend day (MOVILIA 2006, Spain)","car journeys over 50 km per resident (MOVILIA 2007, Spain)",True,Madrid survey: km per resident,0.1436650914,0.1127340155,0.2262426837,1.884542531,1.238828071,1.292190714,1.01882224,2.227119762
"C: EMEF, rest of the metropolitan region (RMB)","car trips on an average weekend day (MOVILIA 2006, Spain)","car journeys over 50 km per resident (MOVILIA 2007, Spain)",True,"Madrid km per DGT licence holder, Spain's licence holders",0.1436650914,0.1127340155,0.2220854557,1.884542531,1.238828071,1.292190714,1.013377585,2.268809322
"C: EMEF, rest of the metropolitan region (RMB)","car trips on an average weekend day (MOVILIA 2006, Spain)","car journeys over 50 km per resident (MOVILIA 2007, Spain)",True,"RACC driving-days limit for men, equal km per licence holder for women",0.1436650914,0.1127340155,0.2736809127,1.884542531,1.238828071,1.292190714,1.085364788,1.841084009
"C: EMEF, rest of the metropolitan region (RMB)","car trips on an average weekend day (MOVILIA 2006, Spain)","car journeys over 50 km per resident (MOVILIA 2007, Spain)",True,equal km per licence holder,0.1436650914,0.1127340155,0.3403045603,1.884542531,1.238828071,1.292190714,1.194977432,1.480642962
"C: EMEF, rest of the metropolitan region (RMB)","car trips on an average weekend day (MOVILIA 2006, Spain)","overnight weekend stays away, driving (EMEF 2023, proxy)",True,Madrid survey: km per resident,0.1252349486,0.1357894886,0.2262426837,2.17096336,1.271971848,1.077299055,0.8493918304,1.856749153
"C: EMEF, rest of the metropolitan region (RMB)","car trips on an average weekend day (MOVILIA 2006, Spain)","overnight weekend stays away, driving (EMEF 2023, proxy)",True,"Madrid km per DGT licence holder, Spain's licence holders",0.1252349486,0.1357894886,0.2220854557,2.17096336,1.271971848,1.077299055,0.8448526228,1.891505728
"C: EMEF, rest of the metropolitan region (RMB)","car trips on an average weekend day (MOVILIA 2006, Spain)","overnight weekend stays away, driving (EMEF 2023, proxy)",True,"RACC driving-days limit for men, equal km per licence holder for women",0.1252349486,0.1357894886,0.2736809127,2.17096336,1.271971848,1.077299055,0.9048683349,1.534911248
"C: EMEF, rest of the metropolitan region (RMB)","car trips on an average weekend day (MOVILIA 2006, Spain)","overnight weekend stays away, driving (EMEF 2023, proxy)",True,equal km per licence holder,0.1252349486,0.1357894886,0.3403045603,2.17096336,1.271971848,1.077299055,0.9962523667,1.234411643
"C: EMEF, rest of the metropolitan region (RMB)","car trips on an average weekend day (MOVILIA 2006, Spain)","car trips on an average weekend day (MOVILIA 2006, Spain)",True,Madrid survey: km per resident,0.1227405472,0.1405086955,0.2262426837,2.223766148,1.29477634,1.045197504,0.8240815005,1.801421409
"C: EMEF, rest of the metropolitan region (RMB)","car trips on an average weekend day (MOVILIA 2006, Spain)","car trips on an average weekend day (MOVILIA 2006, Spain)",True,"Madrid km per DGT licence holder, Spain's licence holders",0.1227405472,0.1405086955,0.2220854557,2.223766148,1.29477634,1.045197504,0.8196775531,1.835142301
"C: EMEF, rest of the metropolitan region (RMB)","car trips on an average weekend day (MOVILIA 2006, Spain)","car trips on an average weekend day (MOVILIA 2006, Spain)",True,"RACC driving-days limit for men, equal km per licence holder for women",0.1227405472,0.1405086955,0.2736809127,2.223766148,1.29477634,1.045197504,0.8779049062,1.489173688
"C: EMEF, rest of the metropolitan region (RMB)","car trips on an average weekend day (MOVILIA 2006, Spain)","car trips on an average weekend day (MOVILIA 2006, Spain)",True,equal km per licence holder,0.1227405472,0.1405086955,0.3403045603,2.223766148,1.29477634,1.045197504,0.9665658603,1.197628424
"C: EMEF, rest of the metropolitan region (RMB)","car trips on an average weekend day (MOVILIA 2006, Spain)","km of cars by the private owner's age, DGT 2024 (owner, not driver: bound)",False,Madrid survey: km per resident,0.1048650223,0.1381141746,0.2262426837,2.705572788,1.334368912,1.105289436,0.8714607272,1.904991206
"C: EMEF, rest of the metropolitan region (RMB)","car trips on an average weekend day (MOVILIA 2006, Spain)","km of cars by the private owner's age, DGT 2024 (owner, not driver: bound)",False,"Madrid km per DGT licence holder, Spain's licence holders",0.1048650223,0.1381141746,0.2220854557,2.705572788,1.334368912,1.105289436,0.866803582,1.940650826
"C: EMEF, rest of the metropolitan region (RMB)","car trips on an average weekend day (MOVILIA 2006, Spain)","km of cars by the private owner's age, DGT 2024 (owner, not driver: bound)",False,"RACC driving-days limit for men, equal km per licence holder for women",0.1048650223,0.1381141746,0.2736809127,2.705572788,1.334368912,1.105289436,0.9283786222,1.574791309
"C: EMEF, rest of the metropolitan region (RMB)","car trips on an average weekend day (MOVILIA 2006, Spain)","km of cars by the private owner's age, DGT 2024 (owner, not driver: bound)",False,equal km per licence holder,0.1048650223,0.1381141746,0.3403045603,2.705572788,1.334368912,1.105289436,1.022136994,1.266484124
"C: EMEF, rest of the metropolitan region (RMB)","car trips on an average weekend day (MOVILIA 2006, Spain)",B-licence holders: equal km per holder at every age (bound),False,Madrid survey: km per resident,0.1227999244,0.1425410506,0.2621111967,2.211662157,1.287691559,1.025182837,0.8475922475,1.525131367
"C: EMEF, rest of the metropolitan region (RMB)","car trips on an average weekend day (MOVILIA 2006, Spain)",B-licence holders: equal km per holder at every age (bound),False,"Madrid km per DGT licence holder, Spain's licence holders",0.1227999244,0.1425410506,0.2594728048,2.211662157,1.287691559,1.025182837,0.8445723981,1.540639329
"C: EMEF, rest of the metropolitan region (RMB)","car trips on an average weekend day (MOVILIA 2006, Spain)",B-licence holders: equal km per holder at every age (bound),False,"RACC driving-days limit for men, equal km per licence holder for women",0.1227999244,0.1425410506,0.2922179506,2.211662157,1.287691559,1.025182837,0.883646074,1.367999491
"C: EMEF, rest of the metropolitan region (RMB)","car trips on an average weekend day (MOVILIA 2006, Spain)",B-licence holders: equal km per holder at every age (bound),False,equal km per licence holder,0.1227999244,0.1425410506,0.3345007635,2.211662157,1.287691559,1.025182837,0.9397889507,1.195076518
"C: EMEF, rest of the metropolitan region (RMB)","car trips on an average weekend day (MOVILIA 2006, Spain)",under 65 only: working-day mix without 65 and over (bound),False,Madrid survey: km per resident,0.1246851613,0.09046392377,0.2262426837,2.302873492,1.253872794,1.707787486,1.346497737,2.943410147
"C: EMEF, rest of the metropolitan region (RMB)","car trips on an average weekend day (MOVILIA 2006, Spain)",under 65 only: working-day mix without 65 and over (bound),False,"Madrid km per DGT licence holder, Spain's licence holders",0.1246851613,0.09046392377,0.2220854557,2.302873492,1.253872794,1.707787486,1.339301961,2.998507979
"C: EMEF, rest of the metropolitan region (RMB)","car trips on an average weekend day (MOVILIA 2006, Spain)",under 65 only: working-day mix without 65 and over (bound),False,"RACC driving-days limit for men, equal km per licence holder for women",0.1246851613,0.09046392377,0.2736809127,2.302873492,1.253872794,1.707787486,1.434441822,2.433216859
"C: EMEF, rest of the metropolitan region (RMB)","car trips on an average weekend day (MOVILIA 2006, Spain)",under 65 only: working-day mix without 65 and over (bound),False,equal km per licence holder,0.1246851613,0.09046392377,0.3403045603,2.302873492,1.253872794,1.707787486,1.579308287,1.956850094
"C: EMEF, rest of the province",working-day mix (EMEF),working-day mix (EMEF),True,Madrid survey: km per resident,0.1569618566,0.1121330993,0.2266344973,1.649399084,1.157679758,1.24225412,0.9799461687,2.137351392
"C: EMEF, rest of the province",working-day mix (EMEF),working-day mix (EMEF),True,"Madrid km per DGT licence holder, Spain's licence holders",0.1569618566,0.1121330993,0.2221451735,1.649399084,1.157679758,1.24225412,0.9742904918,2.180545049
"C: EMEF, rest of the province",working-day mix (EMEF),working-day mix (EMEF),True,"RACC driving-days limit for men, equal km per licence holder for women",0.1569618566,0.1121330993,0.2721232739,1.649399084,1.157679758,1.24225412,1.041188067,1.780066627
"C: EMEF, rest of the province",working-day mix (EMEF),working-day mix (EMEF),True,equal km per licence holder,0.1569618566,0.1121330993,0.3365921494,1.649399084,1.157679758,1.24225412,1.142368998,1.439123162
"C: EMEF, rest of the province",working-day mix (EMEF),"car journeys over 50 km per resident (MOVILIA 2007, Spain)",True,Madrid survey: km per resident,0.1690392943,0.1006218259,0.2266344973,1.534467228,1.165188454,1.387003287,1.094130851,2.386398532
"C: EMEF, rest of the province",working-day mix (EMEF),"car journeys over 50 km per resident (MOVILIA 2007, Spain)",True,"Madrid km per DGT licence holder, Spain's licence holders",0.1690392943,0.1006218259,0.2221451735,1.534467228,1.165188454,1.387003287,1.087816167,2.434625173
"C: EMEF, rest of the province",working-day mix (EMEF),"car journeys over 50 km per resident (MOVILIA 2007, Spain)",True,"RACC driving-days limit for men, equal km per licence holder for women",0.1690392943,0.1006218259,0.2721232739,1.534467228,1.165188454,1.387003287,1.16250874,1.987482452
"C: EMEF, rest of the province",working-day mix (EMEF),"car journeys over 50 km per resident (MOVILIA 2007, Spain)",True,equal km per licence holder,0.1690392943,0.1006218259,0.3365921494,1.534467228,1.165188454,1.387003287,1.275479413,1.606811783
"C: EMEF, rest of the province",working-day mix (EMEF),"overnight weekend stays away, driving (EMEF 2023, proxy)",True,Madrid survey: km per resident,0.1637981716,0.12072626,0.2266344973,1.555474519,1.172737491,1.135519508,0.8957490854,1.953709924
"C: EMEF, rest of the province",working-day mix (EMEF),"overnight weekend stays away, driving (EMEF 2023, proxy)",True,"Madrid km per DGT licence holder, Spain's licence holders",0.1637981716,0.12072626,0.2221451735,1.555474519,1.172737491,1.135519508,0.8905793449,1.993192377
"C: EMEF, rest of the province",working-day mix (EMEF),"overnight weekend stays away, driving (EMEF 2023, proxy)",True,"RACC driving-days limit for men, equal km per licence holder for women",0.1637981716,0.12072626,0.2721232739,1.555474519,1.172737491,1.135519508,0.951729073,1.627123105
"C: EMEF, rest of the province",working-day mix (EMEF),"overnight weekend stays away, driving (EMEF 2023, proxy)",True,equal km per licence holder,0.1637981716,0.12072626,0.3365921494,1.555474519,1.172737491,1.135519508,1.044216527,1.315473541
"C: EMEF, rest of the province",working-day mix (EMEF),"car trips on an average weekend day (MOVILIA 2006, Spain)",True,Madrid survey: km per resident,0.1606811843,0.1253357875,0.2266344973,1.593683541,1.193378793,1.099300468,0.8671778706,1.891393516
"C: EMEF, rest of the province",working-day mix (EMEF),"car trips on an average weekend day (MOVILIA 2006, Spain)",True,"Madrid km per DGT licence holder, Spain's licence holders",0.1606811843,0.1253357875,0.2221451735,1.593683541,1.193378793,1.099300468,0.8621730264,1.929616618
"C: EMEF, rest of the province",working-day mix (EMEF),"car trips on an average weekend day (MOVILIA 2006, Spain)",True,"RACC driving-days limit for men, equal km per licence holder for women",0.1606811843,0.1253357875,0.2721232739,1.593683541,1.193378793,1.099300468,0.9213722953,1.575223656
"C: EMEF, rest of the province",working-day mix (EMEF),"car trips on an average weekend day (MOVILIA 2006, Spain)",True,equal km per licence holder,0.1606811843,0.1253357875,0.3365921494,1.593683541,1.193378793,1.099300468,1.010909728,1.273514606
"C: EMEF, rest of the province",working-day mix (EMEF),"km of cars by the private owner's age, DGT 2024 (owner, not driver: bound)",False,Madrid survey: km per resident,0.1302392252,0.1260019849,0.2266344973,2.091245804,1.256924344,1.163037975,0.9174568953,2.001056625
"C: EMEF, rest of the province",working-day mix (EMEF),"km of cars by the private owner's age, DGT 2024 (owner, not driver: bound)",False,"Madrid km per DGT licence holder, Spain's licence holders",0.1302392252,0.1260019849,0.2221451735,2.091245804,1.256924344,1.163037975,0.91216187,2.041495905
"C: EMEF, rest of the province",working-day mix (EMEF),"km of cars by the private owner's age, DGT 2024 (owner, not driver: bound)",False,"RACC driving-days limit for men, equal km per licence holder for women",0.1302392252,0.1260019849,0.2721232739,2.091245804,1.256924344,1.163037975,0.9747935161,1.666555218
"C: EMEF, rest of the province",working-day mix (EMEF),"km of cars by the private owner's age, DGT 2024 (owner, not driver: bound)",False,equal km per licence holder,0.1302392252,0.1260019849,0.3365921494,2.091245804,1.256924344,1.163037975,1.069522334,1.347353059
"C: EMEF, rest of the province",working-day mix (EMEF),B-licence holders: equal km per holder at every age (bound),False,Madrid survey: km per resident,0.1481741273,0.130428861,0.2656774741,1.756273061,1.210513148,1.073532291,0.8918767256,1.575621427
"C: EMEF, rest of the province",working-day mix (EMEF),B-licence holders: equal km per holder at every age (bound),False,"Madrid km per DGT licence holder, Spain's licence holders",0.1481741273,0.130428861,0.2629806301,1.756273061,1.210513148,1.073532291,0.8886132395,1.591779291
"C: EMEF, rest of the province",working-day mix (EMEF),B-licence holders: equal km per holder at every age (bound),False,"RACC driving-days limit for men, equal km per licence holder for women",0.1481741273,0.130428861,0.2930036695,1.756273061,1.210513148,1.073532291,0.926348754,1.428675353
"C: EMEF, rest of the province",working-day mix (EMEF),B-licence holders: equal km per holder at every age (bound),False,equal km per licence holder,0.1481741273,0.130428861,0.3317316638,1.756273061,1.210513148,1.073532291,0.9800332208,1.261884729
"C: EMEF, rest of the province",working-day mix (EMEF),under 65 only: working-day mix without 65 and over (bound),False,Madrid survey: km per resident,0.1629420544,0.07835173413,0.2266344973,1.649038997,1.157239865,1.84518492,1.455565221,3.174719645
"C: EMEF, rest of the province",working-day mix (EMEF),under 65 only: working-day mix without 65 and over (bound),False,"Madrid km per DGT licence holder, Spain's licence holders",0.1629420544,0.07835173413,0.2221451735,1.649038997,1.157239865,1.84518492,1.447164549,3.238877438
"C: EMEF, rest of the province",working-day mix (EMEF),under 65 only: working-day mix without 65 and over (bound),False,"RACC driving-days limit for men, equal km per licence holder for women",0.1629420544,0.07835173413,0.2721232739,1.649038997,1.157239865,1.84518492,1.546531011,2.644025923
"C: EMEF, rest of the province",working-day mix (EMEF),under 65 only: working-day mix without 65 and over (bound),False,equal km per licence holder,0.1629420544,0.07835173413,0.3365921494,1.649038997,1.157239865,1.84518492,1.696820332,2.137604789
"C: EMEF, rest of the province","overnight weekend stays away, driving (EMEF 2023, proxy)",working-day mix (EMEF),True,Madrid survey: km per resident,0.1604471212,0.1165140324,0.2266344973,1.600514716,1.165247582,1.18587186,0.9354692953,2.040343301
"C: EMEF, rest of the province","overnight weekend stays away, driving (EMEF 2023, proxy)",working-day mix (EMEF),True,"Madrid km per DGT licence holder, Spain's licence holders",0.1604471212,0.1165140324,0.2221451735,1.600514716,1.165247582,1.18587186,0.9300703129,2.081576524
"C: EMEF, rest of the province","overnight weekend stays away, driving (EMEF 2023, proxy)",working-day mix (EMEF),True,"RACC driving-days limit for men, equal km per licence holder for women",0.1604471212,0.1165140324,0.2721232739,1.600514716,1.165247582,1.18587186,0.9939316039,1.69927464
"C: EMEF, rest of the province","overnight weekend stays away, driving (EMEF 2023, proxy)",working-day mix (EMEF),True,equal km per licence holder,0.1604471212,0.1165140324,0.3365921494,1.600514716,1.165247582,1.18587186,1.09052023,1.373805596
"C: EMEF, rest of the province","overnight weekend stays away, driving (EMEF 2023, proxy)","car journeys over 50 km per resident (MOVILIA 2007, Spain)",True,Madrid survey: km per resident,0.1725245589,0.105002759,0.2266344973,1.491326772,1.172902663,1.318400701,1.040014032,2.268364845
"C: EMEF, rest of the province","overnight weekend stays away, driving (EMEF 2023, proxy)","car journeys over 50 km per resident (MOVILIA 2007, Spain)",True,"Madrid km per DGT licence holder, Spain's licence holders",0.1725245589,0.105002759,0.2221451735,1.491326772,1.172902663,1.318400701,1.034011678,2.314206148
"C: EMEF, rest of the province","overnight weekend stays away, driving (EMEF 2023, proxy)","car journeys over 50 km per resident (MOVILIA 2007, Spain)",True,"RACC driving-days limit for men, equal km per licence holder for women",0.1725245589,0.105002759,0.2721232739,1.491326772,1.172902663,1.318400701,1.105009881,1.889179558
"C: EMEF, rest of the province","overnight weekend stays away, driving (EMEF 2023, proxy)","car journeys over 50 km per resident (MOVILIA 2007, Spain)",True,equal km per licence holder,0.1725245589,0.105002759,0.3365921494,1.491326772,1.172902663,1.318400701,1.21239291,1.527337246
"C: EMEF, rest of the province","overnight weekend stays away, driving (EMEF 2023, proxy)","overnight weekend stays away, driving (EMEF 2023, proxy)",True,Madrid survey: km per resident,0.1672834363,0.1251071931,0.2266344973,1.510544762,1.180759434,1.086747515,0.8572755335,1.869795621
"C: EMEF, rest of the province","overnight weekend stays away, driving (EMEF 2023, proxy)","overnight weekend stays away, driving (EMEF 2023, proxy)",True,"Madrid km per DGT licence holder, Spain's licence holders",0.1672834363,0.1251071931,0.2221451735,1.510544762,1.180759434,1.086747515,0.8523278399,1.907582253
"C: EMEF, rest of the province","overnight weekend stays away, driving (EMEF 2023, proxy)","overnight weekend stays away, driving (EMEF 2023, proxy)",True,"RACC driving-days limit for men, equal km per licence holder for women",0.1672834363,0.1251071931,0.2721232739,1.510544762,1.180759434,1.086747515,0.9108511101,1.557236118
"C: EMEF, rest of the province","overnight weekend stays away, driving (EMEF 2023, proxy)","overnight weekend stays away, driving (EMEF 2023, proxy)",True,equal km per licence holder,0.1672834363,0.1251071931,0.3365921494,1.510544762,1.180759434,1.086747515,0.9993661114,1.258972294
"C: EMEF, rest of the province","overnight weekend stays away, driving (EMEF 2023, proxy)","car trips on an average weekend day (MOVILIA 2006, Spain)",True,Madrid survey: km per resident,0.1641664489,0.1297167206,0.2266344973,1.547089534,1.20181976,1.053484832,0.8310364272,1.812565753
"C: EMEF, rest of the province","overnight weekend stays away, driving (EMEF 2023, proxy)","car trips on an average weekend day (MOVILIA 2006, Spain)",True,"Madrid km per DGT licence holder, Spain's licence holders",0.1641664489,0.1297167206,0.2221451735,1.547089534,1.20181976,1.053484832,0.8262401704,1.849195828
"C: EMEF, rest of the province","overnight weekend stays away, driving (EMEF 2023, proxy)","car trips on an average weekend day (MOVILIA 2006, Spain)",True,"RACC driving-days limit for men, equal km per licence holder for women",0.1641664489,0.1297167206,0.2721232739,1.547089534,1.20181976,1.053484832,0.8829721865,1.509572931
"C: EMEF, rest of the province","overnight weekend stays away, driving (EMEF 2023, proxy)","car trips on an average weekend day (MOVILIA 2006, Spain)",True,equal km per licence holder,0.1641664489,0.1297167206,0.3365921494,1.547089534,1.20181976,1.053484832,0.9687779602,1.220438233
"C: EMEF, rest of the province","overnight weekend stays away, driving (EMEF 2023, proxy)","km of cars by the private owner's age, DGT 2024 (owner, not driver: bound)",False,Madrid survey: km per resident,0.1337244898,0.130382918,0.2266344973,2.021076841,1.266249502,1.115314823,0.8798107173,1.918946899
"C: EMEF, rest of the province","overnight weekend stays away, driving (EMEF 2023, proxy)","km of cars by the private owner's age, DGT 2024 (owner, not driver: bound)",False,"Madrid km per DGT licence holder, Spain's licence holders",0.1337244898,0.130382918,0.2221451735,2.021076841,1.266249502,1.115314823,0.8747329637,1.957726827
"C: EMEF, rest of the province","overnight weekend stays away, driving (EMEF 2023, proxy)","km of cars by the private owner's age, DGT 2024 (owner, not driver: bound)",False,"RACC driving-days limit for men, equal km per licence holder for women",0.1337244898,0.130382918,0.2721232739,2.021076841,1.266249502,1.115314823,0.9347946339,1.59817115
"C: EMEF, rest of the province","overnight weekend stays away, driving (EMEF 2023, proxy)","km of cars by the private owner's age, DGT 2024 (owner, not driver: bound)",False,equal km per licence holder,0.1337244898,0.130382918,0.3365921494,2.021076841,1.266249502,1.115314823,1.025636427,1.292066872
"C: EMEF, rest of the province","overnight weekend stays away, driving (EMEF 2023, proxy)",B-licence holders: equal km per holder at every age (bound),False,Madrid survey: km per resident,0.1516593919,0.1348097941,0.2644086889,1.702100088,1.219201239,1.030284948,0.8544710117,1.519403533
"C: EMEF, rest of the province","overnight weekend stays away, driving (EMEF 2023, proxy)",B-licence holders: equal km per holder at every age (bound),False,"Madrid km per DGT licence holder, Spain's licence holders",0.1516593919,0.1348097941,0.2616535944,1.702100088,1.219201239,1.030284948,0.8512826053,1.535402168
"C: EMEF, rest of the province","overnight weekend stays away, driving (EMEF 2023, proxy)",B-licence holders: equal km per holder at every age (bound),False,"RACC driving-days limit for men, equal km per licence holder for women",0.1516593919,0.1348097941,0.2923251163,1.702100088,1.219201239,1.030284948,0.8881782669,1.374303725
"C: EMEF, rest of the province","overnight weekend stays away, driving (EMEF 2023, proxy)",B-licence holders: equal km per holder at every age (bound),False,equal km per licence holder,0.1516593919,0.1348097941,0.3318896157,1.702100088,1.219201239,1.030284948,0.9407748578,1.210473233
"C: EMEF, rest of the province","overnight weekend stays away, driving (EMEF 2023, proxy)",under 65 only: working-day mix without 65 and over (bound),False,Madrid survey: km per resident,0.166427319,0.08273266724,0.2266344973,1.601918722,1.164518556,1.733853758,1.367742172,2.983169615
"C: EMEF, rest of the province","overnight weekend stays away, driving (EMEF 2023, proxy)",under 65 only: working-day mix without 65 and over (bound),False,"Madrid km per DGT licence holder, Spain's licence holders",0.166427319,0.08273266724,0.2221451735,1.601918722,1.164518556,1.733853758,1.359848363,3.043456381
"C: EMEF, rest of the province","overnight weekend stays away, driving (EMEF 2023, proxy)",under 65 only: working-day mix without 65 and over (bound),False,"RACC driving-days limit for men, equal km per licence holder for women",0.166427319,0.08273266724,0.2721232739,1.601918722,1.164518556,1.733853758,1.453219445,2.484495855
"C: EMEF, rest of the province","overnight weekend stays away, driving (EMEF 2023, proxy)",under 65 only: working-day mix without 65 and over (bound),False,equal km per licence holder,0.166427319,0.08273266724,0.3365921494,1.601918722,1.164518556,1.733853758,1.594440903,2.008630169
"C: EMEF, rest of the province","car trips on an average weekend day (MOVILIA 2006, Spain)",working-day mix (EMEF),True,Madrid survey: km per resident,0.1588580304,0.1188640446,0.2266344973,1.620668404,1.17551103,1.165405949,0.9193248602,2.005130825
"C: EMEF, rest of the province","car trips on an average weekend day (MOVILIA 2006, Spain)",working-day mix (EMEF),True,"Madrid km per DGT licence holder, Spain's licence holders",0.1588580304,0.1188640446,0.2221451735,1.620668404,1.17551103,1.165405949,0.9140190541,2.045652441
"C: EMEF, rest of the province","car trips on an average weekend day (MOVILIA 2006, Spain)",working-day mix (EMEF),True,"RACC driving-days limit for men, equal km per licence holder for women",0.1588580304,0.1188640446,0.2721232739,1.620668404,1.17551103,1.165405949,0.9767782197,1.669948366
"C: EMEF, rest of the province","car trips on an average weekend day (MOVILIA 2006, Spain)",working-day mix (EMEF),True,equal km per licence holder,0.1588580304,0.1188640446,0.3365921494,1.620668404,1.17551103,1.165405949,1.071699908,1.350096303
"C: EMEF, rest of the province","car trips on an average weekend day (MOVILIA 2006, Spain)","car journeys over 50 km per resident (MOVILIA 2007, Spain)",True,Madrid survey: km per resident,0.170935468,0.1073527711,0.2266344973,1.509041442,1.183261964,1.292839131,1.019849911,2.224385071
"C: EMEF, rest of the province","car trips on an average weekend day (MOVILIA 2006, Spain)","car journeys over 50 km per resident (MOVILIA 2007, Spain)",True,"Madrid km per DGT licence holder, Spain's licence holders",0.170935468,0.1073527711,0.2221451735,1.509041442,1.183261964,1.292839131,1.013963933,2.269337587
"C: EMEF, rest of the province","car trips on an average weekend day (MOVILIA 2006, Spain)","car journeys over 50 km per resident (MOVILIA 2007, Spain)",True,"RACC driving-days limit for men, equal km per licence holder for women",0.170935468,0.1073527711,0.2721232739,1.509041442,1.183261964,1.292839131,1.0835856,1.852551548
"C: EMEF, rest of the province","car trips on an average weekend day (MOVILIA 2006, Spain)","car journeys over 50 km per resident (MOVILIA 2007, Spain)",True,equal km per licence holder,0.170935468,0.1073527711,0.3365921494,1.509041442,1.183261964,1.292839131,1.188886653,1.497724748
"C: EMEF, rest of the province","car trips on an average weekend day (MOVILIA 2006, Spain)","overnight weekend stays away, driving (EMEF 2023, proxy)",True,Madrid survey: km per resident,0.1656943454,0.1274572052,0.2266344973,1.529004081,1.1914301,1.069489035,0.8436612655,1.840101669
"C: EMEF, rest of the province","car trips on an average weekend day (MOVILIA 2006, Spain)","overnight weekend stays away, driving (EMEF 2023, proxy)",True,"Madrid km per DGT licence holder, Spain's licence holders",0.1656943454,0.1274572052,0.2221451735,1.529004081,1.1914301,1.069489035,0.8387921454,1.877288216
"C: EMEF, rest of the province","car trips on an average weekend day (MOVILIA 2006, Spain)","overnight weekend stays away, driving (EMEF 2023, proxy)",True,"RACC driving-days limit for men, equal km per licence holder for women",0.1656943454,0.1274572052,0.2721232739,1.529004081,1.1914301,1.069489035,0.8963860161,1.532505877
"C: EMEF, rest of the province","car trips on an average weekend day (MOVILIA 2006, Spain)","overnight weekend stays away, driving (EMEF 2023, proxy)",True,equal km per licence holder,0.1656943454,0.1274572052,0.3365921494,1.529004081,1.1914301,1.069489035,0.9834953236,1.238978739
"C: EMEF, rest of the province","car trips on an average weekend day (MOVILIA 2006, Spain)","car trips on an average weekend day (MOVILIA 2006, Spain)",True,Madrid survey: km per resident,0.1625773581,0.1320667327,0.2266344973,1.566259962,1.212763253,1.037420607,0.8183642402,1.784926564
"C: EMEF, rest of the province","car trips on an average weekend day (MOVILIA 2006, Spain)","car trips on an average weekend day (MOVILIA 2006, Spain)",True,"Madrid km per DGT licence holder, Spain's licence holders",0.1625773581,0.1320667327,0.2221451735,1.566259962,1.212763253,1.037420607,0.8136411198,1.82099808
"C: EMEF, rest of the province","car trips on an average weekend day (MOVILIA 2006, Spain)","car trips on an average weekend day (MOVILIA 2006, Spain)",True,"RACC driving-days limit for men, equal km per licence holder for women",0.1625773581,0.1320667327,0.2721232739,1.566259962,1.212763253,1.037420607,0.869508049,1.486553975
"C: EMEF, rest of the province","car trips on an average weekend day (MOVILIA 2006, Spain)","car trips on an average weekend day (MOVILIA 2006, Spain)",True,equal km per licence holder,0.1625773581,0.1320667327,0.3365921494,1.566259962,1.212763253,1.037420607,0.9540054002,1.201828193
"C: EMEF, rest of the province","car trips on an average weekend day (MOVILIA 2006, Spain)","km of cars by the private owner's age, DGT 2024 (owner, not driver: bound)",False,Madrid survey: km per resident,0.132135399,0.1327329302,0.2266344973,2.050364121,1.277498592,1.098236537,0.8663385931,1.889562975
"C: EMEF, rest of the province","car trips on an average weekend day (MOVILIA 2006, Spain)","km of cars by the private owner's age, DGT 2024 (owner, not driver: bound)",False,"Madrid km per DGT licence holder, Spain's licence holders",0.132135399,0.1327329302,0.2221451735,2.050364121,1.277498592,1.098236537,0.8613385928,1.927749085
"C: EMEF, rest of the province","car trips on an average weekend day (MOVILIA 2006, Spain)","km of cars by the private owner's age, DGT 2024 (owner, not driver: bound)",False,"RACC driving-days limit for men, equal km per licence holder for women",0.132135399,0.1327329302,0.2721232739,2.050364121,1.277498592,1.098236537,0.9204805671,1.573699114
"C: EMEF, rest of the province","car trips on an average weekend day (MOVILIA 2006, Spain)","km of cars by the private owner's age, DGT 2024 (owner, not driver: bound)",False,equal km per licence holder,0.132135399,0.1327329302,0.3365921494,2.050364121,1.277498592,1.098236537,1.009931343,1.272282065
"C: EMEF, rest of the province","car trips on an average weekend day (MOVILIA 2006, Spain)",B-licence holders: equal km per holder at every age (bound),False,Madrid survey: km per resident,0.1500703011,0.1371598062,0.2637614891,1.724509608,1.230236713,1.015214718,0.8412323086,1.500852521
"C: EMEF, rest of the province","car trips on an average weekend day (MOVILIA 2006, Spain)",B-licence holders: equal km per holder at every age (bound),False,"Madrid km per DGT licence holder, Spain's licence holders",0.1500703011,0.1371598062,0.2609766813,1.724509608,1.230236713,1.015214718,0.8380623542,1.51686769
"C: EMEF, rest of the province","car trips on an average weekend day (MOVILIA 2006, Spain)",B-licence holders: equal km per holder at every age (bound),False,"RACC driving-days limit for men, equal km per licence holder for women",0.1500703011,0.1371598062,0.2919789903,1.724509608,1.230236713,1.015214718,0.8747588189,1.355806784
"C: EMEF, rest of the province","car trips on an average weekend day (MOVILIA 2006, Spain)",B-licence holders: equal km per holder at every age (bound),False,equal km per licence holder,0.1500703011,0.1371598062,0.331970186,1.724509608,1.230236713,1.015214718,0.92712572,1.192477856
"C: EMEF, rest of the province","car trips on an average weekend day (MOVILIA 2006, Spain)",under 65 only: working-day mix without 65 and over (bound),False,Madrid survey: km per resident,0.1648382282,0.08508267935,0.2266344973,1.621354785,1.174391682,1.690126585,1.333248202,2.907935142
"C: EMEF, rest of the province","car trips on an average weekend day (MOVILIA 2006, Spain)",under 65 only: working-day mix without 65 and over (bound),False,"Madrid km per DGT licence holder, Spain's licence holders",0.1648382282,0.08508267935,0.2221451735,1.621354785,1.174391682,1.690126585,1.325553472,2.966701498
"C: EMEF, rest of the province","car trips on an average weekend day (MOVILIA 2006, Spain)",under 65 only: working-day mix without 65 and over (bound),False,"RACC driving-days limit for men, equal km per licence holder for women",0.1648382282,0.08508267935,0.2721232739,1.621354785,1.174391682,1.690126585,1.41656977,2.421837756
"C: EMEF, rest of the province","car trips on an average weekend day (MOVILIA 2006, Spain)",under 65 only: working-day mix without 65 and over (bound),False,equal km per licence holder,0.1648382282,0.08508267935,0.3365921494,1.621354785,1.174391682,1.690126585,1.554229672,1.957973233
C: Madrid survey 2018,working-day mix (EMEF),working-day mix (EMEF),True,Madrid survey: km per resident,0.1021604125,0.08532395042,0.2256836272,2.786594929,1.127864992,1.795187937,1.414386323,3.101711267
C: Madrid survey 2018,working-day mix (EMEF),working-day mix (EMEF),True,"Madrid km per DGT licence holder, Spain's licence holders",0.1021604125,0.08532395042,0.2220001493,2.786594929,1.127864992,1.795187937,1.407689843,3.153175579
C: Madrid survey 2018,working-day mix (EMEF),working-day mix (EMEF),True,"RACC driving-days limit for men, equal km per licence holder for women",0.1021604125,0.08532395042,0.275931148,2.786594929,1.127864992,1.795187937,1.512539152,2.536884489
C: Madrid survey 2018,working-day mix (EMEF),working-day mix (EMEF),True,equal km per licence holder,0.1021604125,0.08532395042,0.3457462343,2.786594929,1.127864992,1.795187937,1.673941435,2.024622049
C: Madrid survey 2018,working-day mix (EMEF),"car journeys over 50 km per resident (MOVILIA 2007, Spain)",True,Madrid survey: km per resident,0.1308664525,0.08194747491,0.2256836272,2.119317594,1.142965817,1.821013616,1.434733768,3.146332668
C: Madrid survey 2018,working-day mix (EMEF),"car journeys over 50 km per resident (MOVILIA 2007, Spain)",True,"Madrid km per DGT licence holder, Spain's licence holders",0.1308664525,0.08194747491,0.2220001493,2.119317594,1.142965817,1.821013616,1.427940952,3.198537348
C: Madrid survey 2018,working-day mix (EMEF),"car journeys over 50 km per resident (MOVILIA 2007, Spain)",True,"RACC driving-days limit for men, equal km per licence holder for women",0.1308664525,0.08194747491,0.275931148,2.119317594,1.142965817,1.821013616,1.534298629,2.573380258
C: Madrid survey 2018,working-day mix (EMEF),"car journeys over 50 km per resident (MOVILIA 2007, Spain)",True,equal km per licence holder,0.1308664525,0.08194747491,0.3457462343,2.119317594,1.142965817,1.821013616,1.698022855,2.053748381
C: Madrid survey 2018,working-day mix (EMEF),"overnight weekend stays away, driving (EMEF 2023, proxy)",True,Madrid survey: km per resident,0.1072722532,0.09256545301,0.2256836272,2.62786437,1.142747208,1.638573075,1.29099316,2.83111337
C: Madrid survey 2018,working-day mix (EMEF),"overnight weekend stays away, driving (EMEF 2023, proxy)",True,"Madrid km per DGT licence holder, Spain's licence holders",0.1072722532,0.09256545301,0.2220001493,2.62786437,1.142747208,1.638573075,1.28488089,2.878087859
C: Madrid survey 2018,working-day mix (EMEF),"overnight weekend stays away, driving (EMEF 2023, proxy)",True,"RACC driving-days limit for men, equal km per licence holder for women",0.1072722532,0.09256545301,0.275931148,2.62786437,1.142747208,1.638573075,1.38058299,2.315562919
C: Madrid survey 2018,working-day mix (EMEF),"overnight weekend stays away, driving (EMEF 2023, proxy)",True,equal km per licence holder,0.1072722532,0.09256545301,0.3457462343,2.62786437,1.142747208,1.638573075,1.527904298,1.847991015
C: Madrid survey 2018,working-day mix (EMEF),"car trips on an average weekend day (MOVILIA 2006, Spain)",True,Madrid survey: km per resident,0.1052667862,0.09617376304,0.2256836272,2.692424597,1.163286432,1.585633089,1.249282991,2.739644089
C: Madrid survey 2018,working-day mix (EMEF),"car trips on an average weekend day (MOVILIA 2006, Spain)",True,"Madrid km per DGT licence holder, Spain's licence holders",0.1052667862,0.09617376304,0.2220001493,2.692424597,1.163286432,1.585633089,1.2433682,2.785100898
C: Madrid survey 2018,working-day mix (EMEF),"car trips on an average weekend day (MOVILIA 2006, Spain)",True,"RACC driving-days limit for men, equal km per licence holder for women",0.1052667862,0.09617376304,0.275931148,2.692424597,1.163286432,1.585633089,1.3359783,2.240750345
C: Madrid survey 2018,working-day mix (EMEF),"car trips on an average weekend day (MOVILIA 2006, Spain)",True,equal km per licence holder,0.1052667862,0.09617376304,0.3457462343,2.692424597,1.163286432,1.585633089,1.478539865,1.78828503
C: Madrid survey 2018,working-day mix (EMEF),"km of cars by the private owner's age, DGT 2024 (owner, not driver: bound)",False,Madrid survey: km per resident,0.0920663834,0.107327634,0.2256836272,3.153426261,1.226378606,1.455447698,1.146712985,2.514710817
C: Madrid survey 2018,working-day mix (EMEF),"km of cars by the private owner's age, DGT 2024 (owner, not driver: bound)",False,"Madrid km per DGT licence holder, Spain's licence holders",0.0920663834,0.107327634,0.2220001493,3.153426261,1.226378606,1.455447698,1.141283817,2.556435481
C: Madrid survey 2018,working-day mix (EMEF),"km of cars by the private owner's age, DGT 2024 (owner, not driver: bound)",False,"RACC driving-days limit for men, equal km per licence holder for women",0.0920663834,0.107327634,0.275931148,3.153426261,1.226378606,1.455447698,1.226290341,2.056777796
C: Madrid survey 2018,working-day mix (EMEF),"km of cars by the private owner's age, DGT 2024 (owner, not driver: bound)",False,equal km per licence holder,0.0920663834,0.107327634,0.3457462343,3.153426261,1.226378606,1.455447698,1.357147159,1.641461286
C: Madrid survey 2018,working-day mix (EMEF),B-licence holders: equal km per holder at every age (bound),False,Madrid survey: km per resident,0.1100012855,0.11175451,0.2716938471,2.529029955,1.183703192,1.339402394,1.121950409,1.922307087
C: Madrid survey 2018,working-day mix (EMEF),B-licence holders: equal km per holder at every age (bound),False,"Madrid km per DGT licence holder, Spain's licence holders",0.1100012855,0.11175451,0.2697268543,2.529029955,1.183703192,1.339402394,1.118928432,1.936325581
C: Madrid survey 2018,working-day mix (EMEF),B-licence holders: equal km per holder at every age (bound),False,"RACC driving-days limit for men, equal km per licence holder for women",0.1100012855,0.11175451,0.2985262367,2.529029955,1.183703192,1.339402394,1.16486664,1.749524643
C: Madrid survey 2018,working-day mix (EMEF),B-licence holders: equal km per holder at every age (bound),False,equal km per licence holder,0.1100012855,0.11175451,0.3358077894,2.529029955,1.183703192,1.339402394,1.230251384,1.555291522
C: Madrid survey 2018,working-day mix (EMEF),under 65 only: working-day mix without 65 and over (bound),False,Madrid survey: km per resident,0.1049685943,0.05967738318,0.2256836272,2.78795113,1.127551779,2.63851254,2.078821929,4.558800728
C: Madrid survey 2018,working-day mix (EMEF),under 65 only: working-day mix without 65 and over (bound),False,"Madrid km per DGT licence holder, Spain's licence holders",0.1049685943,0.05967738318,0.2220001493,2.78795113,1.127551779,2.63851254,2.068979646,4.634441406
C: Madrid survey 2018,working-day mix (EMEF),under 65 only: working-day mix without 65 and over (bound),False,"RACC driving-days limit for men, equal km per licence holder for women",0.1049685943,0.05967738318,0.275931148,2.78795113,1.127551779,2.63851254,2.223083967,3.728635536
C: Madrid survey 2018,working-day mix (EMEF),under 65 only: working-day mix without 65 and over (bound),False,equal km per licence holder,0.1049685943,0.05967738318,0.3457462343,2.78795113,1.127551779,2.63851254,2.460308125,2.975727808
C: Madrid survey 2018,"overnight weekend stays away, driving (EMEF 2023, proxy)",working-day mix (EMEF),True,Madrid survey: km per resident,0.104766512,0.08901578625,0.2256836272,2.703736031,1.135366886,1.712159175,1.348969916,2.958254841
C: Madrid survey 2018,"overnight weekend stays away, driving (EMEF 2023, proxy)",working-day mix (EMEF),True,"Madrid km per DGT licence holder, Spain's licence holders",0.104766512,0.08901578625,0.2220001493,2.703736031,1.135366886,1.712159175,1.342583153,3.007338891
C: Madrid survey 2018,"overnight weekend stays away, driving (EMEF 2023, proxy)",working-day mix (EMEF),True,"RACC driving-days limit for men, equal km per licence holder for women",0.104766512,0.08901578625,0.275931148,2.703736031,1.135366886,1.712159175,1.442583105,2.419551717
C: Madrid survey 2018,"overnight weekend stays away, driving (EMEF 2023, proxy)",working-day mix (EMEF),True,equal km per licence holder,0.104766512,0.08901578625,0.3457462343,2.703736031,1.135366886,1.712159175,1.596520413,1.930981791
C: Madrid survey 2018,"overnight weekend stays away, driving (EMEF 2023, proxy)","car journeys over 50 km per resident (MOVILIA 2007, Spain)",True,Madrid survey: km per resident,0.1334725521,0.08563931073,0.2256836272,2.06730805,1.150956558,1.733597982,1.365861047,2.995296639
C: Madrid survey 2018,"overnight weekend stays away, driving (EMEF 2023, proxy)","car journeys over 50 km per resident (MOVILIA 2007, Spain)",True,"Madrid km per DGT licence holder, Spain's licence holders",0.1334725521,0.08563931073,0.2220001493,2.06730805,1.150956558,1.733597982,1.359394312,3.044995295
C: Madrid survey 2018,"overnight weekend stays away, driving (EMEF 2023, proxy)","car journeys over 50 km per resident (MOVILIA 2007, Spain)",True,"RACC driving-days limit for men, equal km per licence holder for women",0.1334725521,0.08563931073,0.275931148,2.06730805,1.150956558,1.733597982,1.460646414,2.449848141
C: Madrid survey 2018,"overnight weekend stays away, driving (EMEF 2023, proxy)","car journeys over 50 km per resident (MOVILIA 2007, Spain)",True,equal km per licence holder,0.1334725521,0.08563931073,0.3457462343,2.06730805,1.150956558,1.733597982,1.616511249,1.955160586
C: Madrid survey 2018,"overnight weekend stays away, driving (EMEF 2023, proxy)","overnight weekend stays away, driving (EMEF 2023, proxy)",True,Madrid survey: km per resident,0.1098783528,0.09625728884,0.2256836272,2.552625072,1.15060331,1.567797405,1.235230675,2.708827737
C: Madrid survey 2018,"overnight weekend stays away, driving (EMEF 2023, proxy)","overnight weekend stays away, driving (EMEF 2023, proxy)",True,"Madrid km per DGT licence holder, Spain's licence holders",0.1098783528,0.09625728884,0.2220001493,2.552625072,1.15060331,1.567797405,1.229382416,2.753773234
C: Madrid survey 2018,"overnight weekend stays away, driving (EMEF 2023, proxy)","overnight weekend stays away, driving (EMEF 2023, proxy)",True,"RACC driving-days limit for men, equal km per licence holder for women",0.1098783528,0.09625728884,0.275931148,2.552625072,1.15060331,1.567797405,1.320950809,2.215545703
C: Madrid survey 2018,"overnight weekend stays away, driving (EMEF 2023, proxy)","overnight weekend stays away, driving (EMEF 2023, proxy)",True,equal km per licence holder,0.1098783528,0.09625728884,0.3457462343,2.552625072,1.15060331,1.567797405,1.461908798,1.768169856
C: Madrid survey 2018,"overnight weekend stays away, driving (EMEF 2023, proxy)","car trips on an average weekend day (MOVILIA 2006, Spain)",True,Madrid survey: km per resident,0.1078728858,0.09986559887,0.2256836272,2.614226814,1.171490782,1.51937175,1.197077241,2.625158279
C: Madrid survey 2018,"overnight weekend stays away, driving (EMEF 2023, proxy)","car trips on an average weekend day (MOVILIA 2006, Spain)",True,"Madrid km per DGT licence holder, Spain's licence holders",0.1078728858,0.09986559887,0.2220001493,2.614226814,1.171490782,1.51937175,1.191409621,2.668715513
C: Madrid survey 2018,"overnight weekend stays away, driving (EMEF 2023, proxy)","car trips on an average weekend day (MOVILIA 2006, Spain)",True,"RACC driving-days limit for men, equal km per licence holder for women",0.1078728858,0.09986559887,0.275931148,2.614226814,1.171490782,1.51937175,1.280149677,2.147112592
C: Madrid survey 2018,"overnight weekend stays away, driving (EMEF 2023, proxy)","car trips on an average weekend day (MOVILIA 2006, Spain)",True,equal km per licence holder,0.1078728858,0.09986559887,0.3457462343,2.614226814,1.171490782,1.51937175,1.416753798,1.713555156
C: Madrid survey 2018,"overnight weekend stays away, driving (EMEF 2023, proxy)","km of cars by the private owner's age, DGT 2024 (owner, not driver: bound)",False,Madrid survey: km per resident,0.09467248298,0.1110194698,0.2256836272,3.051634944,1.235612498,1.400172661,1.103163084,2.419207053
C: Madrid survey 2018,"overnight weekend stays away, driving (EMEF 2023, proxy)","km of cars by the private owner's age, DGT 2024 (owner, not driver: bound)",False,"Madrid km per DGT licence holder, Spain's licence holders",0.09467248298,0.1110194698,0.2220001493,3.051634944,1.235612498,1.400172661,1.097940105,2.459347097
C: Madrid survey 2018,"overnight weekend stays away, driving (EMEF 2023, proxy)","km of cars by the private owner's age, DGT 2024 (owner, not driver: bound)",False,"RACC driving-days limit for men, equal km per licence holder for women",0.09467248298,0.1110194698,0.275931148,3.051634944,1.235612498,1.400172661,1.179718249,1.978665427
C: Madrid survey 2018,"overnight weekend stays away, driving (EMEF 2023, proxy)","km of cars by the private owner's age, DGT 2024 (owner, not driver: bound)",False,equal km per licence holder,0.09467248298,0.1110194698,0.3457462343,3.051634944,1.235612498,1.400172661,1.305605383,1.57912182
C: Madrid survey 2018,"overnight weekend stays away, driving (EMEF 2023, proxy)",B-licence holders: equal km per holder at every age (bound),False,Madrid survey: km per resident,0.1126073851,0.1154463459,0.2702224954,2.457901425,1.19246877,1.289957909,1.078354703,1.861424986
C: Madrid survey 2018,"overnight weekend stays away, driving (EMEF 2023, proxy)",B-licence holders: equal km per holder at every age (bound),False,"Madrid km per DGT licence holder, Spain's licence holders",0.1126073851,0.1154463459,0.2682006114,2.457901425,1.19246877,1.289957909,1.075375324,1.87545771
C: Madrid survey 2018,"overnight weekend stays away, driving (EMEF 2023, proxy)",B-licence holders: equal km per holder at every age (bound),False,"RACC driving-days limit for men, equal km per licence holder for women",0.1126073851,0.1154463459,0.2978036728,2.457901425,1.19246877,1.289957909,1.120710796,1.689028546
C: Madrid survey 2018,"overnight weekend stays away, driving (EMEF 2023, proxy)",B-licence holders: equal km per holder at every age (bound),False,equal km per licence holder,0.1126073851,0.1154463459,0.336125609,2.457901425,1.19246877,1.289957909,1.185403467,1.496461118
C: Madrid survey 2018,"overnight weekend stays away, driving (EMEF 2023, proxy)",under 65 only: working-day mix without 65 and over (bound),False,Madrid survey: km per resident,0.1075746939,0.06336921901,0.2256836272,2.707222365,1.134841494,2.472749309,1.948220981,4.272396353
C: Madrid survey 2018,"overnight weekend stays away, driving (EMEF 2023, proxy)",under 65 only: working-day mix without 65 and over (bound),False,"Madrid km per DGT licence holder, Spain's licence holders",0.1075746939,0.06336921901,0.2220001493,2.707222365,1.134841494,2.472749309,1.938997035,4.343284943
C: Madrid survey 2018,"overnight weekend stays away, driving (EMEF 2023, proxy)",under 65 only: working-day mix without 65 and over (bound),False,"RACC driving-days limit for men, equal km per licence holder for women",0.1075746939,0.06336921901,0.275931148,2.707222365,1.134841494,2.472749309,2.083419828,3.494385874
C: Madrid survey 2018,"overnight weekend stays away, driving (EMEF 2023, proxy)",under 65 only: working-day mix without 65 and over (bound),False,equal km per licence holder,0.1075746939,0.06336921901,0.3457462343,2.707222365,1.134841494,2.472749309,2.305740498,2.788779197
C: Madrid survey 2018,"car trips on an average weekend day (MOVILIA 2006, Spain)",working-day mix (EMEF),True,Madrid survey: km per resident,0.1037440923,0.0908553614,0.2256836272,2.737880706,1.14561045,1.682099695,1.325286759,2.906318314
C: Madrid survey 2018,"car trips on an average weekend day (MOVILIA 2006, Spain)",working-day mix (EMEF),True,"Madrid km per DGT licence holder, Spain's licence holders",0.1037440923,0.0908553614,0.2220001493,2.737880706,1.14561045,1.682099695,1.319012125,2.954540621
C: Madrid survey 2018,"car trips on an average weekend day (MOVILIA 2006, Spain)",working-day mix (EMEF),True,"RACC driving-days limit for men, equal km per licence holder for women",0.1037440923,0.0908553614,0.275931148,2.737880706,1.14561045,1.682099695,1.41725643,2.377072917
C: Madrid survey 2018,"car trips on an average weekend day (MOVILIA 2006, Spain)",working-day mix (EMEF),True,equal km per licence holder,0.1037440923,0.0908553614,0.3457462343,2.737880706,1.14561045,1.682099695,1.568491143,1.897080557
C: Madrid survey 2018,"car trips on an average weekend day (MOVILIA 2006, Spain)","car journeys over 50 km per resident (MOVILIA 2007, Spain)",True,Madrid survey: km per resident,0.1324501324,0.08747888589,0.2256836272,2.089139752,1.161720989,1.701927446,1.340908577,2.940576542
C: Madrid survey 2018,"car trips on an average weekend day (MOVILIA 2006, Spain)","car journeys over 50 km per resident (MOVILIA 2007, Spain)",True,"Madrid km per DGT licence holder, Spain's licence holders",0.1324501324,0.08747888589,0.2220001493,2.089139752,1.161720989,1.701927446,1.334559981,2.989367269
C: Madrid survey 2018,"car trips on an average weekend day (MOVILIA 2006, Spain)","car journeys over 50 km per resident (MOVILIA 2007, Spain)",True,"RACC driving-days limit for men, equal km per licence holder for women",0.1324501324,0.08747888589,0.275931148,2.089139752,1.161720989,1.701927446,1.433962341,2.405092665
C: Madrid survey 2018,"car trips on an average weekend day (MOVILIA 2006, Spain)","car journeys over 50 km per resident (MOVILIA 2007, Spain)",True,equal km per licence holder,0.1324501324,0.08747888589,0.3457462343,2.089139752,1.161720989,1.701927446,1.586979732,1.919442395
C: Madrid survey 2018,"car trips on an average weekend day (MOVILIA 2006, Spain)","overnight weekend stays away, driving (EMEF 2023, proxy)",True,Madrid survey: km per resident,0.1088559331,0.09809686399,0.2256836272,2.583747027,1.161186489,1.542664078,1.215428718,2.665402577
C: Madrid survey 2018,"car trips on an average weekend day (MOVILIA 2006, Spain)","overnight weekend stays away, driving (EMEF 2023, proxy)",True,"Madrid km per DGT licence holder, Spain's licence holders",0.1088559331,0.09809686399,0.2220001493,2.583747027,1.161186489,1.542664078,1.209674212,2.709627554
C: Madrid survey 2018,"car trips on an average weekend day (MOVILIA 2006, Spain)","overnight weekend stays away, driving (EMEF 2023, proxy)",True,"RACC driving-days limit for men, equal km per licence holder for women",0.1088559331,0.09809686399,0.275931148,2.583747027,1.161186489,1.542664078,1.299774675,2.180028336
C: Madrid survey 2018,"car trips on an average weekend day (MOVILIA 2006, Spain)","overnight weekend stays away, driving (EMEF 2023, proxy)",True,equal km per licence holder,0.1088559331,0.09809686399,0.3457462343,2.583747027,1.161186489,1.542664078,1.438472969,1.739824362
C: Madrid survey 2018,"car trips on an average weekend day (MOVILIA 2006, Spain)","car trips on an average weekend day (MOVILIA 2006, Spain)",True,Madrid survey: km per resident,0.1068504661,0.101705174,0.2256836272,2.646522343,1.182344163,1.496005997,1.178667914,2.58478712
C: Madrid survey 2018,"car trips on an average weekend day (MOVILIA 2006, Spain)","car trips on an average weekend day (MOVILIA 2006, Spain)",True,"Madrid km per DGT licence holder, Spain's licence holders",0.1068504661,0.101705174,0.2220001493,2.646522343,1.182344163,1.496005997,1.173087454,2.627674506
C: Madrid survey 2018,"car trips on an average weekend day (MOVILIA 2006, Spain)","car trips on an average weekend day (MOVILIA 2006, Spain)",True,"RACC driving-days limit for men, equal km per licence holder for women",0.1068504661,0.101705174,0.275931148,2.646522343,1.182344163,1.496005997,1.260462816,2.114093088
C: Madrid survey 2018,"car trips on an average weekend day (MOVILIA 2006, Spain)","car trips on an average weekend day (MOVILIA 2006, Spain)",True,equal km per licence holder,0.1068504661,0.101705174,0.3457462343,2.646522343,1.182344163,1.496005997,1.394966161,1.687203142
C: Madrid survey 2018,"car trips on an average weekend day (MOVILIA 2006, Spain)","km of cars by the private owner's age, DGT 2024 (owner, not driver: bound)",False,Madrid survey: km per resident,0.09365006329,0.112859045,0.2256836272,3.093258055,1.247217009,1.381059064,1.088103931,2.386182735
C: Madrid survey 2018,"car trips on an average weekend day (MOVILIA 2006, Spain)","km of cars by the private owner's age, DGT 2024 (owner, not driver: bound)",False,"Madrid km per DGT licence holder, Spain's licence holders",0.09365006329,0.112859045,0.2220001493,3.093258055,1.247217009,1.381059064,1.082952251,2.425774831
C: Madrid survey 2018,"car trips on an average weekend day (MOVILIA 2006, Spain)","km of cars by the private owner's age, DGT 2024 (owner, not driver: bound)",False,"RACC driving-days limit for men, equal km per licence holder for women",0.09365006329,0.112859045,0.275931148,3.093258055,1.247217009,1.381059064,1.16361405,1.951654892
C: Madrid survey 2018,"car trips on an average weekend day (MOVILIA 2006, Spain)","km of cars by the private owner's age, DGT 2024 (owner, not driver: bound)",False,equal km per licence holder,0.09365006329,0.112859045,0.3457462343,3.093258055,1.247217009,1.381059064,1.287782713,1.557565409
C: Madrid survey 2018,"car trips on an average weekend day (MOVILIA 2006, Spain)",B-licence holders: equal km per holder at every age (bound),False,Madrid survey: km per resident,0.1115849654,0.117285921,0.269523924,2.487394306,1.20386902,1.273294409,1.06340673,1.842141604
C: Madrid survey 2018,"car trips on an average weekend day (MOVILIA 2006, Spain)",B-licence holders: equal km per holder at every age (bound),False,"Madrid km per DGT licence holder, Spain's licence holders",0.1115849654,0.117285921,0.2674759786,2.487394306,1.20386902,1.273294409,1.060433724,1.856246067
C: Madrid survey 2018,"car trips on an average weekend day (MOVILIA 2006, Spain)",B-licence holders: equal km per holder at every age (bound),False,"RACC driving-days limit for men, equal km per licence holder for women",0.1115849654,0.117285921,0.2974606125,2.487394306,1.20386902,1.273294409,1.105693416,1.669132694
C: Madrid survey 2018,"car trips on an average weekend day (MOVILIA 2006, Spain)",B-licence holders: equal km per holder at every age (bound),False,equal km per licence holder,0.1115849654,0.117285921,0.336276504,2.487394306,1.20386902,1.273294409,1.170356602,1.476467215
C: Madrid survey 2018,"car trips on an average weekend day (MOVILIA 2006, Spain)",under 65 only: working-day mix without 65 and over (bound),False,Madrid survey: km per resident,0.1065522742,0.06520879416,0.2256836272,2.740500611,1.144795269,2.409410803,1.898318063,4.162960591
C: Madrid survey 2018,"car trips on an average weekend day (MOVILIA 2006, Spain)",under 65 only: working-day mix without 65 and over (bound),False,"Madrid km per DGT licence holder, Spain's licence holders",0.1065522742,0.06520879416,0.2220001493,2.740500611,1.144795269,2.409410803,1.889330384,4.232033398
C: Madrid survey 2018,"car trips on an average weekend day (MOVILIA 2006, Spain)",under 65 only: working-day mix without 65 and over (bound),False,"RACC driving-days limit for men, equal km per licence holder for women",0.1065522742,0.06520879416,0.275931148,2.740500611,1.144795269,2.409410803,2.030053844,3.404878547
C: Madrid survey 2018,"car trips on an average weekend day (MOVILIA 2006, Spain)",under 65 only: working-day mix without 65 and over (bound),False,equal km per licence holder,0.1065522742,0.06520879416,0.3457462343,2.740500611,1.144795269,2.409410803,2.246679857,2.717345709
