age,sex,reference,year,Periodo,population
0 años,Hombres,1 January,2002,1 de enero de 2002,210646
1 año,Hombres,1 January,2002,1 de enero de 2002,204828
10 años,Hombres,1 January,2002,1 de enero de 2002,208361
100 años,Hombres,1 January,2002,1 de enero de 2002,
100 y más años,Hombres,1 January,2002,1 de enero de 2002,944
101 años,Hombres,1 January,2002,1 de enero de 2002,
102 años,Hombres,1 January,2002,1 de enero de 2002,
103 años,Hombres,1 January,2002,1 de enero de 2002,
104 años,Hombres,1 January,2002,1 de enero de 2002,
105 y más años,Hombres,1 January,2002,1 de enero de 2002,
11 años,Hombres,1 January,2002,1 de enero de 2002,211981
12 años,Hombres,1 January,2002,1 de enero de 2002,216827
13 años,Hombres,1 January,2002,1 de enero de 2002,220109
14 años,Hombres,1 January,2002,1 de enero de 2002,224086
15 años,Hombres,1 January,2002,1 de enero de 2002,230436
16 años,Hombres,1 January,2002,1 de enero de 2002,241116
17 años,Hombres,1 January,2002,1 de enero de 2002,251503
18 años,Hombres,1 January,2002,1 de enero de 2002,260712
19 años,Hombres,1 January,2002,1 de enero de 2002,278142
2 años,Hombres,1 January,2002,1 de enero de 2002,197159
20 años,Hombres,1 January,2002,1 de enero de 2002,295231
21 años,Hombres,1 January,2002,1 de enero de 2002,312282
22 años,Hombres,1 January,2002,1 de enero de 2002,325423
23 años,Hombres,1 January,2002,1 de enero de 2002,346052
24 años,Hombres,1 January,2002,1 de enero de 2002,354185
25 años,Hombres,1 January,2002,1 de enero de 2002,364218
26 años,Hombres,1 January,2002,1 de enero de 2002,365283
27 años,Hombres,1 January,2002,1 de enero de 2002,362987
28 años,Hombres,1 January,2002,1 de enero de 2002,356958
29 años,Hombres,1 January,2002,1 de enero de 2002,356517
3 años,Hombres,1 January,2002,1 de enero de 2002,192270
30 años,Hombres,1 January,2002,1 de enero de 2002,351560
31 años,Hombres,1 January,2002,1 de enero de 2002,348080
32 años,Hombres,1 January,2002,1 de enero de 2002,344438
33 años,Hombres,1 January,2002,1 de enero de 2002,342447
34 años,Hombres,1 January,2002,1 de enero de 2002,344939
35 años,Hombres,1 January,2002,1 de enero de 2002,340437
36 años,Hombres,1 January,2002,1 de enero de 2002,338075
37 años,Hombres,1 January,2002,1 de enero de 2002,343796
38 años,Hombres,1 January,2002,1 de enero de 2002,328982
39 años,Hombres,1 January,2002,1 de enero de 2002,317565
4 años,Hombres,1 January,2002,1 de enero de 2002,189970
40 años,Hombres,1 January,2002,1 de enero de 2002,310811
41 años,Hombres,1 January,2002,1 de enero de 2002,314124
42 años,Hombres,1 January,2002,1 de enero de 2002,305864
43 años,Hombres,1 January,2002,1 de enero de 2002,300230
44 años,Hombres,1 January,2002,1 de enero de 2002,293661
45 años,Hombres,1 January,2002,1 de enero de 2002,274542
46 años,Hombres,1 January,2002,1 de enero de 2002,266792
47 años,Hombres,1 January,2002,1 de enero de 2002,254775
48 años,Hombres,1 January,2002,1 de enero de 2002,257001
49 años,Hombres,1 January,2002,1 de enero de 2002,257249
5 años,Hombres,1 January,2002,1 de enero de 2002,187692
50 años,Hombres,1 January,2002,1 de enero de 2002,239859
51 años,Hombres,1 January,2002,1 de enero de 2002,235144
52 años,Hombres,1 January,2002,1 de enero de 2002,243441
53 años,Hombres,1 January,2002,1 de enero de 2002,256176
54 años,Hombres,1 January,2002,1 de enero de 2002,233519
55 años,Hombres,1 January,2002,1 de enero de 2002,222837
56 años,Hombres,1 January,2002,1 de enero de 2002,234978
57 años,Hombres,1 January,2002,1 de enero de 2002,222188
58 años,Hombres,1 January,2002,1 de enero de 2002,220914
59 años,Hombres,1 January,2002,1 de enero de 2002,190413
6 años,Hombres,1 January,2002,1 de enero de 2002,190292
60 años,Hombres,1 January,2002,1 de enero de 2002,176481
61 años,Hombres,1 January,2002,1 de enero de 2002,217540
62 años,Hombres,1 January,2002,1 de enero de 2002,142295
63 años,Hombres,1 January,2002,1 de enero de 2002,162985
64 años,Hombres,1 January,2002,1 de enero de 2002,183526
65 años,Hombres,1 January,2002,1 de enero de 2002,199948
66 años,Hombres,1 January,2002,1 de enero de 2002,195097
67 años,Hombres,1 January,2002,1 de enero de 2002,192277
68 años,Hombres,1 January,2002,1 de enero de 2002,196805
69 años,Hombres,1 January,2002,1 de enero de 2002,191931
7 años,Hombres,1 January,2002,1 de enero de 2002,192767
70 años,Hombres,1 January,2002,1 de enero de 2002,181101
71 años,Hombres,1 January,2002,1 de enero de 2002,177190
72 años,Hombres,1 January,2002,1 de enero de 2002,164547
73 años,Hombres,1 January,2002,1 de enero de 2002,158868
74 años,Hombres,1 January,2002,1 de enero de 2002,144808
75 años,Hombres,1 January,2002,1 de enero de 2002,140744
76 años,Hombres,1 January,2002,1 de enero de 2002,127682
77 años,Hombres,1 January,2002,1 de enero de 2002,119971
78 años,Hombres,1 January,2002,1 de enero de 2002,111300
79 años,Hombres,1 January,2002,1 de enero de 2002,102036
8 años,Hombres,1 January,2002,1 de enero de 2002,201067
80 años,Hombres,1 January,2002,1 de enero de 2002,90959
81 años,Hombres,1 January,2002,1 de enero de 2002,75171
82 años,Hombres,1 January,2002,1 de enero de 2002,59371
83 años,Hombres,1 January,2002,1 de enero de 2002,52412
84 años,Hombres,1 January,2002,1 de enero de 2002,45605
85 años,Hombres,1 January,2002,1 de enero de 2002,39678
85 y más años,Hombres,1 January,2002,1 de enero de 2002,212178
86 años,Hombres,1 January,2002,1 de enero de 2002,35179
87 años,Hombres,1 January,2002,1 de enero de 2002,29898
88 años,Hombres,1 January,2002,1 de enero de 2002,25168
89 años,Hombres,1 January,2002,1 de enero de 2002,20764
9 años,Hombres,1 January,2002,1 de enero de 2002,208757
90 años,Hombres,1 January,2002,1 de enero de 2002,16424
91 años,Hombres,1 January,2002,1 de enero de 2002,12887
92 años,Hombres,1 January,2002,1 de enero de 2002,9725
93 años,Hombres,1 January,2002,1 de enero de 2002,7168
94 años,Hombres,1 January,2002,1 de enero de 2002,5193
95 años,Hombres,1 January,2002,1 de enero de 2002,3467
96 años,Hombres,1 January,2002,1 de enero de 2002,2439
97 años,Hombres,1 January,2002,1 de enero de 2002,1535
98 años,Hombres,1 January,2002,1 de enero de 2002,1054
99 años,Hombres,1 January,2002,1 de enero de 2002,657
Todas las edades,Hombres,1 January,2002,1 de enero de 2002,20115522
0 años,Mujeres,1 January,2002,1 de enero de 2002,201047
1 año,Mujeres,1 January,2002,1 de enero de 2002,193282
10 años,Mujeres,1 January,2002,1 de enero de 2002,196628
100 años,Mujeres,1 January,2002,1 de enero de 2002,
100 y más años,Mujeres,1 January,2002,1 de enero de 2002,3324
101 años,Mujeres,1 January,2002,1 de enero de 2002,
102 años,Mujeres,1 January,2002,1 de enero de 2002,
103 años,Mujeres,1 January,2002,1 de enero de 2002,
104 años,Mujeres,1 January,2002,1 de enero de 2002,
105 y más años,Mujeres,1 January,2002,1 de enero de 2002,
11 años,Mujeres,1 January,2002,1 de enero de 2002,200818
12 años,Mujeres,1 January,2002,1 de enero de 2002,205087
13 años,Mujeres,1 January,2002,1 de enero de 2002,208209
14 años,Mujeres,1 January,2002,1 de enero de 2002,211980
15 años,Mujeres,1 January,2002,1 de enero de 2002,218814
16 años,Mujeres,1 January,2002,1 de enero de 2002,228767
17 años,Mujeres,1 January,2002,1 de enero de 2002,237903
18 años,Mujeres,1 January,2002,1 de enero de 2002,248219
19 años,Mujeres,1 January,2002,1 de enero de 2002,265347
2 años,Mujeres,1 January,2002,1 de enero de 2002,187579
20 años,Mujeres,1 January,2002,1 de enero de 2002,280212
21 años,Mujeres,1 January,2002,1 de enero de 2002,298785
22 años,Mujeres,1 January,2002,1 de enero de 2002,311012
23 años,Mujeres,1 January,2002,1 de enero de 2002,329163
24 años,Mujeres,1 January,2002,1 de enero de 2002,336277
25 años,Mujeres,1 January,2002,1 de enero de 2002,347941
26 años,Mujeres,1 January,2002,1 de enero de 2002,348003
27 años,Mujeres,1 January,2002,1 de enero de 2002,347471
28 años,Mujeres,1 January,2002,1 de enero de 2002,340959
29 años,Mujeres,1 January,2002,1 de enero de 2002,341007
3 años,Mujeres,1 January,2002,1 de enero de 2002,181427
30 años,Mujeres,1 January,2002,1 de enero de 2002,336934
31 años,Mujeres,1 January,2002,1 de enero de 2002,333771
32 años,Mujeres,1 January,2002,1 de enero de 2002,332537
33 años,Mujeres,1 January,2002,1 de enero de 2002,332293
34 años,Mujeres,1 January,2002,1 de enero de 2002,337174
35 años,Mujeres,1 January,2002,1 de enero de 2002,332763
36 años,Mujeres,1 January,2002,1 de enero de 2002,333193
37 años,Mujeres,1 January,2002,1 de enero de 2002,339955
38 años,Mujeres,1 January,2002,1 de enero de 2002,324445
39 años,Mujeres,1 January,2002,1 de enero de 2002,315657
4 años,Mujeres,1 January,2002,1 de enero de 2002,180347
40 años,Mujeres,1 January,2002,1 de enero de 2002,310708
41 años,Mujeres,1 January,2002,1 de enero de 2002,314130
42 años,Mujeres,1 January,2002,1 de enero de 2002,306712
43 años,Mujeres,1 January,2002,1 de enero de 2002,301300
44 años,Mujeres,1 January,2002,1 de enero de 2002,295709
45 años,Mujeres,1 January,2002,1 de enero de 2002,276373
46 años,Mujeres,1 January,2002,1 de enero de 2002,269195
47 años,Mujeres,1 January,2002,1 de enero de 2002,258565
48 años,Mujeres,1 January,2002,1 de enero de 2002,258917
49 años,Mujeres,1 January,2002,1 de enero de 2002,258311
5 años,Mujeres,1 January,2002,1 de enero de 2002,178500
50 años,Mujeres,1 January,2002,1 de enero de 2002,242749
51 años,Mujeres,1 January,2002,1 de enero de 2002,238349
52 años,Mujeres,1 January,2002,1 de enero de 2002,250587
53 años,Mujeres,1 January,2002,1 de enero de 2002,263378
54 años,Mujeres,1 January,2002,1 de enero de 2002,240356
55 años,Mujeres,1 January,2002,1 de enero de 2002,231801
56 años,Mujeres,1 January,2002,1 de enero de 2002,245395
57 años,Mujeres,1 January,2002,1 de enero de 2002,233527
58 años,Mujeres,1 January,2002,1 de enero de 2002,230989
59 años,Mujeres,1 January,2002,1 de enero de 2002,200355
6 años,Mujeres,1 January,2002,1 de enero de 2002,180309
60 años,Mujeres,1 January,2002,1 de enero de 2002,185338
61 años,Mujeres,1 January,2002,1 de enero de 2002,231911
62 años,Mujeres,1 January,2002,1 de enero de 2002,157233
63 años,Mujeres,1 January,2002,1 de enero de 2002,179742
64 años,Mujeres,1 January,2002,1 de enero de 2002,202748
65 años,Mujeres,1 January,2002,1 de enero de 2002,228268
66 años,Mujeres,1 January,2002,1 de enero de 2002,219721
67 años,Mujeres,1 January,2002,1 de enero de 2002,219438
68 años,Mujeres,1 January,2002,1 de enero de 2002,227001
69 años,Mujeres,1 January,2002,1 de enero de 2002,224218
7 años,Mujeres,1 January,2002,1 de enero de 2002,182388
70 años,Mujeres,1 January,2002,1 de enero de 2002,212978
71 años,Mujeres,1 January,2002,1 de enero de 2002,216662
72 años,Mujeres,1 January,2002,1 de enero de 2002,203669
73 años,Mujeres,1 January,2002,1 de enero de 2002,201928
74 años,Mujeres,1 January,2002,1 de enero de 2002,186993
75 años,Mujeres,1 January,2002,1 de enero de 2002,186302
76 años,Mujeres,1 January,2002,1 de enero de 2002,175531
77 años,Mujeres,1 January,2002,1 de enero de 2002,169420
78 años,Mujeres,1 January,2002,1 de enero de 2002,159035
79 años,Mujeres,1 January,2002,1 de enero de 2002,156061
8 años,Mujeres,1 January,2002,1 de enero de 2002,190226
80 años,Mujeres,1 January,2002,1 de enero de 2002,136736
81 años,Mujeres,1 January,2002,1 de enero de 2002,128055
82 años,Mujeres,1 January,2002,1 de enero de 2002,105619
83 años,Mujeres,1 January,2002,1 de enero de 2002,100868
84 años,Mujeres,1 January,2002,1 de enero de 2002,89527
85 años,Mujeres,1 January,2002,1 de enero de 2002,80643
85 y más años,Mujeres,1 January,2002,1 de enero de 2002,492516
86 años,Mujeres,1 January,2002,1 de enero de 2002,73545
87 años,Mujeres,1 January,2002,1 de enero de 2002,66511
88 años,Mujeres,1 January,2002,1 de enero de 2002,57096
89 años,Mujeres,1 January,2002,1 de enero de 2002,49530
9 años,Mujeres,1 January,2002,1 de enero de 2002,198401
90 años,Mujeres,1 January,2002,1 de enero de 2002,39788
91 años,Mujeres,1 January,2002,1 de enero de 2002,33357
92 años,Mujeres,1 January,2002,1 de enero de 2002,25336
93 años,Mujeres,1 January,2002,1 de enero de 2002,19350
94 años,Mujeres,1 January,2002,1 de enero de 2002,14607
95 años,Mujeres,1 January,2002,1 de enero de 2002,10638
96 años,Mujeres,1 January,2002,1 de enero de 2002,7768
97 años,Mujeres,1 January,2002,1 de enero de 2002,5091
98 años,Mujeres,1 January,2002,1 de enero de 2002,3495
99 años,Mujeres,1 January,2002,1 de enero de 2002,2437
Todas las edades,Mujeres,1 January,2002,1 de enero de 2002,20919749
0 años,Total,1 January,2002,1 de enero de 2002,411693
1 año,Total,1 January,2002,1 de enero de 2002,398110
10 años,Total,1 January,2002,1 de enero de 2002,404988
100 años,Total,1 January,2002,1 de enero de 2002,
100 y más años,Total,1 January,2002,1 de enero de 2002,4269
101 años,Total,1 January,2002,1 de enero de 2002,
102 años,Total,1 January,2002,1 de enero de 2002,
103 años,Total,1 January,2002,1 de enero de 2002,
104 años,Total,1 January,2002,1 de enero de 2002,
105 y más años,Total,1 January,2002,1 de enero de 2002,
11 años,Total,1 January,2002,1 de enero de 2002,412799
12 años,Total,1 January,2002,1 de enero de 2002,421914
13 años,Total,1 January,2002,1 de enero de 2002,428318
14 años,Total,1 January,2002,1 de enero de 2002,436066
15 años,Total,1 January,2002,1 de enero de 2002,449250
16 años,Total,1 January,2002,1 de enero de 2002,469883
17 años,Total,1 January,2002,1 de enero de 2002,489406
18 años,Total,1 January,2002,1 de enero de 2002,508931
19 años,Total,1 January,2002,1 de enero de 2002,543489
2 años,Total,1 January,2002,1 de enero de 2002,384738
20 años,Total,1 January,2002,1 de enero de 2002,575443
21 años,Total,1 January,2002,1 de enero de 2002,611068
22 años,Total,1 January,2002,1 de enero de 2002,636435
23 años,Total,1 January,2002,1 de enero de 2002,675215
24 años,Total,1 January,2002,1 de enero de 2002,690462
25 años,Total,1 January,2002,1 de enero de 2002,712159
26 años,Total,1 January,2002,1 de enero de 2002,713286
27 años,Total,1 January,2002,1 de enero de 2002,710458
28 años,Total,1 January,2002,1 de enero de 2002,697917
29 años,Total,1 January,2002,1 de enero de 2002,697524
3 años,Total,1 January,2002,1 de enero de 2002,373697
30 años,Total,1 January,2002,1 de enero de 2002,688493
31 años,Total,1 January,2002,1 de enero de 2002,681851
32 años,Total,1 January,2002,1 de enero de 2002,676975
33 años,Total,1 January,2002,1 de enero de 2002,674740
34 años,Total,1 January,2002,1 de enero de 2002,682113
35 años,Total,1 January,2002,1 de enero de 2002,673199
36 años,Total,1 January,2002,1 de enero de 2002,671268
37 años,Total,1 January,2002,1 de enero de 2002,683751
38 años,Total,1 January,2002,1 de enero de 2002,653426
39 años,Total,1 January,2002,1 de enero de 2002,633222
4 años,Total,1 January,2002,1 de enero de 2002,370318
40 años,Total,1 January,2002,1 de enero de 2002,621519
41 años,Total,1 January,2002,1 de enero de 2002,628255
42 años,Total,1 January,2002,1 de enero de 2002,612576
43 años,Total,1 January,2002,1 de enero de 2002,601530
44 años,Total,1 January,2002,1 de enero de 2002,589369
45 años,Total,1 January,2002,1 de enero de 2002,550915
46 años,Total,1 January,2002,1 de enero de 2002,535987
47 años,Total,1 January,2002,1 de enero de 2002,513341
48 años,Total,1 January,2002,1 de enero de 2002,515918
49 años,Total,1 January,2002,1 de enero de 2002,515560
5 años,Total,1 January,2002,1 de enero de 2002,366192
50 años,Total,1 January,2002,1 de enero de 2002,482608
51 años,Total,1 January,2002,1 de enero de 2002,473493
52 años,Total,1 January,2002,1 de enero de 2002,494028
53 años,Total,1 January,2002,1 de enero de 2002,519553
54 años,Total,1 January,2002,1 de enero de 2002,473875
55 años,Total,1 January,2002,1 de enero de 2002,454638
56 años,Total,1 January,2002,1 de enero de 2002,480373
57 años,Total,1 January,2002,1 de enero de 2002,455715
58 años,Total,1 January,2002,1 de enero de 2002,451903
59 años,Total,1 January,2002,1 de enero de 2002,390769
6 años,Total,1 January,2002,1 de enero de 2002,370601
60 años,Total,1 January,2002,1 de enero de 2002,361820
61 años,Total,1 January,2002,1 de enero de 2002,449450
62 años,Total,1 January,2002,1 de enero de 2002,299527
63 años,Total,1 January,2002,1 de enero de 2002,342727
64 años,Total,1 January,2002,1 de enero de 2002,386273
65 años,Total,1 January,2002,1 de enero de 2002,428216
66 años,Total,1 January,2002,1 de enero de 2002,414818
67 años,Total,1 January,2002,1 de enero de 2002,411715
68 años,Total,1 January,2002,1 de enero de 2002,423806
69 años,Total,1 January,2002,1 de enero de 2002,416149
7 años,Total,1 January,2002,1 de enero de 2002,375155
70 años,Total,1 January,2002,1 de enero de 2002,394079
71 años,Total,1 January,2002,1 de enero de 2002,393852
72 años,Total,1 January,2002,1 de enero de 2002,368216
73 años,Total,1 January,2002,1 de enero de 2002,360796
74 años,Total,1 January,2002,1 de enero de 2002,331801
75 años,Total,1 January,2002,1 de enero de 2002,327046
76 años,Total,1 January,2002,1 de enero de 2002,303213
77 años,Total,1 January,2002,1 de enero de 2002,289391
78 años,Total,1 January,2002,1 de enero de 2002,270335
79 años,Total,1 January,2002,1 de enero de 2002,258097
8 años,Total,1 January,2002,1 de enero de 2002,391293
80 años,Total,1 January,2002,1 de enero de 2002,227696
81 años,Total,1 January,2002,1 de enero de 2002,203226
82 años,Total,1 January,2002,1 de enero de 2002,164990
83 años,Total,1 January,2002,1 de enero de 2002,153280
84 años,Total,1 January,2002,1 de enero de 2002,135132
85 años,Total,1 January,2002,1 de enero de 2002,120321
85 y más años,Total,1 January,2002,1 de enero de 2002,704695
86 años,Total,1 January,2002,1 de enero de 2002,108724
87 años,Total,1 January,2002,1 de enero de 2002,96409
88 años,Total,1 January,2002,1 de enero de 2002,82264
89 años,Total,1 January,2002,1 de enero de 2002,70294
9 años,Total,1 January,2002,1 de enero de 2002,407158
90 años,Total,1 January,2002,1 de enero de 2002,56211
91 años,Total,1 January,2002,1 de enero de 2002,46244
92 años,Total,1 January,2002,1 de enero de 2002,35061
93 años,Total,1 January,2002,1 de enero de 2002,26519
94 años,Total,1 January,2002,1 de enero de 2002,19800
95 años,Total,1 January,2002,1 de enero de 2002,14104
96 años,Total,1 January,2002,1 de enero de 2002,10207
97 años,Total,1 January,2002,1 de enero de 2002,6626
98 años,Total,1 January,2002,1 de enero de 2002,4549
99 años,Total,1 January,2002,1 de enero de 2002,3094
Todas las edades,Total,1 January,2002,1 de enero de 2002,41035271
0 años,Hombres,1 January,2003,1 de enero de 2003,216148
1 año,Hombres,1 January,2003,1 de enero de 2003,213649
10 años,Hombres,1 January,2003,1 de enero de 2003,213035
100 años,Hombres,1 January,2003,1 de enero de 2003,
100 y más años,Hombres,1 January,2003,1 de enero de 2003,1048
101 años,Hombres,1 January,2003,1 de enero de 2003,
102 años,Hombres,1 January,2003,1 de enero de 2003,
103 años,Hombres,1 January,2003,1 de enero de 2003,
104 años,Hombres,1 January,2003,1 de enero de 2003,
105 y más años,Hombres,1 January,2003,1 de enero de 2003,
11 años,Hombres,1 January,2003,1 de enero de 2003,212678
12 años,Hombres,1 January,2003,1 de enero de 2003,216092
13 años,Hombres,1 January,2003,1 de enero de 2003,220966
14 años,Hombres,1 January,2003,1 de enero de 2003,224357
15 años,Hombres,1 January,2003,1 de enero de 2003,228333
16 años,Hombres,1 January,2003,1 de enero de 2003,234755
17 años,Hombres,1 January,2003,1 de enero de 2003,245530
18 años,Hombres,1 January,2003,1 de enero de 2003,256895
19 años,Hombres,1 January,2003,1 de enero de 2003,267083
2 años,Hombres,1 January,2003,1 de enero de 2003,209078
20 años,Hombres,1 January,2003,1 de enero de 2003,286636
21 años,Hombres,1 January,2003,1 de enero de 2003,304800
22 años,Hombres,1 January,2003,1 de enero de 2003,323425
23 años,Hombres,1 January,2003,1 de enero de 2003,337443
24 años,Hombres,1 January,2003,1 de enero de 2003,358930
25 años,Hombres,1 January,2003,1 de enero de 2003,367686
26 años,Hombres,1 January,2003,1 de enero de 2003,378061
27 años,Hombres,1 January,2003,1 de enero de 2003,378898
28 años,Hombres,1 January,2003,1 de enero de 2003,376358
29 años,Hombres,1 January,2003,1 de enero de 2003,369477
3 años,Hombres,1 January,2003,1 de enero de 2003,201785
30 años,Hombres,1 January,2003,1 de enero de 2003,368711
31 años,Hombres,1 January,2003,1 de enero de 2003,362951
32 años,Hombres,1 January,2003,1 de enero de 2003,359126
33 años,Hombres,1 January,2003,1 de enero de 2003,354662
34 años,Hombres,1 January,2003,1 de enero de 2003,352101
35 años,Hombres,1 January,2003,1 de enero de 2003,354038
36 años,Hombres,1 January,2003,1 de enero de 2003,348408
37 años,Hombres,1 January,2003,1 de enero de 2003,345633
38 años,Hombres,1 January,2003,1 de enero de 2003,351080
39 años,Hombres,1 January,2003,1 de enero de 2003,335438
4 años,Hombres,1 January,2003,1 de enero de 2003,196829
40 años,Hombres,1 January,2003,1 de enero de 2003,323600
41 años,Hombres,1 January,2003,1 de enero de 2003,316228
42 años,Hombres,1 January,2003,1 de enero de 2003,319339
43 años,Hombres,1 January,2003,1 de enero de 2003,310509
44 años,Hombres,1 January,2003,1 de enero de 2003,304473
45 años,Hombres,1 January,2003,1 de enero de 2003,297400
46 años,Hombres,1 January,2003,1 de enero de 2003,277859
47 años,Hombres,1 January,2003,1 de enero de 2003,269844
48 años,Hombres,1 January,2003,1 de enero de 2003,257146
49 años,Hombres,1 January,2003,1 de enero de 2003,259125
5 años,Hombres,1 January,2003,1 de enero de 2003,194674
50 años,Hombres,1 January,2003,1 de enero de 2003,259044
51 años,Hombres,1 January,2003,1 de enero de 2003,241334
52 años,Hombres,1 January,2003,1 de enero de 2003,236469
53 años,Hombres,1 January,2003,1 de enero de 2003,244494
54 años,Hombres,1 January,2003,1 de enero de 2003,256908
55 años,Hombres,1 January,2003,1 de enero de 2003,234387
56 años,Hombres,1 January,2003,1 de enero de 2003,223319
57 años,Hombres,1 January,2003,1 de enero de 2003,235084
58 años,Hombres,1 January,2003,1 de enero de 2003,222434
59 años,Hombres,1 January,2003,1 de enero de 2003,220717
6 años,Hombres,1 January,2003,1 de enero de 2003,192463
60 años,Hombres,1 January,2003,1 de enero de 2003,190278
61 años,Hombres,1 January,2003,1 de enero de 2003,176250
62 años,Hombres,1 January,2003,1 de enero de 2003,216796
63 años,Hombres,1 January,2003,1 de enero de 2003,141925
64 años,Hombres,1 January,2003,1 de enero de 2003,162246
65 años,Hombres,1 January,2003,1 de enero de 2003,182345
66 años,Hombres,1 January,2003,1 de enero de 2003,198133
67 años,Hombres,1 January,2003,1 de enero de 2003,192832
68 años,Hombres,1 January,2003,1 de enero de 2003,189664
69 años,Hombres,1 January,2003,1 de enero de 2003,193527
7 años,Hombres,1 January,2003,1 de enero de 2003,194587
70 años,Hombres,1 January,2003,1 de enero de 2003,188207
71 años,Hombres,1 January,2003,1 de enero de 2003,176994
72 años,Hombres,1 January,2003,1 de enero de 2003,172866
73 años,Hombres,1 January,2003,1 de enero de 2003,159826
74 años,Hombres,1 January,2003,1 de enero de 2003,153652
75 años,Hombres,1 January,2003,1 de enero de 2003,139485
76 años,Hombres,1 January,2003,1 de enero de 2003,134876
77 años,Hombres,1 January,2003,1 de enero de 2003,121776
78 años,Hombres,1 January,2003,1 de enero de 2003,113828
79 años,Hombres,1 January,2003,1 de enero de 2003,104916
8 años,Hombres,1 January,2003,1 de enero de 2003,197061
80 años,Hombres,1 January,2003,1 de enero de 2003,95359
81 años,Hombres,1 January,2003,1 de enero de 2003,84440
82 años,Hombres,1 January,2003,1 de enero de 2003,69122
83 años,Hombres,1 January,2003,1 de enero de 2003,54098
84 años,Hombres,1 January,2003,1 de enero de 2003,47137
85 años,Hombres,1 January,2003,1 de enero de 2003,40603
85 y más años,Hombres,1 January,2003,1 de enero de 2003,216884
86 años,Hombres,1 January,2003,1 de enero de 2003,34845
87 años,Hombres,1 January,2003,1 de enero de 2003,30435
88 años,Hombres,1 January,2003,1 de enero de 2003,25448
89 años,Hombres,1 January,2003,1 de enero de 2003,21219
9 años,Hombres,1 January,2003,1 de enero de 2003,205433
90 años,Hombres,1 January,2003,1 de enero de 2003,17253
91 años,Hombres,1 January,2003,1 de enero de 2003,13246
92 años,Hombres,1 January,2003,1 de enero de 2003,10133
93 años,Hombres,1 January,2003,1 de enero de 2003,7520
94 años,Hombres,1 January,2003,1 de enero de 2003,5380
95 años,Hombres,1 January,2003,1 de enero de 2003,3818
96 años,Hombres,1 January,2003,1 de enero de 2003,2509
97 años,Hombres,1 January,2003,1 de enero de 2003,1676
98 años,Hombres,1 January,2003,1 de enero de 2003,1035
99 años,Hombres,1 January,2003,1 de enero de 2003,715
Todas las edades,Hombres,1 January,2003,1 de enero de 2003,20542468
0 años,Mujeres,1 January,2003,1 de enero de 2003,203286
1 año,Mujeres,1 January,2003,1 de enero de 2003,204166
10 años,Mujeres,1 January,2003,1 de enero de 2003,202399
100 años,Mujeres,1 January,2003,1 de enero de 2003,
100 y más años,Mujeres,1 January,2003,1 de enero de 2003,3673
101 años,Mujeres,1 January,2003,1 de enero de 2003,
102 años,Mujeres,1 January,2003,1 de enero de 2003,
103 años,Mujeres,1 January,2003,1 de enero de 2003,
104 años,Mujeres,1 January,2003,1 de enero de 2003,
105 y más años,Mujeres,1 January,2003,1 de enero de 2003,
11 años,Mujeres,1 January,2003,1 de enero de 2003,200560
12 años,Mujeres,1 January,2003,1 de enero de 2003,204639
13 años,Mujeres,1 January,2003,1 de enero de 2003,208978
14 años,Mujeres,1 January,2003,1 de enero de 2003,212281
15 años,Mujeres,1 January,2003,1 de enero de 2003,215941
16 años,Mujeres,1 January,2003,1 de enero de 2003,222719
17 años,Mujeres,1 January,2003,1 de enero de 2003,232589
18 años,Mujeres,1 January,2003,1 de enero de 2003,243247
19 años,Mujeres,1 January,2003,1 de enero de 2003,255001
2 años,Mujeres,1 January,2003,1 de enero de 2003,197363
20 años,Mujeres,1 January,2003,1 de enero de 2003,273505
21 años,Mujeres,1 January,2003,1 de enero de 2003,289397
22 años,Mujeres,1 January,2003,1 de enero de 2003,308717
23 años,Mujeres,1 January,2003,1 de enero de 2003,321772
24 años,Mujeres,1 January,2003,1 de enero de 2003,340289
25 años,Mujeres,1 January,2003,1 de enero de 2003,347416
26 años,Mujeres,1 January,2003,1 de enero de 2003,358931
27 años,Mujeres,1 January,2003,1 de enero de 2003,358048
28 años,Mujeres,1 January,2003,1 de enero de 2003,357342
29 años,Mujeres,1 January,2003,1 de enero de 2003,350038
3 años,Mujeres,1 January,2003,1 de enero de 2003,192041
30 años,Mujeres,1 January,2003,1 de enero de 2003,349825
31 años,Mujeres,1 January,2003,1 de enero de 2003,345233
32 años,Mujeres,1 January,2003,1 de enero de 2003,341874
33 años,Mujeres,1 January,2003,1 de enero de 2003,340079
34 años,Mujeres,1 January,2003,1 de enero de 2003,339452
35 años,Mujeres,1 January,2003,1 de enero de 2003,343985
36 años,Mujeres,1 January,2003,1 de enero de 2003,338820
37 años,Mujeres,1 January,2003,1 de enero de 2003,338951
38 años,Mujeres,1 January,2003,1 de enero de 2003,345435
39 años,Mujeres,1 January,2003,1 de enero de 2003,329597
4 años,Mujeres,1 January,2003,1 de enero de 2003,185727
40 años,Mujeres,1 January,2003,1 de enero de 2003,320390
41 años,Mujeres,1 January,2003,1 de enero de 2003,314938
42 años,Mujeres,1 January,2003,1 de enero de 2003,318078
43 años,Mujeres,1 January,2003,1 de enero de 2003,310499
44 años,Mujeres,1 January,2003,1 de enero de 2003,304899
45 años,Mujeres,1 January,2003,1 de enero de 2003,298974
46 años,Mujeres,1 January,2003,1 de enero de 2003,279411
47 años,Mujeres,1 January,2003,1 de enero de 2003,271963
48 años,Mujeres,1 January,2003,1 de enero de 2003,261088
49 años,Mujeres,1 January,2003,1 de enero de 2003,261184
5 años,Mujeres,1 January,2003,1 de enero de 2003,184900
50 años,Mujeres,1 January,2003,1 de enero de 2003,260410
51 años,Mujeres,1 January,2003,1 de enero de 2003,244789
52 años,Mujeres,1 January,2003,1 de enero de 2003,240138
53 años,Mujeres,1 January,2003,1 de enero de 2003,252266
54 años,Mujeres,1 January,2003,1 de enero de 2003,264906
55 años,Mujeres,1 January,2003,1 de enero de 2003,241874
56 años,Mujeres,1 January,2003,1 de enero de 2003,233240
57 años,Mujeres,1 January,2003,1 de enero de 2003,246484
58 años,Mujeres,1 January,2003,1 de enero de 2003,234618
59 años,Mujeres,1 January,2003,1 de enero de 2003,231990
6 años,Mujeres,1 January,2003,1 de enero de 2003,183083
60 años,Mujeres,1 January,2003,1 de enero de 2003,201301
61 años,Mujeres,1 January,2003,1 de enero de 2003,186191
62 años,Mujeres,1 January,2003,1 de enero de 2003,232517
63 años,Mujeres,1 January,2003,1 de enero de 2003,157782
64 años,Mujeres,1 January,2003,1 de enero de 2003,179982
65 años,Mujeres,1 January,2003,1 de enero de 2003,202882
66 años,Mujeres,1 January,2003,1 de enero de 2003,227791
67 años,Mujeres,1 January,2003,1 de enero de 2003,219092
68 años,Mujeres,1 January,2003,1 de enero de 2003,218639
69 años,Mujeres,1 January,2003,1 de enero de 2003,225676
7 años,Mujeres,1 January,2003,1 de enero de 2003,184361
70 años,Mujeres,1 January,2003,1 de enero de 2003,222769
71 años,Mujeres,1 January,2003,1 de enero de 2003,211174
72 años,Mujeres,1 January,2003,1 de enero de 2003,214464
73 años,Mujeres,1 January,2003,1 de enero de 2003,201239
74 años,Mujeres,1 January,2003,1 de enero de 2003,199087
75 años,Mujeres,1 January,2003,1 de enero de 2003,183887
76 años,Mujeres,1 January,2003,1 de enero de 2003,182622
77 años,Mujeres,1 January,2003,1 de enero de 2003,171517
78 años,Mujeres,1 January,2003,1 de enero de 2003,164890
79 años,Mujeres,1 January,2003,1 de enero de 2003,154271
8 años,Mujeres,1 January,2003,1 de enero de 2003,186366
80 años,Mujeres,1 January,2003,1 de enero de 2003,150374
81 años,Mujeres,1 January,2003,1 de enero de 2003,131195
82 años,Mujeres,1 January,2003,1 de enero de 2003,121823
83 años,Mujeres,1 January,2003,1 de enero de 2003,99747
84 años,Mujeres,1 January,2003,1 de enero de 2003,94215
85 años,Mujeres,1 January,2003,1 de enero de 2003,82930
85 y más años,Mujeres,1 January,2003,1 de enero de 2003,505519
86 años,Mujeres,1 January,2003,1 de enero de 2003,73754
87 años,Mujeres,1 January,2003,1 de enero de 2003,66391
88 años,Mujeres,1 January,2003,1 de enero de 2003,59149
89 años,Mujeres,1 January,2003,1 de enero de 2003,49974
9 años,Mujeres,1 January,2003,1 de enero de 2003,194233
90 años,Mujeres,1 January,2003,1 de enero de 2003,42630
91 años,Mujeres,1 January,2003,1 de enero de 2003,33346
92 años,Mujeres,1 January,2003,1 de enero de 2003,27503
93 años,Mujeres,1 January,2003,1 de enero de 2003,20287
94 años,Mujeres,1 January,2003,1 de enero de 2003,15069
95 años,Mujeres,1 January,2003,1 de enero de 2003,11230
96 años,Mujeres,1 January,2003,1 de enero de 2003,7935
97 años,Mujeres,1 January,2003,1 de enero de 2003,5689
98 años,Mujeres,1 January,2003,1 de enero de 2003,3567
99 años,Mujeres,1 January,2003,1 de enero de 2003,2392
Todas las edades,Mujeres,1 January,2003,1 de enero de 2003,21285368
0 años,Total,1 January,2003,1 de enero de 2003,419433
1 año,Total,1 January,2003,1 de enero de 2003,417815
10 años,Total,1 January,2003,1 de enero de 2003,415433
100 años,Total,1 January,2003,1 de enero de 2003,
100 y más años,Total,1 January,2003,1 de enero de 2003,4721
101 años,Total,1 January,2003,1 de enero de 2003,
102 años,Total,1 January,2003,1 de enero de 2003,
103 años,Total,1 January,2003,1 de enero de 2003,
104 años,Total,1 January,2003,1 de enero de 2003,
105 y más años,Total,1 January,2003,1 de enero de 2003,
11 años,Total,1 January,2003,1 de enero de 2003,413238
12 años,Total,1 January,2003,1 de enero de 2003,420730
13 años,Total,1 January,2003,1 de enero de 2003,429944
14 años,Total,1 January,2003,1 de enero de 2003,436639
15 años,Total,1 January,2003,1 de enero de 2003,444274
16 años,Total,1 January,2003,1 de enero de 2003,457475
17 años,Total,1 January,2003,1 de enero de 2003,478119
18 años,Total,1 January,2003,1 de enero de 2003,500142
19 años,Total,1 January,2003,1 de enero de 2003,522083
2 años,Total,1 January,2003,1 de enero de 2003,406441
20 años,Total,1 January,2003,1 de enero de 2003,560141
21 años,Total,1 January,2003,1 de enero de 2003,594196
22 años,Total,1 January,2003,1 de enero de 2003,632142
23 años,Total,1 January,2003,1 de enero de 2003,659215
24 años,Total,1 January,2003,1 de enero de 2003,699219
25 años,Total,1 January,2003,1 de enero de 2003,715102
26 años,Total,1 January,2003,1 de enero de 2003,736992
27 años,Total,1 January,2003,1 de enero de 2003,736947
28 años,Total,1 January,2003,1 de enero de 2003,733700
29 años,Total,1 January,2003,1 de enero de 2003,719515
3 años,Total,1 January,2003,1 de enero de 2003,393825
30 años,Total,1 January,2003,1 de enero de 2003,718536
31 años,Total,1 January,2003,1 de enero de 2003,708184
32 años,Total,1 January,2003,1 de enero de 2003,701000
33 años,Total,1 January,2003,1 de enero de 2003,694740
34 años,Total,1 January,2003,1 de enero de 2003,691553
35 años,Total,1 January,2003,1 de enero de 2003,698022
36 años,Total,1 January,2003,1 de enero de 2003,687228
37 años,Total,1 January,2003,1 de enero de 2003,684583
38 años,Total,1 January,2003,1 de enero de 2003,696515
39 años,Total,1 January,2003,1 de enero de 2003,665035
4 años,Total,1 January,2003,1 de enero de 2003,382557
40 años,Total,1 January,2003,1 de enero de 2003,643990
41 años,Total,1 January,2003,1 de enero de 2003,631165
42 años,Total,1 January,2003,1 de enero de 2003,637417
43 años,Total,1 January,2003,1 de enero de 2003,621008
44 años,Total,1 January,2003,1 de enero de 2003,609373
45 años,Total,1 January,2003,1 de enero de 2003,596375
46 años,Total,1 January,2003,1 de enero de 2003,557270
47 años,Total,1 January,2003,1 de enero de 2003,541808
48 años,Total,1 January,2003,1 de enero de 2003,518234
49 años,Total,1 January,2003,1 de enero de 2003,520309
5 años,Total,1 January,2003,1 de enero de 2003,379574
50 años,Total,1 January,2003,1 de enero de 2003,519454
51 años,Total,1 January,2003,1 de enero de 2003,486122
52 años,Total,1 January,2003,1 de enero de 2003,476607
53 años,Total,1 January,2003,1 de enero de 2003,496760
54 años,Total,1 January,2003,1 de enero de 2003,521814
55 años,Total,1 January,2003,1 de enero de 2003,476261
56 años,Total,1 January,2003,1 de enero de 2003,456559
57 años,Total,1 January,2003,1 de enero de 2003,481568
58 años,Total,1 January,2003,1 de enero de 2003,457052
59 años,Total,1 January,2003,1 de enero de 2003,452707
6 años,Total,1 January,2003,1 de enero de 2003,375547
60 años,Total,1 January,2003,1 de enero de 2003,391579
61 años,Total,1 January,2003,1 de enero de 2003,362441
62 años,Total,1 January,2003,1 de enero de 2003,449314
63 años,Total,1 January,2003,1 de enero de 2003,299708
64 años,Total,1 January,2003,1 de enero de 2003,342228
65 años,Total,1 January,2003,1 de enero de 2003,385227
66 años,Total,1 January,2003,1 de enero de 2003,425924
67 años,Total,1 January,2003,1 de enero de 2003,411924
68 años,Total,1 January,2003,1 de enero de 2003,408303
69 años,Total,1 January,2003,1 de enero de 2003,419204
7 años,Total,1 January,2003,1 de enero de 2003,378948
70 años,Total,1 January,2003,1 de enero de 2003,410975
71 años,Total,1 January,2003,1 de enero de 2003,388168
72 años,Total,1 January,2003,1 de enero de 2003,387330
73 años,Total,1 January,2003,1 de enero de 2003,361065
74 años,Total,1 January,2003,1 de enero de 2003,352739
75 años,Total,1 January,2003,1 de enero de 2003,323372
76 años,Total,1 January,2003,1 de enero de 2003,317498
77 años,Total,1 January,2003,1 de enero de 2003,293293
78 años,Total,1 January,2003,1 de enero de 2003,278718
79 años,Total,1 January,2003,1 de enero de 2003,259187
8 años,Total,1 January,2003,1 de enero de 2003,383427
80 años,Total,1 January,2003,1 de enero de 2003,245732
81 años,Total,1 January,2003,1 de enero de 2003,215635
82 años,Total,1 January,2003,1 de enero de 2003,190945
83 años,Total,1 January,2003,1 de enero de 2003,153845
84 años,Total,1 January,2003,1 de enero de 2003,141352
85 años,Total,1 January,2003,1 de enero de 2003,123533
85 y más años,Total,1 January,2003,1 de enero de 2003,722403
86 años,Total,1 January,2003,1 de enero de 2003,108599
87 años,Total,1 January,2003,1 de enero de 2003,96827
88 años,Total,1 January,2003,1 de enero de 2003,84597
89 años,Total,1 January,2003,1 de enero de 2003,71193
9 años,Total,1 January,2003,1 de enero de 2003,399666
90 años,Total,1 January,2003,1 de enero de 2003,59883
91 años,Total,1 January,2003,1 de enero de 2003,46592
92 años,Total,1 January,2003,1 de enero de 2003,37637
93 años,Total,1 January,2003,1 de enero de 2003,27807
94 años,Total,1 January,2003,1 de enero de 2003,20449
95 años,Total,1 January,2003,1 de enero de 2003,15047
96 años,Total,1 January,2003,1 de enero de 2003,10445
97 años,Total,1 January,2003,1 de enero de 2003,7365
98 años,Total,1 January,2003,1 de enero de 2003,4602
99 años,Total,1 January,2003,1 de enero de 2003,3107
Todas las edades,Total,1 January,2003,1 de enero de 2003,41827836
0 años,Hombres,1 January,2004,1 de enero de 2004,228104
1 año,Hombres,1 January,2004,1 de enero de 2004,219087
10 años,Hombres,1 January,2004,1 de enero de 2004,209354
100 años,Hombres,1 January,2004,1 de enero de 2004,
100 y más años,Hombres,1 January,2004,1 de enero de 2004,1119
101 años,Hombres,1 January,2004,1 de enero de 2004,
102 años,Hombres,1 January,2004,1 de enero de 2004,
103 años,Hombres,1 January,2004,1 de enero de 2004,
104 años,Hombres,1 January,2004,1 de enero de 2004,
105 y más años,Hombres,1 January,2004,1 de enero de 2004,
11 años,Hombres,1 January,2004,1 de enero de 2004,216912
12 años,Hombres,1 January,2004,1 de enero de 2004,216697
13 años,Hombres,1 January,2004,1 de enero de 2004,219861
14 años,Hombres,1 January,2004,1 de enero de 2004,224776
15 años,Hombres,1 January,2004,1 de enero de 2004,228441
16 años,Hombres,1 January,2004,1 de enero de 2004,232365
17 años,Hombres,1 January,2004,1 de enero de 2004,239144
18 años,Hombres,1 January,2004,1 de enero de 2004,250606
19 años,Hombres,1 January,2004,1 de enero de 2004,262568
2 años,Hombres,1 January,2004,1 de enero de 2004,216810
20 años,Hombres,1 January,2004,1 de enero de 2004,274433
21 años,Hombres,1 January,2004,1 de enero de 2004,295015
22 años,Hombres,1 January,2004,1 de enero de 2004,314047
23 años,Hombres,1 January,2004,1 de enero de 2004,333373
24 años,Hombres,1 January,2004,1 de enero de 2004,348326
25 años,Hombres,1 January,2004,1 de enero de 2004,370306
26 años,Hombres,1 January,2004,1 de enero de 2004,378956
27 años,Hombres,1 January,2004,1 de enero de 2004,389089
28 años,Hombres,1 January,2004,1 de enero de 2004,389659
29 años,Hombres,1 January,2004,1 de enero de 2004,386787
3 años,Hombres,1 January,2004,1 de enero de 2004,212962
30 años,Hombres,1 January,2004,1 de enero de 2004,379322
31 años,Hombres,1 January,2004,1 de enero de 2004,377960
32 años,Hombres,1 January,2004,1 de enero de 2004,371581
33 años,Hombres,1 January,2004,1 de enero de 2004,367635
34 años,Hombres,1 January,2004,1 de enero de 2004,362651
35 años,Hombres,1 January,2004,1 de enero de 2004,359891
36 años,Hombres,1 January,2004,1 de enero de 2004,361144
37 años,Hombres,1 January,2004,1 de enero de 2004,354732
38 años,Hombres,1 January,2004,1 de enero de 2004,351509
39 años,Hombres,1 January,2004,1 de enero de 2004,356621
4 años,Hombres,1 January,2004,1 de enero de 2004,205978
40 años,Hombres,1 January,2004,1 de enero de 2004,340380
41 años,Hombres,1 January,2004,1 de enero de 2004,328362
42 años,Hombres,1 January,2004,1 de enero de 2004,320356
43 años,Hombres,1 January,2004,1 de enero de 2004,323179
44 años,Hombres,1 January,2004,1 de enero de 2004,314110
45 años,Hombres,1 January,2004,1 de enero de 2004,307746
46 años,Hombres,1 January,2004,1 de enero de 2004,300380
47 años,Hombres,1 January,2004,1 de enero de 2004,280432
48 años,Hombres,1 January,2004,1 de enero de 2004,272097
49 años,Hombres,1 January,2004,1 de enero de 2004,258948
5 años,Hombres,1 January,2004,1 de enero de 2004,200973
50 años,Hombres,1 January,2004,1 de enero de 2004,260747
51 años,Hombres,1 January,2004,1 de enero de 2004,260361
52 años,Hombres,1 January,2004,1 de enero de 2004,242492
53 años,Hombres,1 January,2004,1 de enero de 2004,237440
54 años,Hombres,1 January,2004,1 de enero de 2004,245258
55 años,Hombres,1 January,2004,1 de enero de 2004,257446
56 años,Hombres,1 January,2004,1 de enero de 2004,234858
57 años,Hombres,1 January,2004,1 de enero de 2004,223568
58 años,Hombres,1 January,2004,1 de enero de 2004,234954
59 años,Hombres,1 January,2004,1 de enero de 2004,222310
6 años,Hombres,1 January,2004,1 de enero de 2004,198909
60 años,Hombres,1 January,2004,1 de enero de 2004,220444
61 años,Hombres,1 January,2004,1 de enero de 2004,190046
62 años,Hombres,1 January,2004,1 de enero de 2004,175858
63 años,Hombres,1 January,2004,1 de enero de 2004,215797
64 años,Hombres,1 January,2004,1 de enero de 2004,141423
65 años,Hombres,1 January,2004,1 de enero de 2004,161503
66 años,Hombres,1 January,2004,1 de enero de 2004,180930
67 años,Hombres,1 January,2004,1 de enero de 2004,195828
68 años,Hombres,1 January,2004,1 de enero de 2004,190150
69 años,Hombres,1 January,2004,1 de enero de 2004,186648
7 años,Hombres,1 January,2004,1 de enero de 2004,196515
70 años,Hombres,1 January,2004,1 de enero de 2004,189794
71 años,Hombres,1 January,2004,1 de enero de 2004,184169
72 años,Hombres,1 January,2004,1 de enero de 2004,172554
73 años,Hombres,1 January,2004,1 de enero de 2004,167957
74 años,Hombres,1 January,2004,1 de enero de 2004,154609
75 años,Hombres,1 January,2004,1 de enero de 2004,148091
76 años,Hombres,1 January,2004,1 de enero de 2004,133879
77 años,Hombres,1 January,2004,1 de enero de 2004,128529
78 años,Hombres,1 January,2004,1 de enero de 2004,115509
79 años,Hombres,1 January,2004,1 de enero de 2004,107216
8 años,Hombres,1 January,2004,1 de enero de 2004,198251
80 años,Hombres,1 January,2004,1 de enero de 2004,98139
81 años,Hombres,1 January,2004,1 de enero de 2004,88333
82 años,Hombres,1 January,2004,1 de enero de 2004,77582
83 años,Hombres,1 January,2004,1 de enero de 2004,62733
84 años,Hombres,1 January,2004,1 de enero de 2004,48606
85 años,Hombres,1 January,2004,1 de enero de 2004,41894
85 y más años,Hombres,1 January,2004,1 de enero de 2004,220471
86 años,Hombres,1 January,2004,1 de enero de 2004,35448
87 años,Hombres,1 January,2004,1 de enero de 2004,30089
88 años,Hombres,1 January,2004,1 de enero de 2004,25844
89 años,Hombres,1 January,2004,1 de enero de 2004,21268
9 años,Hombres,1 January,2004,1 de enero de 2004,201004
90 años,Hombres,1 January,2004,1 de enero de 2004,17331
91 años,Hombres,1 January,2004,1 de enero de 2004,13783
92 años,Hombres,1 January,2004,1 de enero de 2004,10378
93 años,Hombres,1 January,2004,1 de enero de 2004,7775
94 años,Hombres,1 January,2004,1 de enero de 2004,5597
95 años,Hombres,1 January,2004,1 de enero de 2004,3849
96 años,Hombres,1 January,2004,1 de enero de 2004,2629
97 años,Hombres,1 January,2004,1 de enero de 2004,1705
98 años,Hombres,1 January,2004,1 de enero de 2004,1106
99 años,Hombres,1 January,2004,1 de enero de 2004,657
Todas las edades,Hombres,1 January,2004,1 de enero de 2004,20924581
0 años,Mujeres,1 January,2004,1 de enero de 2004,214972
1 año,Mujeres,1 January,2004,1 de enero de 2004,206412
10 años,Mujeres,1 January,2004,1 de enero de 2004,197821
100 años,Mujeres,1 January,2004,1 de enero de 2004,
100 y más años,Mujeres,1 January,2004,1 de enero de 2004,3718
101 años,Mujeres,1 January,2004,1 de enero de 2004,
102 años,Mujeres,1 January,2004,1 de enero de 2004,
103 años,Mujeres,1 January,2004,1 de enero de 2004,
104 años,Mujeres,1 January,2004,1 de enero de 2004,
105 y más años,Mujeres,1 January,2004,1 de enero de 2004,
11 años,Mujeres,1 January,2004,1 de enero de 2004,206020
12 años,Mujeres,1 January,2004,1 de enero de 2004,204217
13 años,Mujeres,1 January,2004,1 de enero de 2004,208090
14 años,Mujeres,1 January,2004,1 de enero de 2004,212474
15 años,Mujeres,1 January,2004,1 de enero de 2004,216151
16 años,Mujeres,1 January,2004,1 de enero de 2004,219730
17 años,Mujeres,1 January,2004,1 de enero de 2004,226706
18 años,Mujeres,1 January,2004,1 de enero de 2004,237637
19 años,Mujeres,1 January,2004,1 de enero de 2004,249799
2 años,Mujeres,1 January,2004,1 de enero de 2004,207227
20 años,Mujeres,1 January,2004,1 de enero de 2004,262395
21 años,Mujeres,1 January,2004,1 de enero de 2004,281951
22 años,Mujeres,1 January,2004,1 de enero de 2004,298399
23 años,Mujeres,1 January,2004,1 de enero de 2004,318328
24 años,Mujeres,1 January,2004,1 de enero de 2004,331761
25 años,Mujeres,1 January,2004,1 de enero de 2004,350335
26 años,Mujeres,1 January,2004,1 de enero de 2004,357017
27 años,Mujeres,1 January,2004,1 de enero de 2004,368046
28 años,Mujeres,1 January,2004,1 de enero de 2004,366649
29 años,Mujeres,1 January,2004,1 de enero de 2004,365316
3 años,Mujeres,1 January,2004,1 de enero de 2004,201125
30 años,Mujeres,1 January,2004,1 de enero de 2004,357546
31 años,Mujeres,1 January,2004,1 de enero de 2004,356737
32 años,Mujeres,1 January,2004,1 de enero de 2004,352019
33 años,Mujeres,1 January,2004,1 de enero de 2004,348221
34 años,Mujeres,1 January,2004,1 de enero de 2004,346339
35 años,Mujeres,1 January,2004,1 de enero de 2004,345369
36 años,Mujeres,1 January,2004,1 de enero de 2004,349552
37 años,Mujeres,1 January,2004,1 de enero de 2004,343742
38 años,Mujeres,1 January,2004,1 de enero de 2004,343649
39 años,Mujeres,1 January,2004,1 de enero de 2004,349880
4 años,Mujeres,1 January,2004,1 de enero de 2004,195937
40 años,Mujeres,1 January,2004,1 de enero de 2004,333825
41 años,Mujeres,1 January,2004,1 de enero de 2004,324220
42 años,Mujeres,1 January,2004,1 de enero de 2004,318478
43 años,Mujeres,1 January,2004,1 de enero de 2004,321518
44 años,Mujeres,1 January,2004,1 de enero de 2004,313678
45 años,Mujeres,1 January,2004,1 de enero de 2004,307658
46 años,Mujeres,1 January,2004,1 de enero de 2004,301619
47 años,Mujeres,1 January,2004,1 de enero de 2004,281884
48 años,Mujeres,1 January,2004,1 de enero de 2004,274197
49 años,Mujeres,1 January,2004,1 de enero de 2004,263227
5 años,Mujeres,1 January,2004,1 de enero de 2004,189433
50 años,Mujeres,1 January,2004,1 de enero de 2004,263228
51 años,Mujeres,1 January,2004,1 de enero de 2004,262336
52 años,Mujeres,1 January,2004,1 de enero de 2004,246633
53 años,Mujeres,1 January,2004,1 de enero de 2004,241782
54 años,Mujeres,1 January,2004,1 de enero de 2004,253784
55 años,Mujeres,1 January,2004,1 de enero de 2004,266283
56 años,Mujeres,1 January,2004,1 de enero de 2004,243391
57 años,Mujeres,1 January,2004,1 de enero de 2004,234508
58 años,Mujeres,1 January,2004,1 de enero de 2004,247479
59 años,Mujeres,1 January,2004,1 de enero de 2004,235605
6 años,Mujeres,1 January,2004,1 de enero de 2004,188995
60 años,Mujeres,1 January,2004,1 de enero de 2004,233003
61 años,Mujeres,1 January,2004,1 de enero de 2004,202148
62 años,Mujeres,1 January,2004,1 de enero de 2004,186986
63 años,Mujeres,1 January,2004,1 de enero de 2004,232994
64 años,Mujeres,1 January,2004,1 de enero de 2004,158184
65 años,Mujeres,1 January,2004,1 de enero de 2004,180200
66 años,Mujeres,1 January,2004,1 de enero de 2004,202778
67 años,Mujeres,1 January,2004,1 de enero de 2004,227015
68 años,Mujeres,1 January,2004,1 de enero de 2004,218218
69 años,Mujeres,1 January,2004,1 de enero de 2004,217519
7 años,Mujeres,1 January,2004,1 de enero de 2004,186963
70 años,Mujeres,1 January,2004,1 de enero de 2004,224091
71 años,Mujeres,1 January,2004,1 de enero de 2004,220936
72 años,Mujeres,1 January,2004,1 de enero de 2004,209113
73 años,Mujeres,1 January,2004,1 de enero de 2004,211847
74 años,Mujeres,1 January,2004,1 de enero de 2004,198286
75 años,Mujeres,1 January,2004,1 de enero de 2004,195597
76 años,Mujeres,1 January,2004,1 de enero de 2004,180297
77 años,Mujeres,1 January,2004,1 de enero de 2004,178310
78 años,Mujeres,1 January,2004,1 de enero de 2004,166925
79 años,Mujeres,1 January,2004,1 de enero de 2004,159699
8 años,Mujeres,1 January,2004,1 de enero de 2004,187893
80 años,Mujeres,1 January,2004,1 de enero de 2004,148776
81 años,Mujeres,1 January,2004,1 de enero de 2004,144123
82 años,Mujeres,1 January,2004,1 de enero de 2004,124818
83 años,Mujeres,1 January,2004,1 de enero de 2004,114788
84 años,Mujeres,1 January,2004,1 de enero de 2004,92858
85 años,Mujeres,1 January,2004,1 de enero de 2004,86924
85 y más años,Mujeres,1 January,2004,1 de enero de 2004,517251
86 años,Mujeres,1 January,2004,1 de enero de 2004,75565
87 años,Mujeres,1 January,2004,1 de enero de 2004,66219
88 años,Mujeres,1 January,2004,1 de enero de 2004,58731
89 años,Mujeres,1 January,2004,1 de enero de 2004,51432
9 años,Mujeres,1 January,2004,1 de enero de 2004,189926
90 años,Mujeres,1 January,2004,1 de enero de 2004,42793
91 años,Mujeres,1 January,2004,1 de enero de 2004,35540
92 años,Mujeres,1 January,2004,1 de enero de 2004,27229
93 años,Mujeres,1 January,2004,1 de enero de 2004,21797
94 años,Mujeres,1 January,2004,1 de enero de 2004,15763
95 años,Mujeres,1 January,2004,1 de enero de 2004,11264
96 años,Mujeres,1 January,2004,1 de enero de 2004,8248
97 años,Mujeres,1 January,2004,1 de enero de 2004,5691
98 años,Mujeres,1 January,2004,1 de enero de 2004,3926
99 años,Mujeres,1 January,2004,1 de enero de 2004,2413
Todas las edades,Mujeres,1 January,2004,1 de enero de 2004,21622873
0 años,Total,1 January,2004,1 de enero de 2004,443076
1 año,Total,1 January,2004,1 de enero de 2004,425499
10 años,Total,1 January,2004,1 de enero de 2004,407175
100 años,Total,1 January,2004,1 de enero de 2004,
100 y más años,Total,1 January,2004,1 de enero de 2004,4837
101 años,Total,1 January,2004,1 de enero de 2004,
102 años,Total,1 January,2004,1 de enero de 2004,
103 años,Total,1 January,2004,1 de enero de 2004,
104 años,Total,1 January,2004,1 de enero de 2004,
105 y más años,Total,1 January,2004,1 de enero de 2004,
11 años,Total,1 January,2004,1 de enero de 2004,422932
12 años,Total,1 January,2004,1 de enero de 2004,420914
13 años,Total,1 January,2004,1 de enero de 2004,427951
14 años,Total,1 January,2004,1 de enero de 2004,437250
15 años,Total,1 January,2004,1 de enero de 2004,444592
16 años,Total,1 January,2004,1 de enero de 2004,452096
17 años,Total,1 January,2004,1 de enero de 2004,465850
18 años,Total,1 January,2004,1 de enero de 2004,488242
19 años,Total,1 January,2004,1 de enero de 2004,512367
2 años,Total,1 January,2004,1 de enero de 2004,424037
20 años,Total,1 January,2004,1 de enero de 2004,536828
21 años,Total,1 January,2004,1 de enero de 2004,576966
22 años,Total,1 January,2004,1 de enero de 2004,612446
23 años,Total,1 January,2004,1 de enero de 2004,651702
24 años,Total,1 January,2004,1 de enero de 2004,680087
25 años,Total,1 January,2004,1 de enero de 2004,720640
26 años,Total,1 January,2004,1 de enero de 2004,735973
27 años,Total,1 January,2004,1 de enero de 2004,757135
28 años,Total,1 January,2004,1 de enero de 2004,756308
29 años,Total,1 January,2004,1 de enero de 2004,752104
3 años,Total,1 January,2004,1 de enero de 2004,414087
30 años,Total,1 January,2004,1 de enero de 2004,736869
31 años,Total,1 January,2004,1 de enero de 2004,734697
32 años,Total,1 January,2004,1 de enero de 2004,723599
33 años,Total,1 January,2004,1 de enero de 2004,715856
34 años,Total,1 January,2004,1 de enero de 2004,708990
35 años,Total,1 January,2004,1 de enero de 2004,705260
36 años,Total,1 January,2004,1 de enero de 2004,710696
37 años,Total,1 January,2004,1 de enero de 2004,698474
38 años,Total,1 January,2004,1 de enero de 2004,695158
39 años,Total,1 January,2004,1 de enero de 2004,706501
4 años,Total,1 January,2004,1 de enero de 2004,401915
40 años,Total,1 January,2004,1 de enero de 2004,674206
41 años,Total,1 January,2004,1 de enero de 2004,652582
42 años,Total,1 January,2004,1 de enero de 2004,638835
43 años,Total,1 January,2004,1 de enero de 2004,644698
44 años,Total,1 January,2004,1 de enero de 2004,627788
45 años,Total,1 January,2004,1 de enero de 2004,615404
46 años,Total,1 January,2004,1 de enero de 2004,602000
47 años,Total,1 January,2004,1 de enero de 2004,562315
48 años,Total,1 January,2004,1 de enero de 2004,546294
49 años,Total,1 January,2004,1 de enero de 2004,522175
5 años,Total,1 January,2004,1 de enero de 2004,390405
50 años,Total,1 January,2004,1 de enero de 2004,523975
51 años,Total,1 January,2004,1 de enero de 2004,522697
52 años,Total,1 January,2004,1 de enero de 2004,489125
53 años,Total,1 January,2004,1 de enero de 2004,479221
54 años,Total,1 January,2004,1 de enero de 2004,499043
55 años,Total,1 January,2004,1 de enero de 2004,523729
56 años,Total,1 January,2004,1 de enero de 2004,478249
57 años,Total,1 January,2004,1 de enero de 2004,458076
58 años,Total,1 January,2004,1 de enero de 2004,482433
59 años,Total,1 January,2004,1 de enero de 2004,457915
6 años,Total,1 January,2004,1 de enero de 2004,387905
60 años,Total,1 January,2004,1 de enero de 2004,453447
61 años,Total,1 January,2004,1 de enero de 2004,392194
62 años,Total,1 January,2004,1 de enero de 2004,362843
63 años,Total,1 January,2004,1 de enero de 2004,448792
64 años,Total,1 January,2004,1 de enero de 2004,299607
65 años,Total,1 January,2004,1 de enero de 2004,341703
66 años,Total,1 January,2004,1 de enero de 2004,383708
67 años,Total,1 January,2004,1 de enero de 2004,422843
68 años,Total,1 January,2004,1 de enero de 2004,408368
69 años,Total,1 January,2004,1 de enero de 2004,404167
7 años,Total,1 January,2004,1 de enero de 2004,383479
70 años,Total,1 January,2004,1 de enero de 2004,413885
71 años,Total,1 January,2004,1 de enero de 2004,405105
72 años,Total,1 January,2004,1 de enero de 2004,381667
73 años,Total,1 January,2004,1 de enero de 2004,379804
74 años,Total,1 January,2004,1 de enero de 2004,352895
75 años,Total,1 January,2004,1 de enero de 2004,343688
76 años,Total,1 January,2004,1 de enero de 2004,314175
77 años,Total,1 January,2004,1 de enero de 2004,306839
78 años,Total,1 January,2004,1 de enero de 2004,282434
79 años,Total,1 January,2004,1 de enero de 2004,266915
8 años,Total,1 January,2004,1 de enero de 2004,386144
80 años,Total,1 January,2004,1 de enero de 2004,246915
81 años,Total,1 January,2004,1 de enero de 2004,232456
82 años,Total,1 January,2004,1 de enero de 2004,202400
83 años,Total,1 January,2004,1 de enero de 2004,177521
84 años,Total,1 January,2004,1 de enero de 2004,141463
85 años,Total,1 January,2004,1 de enero de 2004,128818
85 y más años,Total,1 January,2004,1 de enero de 2004,737722
86 años,Total,1 January,2004,1 de enero de 2004,111013
87 años,Total,1 January,2004,1 de enero de 2004,96308
88 años,Total,1 January,2004,1 de enero de 2004,84574
89 años,Total,1 January,2004,1 de enero de 2004,72700
9 años,Total,1 January,2004,1 de enero de 2004,390930
90 años,Total,1 January,2004,1 de enero de 2004,60124
91 años,Total,1 January,2004,1 de enero de 2004,49322
92 años,Total,1 January,2004,1 de enero de 2004,37607
93 años,Total,1 January,2004,1 de enero de 2004,29572
94 años,Total,1 January,2004,1 de enero de 2004,21360
95 años,Total,1 January,2004,1 de enero de 2004,15112
96 años,Total,1 January,2004,1 de enero de 2004,10877
97 años,Total,1 January,2004,1 de enero de 2004,7397
98 años,Total,1 January,2004,1 de enero de 2004,5032
99 años,Total,1 January,2004,1 de enero de 2004,3069
Todas las edades,Total,1 January,2004,1 de enero de 2004,42547454
0 años,Hombres,1 January,2005,1 de enero de 2005,235081
1 año,Hombres,1 January,2005,1 de enero de 2005,230517
10 años,Hombres,1 January,2005,1 de enero de 2005,203923
100 años,Hombres,1 January,2005,1 de enero de 2005,
100 y más años,Hombres,1 January,2005,1 de enero de 2005,1147
101 años,Hombres,1 January,2005,1 de enero de 2005,
102 años,Hombres,1 January,2005,1 de enero de 2005,
103 años,Hombres,1 January,2005,1 de enero de 2005,
104 años,Hombres,1 January,2005,1 de enero de 2005,
105 y más años,Hombres,1 January,2005,1 de enero de 2005,
11 años,Hombres,1 January,2005,1 de enero de 2005,212338
12 años,Hombres,1 January,2005,1 de enero de 2005,219877
13 años,Hombres,1 January,2005,1 de enero de 2005,219769
14 años,Hombres,1 January,2005,1 de enero de 2005,222830
15 años,Hombres,1 January,2005,1 de enero de 2005,228153
16 años,Hombres,1 January,2005,1 de enero de 2005,231849
17 años,Hombres,1 January,2005,1 de enero de 2005,236560
18 años,Hombres,1 January,2005,1 de enero de 2005,244217
19 años,Hombres,1 January,2005,1 de enero de 2005,257002
2 años,Hombres,1 January,2005,1 de enero de 2005,221645
20 años,Hombres,1 January,2005,1 de enero de 2005,270363
21 años,Hombres,1 January,2005,1 de enero de 2005,283492
22 años,Hombres,1 January,2005,1 de enero de 2005,305661
23 años,Hombres,1 January,2005,1 de enero de 2005,325304
24 años,Hombres,1 January,2005,1 de enero de 2005,346063
25 años,Hombres,1 January,2005,1 de enero de 2005,361329
26 años,Hombres,1 January,2005,1 de enero de 2005,383850
27 años,Hombres,1 January,2005,1 de enero de 2005,392114
28 años,Hombres,1 January,2005,1 de enero de 2005,401444
29 años,Hombres,1 January,2005,1 de enero de 2005,401452
3 años,Hombres,1 January,2005,1 de enero de 2005,219513
30 años,Hombres,1 January,2005,1 de enero de 2005,398220
31 años,Hombres,1 January,2005,1 de enero de 2005,389607
32 años,Hombres,1 January,2005,1 de enero de 2005,388040
33 años,Hombres,1 January,2005,1 de enero de 2005,380672
34 años,Hombres,1 January,2005,1 de enero de 2005,376886
35 años,Hombres,1 January,2005,1 de enero de 2005,370989
36 años,Hombres,1 January,2005,1 de enero de 2005,368050
37 años,Hombres,1 January,2005,1 de enero de 2005,368516
38 años,Hombres,1 January,2005,1 de enero de 2005,361095
39 años,Hombres,1 January,2005,1 de enero de 2005,357418
4 años,Hombres,1 January,2005,1 de enero de 2005,216114
40 años,Hombres,1 January,2005,1 de enero de 2005,362238
41 años,Hombres,1 January,2005,1 de enero de 2005,345410
42 años,Hombres,1 January,2005,1 de enero de 2005,333094
43 años,Hombres,1 January,2005,1 de enero de 2005,324505
44 años,Hombres,1 January,2005,1 de enero de 2005,327100
45 años,Hombres,1 January,2005,1 de enero de 2005,317807
46 años,Hombres,1 January,2005,1 de enero de 2005,310978
47 años,Hombres,1 January,2005,1 de enero de 2005,303204
48 años,Hombres,1 January,2005,1 de enero de 2005,282836
49 años,Hombres,1 January,2005,1 de enero de 2005,274238
5 años,Hombres,1 January,2005,1 de enero de 2005,209037
50 años,Hombres,1 January,2005,1 de enero de 2005,260708
51 años,Hombres,1 January,2005,1 de enero de 2005,262313
52 años,Hombres,1 January,2005,1 de enero de 2005,261603
53 años,Hombres,1 January,2005,1 de enero de 2005,243579
54 años,Hombres,1 January,2005,1 de enero de 2005,238367
55 años,Hombres,1 January,2005,1 de enero de 2005,246001
56 años,Hombres,1 January,2005,1 de enero de 2005,257980
57 años,Hombres,1 January,2005,1 de enero de 2005,235335
58 años,Hombres,1 January,2005,1 de enero de 2005,223843
59 años,Hombres,1 January,2005,1 de enero de 2005,234978
6 años,Hombres,1 January,2005,1 de enero de 2005,204061
60 años,Hombres,1 January,2005,1 de enero de 2005,222454
61 años,Hombres,1 January,2005,1 de enero de 2005,220223
62 años,Hombres,1 January,2005,1 de enero de 2005,189848
63 años,Hombres,1 January,2005,1 de enero de 2005,175409
64 años,Hombres,1 January,2005,1 de enero de 2005,214686
65 años,Hombres,1 January,2005,1 de enero de 2005,140899
66 años,Hombres,1 January,2005,1 de enero de 2005,160454
67 años,Hombres,1 January,2005,1 de enero de 2005,179090
68 años,Hombres,1 January,2005,1 de enero de 2005,193289
69 años,Hombres,1 January,2005,1 de enero de 2005,187333
7 años,Hombres,1 January,2005,1 de enero de 2005,202123
70 años,Hombres,1 January,2005,1 de enero de 2005,183503
71 años,Hombres,1 January,2005,1 de enero de 2005,185757
72 años,Hombres,1 January,2005,1 de enero de 2005,179897
73 años,Hombres,1 January,2005,1 de enero de 2005,167944
74 años,Hombres,1 January,2005,1 de enero de 2005,162920
75 años,Hombres,1 January,2005,1 de enero de 2005,149459
76 años,Hombres,1 January,2005,1 de enero de 2005,142243
77 años,Hombres,1 January,2005,1 de enero de 2005,128044
78 años,Hombres,1 January,2005,1 de enero de 2005,122216
79 años,Hombres,1 January,2005,1 de enero de 2005,109237
8 años,Hombres,1 January,2005,1 de enero de 2005,199636
80 años,Hombres,1 January,2005,1 de enero de 2005,100631
81 años,Hombres,1 January,2005,1 de enero de 2005,91417
82 años,Hombres,1 January,2005,1 de enero de 2005,81545
83 años,Hombres,1 January,2005,1 de enero de 2005,70917
84 años,Hombres,1 January,2005,1 de enero de 2005,56676
85 años,Hombres,1 January,2005,1 de enero de 2005,43445
85 y más años,Hombres,1 January,2005,1 de enero de 2005,227097
86 años,Hombres,1 January,2005,1 de enero de 2005,36874
87 años,Hombres,1 January,2005,1 de enero de 2005,30856
88 años,Hombres,1 January,2005,1 de enero de 2005,25833
89 años,Hombres,1 January,2005,1 de enero de 2005,21786
9 años,Hombres,1 January,2005,1 de enero de 2005,201172
90 años,Hombres,1 January,2005,1 de enero de 2005,17626
91 años,Hombres,1 January,2005,1 de enero de 2005,14066
92 años,Hombres,1 January,2005,1 de enero de 2005,11006
93 años,Hombres,1 January,2005,1 de enero de 2005,8036
94 años,Hombres,1 January,2005,1 de enero de 2005,5839
95 años,Hombres,1 January,2005,1 de enero de 2005,4117
96 años,Hombres,1 January,2005,1 de enero de 2005,2730
97 años,Hombres,1 January,2005,1 de enero de 2005,1862
98 años,Hombres,1 January,2005,1 de enero de 2005,1134
99 años,Hombres,1 January,2005,1 de enero de 2005,740
Todas las edades,Hombres,1 January,2005,1 de enero de 2005,21335283
0 años,Mujeres,1 January,2005,1 de enero de 2005,220123
1 año,Mujeres,1 January,2005,1 de enero de 2005,218070
10 años,Mujeres,1 January,2005,1 de enero de 2005,192686
100 años,Mujeres,1 January,2005,1 de enero de 2005,
100 y más años,Mujeres,1 January,2005,1 de enero de 2005,3918
101 años,Mujeres,1 January,2005,1 de enero de 2005,
102 años,Mujeres,1 January,2005,1 de enero de 2005,
103 años,Mujeres,1 January,2005,1 de enero de 2005,
104 años,Mujeres,1 January,2005,1 de enero de 2005,
105 y más años,Mujeres,1 January,2005,1 de enero de 2005,
11 años,Mujeres,1 January,2005,1 de enero de 2005,200535
12 años,Mujeres,1 January,2005,1 de enero de 2005,208721
13 años,Mujeres,1 January,2005,1 de enero de 2005,206983
14 años,Mujeres,1 January,2005,1 de enero de 2005,210703
15 años,Mujeres,1 January,2005,1 de enero de 2005,215390
16 años,Mujeres,1 January,2005,1 de enero de 2005,219239
17 años,Mujeres,1 January,2005,1 de enero de 2005,223280
18 años,Mujeres,1 January,2005,1 de enero de 2005,231592
19 años,Mujeres,1 January,2005,1 de enero de 2005,243935
2 años,Mujeres,1 January,2005,1 de enero de 2005,209131
20 años,Mujeres,1 January,2005,1 de enero de 2005,257394
21 años,Mujeres,1 January,2005,1 de enero de 2005,270716
22 años,Mujeres,1 January,2005,1 de enero de 2005,291137
23 años,Mujeres,1 January,2005,1 de enero de 2005,308182
24 años,Mujeres,1 January,2005,1 de enero de 2005,328349
25 años,Mujeres,1 January,2005,1 de enero de 2005,341884
26 años,Mujeres,1 January,2005,1 de enero de 2005,360115
27 años,Mujeres,1 January,2005,1 de enero de 2005,366421
28 años,Mujeres,1 January,2005,1 de enero de 2005,376492
29 años,Mujeres,1 January,2005,1 de enero de 2005,374633
3 años,Mujeres,1 January,2005,1 de enero de 2005,209682
30 años,Mujeres,1 January,2005,1 de enero de 2005,372969
31 años,Mujeres,1 January,2005,1 de enero de 2005,364278
32 años,Mujeres,1 January,2005,1 de enero de 2005,363471
33 años,Mujeres,1 January,2005,1 de enero de 2005,358399
34 años,Mujeres,1 January,2005,1 de enero de 2005,354381
35 años,Mujeres,1 January,2005,1 de enero de 2005,352487
36 años,Mujeres,1 January,2005,1 de enero de 2005,351211
37 años,Mujeres,1 January,2005,1 de enero de 2005,354960
38 años,Mujeres,1 January,2005,1 de enero de 2005,348326
39 años,Mujeres,1 January,2005,1 de enero de 2005,348080
4 años,Mujeres,1 January,2005,1 de enero de 2005,203970
40 años,Mujeres,1 January,2005,1 de enero de 2005,354105
41 años,Mujeres,1 January,2005,1 de enero de 2005,337669
42 años,Mujeres,1 January,2005,1 de enero de 2005,327854
43 años,Mujeres,1 January,2005,1 de enero de 2005,321855
44 años,Mujeres,1 January,2005,1 de enero de 2005,324640
45 años,Mujeres,1 January,2005,1 de enero de 2005,316651
46 años,Mujeres,1 January,2005,1 de enero de 2005,310545
47 años,Mujeres,1 January,2005,1 de enero de 2005,304182
48 años,Mujeres,1 January,2005,1 de enero de 2005,284318
49 años,Mujeres,1 January,2005,1 de enero de 2005,276560
5 años,Mujeres,1 January,2005,1 de enero de 2005,198801
50 años,Mujeres,1 January,2005,1 de enero de 2005,265316
51 años,Mujeres,1 January,2005,1 de enero de 2005,265113
52 años,Mujeres,1 January,2005,1 de enero de 2005,264111
53 años,Mujeres,1 January,2005,1 de enero de 2005,248194
54 años,Mujeres,1 January,2005,1 de enero de 2005,243468
55 años,Mujeres,1 January,2005,1 de enero de 2005,255190
56 años,Mujeres,1 January,2005,1 de enero de 2005,267645
57 años,Mujeres,1 January,2005,1 de enero de 2005,244746
58 años,Mujeres,1 January,2005,1 de enero de 2005,235736
59 años,Mujeres,1 January,2005,1 de enero de 2005,248380
6 años,Mujeres,1 January,2005,1 de enero de 2005,192261
60 años,Mujeres,1 January,2005,1 de enero de 2005,236605
61 años,Mujeres,1 January,2005,1 de enero de 2005,233896
62 años,Mujeres,1 January,2005,1 de enero de 2005,202818
63 años,Mujeres,1 January,2005,1 de enero de 2005,187523
64 años,Mujeres,1 January,2005,1 de enero de 2005,233227
65 años,Mujeres,1 January,2005,1 de enero de 2005,158463
66 años,Mujeres,1 January,2005,1 de enero de 2005,180167
67 años,Mujeres,1 January,2005,1 de enero de 2005,202429
68 años,Mujeres,1 January,2005,1 de enero de 2005,225998
69 años,Mujeres,1 January,2005,1 de enero de 2005,217145
7 años,Mujeres,1 January,2005,1 de enero de 2005,191999
70 años,Mujeres,1 January,2005,1 de enero de 2005,216137
71 años,Mujeres,1 January,2005,1 de enero de 2005,222191
72 años,Mujeres,1 January,2005,1 de enero de 2005,218826
73 años,Mujeres,1 January,2005,1 de enero de 2005,206797
74 años,Mujeres,1 January,2005,1 de enero de 2005,208915
75 años,Mujeres,1 January,2005,1 de enero de 2005,195041
76 años,Mujeres,1 January,2005,1 de enero de 2005,191922
77 años,Mujeres,1 January,2005,1 de enero de 2005,176435
78 años,Mujeres,1 January,2005,1 de enero de 2005,173736
79 años,Mujeres,1 January,2005,1 de enero de 2005,162028
8 años,Mujeres,1 January,2005,1 de enero de 2005,189834
80 años,Mujeres,1 January,2005,1 de enero de 2005,154276
81 años,Mujeres,1 January,2005,1 de enero de 2005,142976
82 años,Mujeres,1 January,2005,1 de enero de 2005,137533
83 años,Mujeres,1 January,2005,1 de enero de 2005,118115
84 años,Mujeres,1 January,2005,1 de enero de 2005,107692
85 años,Mujeres,1 January,2005,1 de enero de 2005,86236
85 y más años,Mujeres,1 January,2005,1 de enero de 2005,532495
86 años,Mujeres,1 January,2005,1 de enero de 2005,79790
87 años,Mujeres,1 January,2005,1 de enero de 2005,68402
88 años,Mujeres,1 January,2005,1 de enero de 2005,59201
89 años,Mujeres,1 January,2005,1 de enero de 2005,51589
9 años,Mujeres,1 January,2005,1 de enero de 2005,190568
90 años,Mujeres,1 January,2005,1 de enero de 2005,44566
91 años,Mujeres,1 January,2005,1 de enero de 2005,36312
92 años,Mujeres,1 January,2005,1 de enero de 2005,29615
93 años,Mujeres,1 January,2005,1 de enero de 2005,22026
94 años,Mujeres,1 January,2005,1 de enero de 2005,17207
95 años,Mujeres,1 January,2005,1 de enero de 2005,12215
96 años,Mujeres,1 January,2005,1 de enero de 2005,8455
97 años,Mujeres,1 January,2005,1 de enero de 2005,6116
98 años,Mujeres,1 January,2005,1 de enero de 2005,4085
99 años,Mujeres,1 January,2005,1 de enero de 2005,2761
Todas las edades,Mujeres,1 January,2005,1 de enero de 2005,21961052
0 años,Total,1 January,2005,1 de enero de 2005,455204
1 año,Total,1 January,2005,1 de enero de 2005,448587
10 años,Total,1 January,2005,1 de enero de 2005,396609
100 años,Total,1 January,2005,1 de enero de 2005,
100 y más años,Total,1 January,2005,1 de enero de 2005,5065
101 años,Total,1 January,2005,1 de enero de 2005,
102 años,Total,1 January,2005,1 de enero de 2005,
103 años,Total,1 January,2005,1 de enero de 2005,
104 años,Total,1 January,2005,1 de enero de 2005,
105 y más años,Total,1 January,2005,1 de enero de 2005,
11 años,Total,1 January,2005,1 de enero de 2005,412873
12 años,Total,1 January,2005,1 de enero de 2005,428598
13 años,Total,1 January,2005,1 de enero de 2005,426752
14 años,Total,1 January,2005,1 de enero de 2005,433533
15 años,Total,1 January,2005,1 de enero de 2005,443543
16 años,Total,1 January,2005,1 de enero de 2005,451088
17 años,Total,1 January,2005,1 de enero de 2005,459840
18 años,Total,1 January,2005,1 de enero de 2005,475809
19 años,Total,1 January,2005,1 de enero de 2005,500937
2 años,Total,1 January,2005,1 de enero de 2005,430777
20 años,Total,1 January,2005,1 de enero de 2005,527757
21 años,Total,1 January,2005,1 de enero de 2005,554208
22 años,Total,1 January,2005,1 de enero de 2005,596799
23 años,Total,1 January,2005,1 de enero de 2005,633486
24 años,Total,1 January,2005,1 de enero de 2005,674412
25 años,Total,1 January,2005,1 de enero de 2005,703213
26 años,Total,1 January,2005,1 de enero de 2005,743965
27 años,Total,1 January,2005,1 de enero de 2005,758535
28 años,Total,1 January,2005,1 de enero de 2005,777937
29 años,Total,1 January,2005,1 de enero de 2005,776085
3 años,Total,1 January,2005,1 de enero de 2005,429195
30 años,Total,1 January,2005,1 de enero de 2005,771189
31 años,Total,1 January,2005,1 de enero de 2005,753885
32 años,Total,1 January,2005,1 de enero de 2005,751511
33 años,Total,1 January,2005,1 de enero de 2005,739071
34 años,Total,1 January,2005,1 de enero de 2005,731267
35 años,Total,1 January,2005,1 de enero de 2005,723476
36 años,Total,1 January,2005,1 de enero de 2005,719260
37 años,Total,1 January,2005,1 de enero de 2005,723476
38 años,Total,1 January,2005,1 de enero de 2005,709422
39 años,Total,1 January,2005,1 de enero de 2005,705497
4 años,Total,1 January,2005,1 de enero de 2005,420084
40 años,Total,1 January,2005,1 de enero de 2005,716343
41 años,Total,1 January,2005,1 de enero de 2005,683080
42 años,Total,1 January,2005,1 de enero de 2005,660948
43 años,Total,1 January,2005,1 de enero de 2005,646361
44 años,Total,1 January,2005,1 de enero de 2005,651739
45 años,Total,1 January,2005,1 de enero de 2005,634458
46 años,Total,1 January,2005,1 de enero de 2005,621523
47 años,Total,1 January,2005,1 de enero de 2005,607386
48 años,Total,1 January,2005,1 de enero de 2005,567154
49 años,Total,1 January,2005,1 de enero de 2005,550798
5 años,Total,1 January,2005,1 de enero de 2005,407838
50 años,Total,1 January,2005,1 de enero de 2005,526025
51 años,Total,1 January,2005,1 de enero de 2005,527426
52 años,Total,1 January,2005,1 de enero de 2005,525715
53 años,Total,1 January,2005,1 de enero de 2005,491773
54 años,Total,1 January,2005,1 de enero de 2005,481835
55 años,Total,1 January,2005,1 de enero de 2005,501191
56 años,Total,1 January,2005,1 de enero de 2005,525625
57 años,Total,1 January,2005,1 de enero de 2005,480080
58 años,Total,1 January,2005,1 de enero de 2005,459579
59 años,Total,1 January,2005,1 de enero de 2005,483358
6 años,Total,1 January,2005,1 de enero de 2005,396322
60 años,Total,1 January,2005,1 de enero de 2005,459059
61 años,Total,1 January,2005,1 de enero de 2005,454119
62 años,Total,1 January,2005,1 de enero de 2005,392665
63 años,Total,1 January,2005,1 de enero de 2005,362931
64 años,Total,1 January,2005,1 de enero de 2005,447913
65 años,Total,1 January,2005,1 de enero de 2005,299362
66 años,Total,1 January,2005,1 de enero de 2005,340621
67 años,Total,1 January,2005,1 de enero de 2005,381518
68 años,Total,1 January,2005,1 de enero de 2005,419287
69 años,Total,1 January,2005,1 de enero de 2005,404478
7 años,Total,1 January,2005,1 de enero de 2005,394122
70 años,Total,1 January,2005,1 de enero de 2005,399640
71 años,Total,1 January,2005,1 de enero de 2005,407948
72 años,Total,1 January,2005,1 de enero de 2005,398723
73 años,Total,1 January,2005,1 de enero de 2005,374740
74 años,Total,1 January,2005,1 de enero de 2005,371835
75 años,Total,1 January,2005,1 de enero de 2005,344500
76 años,Total,1 January,2005,1 de enero de 2005,334165
77 años,Total,1 January,2005,1 de enero de 2005,304479
78 años,Total,1 January,2005,1 de enero de 2005,295952
79 años,Total,1 January,2005,1 de enero de 2005,271264
8 años,Total,1 January,2005,1 de enero de 2005,389470
80 años,Total,1 January,2005,1 de enero de 2005,254907
81 años,Total,1 January,2005,1 de enero de 2005,234392
82 años,Total,1 January,2005,1 de enero de 2005,219078
83 años,Total,1 January,2005,1 de enero de 2005,189031
84 años,Total,1 January,2005,1 de enero de 2005,164369
85 años,Total,1 January,2005,1 de enero de 2005,129681
85 y más años,Total,1 January,2005,1 de enero de 2005,759592
86 años,Total,1 January,2005,1 de enero de 2005,116664
87 años,Total,1 January,2005,1 de enero de 2005,99258
88 años,Total,1 January,2005,1 de enero de 2005,85034
89 años,Total,1 January,2005,1 de enero de 2005,73376
9 años,Total,1 January,2005,1 de enero de 2005,391740
90 años,Total,1 January,2005,1 de enero de 2005,62192
91 años,Total,1 January,2005,1 de enero de 2005,50377
92 años,Total,1 January,2005,1 de enero de 2005,40621
93 años,Total,1 January,2005,1 de enero de 2005,30063
94 años,Total,1 January,2005,1 de enero de 2005,23046
95 años,Total,1 January,2005,1 de enero de 2005,16332
96 años,Total,1 January,2005,1 de enero de 2005,11185
97 años,Total,1 January,2005,1 de enero de 2005,7978
98 años,Total,1 January,2005,1 de enero de 2005,5219
99 años,Total,1 January,2005,1 de enero de 2005,3502
Todas las edades,Total,1 January,2005,1 de enero de 2005,43296335
0 años,Hombres,1 January,2006,1 de enero de 2006,240395
1 año,Hombres,1 January,2006,1 de enero de 2006,237895
10 años,Hombres,1 January,2006,1 de enero de 2006,204247
100 años,Hombres,1 January,2006,1 de enero de 2006,
100 y más años,Hombres,1 January,2006,1 de enero de 2006,1224
101 años,Hombres,1 January,2006,1 de enero de 2006,
102 años,Hombres,1 January,2006,1 de enero de 2006,
103 años,Hombres,1 January,2006,1 de enero de 2006,
104 años,Hombres,1 January,2006,1 de enero de 2006,
105 y más años,Hombres,1 January,2006,1 de enero de 2006,
11 años,Hombres,1 January,2006,1 de enero de 2006,207187
12 años,Hombres,1 January,2006,1 de enero de 2006,215624
13 años,Hombres,1 January,2006,1 de enero de 2006,223085
14 años,Hombres,1 January,2006,1 de enero de 2006,223084
15 años,Hombres,1 January,2006,1 de enero de 2006,226192
16 años,Hombres,1 January,2006,1 de enero de 2006,231727
17 años,Hombres,1 January,2006,1 de enero de 2006,236273
18 años,Hombres,1 January,2006,1 de enero de 2006,242038
19 años,Hombres,1 January,2006,1 de enero de 2006,250593
2 años,Hombres,1 January,2006,1 de enero de 2006,233347
20 años,Hombres,1 January,2006,1 de enero de 2006,264624
21 años,Hombres,1 January,2006,1 de enero de 2006,278960
22 años,Hombres,1 January,2006,1 de enero de 2006,293112
23 años,Hombres,1 January,2006,1 de enero de 2006,316282
24 años,Hombres,1 January,2006,1 de enero de 2006,336391
25 años,Hombres,1 January,2006,1 de enero de 2006,357994
26 años,Hombres,1 January,2006,1 de enero de 2006,372942
27 años,Hombres,1 January,2006,1 de enero de 2006,394994
28 años,Hombres,1 January,2006,1 de enero de 2006,403197
29 años,Hombres,1 January,2006,1 de enero de 2006,411855
3 años,Hombres,1 January,2006,1 de enero de 2006,224345
30 años,Hombres,1 January,2006,1 de enero de 2006,411272
31 años,Hombres,1 January,2006,1 de enero de 2006,407557
32 años,Hombres,1 January,2006,1 de enero de 2006,398157
33 años,Hombres,1 January,2006,1 de enero de 2006,396142
34 años,Hombres,1 January,2006,1 de enero de 2006,388222
35 años,Hombres,1 January,2006,1 de enero de 2006,384481
36 años,Hombres,1 January,2006,1 de enero de 2006,377810
37 años,Hombres,1 January,2006,1 de enero de 2006,374801
38 años,Hombres,1 January,2006,1 de enero de 2006,374886
39 años,Hombres,1 January,2006,1 de enero de 2006,366376
4 años,Hombres,1 January,2006,1 de enero de 2006,222017
40 años,Hombres,1 January,2006,1 de enero de 2006,362361
41 años,Hombres,1 January,2006,1 de enero de 2006,366894
42 años,Hombres,1 January,2006,1 de enero de 2006,349587
43 años,Hombres,1 January,2006,1 de enero de 2006,336953
44 años,Hombres,1 January,2006,1 de enero de 2006,328069
45 años,Hombres,1 January,2006,1 de enero de 2006,330322
46 años,Hombres,1 January,2006,1 de enero de 2006,320668
47 años,Hombres,1 January,2006,1 de enero de 2006,313565
48 años,Hombres,1 January,2006,1 de enero de 2006,305334
49 años,Hombres,1 January,2006,1 de enero de 2006,284734
5 años,Hombres,1 January,2006,1 de enero de 2006,219397
50 años,Hombres,1 January,2006,1 de enero de 2006,275959
51 años,Hombres,1 January,2006,1 de enero de 2006,262073
52 años,Hombres,1 January,2006,1 de enero de 2006,263456
53 años,Hombres,1 January,2006,1 de enero de 2006,262553
54 años,Hombres,1 January,2006,1 de enero de 2006,244250
55 años,Hombres,1 January,2006,1 de enero de 2006,238849
56 años,Hombres,1 January,2006,1 de enero de 2006,246394
57 años,Hombres,1 January,2006,1 de enero de 2006,258237
58 años,Hombres,1 January,2006,1 de enero de 2006,235493
59 años,Hombres,1 January,2006,1 de enero de 2006,223843
6 años,Hombres,1 January,2006,1 de enero de 2006,212418
60 años,Hombres,1 January,2006,1 de enero de 2006,234631
61 años,Hombres,1 January,2006,1 de enero de 2006,222174
62 años,Hombres,1 January,2006,1 de enero de 2006,219561
63 años,Hombres,1 January,2006,1 de enero de 2006,189279
64 años,Hombres,1 January,2006,1 de enero de 2006,174707
65 años,Hombres,1 January,2006,1 de enero de 2006,213369
66 años,Hombres,1 January,2006,1 de enero de 2006,139987
67 años,Hombres,1 January,2006,1 de enero de 2006,159018
68 años,Hombres,1 January,2006,1 de enero de 2006,176859
69 años,Hombres,1 January,2006,1 de enero de 2006,190216
7 años,Hombres,1 January,2006,1 de enero de 2006,207226
70 años,Hombres,1 January,2006,1 de enero de 2006,184065
71 años,Hombres,1 January,2006,1 de enero de 2006,179748
72 años,Hombres,1 January,2006,1 de enero de 2006,181277
73 años,Hombres,1 January,2006,1 de enero de 2006,175168
74 años,Hombres,1 January,2006,1 de enero de 2006,162795
75 años,Hombres,1 January,2006,1 de enero de 2006,157216
76 años,Hombres,1 January,2006,1 de enero de 2006,143657
77 años,Hombres,1 January,2006,1 de enero de 2006,136065
78 años,Hombres,1 January,2006,1 de enero de 2006,121750
79 años,Hombres,1 January,2006,1 de enero de 2006,115290
8 años,Hombres,1 January,2006,1 de enero de 2006,205543
80 años,Hombres,1 January,2006,1 de enero de 2006,102256
81 años,Hombres,1 January,2006,1 de enero de 2006,93492
82 años,Hombres,1 January,2006,1 de enero de 2006,84275
83 años,Hombres,1 January,2006,1 de enero de 2006,74379
84 años,Hombres,1 January,2006,1 de enero de 2006,64055
85 años,Hombres,1 January,2006,1 de enero de 2006,50528
85 y más años,Hombres,1 January,2006,1 de enero de 2006,238665
86 años,Hombres,1 January,2006,1 de enero de 2006,38199
87 años,Hombres,1 January,2006,1 de enero de 2006,32012
88 años,Hombres,1 January,2006,1 de enero de 2006,26181
89 años,Hombres,1 January,2006,1 de enero de 2006,21700
9 años,Hombres,1 January,2006,1 de enero de 2006,203084
90 años,Hombres,1 January,2006,1 de enero de 2006,17990
91 años,Hombres,1 January,2006,1 de enero de 2006,14221
92 años,Hombres,1 January,2006,1 de enero de 2006,11153
93 años,Hombres,1 January,2006,1 de enero de 2006,8473
94 años,Hombres,1 January,2006,1 de enero de 2006,5967
95 años,Hombres,1 January,2006,1 de enero de 2006,4266
96 años,Hombres,1 January,2006,1 de enero de 2006,2907
97 años,Hombres,1 January,2006,1 de enero de 2006,1860
98 años,Hombres,1 January,2006,1 de enero de 2006,1256
99 años,Hombres,1 January,2006,1 de enero de 2006,726
Todas las edades,Hombres,1 January,2006,1 de enero de 2006,21719317
0 años,Mujeres,1 January,2006,1 de enero de 2006,226589
1 año,Mujeres,1 January,2006,1 de enero de 2006,223669
10 años,Mujeres,1 January,2006,1 de enero de 2006,193502
100 años,Mujeres,1 January,2006,1 de enero de 2006,
100 y más años,Mujeres,1 January,2006,1 de enero de 2006,4161
101 años,Mujeres,1 January,2006,1 de enero de 2006,
102 años,Mujeres,1 January,2006,1 de enero de 2006,
103 años,Mujeres,1 January,2006,1 de enero de 2006,
104 años,Mujeres,1 January,2006,1 de enero de 2006,
105 y más años,Mujeres,1 January,2006,1 de enero de 2006,
11 años,Mujeres,1 January,2006,1 de enero de 2006,195598
12 años,Mujeres,1 January,2006,1 de enero de 2006,203451
13 años,Mujeres,1 January,2006,1 de enero de 2006,211538
14 años,Mujeres,1 January,2006,1 de enero de 2006,209789
15 años,Mujeres,1 January,2006,1 de enero de 2006,213564
16 años,Mujeres,1 January,2006,1 de enero de 2006,218410
17 años,Mujeres,1 January,2006,1 de enero de 2006,223009
18 años,Mujeres,1 January,2006,1 de enero de 2006,228488
19 años,Mujeres,1 January,2006,1 de enero de 2006,238696
2 años,Mujeres,1 January,2006,1 de enero de 2006,221295
20 años,Mujeres,1 January,2006,1 de enero de 2006,251987
21 años,Mujeres,1 January,2006,1 de enero de 2006,266201
22 años,Mujeres,1 January,2006,1 de enero de 2006,279753
23 años,Mujeres,1 January,2006,1 de enero de 2006,300701
24 años,Mujeres,1 January,2006,1 de enero de 2006,318053
25 años,Mujeres,1 January,2006,1 de enero de 2006,338055
26 años,Mujeres,1 January,2006,1 de enero de 2006,351236
27 años,Mujeres,1 January,2006,1 de enero de 2006,368809
28 años,Mujeres,1 January,2006,1 de enero de 2006,374535
29 años,Mujeres,1 January,2006,1 de enero de 2006,384239
3 años,Mujeres,1 January,2006,1 de enero de 2006,211825
30 años,Mujeres,1 January,2006,1 de enero de 2006,381547
31 años,Mujeres,1 January,2006,1 de enero de 2006,379525
32 años,Mujeres,1 January,2006,1 de enero de 2006,370496
33 años,Mujeres,1 January,2006,1 de enero de 2006,369445
34 años,Mujeres,1 January,2006,1 de enero de 2006,364097
35 años,Mujeres,1 January,2006,1 de enero de 2006,359884
36 años,Mujeres,1 January,2006,1 de enero de 2006,357721
37 años,Mujeres,1 January,2006,1 de enero de 2006,356233
38 años,Mujeres,1 January,2006,1 de enero de 2006,359807
39 años,Mujeres,1 January,2006,1 de enero de 2006,352449
4 años,Mujeres,1 January,2006,1 de enero de 2006,211979
40 años,Mujeres,1 January,2006,1 de enero de 2006,352059
41 años,Mujeres,1 January,2006,1 de enero de 2006,357859
42 años,Mujeres,1 January,2006,1 de enero de 2006,341207
43 años,Mujeres,1 January,2006,1 de enero de 2006,330984
44 años,Mujeres,1 January,2006,1 de enero de 2006,324916
45 años,Mujeres,1 January,2006,1 de enero de 2006,327569
46 años,Mujeres,1 January,2006,1 de enero de 2006,319300
47 años,Mujeres,1 January,2006,1 de enero de 2006,313196
48 años,Mujeres,1 January,2006,1 de enero de 2006,306483
49 años,Mujeres,1 January,2006,1 de enero de 2006,286432
5 años,Mujeres,1 January,2006,1 de enero de 2006,206910
50 años,Mujeres,1 January,2006,1 de enero de 2006,278371
51 años,Mujeres,1 January,2006,1 de enero de 2006,267065
52 años,Mujeres,1 January,2006,1 de enero de 2006,266774
53 años,Mujeres,1 January,2006,1 de enero de 2006,265597
54 años,Mujeres,1 January,2006,1 de enero de 2006,249565
55 años,Mujeres,1 January,2006,1 de enero de 2006,244700
56 años,Mujeres,1 January,2006,1 de enero de 2006,256341
57 años,Mujeres,1 January,2006,1 de enero de 2006,268722
58 años,Mujeres,1 January,2006,1 de enero de 2006,245875
59 años,Mujeres,1 January,2006,1 de enero de 2006,236783
6 años,Mujeres,1 January,2006,1 de enero de 2006,201868
60 años,Mujeres,1 January,2006,1 de enero de 2006,249078
61 años,Mujeres,1 January,2006,1 de enero de 2006,237448
62 años,Mujeres,1 January,2006,1 de enero de 2006,234462
63 años,Mujeres,1 January,2006,1 de enero de 2006,203249
64 años,Mujeres,1 January,2006,1 de enero de 2006,187753
65 años,Mujeres,1 January,2006,1 de enero de 2006,233206
66 años,Mujeres,1 January,2006,1 de enero de 2006,158352
67 años,Mujeres,1 January,2006,1 de enero de 2006,179797
68 años,Mujeres,1 January,2006,1 de enero de 2006,201855
69 años,Mujeres,1 January,2006,1 de enero de 2006,224615
7 años,Mujeres,1 January,2006,1 de enero de 2006,195148
70 años,Mujeres,1 January,2006,1 de enero de 2006,215626
71 años,Mujeres,1 January,2006,1 de enero de 2006,214361
72 años,Mujeres,1 January,2006,1 de enero de 2006,219921
73 años,Mujeres,1 January,2006,1 de enero de 2006,216272
74 años,Mujeres,1 January,2006,1 de enero de 2006,203884
75 años,Mujeres,1 January,2006,1 de enero de 2006,205499
76 años,Mujeres,1 January,2006,1 de enero de 2006,191347
77 años,Mujeres,1 January,2006,1 de enero de 2006,187710
78 años,Mujeres,1 January,2006,1 de enero de 2006,171920
79 años,Mujeres,1 January,2006,1 de enero de 2006,168527
8 años,Mujeres,1 January,2006,1 de enero de 2006,195174
80 años,Mujeres,1 January,2006,1 de enero de 2006,156291
81 años,Mujeres,1 January,2006,1 de enero de 2006,148032
82 años,Mujeres,1 January,2006,1 de enero de 2006,136220
83 años,Mujeres,1 January,2006,1 de enero de 2006,129833
84 años,Mujeres,1 January,2006,1 de enero de 2006,110711
85 años,Mujeres,1 January,2006,1 de enero de 2006,99850
85 y más años,Mujeres,1 January,2006,1 de enero de 2006,556569
86 años,Mujeres,1 January,2006,1 de enero de 2006,79095
87 años,Mujeres,1 January,2006,1 de enero de 2006,72076
88 años,Mujeres,1 January,2006,1 de enero de 2006,60848
89 años,Mujeres,1 January,2006,1 de enero de 2006,51979
9 años,Mujeres,1 January,2006,1 de enero de 2006,193042
90 años,Mujeres,1 January,2006,1 de enero de 2006,44401
91 años,Mujeres,1 January,2006,1 de enero de 2006,37656
92 años,Mujeres,1 January,2006,1 de enero de 2006,29938
93 años,Mujeres,1 January,2006,1 de enero de 2006,23958
94 años,Mujeres,1 January,2006,1 de enero de 2006,17304
95 años,Mujeres,1 January,2006,1 de enero de 2006,13182
96 años,Mujeres,1 January,2006,1 de enero de 2006,9129
97 años,Mujeres,1 January,2006,1 de enero de 2006,6064
98 años,Mujeres,1 January,2006,1 de enero de 2006,4185
99 años,Mujeres,1 January,2006,1 de enero de 2006,2743
Todas las edades,Mujeres,1 January,2006,1 de enero de 2006,22290652
0 años,Total,1 January,2006,1 de enero de 2006,466984
1 año,Total,1 January,2006,1 de enero de 2006,461565
10 años,Total,1 January,2006,1 de enero de 2006,397749
100 años,Total,1 January,2006,1 de enero de 2006,
100 y más años,Total,1 January,2006,1 de enero de 2006,5385
101 años,Total,1 January,2006,1 de enero de 2006,
102 años,Total,1 January,2006,1 de enero de 2006,
103 años,Total,1 January,2006,1 de enero de 2006,
104 años,Total,1 January,2006,1 de enero de 2006,
105 y más años,Total,1 January,2006,1 de enero de 2006,
11 años,Total,1 January,2006,1 de enero de 2006,402785
12 años,Total,1 January,2006,1 de enero de 2006,419074
13 años,Total,1 January,2006,1 de enero de 2006,434623
14 años,Total,1 January,2006,1 de enero de 2006,432873
15 años,Total,1 January,2006,1 de enero de 2006,439756
16 años,Total,1 January,2006,1 de enero de 2006,450136
17 años,Total,1 January,2006,1 de enero de 2006,459282
18 años,Total,1 January,2006,1 de enero de 2006,470526
19 años,Total,1 January,2006,1 de enero de 2006,489289
2 años,Total,1 January,2006,1 de enero de 2006,454642
20 años,Total,1 January,2006,1 de enero de 2006,516611
21 años,Total,1 January,2006,1 de enero de 2006,545162
22 años,Total,1 January,2006,1 de enero de 2006,572865
23 años,Total,1 January,2006,1 de enero de 2006,616984
24 años,Total,1 January,2006,1 de enero de 2006,654444
25 años,Total,1 January,2006,1 de enero de 2006,696049
26 años,Total,1 January,2006,1 de enero de 2006,724178
27 años,Total,1 January,2006,1 de enero de 2006,763803
28 años,Total,1 January,2006,1 de enero de 2006,777732
29 años,Total,1 January,2006,1 de enero de 2006,796094
3 años,Total,1 January,2006,1 de enero de 2006,436171
30 años,Total,1 January,2006,1 de enero de 2006,792819
31 años,Total,1 January,2006,1 de enero de 2006,787083
32 años,Total,1 January,2006,1 de enero de 2006,768653
33 años,Total,1 January,2006,1 de enero de 2006,765587
34 años,Total,1 January,2006,1 de enero de 2006,752319
35 años,Total,1 January,2006,1 de enero de 2006,744364
36 años,Total,1 January,2006,1 de enero de 2006,735531
37 años,Total,1 January,2006,1 de enero de 2006,731033
38 años,Total,1 January,2006,1 de enero de 2006,734693
39 años,Total,1 January,2006,1 de enero de 2006,718824
4 años,Total,1 January,2006,1 de enero de 2006,433996
40 años,Total,1 January,2006,1 de enero de 2006,714420
41 años,Total,1 January,2006,1 de enero de 2006,724752
42 años,Total,1 January,2006,1 de enero de 2006,690794
43 años,Total,1 January,2006,1 de enero de 2006,667937
44 años,Total,1 January,2006,1 de enero de 2006,652985
45 años,Total,1 January,2006,1 de enero de 2006,657890
46 años,Total,1 January,2006,1 de enero de 2006,639969
47 años,Total,1 January,2006,1 de enero de 2006,626761
48 años,Total,1 January,2006,1 de enero de 2006,611818
49 años,Total,1 January,2006,1 de enero de 2006,571166
5 años,Total,1 January,2006,1 de enero de 2006,426307
50 años,Total,1 January,2006,1 de enero de 2006,554330
51 años,Total,1 January,2006,1 de enero de 2006,529138
52 años,Total,1 January,2006,1 de enero de 2006,530230
53 años,Total,1 January,2006,1 de enero de 2006,528150
54 años,Total,1 January,2006,1 de enero de 2006,493815
55 años,Total,1 January,2006,1 de enero de 2006,483550
56 años,Total,1 January,2006,1 de enero de 2006,502735
57 años,Total,1 January,2006,1 de enero de 2006,526959
58 años,Total,1 January,2006,1 de enero de 2006,481368
59 años,Total,1 January,2006,1 de enero de 2006,460626
6 años,Total,1 January,2006,1 de enero de 2006,414286
60 años,Total,1 January,2006,1 de enero de 2006,483709
61 años,Total,1 January,2006,1 de enero de 2006,459622
62 años,Total,1 January,2006,1 de enero de 2006,454023
63 años,Total,1 January,2006,1 de enero de 2006,392528
64 años,Total,1 January,2006,1 de enero de 2006,362460
65 años,Total,1 January,2006,1 de enero de 2006,446575
66 años,Total,1 January,2006,1 de enero de 2006,298339
67 años,Total,1 January,2006,1 de enero de 2006,338815
68 años,Total,1 January,2006,1 de enero de 2006,378714
69 años,Total,1 January,2006,1 de enero de 2006,414830
7 años,Total,1 January,2006,1 de enero de 2006,402373
70 años,Total,1 January,2006,1 de enero de 2006,399692
71 años,Total,1 January,2006,1 de enero de 2006,394109
72 años,Total,1 January,2006,1 de enero de 2006,401198
73 años,Total,1 January,2006,1 de enero de 2006,391440
74 años,Total,1 January,2006,1 de enero de 2006,366678
75 años,Total,1 January,2006,1 de enero de 2006,362715
76 años,Total,1 January,2006,1 de enero de 2006,335004
77 años,Total,1 January,2006,1 de enero de 2006,323775
78 años,Total,1 January,2006,1 de enero de 2006,293670
79 años,Total,1 January,2006,1 de enero de 2006,283817
8 años,Total,1 January,2006,1 de enero de 2006,400717
80 años,Total,1 January,2006,1 de enero de 2006,258548
81 años,Total,1 January,2006,1 de enero de 2006,241524
82 años,Total,1 January,2006,1 de enero de 2006,220495
83 años,Total,1 January,2006,1 de enero de 2006,204212
84 años,Total,1 January,2006,1 de enero de 2006,174766
85 años,Total,1 January,2006,1 de enero de 2006,150379
85 y más años,Total,1 January,2006,1 de enero de 2006,795234
86 años,Total,1 January,2006,1 de enero de 2006,117295
87 años,Total,1 January,2006,1 de enero de 2006,104088
88 años,Total,1 January,2006,1 de enero de 2006,87029
89 años,Total,1 January,2006,1 de enero de 2006,73678
9 años,Total,1 January,2006,1 de enero de 2006,396126
90 años,Total,1 January,2006,1 de enero de 2006,62391
91 años,Total,1 January,2006,1 de enero de 2006,51878
92 años,Total,1 January,2006,1 de enero de 2006,41091
93 años,Total,1 January,2006,1 de enero de 2006,32431
94 años,Total,1 January,2006,1 de enero de 2006,23271
95 años,Total,1 January,2006,1 de enero de 2006,17448
96 años,Total,1 January,2006,1 de enero de 2006,12036
97 años,Total,1 January,2006,1 de enero de 2006,7924
98 años,Total,1 January,2006,1 de enero de 2006,5441
99 años,Total,1 January,2006,1 de enero de 2006,3469
Todas las edades,Total,1 January,2006,1 de enero de 2006,44009969
0 años,Hombres,1 January,2007,1 de enero de 2007,249535
1 año,Hombres,1 January,2007,1 de enero de 2007,243405
10 años,Hombres,1 January,2007,1 de enero de 2007,206758
100 años,Hombres,1 January,2007,1 de enero de 2007,
100 y más años,Hombres,1 January,2007,1 de enero de 2007,1254
101 años,Hombres,1 January,2007,1 de enero de 2007,
102 años,Hombres,1 January,2007,1 de enero de 2007,
103 años,Hombres,1 January,2007,1 de enero de 2007,
104 años,Hombres,1 January,2007,1 de enero de 2007,
105 y más años,Hombres,1 January,2007,1 de enero de 2007,
11 años,Hombres,1 January,2007,1 de enero de 2007,207882
12 años,Hombres,1 January,2007,1 de enero de 2007,210677
13 años,Hombres,1 January,2007,1 de enero de 2007,219113
14 años,Hombres,1 January,2007,1 de enero de 2007,226529
15 años,Hombres,1 January,2007,1 de enero de 2007,226749
16 años,Hombres,1 January,2007,1 de enero de 2007,229895
17 años,Hombres,1 January,2007,1 de enero de 2007,236284
18 años,Hombres,1 January,2007,1 de enero de 2007,242491
19 años,Hombres,1 January,2007,1 de enero de 2007,249696
2 años,Hombres,1 January,2007,1 de enero de 2007,241057
20 años,Hombres,1 January,2007,1 de enero de 2007,259475
21 años,Hombres,1 January,2007,1 de enero de 2007,273762
22 años,Hombres,1 January,2007,1 de enero de 2007,289034
23 años,Hombres,1 January,2007,1 de enero de 2007,303406
24 años,Hombres,1 January,2007,1 de enero de 2007,327283
25 años,Hombres,1 January,2007,1 de enero de 2007,347537
26 años,Hombres,1 January,2007,1 de enero de 2007,369239
27 años,Hombres,1 January,2007,1 de enero de 2007,383593
28 años,Hombres,1 January,2007,1 de enero de 2007,405408
29 años,Hombres,1 January,2007,1 de enero de 2007,413022
3 años,Hombres,1 January,2007,1 de enero de 2007,236675
30 años,Hombres,1 January,2007,1 de enero de 2007,421152
31 años,Hombres,1 January,2007,1 de enero de 2007,419613
32 años,Hombres,1 January,2007,1 de enero de 2007,415586
33 años,Hombres,1 January,2007,1 de enero de 2007,405635
34 años,Hombres,1 January,2007,1 de enero de 2007,403261
35 años,Hombres,1 January,2007,1 de enero de 2007,395115
36 años,Hombres,1 January,2007,1 de enero de 2007,390979
37 años,Hombres,1 January,2007,1 de enero de 2007,383880
38 años,Hombres,1 January,2007,1 de enero de 2007,380792
39 años,Hombres,1 January,2007,1 de enero de 2007,380334
4 años,Hombres,1 January,2007,1 de enero de 2007,227352
40 años,Hombres,1 January,2007,1 de enero de 2007,370967
41 años,Hombres,1 January,2007,1 de enero de 2007,366650
42 años,Hombres,1 January,2007,1 de enero de 2007,371256
43 años,Hombres,1 January,2007,1 de enero de 2007,353269
44 años,Hombres,1 January,2007,1 de enero de 2007,340433
45 años,Hombres,1 January,2007,1 de enero de 2007,331209
46 años,Hombres,1 January,2007,1 de enero de 2007,333179
47 años,Hombres,1 January,2007,1 de enero de 2007,323356
48 años,Hombres,1 January,2007,1 de enero de 2007,315818
49 años,Hombres,1 January,2007,1 de enero de 2007,307344
5 años,Hombres,1 January,2007,1 de enero de 2007,224988
50 años,Hombres,1 January,2007,1 de enero de 2007,286439
51 años,Hombres,1 January,2007,1 de enero de 2007,277302
52 años,Hombres,1 January,2007,1 de enero de 2007,263200
53 años,Hombres,1 January,2007,1 de enero de 2007,264303
54 años,Hombres,1 January,2007,1 de enero de 2007,263252
55 años,Hombres,1 January,2007,1 de enero de 2007,244750
56 años,Hombres,1 January,2007,1 de enero de 2007,239195
57 años,Hombres,1 January,2007,1 de enero de 2007,246600
58 años,Hombres,1 January,2007,1 de enero de 2007,258186
59 años,Hombres,1 January,2007,1 de enero de 2007,235454
6 años,Hombres,1 January,2007,1 de enero de 2007,223183
60 años,Hombres,1 January,2007,1 de enero de 2007,223732
61 años,Hombres,1 January,2007,1 de enero de 2007,234066
62 años,Hombres,1 January,2007,1 de enero de 2007,221738
63 años,Hombres,1 January,2007,1 de enero de 2007,218738
64 años,Hombres,1 January,2007,1 de enero de 2007,188487
65 años,Hombres,1 January,2007,1 de enero de 2007,173716
66 años,Hombres,1 January,2007,1 de enero de 2007,211671
67 años,Hombres,1 January,2007,1 de enero de 2007,138813
68 años,Hombres,1 January,2007,1 de enero de 2007,157301
69 años,Hombres,1 January,2007,1 de enero de 2007,174431
7 años,Hombres,1 January,2007,1 de enero de 2007,216093
70 años,Hombres,1 January,2007,1 de enero de 2007,186987
71 años,Hombres,1 January,2007,1 de enero de 2007,180441
72 años,Hombres,1 January,2007,1 de enero de 2007,175764
73 años,Hombres,1 January,2007,1 de enero de 2007,176770
74 años,Hombres,1 January,2007,1 de enero de 2007,170287
75 años,Hombres,1 January,2007,1 de enero de 2007,157644
76 años,Hombres,1 January,2007,1 de enero de 2007,151572
77 años,Hombres,1 January,2007,1 de enero de 2007,137831
78 años,Hombres,1 January,2007,1 de enero de 2007,129830
79 años,Hombres,1 January,2007,1 de enero de 2007,115496
8 años,Hombres,1 January,2007,1 de enero de 2007,210828
80 años,Hombres,1 January,2007,1 de enero de 2007,108672
81 años,Hombres,1 January,2007,1 de enero de 2007,95557
82 años,Hombres,1 January,2007,1 de enero de 2007,86747
83 años,Hombres,1 January,2007,1 de enero de 2007,77565
84 años,Hombres,1 January,2007,1 de enero de 2007,67584
85 años,Hombres,1 January,2007,1 de enero de 2007,57735
85 y más años,Hombres,1 January,2007,1 de enero de 2007,258636
86 años,Hombres,1 January,2007,1 de enero de 2007,44957
87 años,Hombres,1 January,2007,1 de enero de 2007,33454
88 años,Hombres,1 January,2007,1 de enero de 2007,27621
89 años,Hombres,1 January,2007,1 de enero de 2007,22278
9 años,Hombres,1 January,2007,1 de enero de 2007,209443
90 años,Hombres,1 January,2007,1 de enero de 2007,18202
91 años,Hombres,1 January,2007,1 de enero de 2007,14736
92 años,Hombres,1 January,2007,1 de enero de 2007,11458
93 años,Hombres,1 January,2007,1 de enero de 2007,8716
94 años,Hombres,1 January,2007,1 de enero de 2007,6463
95 años,Hombres,1 January,2007,1 de enero de 2007,4439
96 años,Hombres,1 January,2007,1 de enero de 2007,3121
97 años,Hombres,1 January,2007,1 de enero de 2007,2075
98 años,Hombres,1 January,2007,1 de enero de 2007,1276
99 años,Hombres,1 January,2007,1 de enero de 2007,850
Todas las edades,Hombres,1 January,2007,1 de enero de 2007,22118970
0 años,Mujeres,1 January,2007,1 de enero de 2007,234149
1 año,Mujeres,1 January,2007,1 de enero de 2007,230217
10 años,Mujeres,1 January,2007,1 de enero de 2007,196791
100 años,Mujeres,1 January,2007,1 de enero de 2007,
100 y más años,Mujeres,1 January,2007,1 de enero de 2007,4481
101 años,Mujeres,1 January,2007,1 de enero de 2007,
102 años,Mujeres,1 January,2007,1 de enero de 2007,
103 años,Mujeres,1 January,2007,1 de enero de 2007,
104 años,Mujeres,1 January,2007,1 de enero de 2007,
105 y más años,Mujeres,1 January,2007,1 de enero de 2007,
11 años,Mujeres,1 January,2007,1 de enero de 2007,196805
12 años,Mujeres,1 January,2007,1 de enero de 2007,198796
13 años,Mujeres,1 January,2007,1 de enero de 2007,206685
14 años,Mujeres,1 January,2007,1 de enero de 2007,214695
15 años,Mujeres,1 January,2007,1 de enero de 2007,213091
16 años,Mujeres,1 January,2007,1 de enero de 2007,216765
17 años,Mujeres,1 January,2007,1 de enero de 2007,222387
18 años,Mujeres,1 January,2007,1 de enero de 2007,229073
19 años,Mujeres,1 January,2007,1 de enero de 2007,236924
2 años,Mujeres,1 January,2007,1 de enero de 2007,226979
20 años,Mujeres,1 January,2007,1 de enero de 2007,248370
21 años,Mujeres,1 January,2007,1 de enero de 2007,261909
22 años,Mujeres,1 January,2007,1 de enero de 2007,276800
23 años,Mujeres,1 January,2007,1 de enero de 2007,290668
24 años,Mujeres,1 January,2007,1 de enero de 2007,311807
25 años,Mujeres,1 January,2007,1 de enero de 2007,328939
26 años,Mujeres,1 January,2007,1 de enero de 2007,348557
27 años,Mujeres,1 January,2007,1 de enero de 2007,361294
28 años,Mujeres,1 January,2007,1 de enero de 2007,377962
29 años,Mujeres,1 January,2007,1 de enero de 2007,382970
3 años,Mujeres,1 January,2007,1 de enero de 2007,224683
30 años,Mujeres,1 January,2007,1 de enero de 2007,392277
31 años,Mujeres,1 January,2007,1 de enero de 2007,388825
32 años,Mujeres,1 January,2007,1 de enero de 2007,386508
33 años,Mujeres,1 January,2007,1 de enero de 2007,376944
34 años,Mujeres,1 January,2007,1 de enero de 2007,375574
35 años,Mujeres,1 January,2007,1 de enero de 2007,369865
36 años,Mujeres,1 January,2007,1 de enero de 2007,365635
37 años,Mujeres,1 January,2007,1 de enero de 2007,363280
38 años,Mujeres,1 January,2007,1 de enero de 2007,361586
39 años,Mujeres,1 January,2007,1 de enero de 2007,364803
4 años,Mujeres,1 January,2007,1 de enero de 2007,214836
40 años,Mujeres,1 January,2007,1 de enero de 2007,356700
41 años,Mujeres,1 January,2007,1 de enero de 2007,356143
42 años,Mujeres,1 January,2007,1 de enero de 2007,361750
43 años,Mujeres,1 January,2007,1 de enero de 2007,344689
44 años,Mujeres,1 January,2007,1 de enero de 2007,334453
45 años,Mujeres,1 January,2007,1 de enero de 2007,327951
46 años,Mujeres,1 January,2007,1 de enero de 2007,330505
47 años,Mujeres,1 January,2007,1 de enero de 2007,322139
48 años,Mujeres,1 January,2007,1 de enero de 2007,315777
49 años,Mujeres,1 January,2007,1 de enero de 2007,308708
5 años,Mujeres,1 January,2007,1 de enero de 2007,214720
50 años,Mujeres,1 January,2007,1 de enero de 2007,288526
51 años,Mujeres,1 January,2007,1 de enero de 2007,280358
52 años,Mujeres,1 January,2007,1 de enero de 2007,268821
53 años,Mujeres,1 January,2007,1 de enero de 2007,268347
54 años,Mujeres,1 January,2007,1 de enero de 2007,266959
55 años,Mujeres,1 January,2007,1 de enero de 2007,250940
56 años,Mujeres,1 January,2007,1 de enero de 2007,245945
57 años,Mujeres,1 January,2007,1 de enero de 2007,257524
58 años,Mujeres,1 January,2007,1 de enero de 2007,269660
59 años,Mujeres,1 January,2007,1 de enero de 2007,246927
6 años,Mujeres,1 January,2007,1 de enero de 2007,210193
60 años,Mujeres,1 January,2007,1 de enero de 2007,237739
61 años,Mujeres,1 January,2007,1 de enero de 2007,249750
62 años,Mujeres,1 January,2007,1 de enero de 2007,238142
63 años,Mujeres,1 January,2007,1 de enero de 2007,234844
64 años,Mujeres,1 January,2007,1 de enero de 2007,203461
65 años,Mujeres,1 January,2007,1 de enero de 2007,187751
66 años,Mujeres,1 January,2007,1 de enero de 2007,232906
67 años,Mujeres,1 January,2007,1 de enero de 2007,158174
68 años,Mujeres,1 January,2007,1 de enero de 2007,179137
69 años,Mujeres,1 January,2007,1 de enero de 2007,200881
7 años,Mujeres,1 January,2007,1 de enero de 2007,205403
70 años,Mujeres,1 January,2007,1 de enero de 2007,223088
71 años,Mujeres,1 January,2007,1 de enero de 2007,213983
72 años,Mujeres,1 January,2007,1 de enero de 2007,212402
73 años,Mujeres,1 January,2007,1 de enero de 2007,217388
74 años,Mujeres,1 January,2007,1 de enero de 2007,213496
75 años,Mujeres,1 January,2007,1 de enero de 2007,200681
76 años,Mujeres,1 January,2007,1 de enero de 2007,201904
77 años,Mujeres,1 January,2007,1 de enero de 2007,187401
78 años,Mujeres,1 January,2007,1 de enero de 2007,183026
79 años,Mujeres,1 January,2007,1 de enero de 2007,167116
8 años,Mujeres,1 January,2007,1 de enero de 2007,198461
80 años,Mujeres,1 January,2007,1 de enero de 2007,163032
81 años,Mujeres,1 January,2007,1 de enero de 2007,150371
82 años,Mujeres,1 January,2007,1 de enero de 2007,141687
83 años,Mujeres,1 January,2007,1 de enero de 2007,129472
84 años,Mujeres,1 January,2007,1 de enero de 2007,122299
85 años,Mujeres,1 January,2007,1 de enero de 2007,103372
85 y más años,Mujeres,1 January,2007,1 de enero de 2007,587650
86 años,Mujeres,1 January,2007,1 de enero de 2007,92130
87 años,Mujeres,1 January,2007,1 de enero de 2007,72172
88 años,Mujeres,1 January,2007,1 de enero de 2007,64745
89 años,Mujeres,1 January,2007,1 de enero de 2007,53949
9 años,Mujeres,1 January,2007,1 de enero de 2007,198859
90 años,Mujeres,1 January,2007,1 de enero de 2007,45269
91 años,Mujeres,1 January,2007,1 de enero de 2007,38055
92 años,Mujeres,1 January,2007,1 de enero de 2007,31725
93 años,Mujeres,1 January,2007,1 de enero de 2007,24704
94 años,Mujeres,1 January,2007,1 de enero de 2007,19360
95 años,Mujeres,1 January,2007,1 de enero de 2007,13549
96 años,Mujeres,1 January,2007,1 de enero de 2007,10063
97 años,Mujeres,1 January,2007,1 de enero de 2007,6753
98 años,Mujeres,1 January,2007,1 de enero de 2007,4384
99 años,Mujeres,1 January,2007,1 de enero de 2007,2941
Todas las edades,Mujeres,1 January,2007,1 de enero de 2007,22665689
0 años,Total,1 January,2007,1 de enero de 2007,483683
1 año,Total,1 January,2007,1 de enero de 2007,473622
10 años,Total,1 January,2007,1 de enero de 2007,403549
100 años,Total,1 January,2007,1 de enero de 2007,
100 y más años,Total,1 January,2007,1 de enero de 2007,5735
101 años,Total,1 January,2007,1 de enero de 2007,
102 años,Total,1 January,2007,1 de enero de 2007,
103 años,Total,1 January,2007,1 de enero de 2007,
104 años,Total,1 January,2007,1 de enero de 2007,
105 y más años,Total,1 January,2007,1 de enero de 2007,
11 años,Total,1 January,2007,1 de enero de 2007,404687
12 años,Total,1 January,2007,1 de enero de 2007,409473
13 años,Total,1 January,2007,1 de enero de 2007,425798
14 años,Total,1 January,2007,1 de enero de 2007,441224
15 años,Total,1 January,2007,1 de enero de 2007,439840
16 años,Total,1 January,2007,1 de enero de 2007,446660
17 años,Total,1 January,2007,1 de enero de 2007,458671
18 años,Total,1 January,2007,1 de enero de 2007,471564
19 años,Total,1 January,2007,1 de enero de 2007,486620
2 años,Total,1 January,2007,1 de enero de 2007,468036
20 años,Total,1 January,2007,1 de enero de 2007,507845
21 años,Total,1 January,2007,1 de enero de 2007,535671
22 años,Total,1 January,2007,1 de enero de 2007,565834
23 años,Total,1 January,2007,1 de enero de 2007,594073
24 años,Total,1 January,2007,1 de enero de 2007,639089
25 años,Total,1 January,2007,1 de enero de 2007,676476
26 años,Total,1 January,2007,1 de enero de 2007,717796
27 años,Total,1 January,2007,1 de enero de 2007,744887
28 años,Total,1 January,2007,1 de enero de 2007,783370
29 años,Total,1 January,2007,1 de enero de 2007,795993
3 años,Total,1 January,2007,1 de enero de 2007,461358
30 años,Total,1 January,2007,1 de enero de 2007,813429
31 años,Total,1 January,2007,1 de enero de 2007,808438
32 años,Total,1 January,2007,1 de enero de 2007,802095
33 años,Total,1 January,2007,1 de enero de 2007,782579
34 años,Total,1 January,2007,1 de enero de 2007,778835
35 años,Total,1 January,2007,1 de enero de 2007,764980
36 años,Total,1 January,2007,1 de enero de 2007,756615
37 años,Total,1 January,2007,1 de enero de 2007,747160
38 años,Total,1 January,2007,1 de enero de 2007,742378
39 años,Total,1 January,2007,1 de enero de 2007,745137
4 años,Total,1 January,2007,1 de enero de 2007,442187
40 años,Total,1 January,2007,1 de enero de 2007,727667
41 años,Total,1 January,2007,1 de enero de 2007,722793
42 años,Total,1 January,2007,1 de enero de 2007,733006
43 años,Total,1 January,2007,1 de enero de 2007,697958
44 años,Total,1 January,2007,1 de enero de 2007,674886
45 años,Total,1 January,2007,1 de enero de 2007,659160
46 años,Total,1 January,2007,1 de enero de 2007,663685
47 años,Total,1 January,2007,1 de enero de 2007,645495
48 años,Total,1 January,2007,1 de enero de 2007,631594
49 años,Total,1 January,2007,1 de enero de 2007,616052
5 años,Total,1 January,2007,1 de enero de 2007,439708
50 años,Total,1 January,2007,1 de enero de 2007,574966
51 años,Total,1 January,2007,1 de enero de 2007,557660
52 años,Total,1 January,2007,1 de enero de 2007,532021
53 años,Total,1 January,2007,1 de enero de 2007,532650
54 años,Total,1 January,2007,1 de enero de 2007,530211
55 años,Total,1 January,2007,1 de enero de 2007,495689
56 años,Total,1 January,2007,1 de enero de 2007,485139
57 años,Total,1 January,2007,1 de enero de 2007,504124
58 años,Total,1 January,2007,1 de enero de 2007,527846
59 años,Total,1 January,2007,1 de enero de 2007,482381
6 años,Total,1 January,2007,1 de enero de 2007,433376
60 años,Total,1 January,2007,1 de enero de 2007,461470
61 años,Total,1 January,2007,1 de enero de 2007,483816
62 años,Total,1 January,2007,1 de enero de 2007,459880
63 años,Total,1 January,2007,1 de enero de 2007,453581
64 años,Total,1 January,2007,1 de enero de 2007,391947
65 años,Total,1 January,2007,1 de enero de 2007,361467
66 años,Total,1 January,2007,1 de enero de 2007,444577
67 años,Total,1 January,2007,1 de enero de 2007,296987
68 años,Total,1 January,2007,1 de enero de 2007,336438
69 años,Total,1 January,2007,1 de enero de 2007,375312
7 años,Total,1 January,2007,1 de enero de 2007,421496
70 años,Total,1 January,2007,1 de enero de 2007,410074
71 años,Total,1 January,2007,1 de enero de 2007,394424
72 años,Total,1 January,2007,1 de enero de 2007,388165
73 años,Total,1 January,2007,1 de enero de 2007,394158
74 años,Total,1 January,2007,1 de enero de 2007,383783
75 años,Total,1 January,2007,1 de enero de 2007,358325
76 años,Total,1 January,2007,1 de enero de 2007,353477
77 años,Total,1 January,2007,1 de enero de 2007,325231
78 años,Total,1 January,2007,1 de enero de 2007,312856
79 años,Total,1 January,2007,1 de enero de 2007,282612
8 años,Total,1 January,2007,1 de enero de 2007,409289
80 años,Total,1 January,2007,1 de enero de 2007,271704
81 años,Total,1 January,2007,1 de enero de 2007,245928
82 años,Total,1 January,2007,1 de enero de 2007,228434
83 años,Total,1 January,2007,1 de enero de 2007,207037
84 años,Total,1 January,2007,1 de enero de 2007,189883
85 años,Total,1 January,2007,1 de enero de 2007,161107
85 y más años,Total,1 January,2007,1 de enero de 2007,846286
86 años,Total,1 January,2007,1 de enero de 2007,137087
87 años,Total,1 January,2007,1 de enero de 2007,105626
88 años,Total,1 January,2007,1 de enero de 2007,92366
89 años,Total,1 January,2007,1 de enero de 2007,76227
9 años,Total,1 January,2007,1 de enero de 2007,408302
90 años,Total,1 January,2007,1 de enero de 2007,63471
91 años,Total,1 January,2007,1 de enero de 2007,52792
92 años,Total,1 January,2007,1 de enero de 2007,43183
93 años,Total,1 January,2007,1 de enero de 2007,33420
94 años,Total,1 January,2007,1 de enero de 2007,25822
95 años,Total,1 January,2007,1 de enero de 2007,17988
96 años,Total,1 January,2007,1 de enero de 2007,13184
97 años,Total,1 January,2007,1 de enero de 2007,8828
98 años,Total,1 January,2007,1 de enero de 2007,5660
99 años,Total,1 January,2007,1 de enero de 2007,3791
Todas las edades,Total,1 January,2007,1 de enero de 2007,44784659
0 años,Hombres,1 January,2008,1 de enero de 2008,254589
1 año,Hombres,1 January,2008,1 de enero de 2008,252739
10 años,Hombres,1 January,2008,1 de enero de 2008,213839
100 años,Hombres,1 January,2008,1 de enero de 2008,
100 y más años,Hombres,1 January,2008,1 de enero de 2008,1442
101 años,Hombres,1 January,2008,1 de enero de 2008,
102 años,Hombres,1 January,2008,1 de enero de 2008,
103 años,Hombres,1 January,2008,1 de enero de 2008,
104 años,Hombres,1 January,2008,1 de enero de 2008,
105 y más años,Hombres,1 January,2008,1 de enero de 2008,
11 años,Hombres,1 January,2008,1 de enero de 2008,211058
12 años,Hombres,1 January,2008,1 de enero de 2008,211983
13 años,Hombres,1 January,2008,1 de enero de 2008,214778
14 años,Hombres,1 January,2008,1 de enero de 2008,223268
15 años,Hombres,1 January,2008,1 de enero de 2008,230946
16 años,Hombres,1 January,2008,1 de enero de 2008,231481
17 años,Hombres,1 January,2008,1 de enero de 2008,235356
18 años,Hombres,1 January,2008,1 de enero de 2008,244251
19 años,Hombres,1 January,2008,1 de enero de 2008,252166
2 años,Hombres,1 January,2008,1 de enero de 2008,246660
20 años,Hombres,1 January,2008,1 de enero de 2008,260817
21 años,Hombres,1 January,2008,1 de enero de 2008,271672
22 años,Hombres,1 January,2008,1 de enero de 2008,286805
23 años,Hombres,1 January,2008,1 de enero de 2008,302490
24 años,Hombres,1 January,2008,1 de enero de 2008,317191
25 años,Hombres,1 January,2008,1 de enero de 2008,341372
26 años,Hombres,1 January,2008,1 de enero de 2008,361897
27 años,Hombres,1 January,2008,1 de enero de 2008,383551
28 años,Hombres,1 January,2008,1 de enero de 2008,396955
29 años,Hombres,1 January,2008,1 de enero de 2008,418222
3 años,Hombres,1 January,2008,1 de enero de 2008,244702
30 años,Hombres,1 January,2008,1 de enero de 2008,425096
31 años,Hombres,1 January,2008,1 de enero de 2008,432378
32 años,Hombres,1 January,2008,1 de enero de 2008,429962
33 años,Hombres,1 January,2008,1 de enero de 2008,425616
34 años,Hombres,1 January,2008,1 de enero de 2008,414468
35 años,Hombres,1 January,2008,1 de enero de 2008,412022
36 años,Hombres,1 January,2008,1 de enero de 2008,403352
37 años,Hombres,1 January,2008,1 de enero de 2008,398926
38 años,Hombres,1 January,2008,1 de enero de 2008,391367
39 años,Hombres,1 January,2008,1 de enero de 2008,388288
4 años,Hombres,1 January,2008,1 de enero de 2008,240062
40 años,Hombres,1 January,2008,1 de enero de 2008,387170
41 años,Hombres,1 January,2008,1 de enero de 2008,376305
42 años,Hombres,1 January,2008,1 de enero de 2008,371842
43 años,Hombres,1 January,2008,1 de enero de 2008,375980
44 años,Hombres,1 January,2008,1 de enero de 2008,357448
45 años,Hombres,1 January,2008,1 de enero de 2008,344435
46 años,Hombres,1 January,2008,1 de enero de 2008,334950
47 años,Hombres,1 January,2008,1 de enero de 2008,336585
48 años,Hombres,1 January,2008,1 de enero de 2008,326304
49 años,Hombres,1 January,2008,1 de enero de 2008,318421
5 años,Hombres,1 January,2008,1 de enero de 2008,230668
50 años,Hombres,1 January,2008,1 de enero de 2008,309528
51 años,Hombres,1 January,2008,1 de enero de 2008,288373
52 años,Hombres,1 January,2008,1 de enero de 2008,279042
53 años,Hombres,1 January,2008,1 de enero de 2008,264474
54 años,Hombres,1 January,2008,1 de enero de 2008,265277
55 años,Hombres,1 January,2008,1 de enero de 2008,264097
56 años,Hombres,1 January,2008,1 de enero de 2008,245354
57 años,Hombres,1 January,2008,1 de enero de 2008,239477
58 años,Hombres,1 January,2008,1 de enero de 2008,246624
59 años,Hombres,1 January,2008,1 de enero de 2008,258042
6 años,Hombres,1 January,2008,1 de enero de 2008,228376
60 años,Hombres,1 January,2008,1 de enero de 2008,235365
61 años,Hombres,1 January,2008,1 de enero de 2008,223350
62 años,Hombres,1 January,2008,1 de enero de 2008,233162
63 años,Hombres,1 January,2008,1 de enero de 2008,220936
64 años,Hombres,1 January,2008,1 de enero de 2008,217455
65 años,Hombres,1 January,2008,1 de enero de 2008,187559
66 años,Hombres,1 January,2008,1 de enero de 2008,172389
67 años,Hombres,1 January,2008,1 de enero de 2008,209435
68 años,Hombres,1 January,2008,1 de enero de 2008,137098
69 años,Hombres,1 January,2008,1 de enero de 2008,155131
7 años,Hombres,1 January,2008,1 de enero de 2008,227345
70 años,Hombres,1 January,2008,1 de enero de 2008,171485
71 años,Hombres,1 January,2008,1 de enero de 2008,183253
72 años,Hombres,1 January,2008,1 de enero de 2008,176514
73 años,Hombres,1 January,2008,1 de enero de 2008,171276
74 años,Hombres,1 January,2008,1 de enero de 2008,171663
75 años,Hombres,1 January,2008,1 de enero de 2008,164687
76 años,Hombres,1 January,2008,1 de enero de 2008,151907
77 años,Hombres,1 January,2008,1 de enero de 2008,145434
78 años,Hombres,1 January,2008,1 de enero de 2008,131665
79 años,Hombres,1 January,2008,1 de enero de 2008,123081
8 años,Hombres,1 January,2008,1 de enero de 2008,220217
80 años,Hombres,1 January,2008,1 de enero de 2008,108978
81 años,Hombres,1 January,2008,1 de enero de 2008,101385
82 años,Hombres,1 January,2008,1 de enero de 2008,88539
83 años,Hombres,1 January,2008,1 de enero de 2008,79514
84 años,Hombres,1 January,2008,1 de enero de 2008,70439
85 años,Hombres,1 January,2008,1 de enero de 2008,60677
85 y más años,Hombres,1 January,2008,1 de enero de 2008,278332
86 años,Hombres,1 January,2008,1 de enero de 2008,51157
87 años,Hombres,1 January,2008,1 de enero de 2008,39392
88 años,Hombres,1 January,2008,1 de enero de 2008,28839
89 años,Hombres,1 January,2008,1 de enero de 2008,23421
9 años,Hombres,1 January,2008,1 de enero de 2008,214793
90 años,Hombres,1 January,2008,1 de enero de 2008,18613
91 años,Hombres,1 January,2008,1 de enero de 2008,14845
92 años,Hombres,1 January,2008,1 de enero de 2008,11817
93 años,Hombres,1 January,2008,1 de enero de 2008,8946
94 años,Hombres,1 January,2008,1 de enero de 2008,6653
95 años,Hombres,1 January,2008,1 de enero de 2008,4852
96 años,Hombres,1 January,2008,1 de enero de 2008,3178
97 años,Hombres,1 January,2008,1 de enero de 2008,2230
98 años,Hombres,1 January,2008,1 de enero de 2008,1433
99 años,Hombres,1 January,2008,1 de enero de 2008,836
Todas las edades,Hombres,1 January,2008,1 de enero de 2008,22591484
0 años,Mujeres,1 January,2008,1 de enero de 2008,239328
1 año,Mujeres,1 January,2008,1 de enero de 2008,237407
10 años,Mujeres,1 January,2008,1 de enero de 2008,202915
100 años,Mujeres,1 January,2008,1 de enero de 2008,
100 y más años,Mujeres,1 January,2008,1 de enero de 2008,4924
101 años,Mujeres,1 January,2008,1 de enero de 2008,
102 años,Mujeres,1 January,2008,1 de enero de 2008,
103 años,Mujeres,1 January,2008,1 de enero de 2008,
104 años,Mujeres,1 January,2008,1 de enero de 2008,
105 y más años,Mujeres,1 January,2008,1 de enero de 2008,
11 años,Mujeres,1 January,2008,1 de enero de 2008,200920
12 años,Mujeres,1 January,2008,1 de enero de 2008,200661
13 años,Mujeres,1 January,2008,1 de enero de 2008,202577
14 años,Mujeres,1 January,2008,1 de enero de 2008,210498
15 años,Mujeres,1 January,2008,1 de enero de 2008,218323
16 años,Mujeres,1 January,2008,1 de enero de 2008,217202
17 años,Mujeres,1 January,2008,1 de enero de 2008,221565
18 años,Mujeres,1 January,2008,1 de enero de 2008,229610
19 años,Mujeres,1 January,2008,1 de enero de 2008,238727
2 años,Mujeres,1 January,2008,1 de enero de 2008,233568
20 años,Mujeres,1 January,2008,1 de enero de 2008,248115
21 años,Mujeres,1 January,2008,1 de enero de 2008,260134
22 años,Mujeres,1 January,2008,1 de enero de 2008,273941
23 años,Mujeres,1 January,2008,1 de enero de 2008,289313
24 años,Mujeres,1 January,2008,1 de enero de 2008,302882
25 años,Mujeres,1 January,2008,1 de enero de 2008,323951
26 años,Mujeres,1 January,2008,1 de enero de 2008,340893
27 años,Mujeres,1 January,2008,1 de enero de 2008,359771
28 años,Mujeres,1 January,2008,1 de enero de 2008,371816
29 años,Mujeres,1 January,2008,1 de enero de 2008,387755
3 años,Mujeres,1 January,2008,1 de enero de 2008,230352
30 años,Mujeres,1 January,2008,1 de enero de 2008,392199
31 años,Mujeres,1 January,2008,1 de enero de 2008,400686
32 años,Mujeres,1 January,2008,1 de enero de 2008,396777
33 años,Mujeres,1 January,2008,1 de enero de 2008,394258
34 años,Mujeres,1 January,2008,1 de enero de 2008,383943
35 años,Mujeres,1 January,2008,1 de enero de 2008,382139
36 años,Mujeres,1 January,2008,1 de enero de 2008,376406
37 años,Mujeres,1 January,2008,1 de enero de 2008,372010
38 años,Mujeres,1 January,2008,1 de enero de 2008,369342
39 años,Mujeres,1 January,2008,1 de enero de 2008,367489
4 años,Mujeres,1 January,2008,1 de enero de 2008,227842
40 años,Mujeres,1 January,2008,1 de enero de 2008,370568
41 años,Mujeres,1 January,2008,1 de enero de 2008,361235
42 años,Mujeres,1 January,2008,1 de enero de 2008,360422
43 años,Mujeres,1 January,2008,1 de enero de 2008,365813
44 años,Mujeres,1 January,2008,1 de enero de 2008,348548
45 años,Mujeres,1 January,2008,1 de enero de 2008,338275
46 años,Mujeres,1 January,2008,1 de enero de 2008,331153
47 años,Mujeres,1 January,2008,1 de enero de 2008,333622
48 años,Mujeres,1 January,2008,1 de enero de 2008,325059
49 años,Mujeres,1 January,2008,1 de enero de 2008,318457
5 años,Mujeres,1 January,2008,1 de enero de 2008,218059
50 años,Mujeres,1 January,2008,1 de enero de 2008,311101
51 años,Mujeres,1 January,2008,1 de enero de 2008,290780
52 años,Mujeres,1 January,2008,1 de enero de 2008,282373
53 años,Mujeres,1 January,2008,1 de enero de 2008,270694
54 años,Mujeres,1 January,2008,1 de enero de 2008,269870
55 años,Mujeres,1 January,2008,1 de enero de 2008,268405
56 años,Mujeres,1 January,2008,1 de enero de 2008,252155
57 años,Mujeres,1 January,2008,1 de enero de 2008,247019
58 años,Mujeres,1 January,2008,1 de enero de 2008,258520
59 años,Mujeres,1 January,2008,1 de enero de 2008,270489
6 años,Mujeres,1 January,2008,1 de enero de 2008,217736
60 años,Mujeres,1 January,2008,1 de enero de 2008,247795
61 años,Mujeres,1 January,2008,1 de enero de 2008,238506
62 años,Mujeres,1 January,2008,1 de enero de 2008,250055
63 años,Mujeres,1 January,2008,1 de enero de 2008,238503
64 años,Mujeres,1 January,2008,1 de enero de 2008,234967
65 años,Mujeres,1 January,2008,1 de enero de 2008,203375
66 años,Mujeres,1 January,2008,1 de enero de 2008,187742
67 años,Mujeres,1 January,2008,1 de enero de 2008,232208
68 años,Mujeres,1 January,2008,1 de enero de 2008,157603
69 años,Mujeres,1 January,2008,1 de enero de 2008,178307
7 años,Mujeres,1 January,2008,1 de enero de 2008,213930
70 años,Mujeres,1 January,2008,1 de enero de 2008,199615
71 años,Mujeres,1 January,2008,1 de enero de 2008,221196
72 años,Mujeres,1 January,2008,1 de enero de 2008,211961
73 años,Mujeres,1 January,2008,1 de enero de 2008,210245
74 años,Mujeres,1 January,2008,1 de enero de 2008,214535
75 años,Mujeres,1 January,2008,1 de enero de 2008,210360
76 años,Mujeres,1 January,2008,1 de enero de 2008,197125
77 años,Mujeres,1 January,2008,1 de enero de 2008,197755
78 años,Mujeres,1 January,2008,1 de enero de 2008,182924
79 años,Mujeres,1 January,2008,1 de enero de 2008,177908
8 años,Mujeres,1 January,2008,1 de enero de 2008,209330
80 años,Mujeres,1 January,2008,1 de enero de 2008,161745
81 años,Mujeres,1 January,2008,1 de enero de 2008,156746
82 años,Mujeres,1 January,2008,1 de enero de 2008,143932
83 años,Mujeres,1 January,2008,1 de enero de 2008,134521
84 años,Mujeres,1 January,2008,1 de enero de 2008,121924
85 años,Mujeres,1 January,2008,1 de enero de 2008,113965
85 y más años,Mujeres,1 January,2008,1 de enero de 2008,624804
86 años,Mujeres,1 January,2008,1 de enero de 2008,95266
87 años,Mujeres,1 January,2008,1 de enero de 2008,83916
88 años,Mujeres,1 January,2008,1 de enero de 2008,64822
89 años,Mujeres,1 January,2008,1 de enero de 2008,57346
9 años,Mujeres,1 January,2008,1 de enero de 2008,202171
90 años,Mujeres,1 January,2008,1 de enero de 2008,47024
91 años,Mujeres,1 January,2008,1 de enero de 2008,38624
92 años,Mujeres,1 January,2008,1 de enero de 2008,31917
93 años,Mujeres,1 January,2008,1 de enero de 2008,26060
94 años,Mujeres,1 January,2008,1 de enero de 2008,19967
95 años,Mujeres,1 January,2008,1 de enero de 2008,15246
96 años,Mujeres,1 January,2008,1 de enero de 2008,10408
97 años,Mujeres,1 January,2008,1 de enero de 2008,7407
98 años,Mujeres,1 January,2008,1 de enero de 2008,4876
99 años,Mujeres,1 January,2008,1 de enero de 2008,3036
Todas las edades,Mujeres,1 January,2008,1 de enero de 2008,23077454
0 años,Total,1 January,2008,1 de enero de 2008,493918
1 año,Total,1 January,2008,1 de enero de 2008,490146
10 años,Total,1 January,2008,1 de enero de 2008,416754
100 años,Total,1 January,2008,1 de enero de 2008,
100 y más años,Total,1 January,2008,1 de enero de 2008,6366
101 años,Total,1 January,2008,1 de enero de 2008,
102 años,Total,1 January,2008,1 de enero de 2008,
103 años,Total,1 January,2008,1 de enero de 2008,
104 años,Total,1 January,2008,1 de enero de 2008,
105 y más años,Total,1 January,2008,1 de enero de 2008,
11 años,Total,1 January,2008,1 de enero de 2008,411978
12 años,Total,1 January,2008,1 de enero de 2008,412644
13 años,Total,1 January,2008,1 de enero de 2008,417355
14 años,Total,1 January,2008,1 de enero de 2008,433766
15 años,Total,1 January,2008,1 de enero de 2008,449270
16 años,Total,1 January,2008,1 de enero de 2008,448684
17 años,Total,1 January,2008,1 de enero de 2008,456921
18 años,Total,1 January,2008,1 de enero de 2008,473861
19 años,Total,1 January,2008,1 de enero de 2008,490892
2 años,Total,1 January,2008,1 de enero de 2008,480228
20 años,Total,1 January,2008,1 de enero de 2008,508932
21 años,Total,1 January,2008,1 de enero de 2008,531806
22 años,Total,1 January,2008,1 de enero de 2008,560746
23 años,Total,1 January,2008,1 de enero de 2008,591803
24 años,Total,1 January,2008,1 de enero de 2008,620074
25 años,Total,1 January,2008,1 de enero de 2008,665323
26 años,Total,1 January,2008,1 de enero de 2008,702790
27 años,Total,1 January,2008,1 de enero de 2008,743321
28 años,Total,1 January,2008,1 de enero de 2008,768771
29 años,Total,1 January,2008,1 de enero de 2008,805977
3 años,Total,1 January,2008,1 de enero de 2008,475054
30 años,Total,1 January,2008,1 de enero de 2008,817295
31 años,Total,1 January,2008,1 de enero de 2008,833065
32 años,Total,1 January,2008,1 de enero de 2008,826739
33 años,Total,1 January,2008,1 de enero de 2008,819874
34 años,Total,1 January,2008,1 de enero de 2008,798412
35 años,Total,1 January,2008,1 de enero de 2008,794162
36 años,Total,1 January,2008,1 de enero de 2008,779757
37 años,Total,1 January,2008,1 de enero de 2008,770936
38 años,Total,1 January,2008,1 de enero de 2008,760709
39 años,Total,1 January,2008,1 de enero de 2008,755776
4 años,Total,1 January,2008,1 de enero de 2008,467904
40 años,Total,1 January,2008,1 de enero de 2008,757738
41 años,Total,1 January,2008,1 de enero de 2008,737540
42 años,Total,1 January,2008,1 de enero de 2008,732263
43 años,Total,1 January,2008,1 de enero de 2008,741793
44 años,Total,1 January,2008,1 de enero de 2008,705996
45 años,Total,1 January,2008,1 de enero de 2008,682709
46 años,Total,1 January,2008,1 de enero de 2008,666103
47 años,Total,1 January,2008,1 de enero de 2008,670207
48 años,Total,1 January,2008,1 de enero de 2008,651363
49 años,Total,1 January,2008,1 de enero de 2008,636878
5 años,Total,1 January,2008,1 de enero de 2008,448727
50 años,Total,1 January,2008,1 de enero de 2008,620629
51 años,Total,1 January,2008,1 de enero de 2008,579153
52 años,Total,1 January,2008,1 de enero de 2008,561416
53 años,Total,1 January,2008,1 de enero de 2008,535168
54 años,Total,1 January,2008,1 de enero de 2008,535147
55 años,Total,1 January,2008,1 de enero de 2008,532502
56 años,Total,1 January,2008,1 de enero de 2008,497509
57 años,Total,1 January,2008,1 de enero de 2008,486496
58 años,Total,1 January,2008,1 de enero de 2008,505144
59 años,Total,1 January,2008,1 de enero de 2008,528531
6 años,Total,1 January,2008,1 de enero de 2008,446111
60 años,Total,1 January,2008,1 de enero de 2008,483161
61 años,Total,1 January,2008,1 de enero de 2008,461856
62 años,Total,1 January,2008,1 de enero de 2008,483217
63 años,Total,1 January,2008,1 de enero de 2008,459439
64 años,Total,1 January,2008,1 de enero de 2008,452422
65 años,Total,1 January,2008,1 de enero de 2008,390934
66 años,Total,1 January,2008,1 de enero de 2008,360131
67 años,Total,1 January,2008,1 de enero de 2008,441642
68 años,Total,1 January,2008,1 de enero de 2008,294700
69 años,Total,1 January,2008,1 de enero de 2008,333438
7 años,Total,1 January,2008,1 de enero de 2008,441275
70 años,Total,1 January,2008,1 de enero de 2008,371099
71 años,Total,1 January,2008,1 de enero de 2008,404450
72 años,Total,1 January,2008,1 de enero de 2008,388475
73 años,Total,1 January,2008,1 de enero de 2008,381521
74 años,Total,1 January,2008,1 de enero de 2008,386198
75 años,Total,1 January,2008,1 de enero de 2008,375046
76 años,Total,1 January,2008,1 de enero de 2008,349032
77 años,Total,1 January,2008,1 de enero de 2008,343189
78 años,Total,1 January,2008,1 de enero de 2008,314589
79 años,Total,1 January,2008,1 de enero de 2008,300989
8 años,Total,1 January,2008,1 de enero de 2008,429547
80 años,Total,1 January,2008,1 de enero de 2008,270723
81 años,Total,1 January,2008,1 de enero de 2008,258131
82 años,Total,1 January,2008,1 de enero de 2008,232471
83 años,Total,1 January,2008,1 de enero de 2008,214035
84 años,Total,1 January,2008,1 de enero de 2008,192363
85 años,Total,1 January,2008,1 de enero de 2008,174642
85 y más años,Total,1 January,2008,1 de enero de 2008,903136
86 años,Total,1 January,2008,1 de enero de 2008,146423
87 años,Total,1 January,2008,1 de enero de 2008,123308
88 años,Total,1 January,2008,1 de enero de 2008,93661
89 años,Total,1 January,2008,1 de enero de 2008,80767
9 años,Total,1 January,2008,1 de enero de 2008,416964
90 años,Total,1 January,2008,1 de enero de 2008,65636
91 años,Total,1 January,2008,1 de enero de 2008,53470
92 años,Total,1 January,2008,1 de enero de 2008,43734
93 años,Total,1 January,2008,1 de enero de 2008,35006
94 años,Total,1 January,2008,1 de enero de 2008,26620
95 años,Total,1 January,2008,1 de enero de 2008,20099
96 años,Total,1 January,2008,1 de enero de 2008,13585
97 años,Total,1 January,2008,1 de enero de 2008,9637
98 años,Total,1 January,2008,1 de enero de 2008,6309
99 años,Total,1 January,2008,1 de enero de 2008,3872
Todas las edades,Total,1 January,2008,1 de enero de 2008,45668938
0 años,Hombres,1 January,2009,1 de enero de 2009,268221
1 año,Hombres,1 January,2009,1 de enero de 2009,256772
10 años,Hombres,1 January,2009,1 de enero de 2009,217683
100 años,Hombres,1 January,2009,1 de enero de 2009,
100 y más años,Hombres,1 January,2009,1 de enero de 2009,1532
101 años,Hombres,1 January,2009,1 de enero de 2009,
102 años,Hombres,1 January,2009,1 de enero de 2009,
103 años,Hombres,1 January,2009,1 de enero de 2009,
104 años,Hombres,1 January,2009,1 de enero de 2009,
105 y más años,Hombres,1 January,2009,1 de enero de 2009,
11 años,Hombres,1 January,2009,1 de enero de 2009,217057
12 años,Hombres,1 January,2009,1 de enero de 2009,214269
13 años,Hombres,1 January,2009,1 de enero de 2009,214991
14 años,Hombres,1 January,2009,1 de enero de 2009,217842
15 años,Hombres,1 January,2009,1 de enero de 2009,226560
16 años,Hombres,1 January,2009,1 de enero de 2009,234684
17 años,Hombres,1 January,2009,1 de enero de 2009,235789
18 años,Hombres,1 January,2009,1 de enero de 2009,240544
19 años,Hombres,1 January,2009,1 de enero de 2009,249059
2 años,Hombres,1 January,2009,1 de enero de 2009,254729
20 años,Hombres,1 January,2009,1 de enero de 2009,257662
21 años,Hombres,1 January,2009,1 de enero de 2009,266725
22 años,Hombres,1 January,2009,1 de enero de 2009,277815
23 años,Hombres,1 January,2009,1 de enero de 2009,293421
24 años,Hombres,1 January,2009,1 de enero de 2009,309197
25 años,Hombres,1 January,2009,1 de enero de 2009,324584
26 años,Hombres,1 January,2009,1 de enero de 2009,348395
27 años,Hombres,1 January,2009,1 de enero de 2009,368375
28 años,Hombres,1 January,2009,1 de enero de 2009,389960
29 años,Hombres,1 January,2009,1 de enero de 2009,402540
3 años,Hombres,1 January,2009,1 de enero de 2009,248895
30 años,Hombres,1 January,2009,1 de enero de 2009,423224
31 años,Hombres,1 January,2009,1 de enero de 2009,430251
32 años,Hombres,1 January,2009,1 de enero de 2009,436821
33 años,Hombres,1 January,2009,1 de enero de 2009,434297
34 años,Hombres,1 January,2009,1 de enero de 2009,429451
35 años,Hombres,1 January,2009,1 de enero de 2009,417780
36 años,Hombres,1 January,2009,1 de enero de 2009,415492
37 años,Hombres,1 January,2009,1 de enero de 2009,406300
38 años,Hombres,1 January,2009,1 de enero de 2009,401887
39 años,Hombres,1 January,2009,1 de enero de 2009,394137
4 años,Hombres,1 January,2009,1 de enero de 2009,246842
40 años,Hombres,1 January,2009,1 de enero de 2009,390640
41 años,Hombres,1 January,2009,1 de enero de 2009,389538
42 años,Hombres,1 January,2009,1 de enero de 2009,378676
43 años,Hombres,1 January,2009,1 de enero de 2009,373672
44 años,Hombres,1 January,2009,1 de enero de 2009,377601
45 años,Hombres,1 January,2009,1 de enero de 2009,358747
46 años,Hombres,1 January,2009,1 de enero de 2009,345621
47 años,Hombres,1 January,2009,1 de enero de 2009,336026
48 años,Hombres,1 January,2009,1 de enero de 2009,337446
49 años,Hombres,1 January,2009,1 de enero de 2009,326942
5 años,Hombres,1 January,2009,1 de enero de 2009,241893
50 años,Hombres,1 January,2009,1 de enero de 2009,318770
51 años,Hombres,1 January,2009,1 de enero de 2009,309684
52 años,Hombres,1 January,2009,1 de enero de 2009,288336
53 años,Hombres,1 January,2009,1 de enero de 2009,278990
54 años,Hombres,1 January,2009,1 de enero de 2009,264155
55 años,Hombres,1 January,2009,1 de enero de 2009,264979
56 años,Hombres,1 January,2009,1 de enero de 2009,263559
57 años,Hombres,1 January,2009,1 de enero de 2009,244812
58 años,Hombres,1 January,2009,1 de enero de 2009,238754
59 años,Hombres,1 January,2009,1 de enero de 2009,245763
6 años,Hombres,1 January,2009,1 de enero de 2009,232714
60 años,Hombres,1 January,2009,1 de enero de 2009,257033
61 años,Hombres,1 January,2009,1 de enero de 2009,234239
62 años,Hombres,1 January,2009,1 de enero de 2009,222176
63 años,Hombres,1 January,2009,1 de enero de 2009,231597
64 años,Hombres,1 January,2009,1 de enero de 2009,219441
65 años,Hombres,1 January,2009,1 de enero de 2009,215856
66 años,Hombres,1 January,2009,1 de enero de 2009,185860
67 años,Hombres,1 January,2009,1 de enero de 2009,170495
68 años,Hombres,1 January,2009,1 de enero de 2009,206560
69 años,Hombres,1 January,2009,1 de enero de 2009,135037
7 años,Hombres,1 January,2009,1 de enero de 2009,230399
70 años,Hombres,1 January,2009,1 de enero de 2009,152458
71 años,Hombres,1 January,2009,1 de enero de 2009,168127
72 años,Hombres,1 January,2009,1 de enero de 2009,179074
73 años,Hombres,1 January,2009,1 de enero de 2009,172171
74 años,Hombres,1 January,2009,1 de enero de 2009,166657
75 años,Hombres,1 January,2009,1 de enero de 2009,166119
76 años,Hombres,1 January,2009,1 de enero de 2009,158857
77 años,Hombres,1 January,2009,1 de enero de 2009,146060
78 años,Hombres,1 January,2009,1 de enero de 2009,138930
79 años,Hombres,1 January,2009,1 de enero de 2009,125080
8 años,Hombres,1 January,2009,1 de enero de 2009,230152
80 años,Hombres,1 January,2009,1 de enero de 2009,116148
81 años,Hombres,1 January,2009,1 de enero de 2009,102093
82 años,Hombres,1 January,2009,1 de enero de 2009,94148
83 años,Hombres,1 January,2009,1 de enero de 2009,81570
84 años,Hombres,1 January,2009,1 de enero de 2009,72429
85 años,Hombres,1 January,2009,1 de enero de 2009,63585
85 y más años,Hombres,1 January,2009,1 de enero de 2009,299053
86 años,Hombres,1 January,2009,1 de enero de 2009,53928
87 años,Hombres,1 January,2009,1 de enero de 2009,45020
88 años,Hombres,1 January,2009,1 de enero de 2009,34133
89 años,Hombres,1 January,2009,1 de enero de 2009,24581
9 años,Hombres,1 January,2009,1 de enero de 2009,223146
90 años,Hombres,1 January,2009,1 de enero de 2009,19614
91 años,Hombres,1 January,2009,1 de enero de 2009,15273
92 años,Hombres,1 January,2009,1 de enero de 2009,12004
93 años,Hombres,1 January,2009,1 de enero de 2009,9211
94 años,Hombres,1 January,2009,1 de enero de 2009,6849
95 años,Hombres,1 January,2009,1 de enero de 2009,4997
96 años,Hombres,1 January,2009,1 de enero de 2009,3625
97 años,Hombres,1 January,2009,1 de enero de 2009,2209
98 años,Hombres,1 January,2009,1 de enero de 2009,1524
99 años,Hombres,1 January,2009,1 de enero de 2009,968
Todas las edades,Hombres,1 January,2009,1 de enero de 2009,22880534
0 años,Mujeres,1 January,2009,1 de enero de 2009,251304
1 año,Mujeres,1 January,2009,1 de enero de 2009,241422
10 años,Mujeres,1 January,2009,1 de enero de 2009,204642
100 años,Mujeres,1 January,2009,1 de enero de 2009,
100 y más años,Mujeres,1 January,2009,1 de enero de 2009,5363
101 años,Mujeres,1 January,2009,1 de enero de 2009,
102 años,Mujeres,1 January,2009,1 de enero de 2009,
103 años,Mujeres,1 January,2009,1 de enero de 2009,
104 años,Mujeres,1 January,2009,1 de enero de 2009,
105 y más años,Mujeres,1 January,2009,1 de enero de 2009,
11 años,Mujeres,1 January,2009,1 de enero de 2009,205916
12 años,Mujeres,1 January,2009,1 de enero de 2009,203923
13 años,Mujeres,1 January,2009,1 de enero de 2009,203288
14 años,Mujeres,1 January,2009,1 de enero de 2009,205145
15 años,Mujeres,1 January,2009,1 de enero de 2009,213252
16 años,Mujeres,1 January,2009,1 de enero de 2009,221330
17 años,Mujeres,1 January,2009,1 de enero de 2009,220628
18 años,Mujeres,1 January,2009,1 de enero de 2009,226298
19 años,Mujeres,1 January,2009,1 de enero de 2009,235208
2 años,Mujeres,1 January,2009,1 de enero de 2009,239389
20 años,Mujeres,1 January,2009,1 de enero de 2009,245247
21 años,Mujeres,1 January,2009,1 de enero de 2009,255068
22 años,Mujeres,1 January,2009,1 de enero de 2009,267450
23 años,Mujeres,1 January,2009,1 de enero de 2009,281209
24 años,Mujeres,1 January,2009,1 de enero de 2009,297007
25 años,Mujeres,1 January,2009,1 de enero de 2009,310248
26 años,Mujeres,1 January,2009,1 de enero de 2009,331164
27 años,Mujeres,1 January,2009,1 de enero de 2009,347456
28 años,Mujeres,1 January,2009,1 de enero de 2009,365948
29 años,Mujeres,1 January,2009,1 de enero de 2009,377560
3 años,Mujeres,1 January,2009,1 de enero de 2009,235513
30 años,Mujeres,1 January,2009,1 de enero de 2009,393151
31 años,Mujeres,1 January,2009,1 de enero de 2009,397063
32 años,Mujeres,1 January,2009,1 de enero de 2009,405127
33 años,Mujeres,1 January,2009,1 de enero de 2009,400761
34 años,Mujeres,1 January,2009,1 de enero de 2009,398425
35 años,Mujeres,1 January,2009,1 de enero de 2009,387742
36 años,Mujeres,1 January,2009,1 de enero de 2009,385772
37 años,Mujeres,1 January,2009,1 de enero de 2009,380014
38 años,Mujeres,1 January,2009,1 de enero de 2009,375374
39 años,Mujeres,1 January,2009,1 de enero de 2009,372815
4 años,Mujeres,1 January,2009,1 de enero de 2009,232330
40 años,Mujeres,1 January,2009,1 de enero de 2009,370587
41 años,Mujeres,1 January,2009,1 de enero de 2009,373407
42 años,Mujeres,1 January,2009,1 de enero de 2009,363809
43 años,Mujeres,1 January,2009,1 de enero de 2009,362835
44 años,Mujeres,1 January,2009,1 de enero de 2009,367954
45 años,Mujeres,1 January,2009,1 de enero de 2009,350570
46 años,Mujeres,1 January,2009,1 de enero de 2009,340078
47 años,Mujeres,1 January,2009,1 de enero de 2009,332790
48 años,Mujeres,1 January,2009,1 de enero de 2009,334992
49 años,Mujeres,1 January,2009,1 de enero de 2009,326372
5 años,Mujeres,1 January,2009,1 de enero de 2009,229572
50 años,Mujeres,1 January,2009,1 de enero de 2009,319547
51 años,Mujeres,1 January,2009,1 de enero de 2009,311991
52 años,Mujeres,1 January,2009,1 de enero de 2009,291491
53 años,Mujeres,1 January,2009,1 de enero de 2009,282988
54 años,Mujeres,1 January,2009,1 de enero de 2009,271213
55 años,Mujeres,1 January,2009,1 de enero de 2009,270215
56 años,Mujeres,1 January,2009,1 de enero de 2009,268767
57 años,Mujeres,1 January,2009,1 de enero de 2009,252385
58 años,Mujeres,1 January,2009,1 de enero de 2009,247286
59 años,Mujeres,1 January,2009,1 de enero de 2009,258527
6 años,Mujeres,1 January,2009,1 de enero de 2009,219844
60 años,Mujeres,1 January,2009,1 de enero de 2009,270491
61 años,Mujeres,1 January,2009,1 de enero de 2009,247898
62 años,Mujeres,1 January,2009,1 de enero de 2009,238516
63 años,Mujeres,1 January,2009,1 de enero de 2009,249660
64 años,Mujeres,1 January,2009,1 de enero de 2009,238150
65 años,Mujeres,1 January,2009,1 de enero de 2009,234576
66 años,Mujeres,1 January,2009,1 de enero de 2009,202878
67 años,Mujeres,1 January,2009,1 de enero de 2009,187062
68 años,Mujeres,1 January,2009,1 de enero de 2009,231009
69 años,Mujeres,1 January,2009,1 de enero de 2009,156571
7 años,Mujeres,1 January,2009,1 de enero de 2009,219278
70 años,Mujeres,1 January,2009,1 de enero de 2009,176933
71 años,Mujeres,1 January,2009,1 de enero de 2009,198033
72 años,Mujeres,1 January,2009,1 de enero de 2009,218911
73 años,Mujeres,1 January,2009,1 de enero de 2009,209544
74 años,Mujeres,1 January,2009,1 de enero de 2009,207520
75 años,Mujeres,1 January,2009,1 de enero de 2009,211216
76 años,Mujeres,1 January,2009,1 de enero de 2009,206640
77 años,Mujeres,1 January,2009,1 de enero de 2009,193115
78 años,Mujeres,1 January,2009,1 de enero de 2009,193115
79 años,Mujeres,1 January,2009,1 de enero de 2009,177963
8 años,Mujeres,1 January,2009,1 de enero de 2009,216202
80 años,Mujeres,1 January,2009,1 de enero de 2009,172219
81 años,Mujeres,1 January,2009,1 de enero de 2009,155726
82 años,Mujeres,1 January,2009,1 de enero de 2009,150082
83 años,Mujeres,1 January,2009,1 de enero de 2009,136679
84 años,Mujeres,1 January,2009,1 de enero de 2009,126823
85 años,Mujeres,1 January,2009,1 de enero de 2009,113901
85 y más años,Mujeres,1 January,2009,1 de enero de 2009,658570
86 años,Mujeres,1 January,2009,1 de enero de 2009,105236
87 años,Mujeres,1 January,2009,1 de enero de 2009,86928
88 años,Mujeres,1 January,2009,1 de enero de 2009,75518
89 años,Mujeres,1 January,2009,1 de enero de 2009,57483
9 años,Mujeres,1 January,2009,1 de enero de 2009,211949
90 años,Mujeres,1 January,2009,1 de enero de 2009,50002
91 años,Mujeres,1 January,2009,1 de enero de 2009,40268
92 años,Mujeres,1 January,2009,1 de enero de 2009,32375
93 años,Mujeres,1 January,2009,1 de enero de 2009,26304
94 años,Mujeres,1 January,2009,1 de enero de 2009,21068
95 años,Mujeres,1 January,2009,1 de enero de 2009,15796
96 años,Mujeres,1 January,2009,1 de enero de 2009,11690
97 años,Mujeres,1 January,2009,1 de enero de 2009,7736
98 años,Mujeres,1 January,2009,1 de enero de 2009,5416
99 años,Mujeres,1 January,2009,1 de enero de 2009,3487
Todas las edades,Mujeres,1 January,2009,1 de enero de 2009,23358736
0 años,Total,1 January,2009,1 de enero de 2009,519525
1 año,Total,1 January,2009,1 de enero de 2009,498194
10 años,Total,1 January,2009,1 de enero de 2009,422324
100 años,Total,1 January,2009,1 de enero de 2009,
100 y más años,Total,1 January,2009,1 de enero de 2009,6896
101 años,Total,1 January,2009,1 de enero de 2009,
102 años,Total,1 January,2009,1 de enero de 2009,
103 años,Total,1 January,2009,1 de enero de 2009,
104 años,Total,1 January,2009,1 de enero de 2009,
105 y más años,Total,1 January,2009,1 de enero de 2009,
11 años,Total,1 January,2009,1 de enero de 2009,422973
12 años,Total,1 January,2009,1 de enero de 2009,418192
13 años,Total,1 January,2009,1 de enero de 2009,418280
14 años,Total,1 January,2009,1 de enero de 2009,422987
15 años,Total,1 January,2009,1 de enero de 2009,439812
16 años,Total,1 January,2009,1 de enero de 2009,456014
17 años,Total,1 January,2009,1 de enero de 2009,456417
18 años,Total,1 January,2009,1 de enero de 2009,466841
19 años,Total,1 January,2009,1 de enero de 2009,484268
2 años,Total,1 January,2009,1 de enero de 2009,494118
20 años,Total,1 January,2009,1 de enero de 2009,502909
21 años,Total,1 January,2009,1 de enero de 2009,521793
22 años,Total,1 January,2009,1 de enero de 2009,545265
23 años,Total,1 January,2009,1 de enero de 2009,574630
24 años,Total,1 January,2009,1 de enero de 2009,606204
25 años,Total,1 January,2009,1 de enero de 2009,634832
26 años,Total,1 January,2009,1 de enero de 2009,679559
27 años,Total,1 January,2009,1 de enero de 2009,715830
28 años,Total,1 January,2009,1 de enero de 2009,755908
29 años,Total,1 January,2009,1 de enero de 2009,780100
3 años,Total,1 January,2009,1 de enero de 2009,484408
30 años,Total,1 January,2009,1 de enero de 2009,816375
31 años,Total,1 January,2009,1 de enero de 2009,827314
32 años,Total,1 January,2009,1 de enero de 2009,841948
33 años,Total,1 January,2009,1 de enero de 2009,835058
34 años,Total,1 January,2009,1 de enero de 2009,827876
35 años,Total,1 January,2009,1 de enero de 2009,805522
36 años,Total,1 January,2009,1 de enero de 2009,801264
37 años,Total,1 January,2009,1 de enero de 2009,786314
38 años,Total,1 January,2009,1 de enero de 2009,777261
39 años,Total,1 January,2009,1 de enero de 2009,766951
4 años,Total,1 January,2009,1 de enero de 2009,479172
40 años,Total,1 January,2009,1 de enero de 2009,761227
41 años,Total,1 January,2009,1 de enero de 2009,762945
42 años,Total,1 January,2009,1 de enero de 2009,742486
43 años,Total,1 January,2009,1 de enero de 2009,736507
44 años,Total,1 January,2009,1 de enero de 2009,745555
45 años,Total,1 January,2009,1 de enero de 2009,709317
46 años,Total,1 January,2009,1 de enero de 2009,685698
47 años,Total,1 January,2009,1 de enero de 2009,668816
48 años,Total,1 January,2009,1 de enero de 2009,672438
49 años,Total,1 January,2009,1 de enero de 2009,653314
5 años,Total,1 January,2009,1 de enero de 2009,471466
50 años,Total,1 January,2009,1 de enero de 2009,638318
51 años,Total,1 January,2009,1 de enero de 2009,621674
52 años,Total,1 January,2009,1 de enero de 2009,579827
53 años,Total,1 January,2009,1 de enero de 2009,561978
54 años,Total,1 January,2009,1 de enero de 2009,535368
55 años,Total,1 January,2009,1 de enero de 2009,535194
56 años,Total,1 January,2009,1 de enero de 2009,532327
57 años,Total,1 January,2009,1 de enero de 2009,497197
58 años,Total,1 January,2009,1 de enero de 2009,486039
59 años,Total,1 January,2009,1 de enero de 2009,504290
6 años,Total,1 January,2009,1 de enero de 2009,452558
60 años,Total,1 January,2009,1 de enero de 2009,527523
61 años,Total,1 January,2009,1 de enero de 2009,482137
62 años,Total,1 January,2009,1 de enero de 2009,460692
63 años,Total,1 January,2009,1 de enero de 2009,481258
64 años,Total,1 January,2009,1 de enero de 2009,457591
65 años,Total,1 January,2009,1 de enero de 2009,450432
66 años,Total,1 January,2009,1 de enero de 2009,388737
67 años,Total,1 January,2009,1 de enero de 2009,357557
68 años,Total,1 January,2009,1 de enero de 2009,437570
69 años,Total,1 January,2009,1 de enero de 2009,291609
7 años,Total,1 January,2009,1 de enero de 2009,449677
70 años,Total,1 January,2009,1 de enero de 2009,329392
71 años,Total,1 January,2009,1 de enero de 2009,366160
72 años,Total,1 January,2009,1 de enero de 2009,397985
73 años,Total,1 January,2009,1 de enero de 2009,381715
74 años,Total,1 January,2009,1 de enero de 2009,374176
75 años,Total,1 January,2009,1 de enero de 2009,377335
76 años,Total,1 January,2009,1 de enero de 2009,365497
77 años,Total,1 January,2009,1 de enero de 2009,339175
78 años,Total,1 January,2009,1 de enero de 2009,332045
79 años,Total,1 January,2009,1 de enero de 2009,303043
8 años,Total,1 January,2009,1 de enero de 2009,446354
80 años,Total,1 January,2009,1 de enero de 2009,288368
81 años,Total,1 January,2009,1 de enero de 2009,257819
82 años,Total,1 January,2009,1 de enero de 2009,244230
83 años,Total,1 January,2009,1 de enero de 2009,218249
84 años,Total,1 January,2009,1 de enero de 2009,199251
85 años,Total,1 January,2009,1 de enero de 2009,177486
85 y más años,Total,1 January,2009,1 de enero de 2009,957623
86 años,Total,1 January,2009,1 de enero de 2009,159163
87 años,Total,1 January,2009,1 de enero de 2009,131949
88 años,Total,1 January,2009,1 de enero de 2009,109650
89 años,Total,1 January,2009,1 de enero de 2009,82064
9 años,Total,1 January,2009,1 de enero de 2009,435095
90 años,Total,1 January,2009,1 de enero de 2009,69617
91 años,Total,1 January,2009,1 de enero de 2009,55540
92 años,Total,1 January,2009,1 de enero de 2009,44379
93 años,Total,1 January,2009,1 de enero de 2009,35516
94 años,Total,1 January,2009,1 de enero de 2009,27917
95 años,Total,1 January,2009,1 de enero de 2009,20793
96 años,Total,1 January,2009,1 de enero de 2009,15315
97 años,Total,1 January,2009,1 de enero de 2009,9945
98 años,Total,1 January,2009,1 de enero de 2009,6940
99 años,Total,1 January,2009,1 de enero de 2009,4454
Todas las edades,Total,1 January,2009,1 de enero de 2009,46239271
0 años,Hombres,1 January,2010,1 de enero de 2010,255371
1 año,Hombres,1 January,2010,1 de enero de 2010,268851
10 años,Hombres,1 January,2010,1 de enero de 2010,224531
100 años,Hombres,1 January,2010,1 de enero de 2010,
100 y más años,Hombres,1 January,2010,1 de enero de 2010,1703
101 años,Hombres,1 January,2010,1 de enero de 2010,
102 años,Hombres,1 January,2010,1 de enero de 2010,
103 años,Hombres,1 January,2010,1 de enero de 2010,
104 años,Hombres,1 January,2010,1 de enero de 2010,
105 y más años,Hombres,1 January,2010,1 de enero de 2010,
11 años,Hombres,1 January,2010,1 de enero de 2010,219108
12 años,Hombres,1 January,2010,1 de enero de 2010,218556
13 años,Hombres,1 January,2010,1 de enero de 2010,215919
14 años,Hombres,1 January,2010,1 de enero de 2010,216482
15 años,Hombres,1 January,2010,1 de enero de 2010,219534
16 años,Hombres,1 January,2010,1 de enero de 2010,228485
17 años,Hombres,1 January,2010,1 de enero de 2010,237223
18 años,Hombres,1 January,2010,1 de enero de 2010,238943
19 años,Hombres,1 January,2010,1 de enero de 2010,242889
2 años,Hombres,1 January,2010,1 de enero de 2010,257612
20 años,Hombres,1 January,2010,1 de enero de 2010,251021
21 años,Hombres,1 January,2010,1 de enero de 2010,259245
22 años,Hombres,1 January,2010,1 de enero de 2010,267949
23 años,Hombres,1 January,2010,1 de enero de 2010,278894
24 años,Hombres,1 January,2010,1 de enero de 2010,294272
25 años,Hombres,1 January,2010,1 de enero de 2010,309817
26 años,Hombres,1 January,2010,1 de enero de 2010,324826
27 años,Hombres,1 January,2010,1 de enero de 2010,348405
28 años,Hombres,1 January,2010,1 de enero de 2010,367483
29 años,Hombres,1 January,2010,1 de enero de 2010,388936
3 años,Hombres,1 January,2010,1 de enero de 2010,255705
30 años,Hombres,1 January,2010,1 de enero de 2010,401009
31 años,Hombres,1 January,2010,1 de enero de 2010,421852
32 años,Hombres,1 January,2010,1 de enero de 2010,428768
33 años,Hombres,1 January,2010,1 de enero de 2010,435404
34 años,Hombres,1 January,2010,1 de enero de 2010,432981
35 años,Hombres,1 January,2010,1 de enero de 2010,428245
36 años,Hombres,1 January,2010,1 de enero de 2010,416810
37 años,Hombres,1 January,2010,1 de enero de 2010,414601
38 años,Hombres,1 January,2010,1 de enero de 2010,405483
39 años,Hombres,1 January,2010,1 de enero de 2010,400867
4 años,Hombres,1 January,2010,1 de enero de 2010,249779
40 años,Hombres,1 January,2010,1 de enero de 2010,393300
41 años,Hombres,1 January,2010,1 de enero de 2010,389928
42 años,Hombres,1 January,2010,1 de enero de 2010,388920
43 años,Hombres,1 January,2010,1 de enero de 2010,378046
44 años,Hombres,1 January,2010,1 de enero de 2010,373185
45 años,Hombres,1 January,2010,1 de enero de 2010,377001
46 años,Hombres,1 January,2010,1 de enero de 2010,358058
47 años,Hombres,1 January,2010,1 de enero de 2010,344764
48 años,Hombres,1 January,2010,1 de enero de 2010,335233
49 años,Hombres,1 January,2010,1 de enero de 2010,336597
5 años,Hombres,1 January,2010,1 de enero de 2010,247742
50 años,Hombres,1 January,2010,1 de enero de 2010,326057
51 años,Hombres,1 January,2010,1 de enero de 2010,317931
52 años,Hombres,1 January,2010,1 de enero de 2010,308762
53 años,Hombres,1 January,2010,1 de enero de 2010,287351
54 años,Hombres,1 January,2010,1 de enero de 2010,277895
55 años,Hombres,1 January,2010,1 de enero de 2010,263050
56 años,Hombres,1 January,2010,1 de enero de 2010,263593
57 años,Hombres,1 January,2010,1 de enero de 2010,262282
58 años,Hombres,1 January,2010,1 de enero de 2010,243477
59 años,Hombres,1 January,2010,1 de enero de 2010,237385
6 años,Hombres,1 January,2010,1 de enero de 2010,242388
60 años,Hombres,1 January,2010,1 de enero de 2010,244366
61 años,Hombres,1 January,2010,1 de enero de 2010,255537
62 años,Hombres,1 January,2010,1 de enero de 2010,232596
63 años,Hombres,1 January,2010,1 de enero de 2010,220433
64 años,Hombres,1 January,2010,1 de enero de 2010,229593
65 años,Hombres,1 January,2010,1 de enero de 2010,217663
66 años,Hombres,1 January,2010,1 de enero de 2010,213568
67 años,Hombres,1 January,2010,1 de enero de 2010,183666
68 años,Hombres,1 January,2010,1 de enero de 2010,168159
69 años,Hombres,1 January,2010,1 de enero de 2010,203289
7 años,Hombres,1 January,2010,1 de enero de 2010,233391
70 años,Hombres,1 January,2010,1 de enero de 2010,132565
71 años,Hombres,1 January,2010,1 de enero de 2010,149571
72 años,Hombres,1 January,2010,1 de enero de 2010,164456
73 años,Hombres,1 January,2010,1 de enero de 2010,174653
74 años,Hombres,1 January,2010,1 de enero de 2010,167433
75 años,Hombres,1 January,2010,1 de enero de 2010,161494
76 años,Hombres,1 January,2010,1 de enero de 2010,160316
77 años,Hombres,1 January,2010,1 de enero de 2010,152705
78 años,Hombres,1 January,2010,1 de enero de 2010,139678
79 años,Hombres,1 January,2010,1 de enero de 2010,132176
8 años,Hombres,1 January,2010,1 de enero de 2010,230998
80 años,Hombres,1 January,2010,1 de enero de 2010,118338
81 años,Hombres,1 January,2010,1 de enero de 2010,109022
82 años,Hombres,1 January,2010,1 de enero de 2010,94906
83 años,Hombres,1 January,2010,1 de enero de 2010,86865
84 años,Hombres,1 January,2010,1 de enero de 2010,74745
85 años,Hombres,1 January,2010,1 de enero de 2010,65601
85 y más años,Hombres,1 January,2010,1 de enero de 2010,319869
86 años,Hombres,1 January,2010,1 de enero de 2010,56911
87 años,Hombres,1 January,2010,1 de enero de 2010,47467
88 años,Hombres,1 January,2010,1 de enero de 2010,39113
89 años,Hombres,1 January,2010,1 de enero de 2010,29073
9 años,Hombres,1 January,2010,1 de enero de 2010,231419
90 años,Hombres,1 January,2010,1 de enero de 2010,20521
91 años,Hombres,1 January,2010,1 de enero de 2010,16223
92 años,Hombres,1 January,2010,1 de enero de 2010,12331
93 años,Hombres,1 January,2010,1 de enero de 2010,9494
94 años,Hombres,1 January,2010,1 de enero de 2010,7135
95 años,Hombres,1 January,2010,1 de enero de 2010,5207
96 años,Hombres,1 January,2010,1 de enero de 2010,3753
97 años,Hombres,1 January,2010,1 de enero de 2010,2667
98 años,Hombres,1 January,2010,1 de enero de 2010,1613
99 años,Hombres,1 January,2010,1 de enero de 2010,1058
Todas las edades,Hombres,1 January,2010,1 de enero de 2010,22982272
0 años,Mujeres,1 January,2010,1 de enero de 2010,238603
1 año,Mujeres,1 January,2010,1 de enero de 2010,251934
10 años,Mujeres,1 January,2010,1 de enero de 2010,213152
100 años,Mujeres,1 January,2010,1 de enero de 2010,
100 y más años,Mujeres,1 January,2010,1 de enero de 2010,6123
101 años,Mujeres,1 January,2010,1 de enero de 2010,
102 años,Mujeres,1 January,2010,1 de enero de 2010,
103 años,Mujeres,1 January,2010,1 de enero de 2010,
104 años,Mujeres,1 January,2010,1 de enero de 2010,
105 y más años,Mujeres,1 January,2010,1 de enero de 2010,
11 años,Mujeres,1 January,2010,1 de enero de 2010,205700
12 años,Mujeres,1 January,2010,1 de enero de 2010,207298
13 años,Mujeres,1 January,2010,1 de enero de 2010,205316
14 años,Mujeres,1 January,2010,1 de enero de 2010,204392
15 años,Mujeres,1 January,2010,1 de enero de 2010,206335
16 años,Mujeres,1 January,2010,1 de enero de 2010,214765
17 años,Mujeres,1 January,2010,1 de enero de 2010,223104
18 años,Mujeres,1 January,2010,1 de enero de 2010,223470
19 años,Mujeres,1 January,2010,1 de enero de 2010,229587
2 años,Mujeres,1 January,2010,1 de enero de 2010,242192
20 años,Mujeres,1 January,2010,1 de enero de 2010,238965
21 años,Mujeres,1 January,2010,1 de enero de 2010,249154
22 años,Mujeres,1 January,2010,1 de enero de 2010,258716
23 años,Mujeres,1 January,2010,1 de enero de 2010,271136
24 años,Mujeres,1 January,2010,1 de enero de 2010,284680
25 años,Mujeres,1 January,2010,1 de enero de 2010,299900
26 años,Mujeres,1 January,2010,1 de enero de 2010,312789
27 años,Mujeres,1 January,2010,1 de enero de 2010,333428
28 años,Mujeres,1 January,2010,1 de enero de 2010,349232
29 años,Mujeres,1 January,2010,1 de enero de 2010,367470
3 años,Mujeres,1 January,2010,1 de enero de 2010,240459
30 años,Mujeres,1 January,2010,1 de enero de 2010,378867
31 años,Mujeres,1 January,2010,1 de enero de 2010,394257
32 años,Mujeres,1 January,2010,1 de enero de 2010,398262
33 años,Mujeres,1 January,2010,1 de enero de 2010,405995
34 años,Mujeres,1 January,2010,1 de enero de 2010,401620
35 años,Mujeres,1 January,2010,1 de enero de 2010,399416
36 años,Mujeres,1 January,2010,1 de enero de 2010,388633
37 años,Mujeres,1 January,2010,1 de enero de 2010,386898
38 años,Mujeres,1 January,2010,1 de enero de 2010,381005
39 años,Mujeres,1 January,2010,1 de enero de 2010,376315
4 años,Mujeres,1 January,2010,1 de enero de 2010,236184
40 años,Mujeres,1 January,2010,1 de enero de 2010,373956
41 años,Mujeres,1 January,2010,1 de enero de 2010,371463
42 años,Mujeres,1 January,2010,1 de enero de 2010,374272
43 años,Mujeres,1 January,2010,1 de enero de 2010,364454
44 años,Mujeres,1 January,2010,1 de enero de 2010,363534
45 años,Mujeres,1 January,2010,1 de enero de 2010,368553
46 años,Mujeres,1 January,2010,1 de enero de 2010,351104
47 años,Mujeres,1 January,2010,1 de enero de 2010,340396
48 años,Mujeres,1 January,2010,1 de enero de 2010,333169
49 años,Mujeres,1 January,2010,1 de enero de 2010,335128
5 años,Mujeres,1 January,2010,1 de enero de 2010,232972
50 años,Mujeres,1 January,2010,1 de enero de 2010,326328
51 años,Mujeres,1 January,2010,1 de enero de 2010,319575
52 años,Mujeres,1 January,2010,1 de enero de 2010,311899
53 años,Mujeres,1 January,2010,1 de enero de 2010,291337
54 años,Mujeres,1 January,2010,1 de enero de 2010,282819
55 años,Mujeres,1 January,2010,1 de enero de 2010,271018
56 años,Mujeres,1 January,2010,1 de enero de 2010,270005
57 años,Mujeres,1 January,2010,1 de enero de 2010,268412
58 años,Mujeres,1 January,2010,1 de enero de 2010,252139
59 años,Mujeres,1 January,2010,1 de enero de 2010,246862
6 años,Mujeres,1 January,2010,1 de enero de 2010,230228
60 años,Mujeres,1 January,2010,1 de enero de 2010,258196
61 años,Mujeres,1 January,2010,1 de enero de 2010,270201
62 años,Mujeres,1 January,2010,1 de enero de 2010,247474
63 años,Mujeres,1 January,2010,1 de enero de 2010,237921
64 años,Mujeres,1 January,2010,1 de enero de 2010,248930
65 años,Mujeres,1 January,2010,1 de enero de 2010,237374
66 años,Mujeres,1 January,2010,1 de enero de 2010,233720
67 años,Mujeres,1 January,2010,1 de enero de 2010,201885
68 años,Mujeres,1 January,2010,1 de enero de 2010,186066
69 años,Mujeres,1 January,2010,1 de enero de 2010,229555
7 años,Mujeres,1 January,2010,1 de enero de 2010,220539
70 años,Mujeres,1 January,2010,1 de enero de 2010,155379
71 años,Mujeres,1 January,2010,1 de enero de 2010,175425
72 años,Mujeres,1 January,2010,1 de enero de 2010,196096
73 años,Mujeres,1 January,2010,1 de enero de 2010,216142
74 años,Mujeres,1 January,2010,1 de enero de 2010,206854
75 años,Mujeres,1 January,2010,1 de enero de 2010,204400
76 años,Mujeres,1 January,2010,1 de enero de 2010,207630
77 años,Mujeres,1 January,2010,1 de enero de 2010,202599
78 años,Mujeres,1 January,2010,1 de enero de 2010,188841
79 años,Mujeres,1 January,2010,1 de enero de 2010,187950
8 años,Mujeres,1 January,2010,1 de enero de 2010,219797
80 años,Mujeres,1 January,2010,1 de enero de 2010,172315
81 años,Mujeres,1 January,2010,1 de enero de 2010,165875
82 años,Mujeres,1 January,2010,1 de enero de 2010,149163
83 años,Mujeres,1 January,2010,1 de enero de 2010,142928
84 años,Mujeres,1 January,2010,1 de enero de 2010,129030
85 años,Mujeres,1 January,2010,1 de enero de 2010,118817
85 y más años,Mujeres,1 January,2010,1 de enero de 2010,696037
86 años,Mujeres,1 January,2010,1 de enero de 2010,105553
87 años,Mujeres,1 January,2010,1 de enero de 2010,96379
88 años,Mujeres,1 January,2010,1 de enero de 2010,78650
89 años,Mujeres,1 January,2010,1 de enero de 2010,67144
9 años,Mujeres,1 January,2010,1 de enero de 2010,217175
90 años,Mujeres,1 January,2010,1 de enero de 2010,50334
91 años,Mujeres,1 January,2010,1 de enero de 2010,42992
92 años,Mujeres,1 January,2010,1 de enero de 2010,33993
93 años,Mujeres,1 January,2010,1 de enero de 2010,26922
94 años,Mujeres,1 January,2010,1 de enero de 2010,21495
95 años,Mujeres,1 January,2010,1 de enero de 2010,16766
96 años,Mujeres,1 January,2010,1 de enero de 2010,12246
97 años,Mujeres,1 January,2010,1 de enero de 2010,8955
98 años,Mujeres,1 January,2010,1 de enero de 2010,5715
99 años,Mujeres,1 January,2010,1 de enero de 2010,3951
Todas las edades,Mujeres,1 January,2010,1 de enero de 2010,23504349
0 años,Total,1 January,2010,1 de enero de 2010,493974
1 año,Total,1 January,2010,1 de enero de 2010,520785
10 años,Total,1 January,2010,1 de enero de 2010,437683
100 años,Total,1 January,2010,1 de enero de 2010,
100 y más años,Total,1 January,2010,1 de enero de 2010,7826
101 años,Total,1 January,2010,1 de enero de 2010,
102 años,Total,1 January,2010,1 de enero de 2010,
103 años,Total,1 January,2010,1 de enero de 2010,
104 años,Total,1 January,2010,1 de enero de 2010,
105 y más años,Total,1 January,2010,1 de enero de 2010,
11 años,Total,1 January,2010,1 de enero de 2010,424808
12 años,Total,1 January,2010,1 de enero de 2010,425854
13 años,Total,1 January,2010,1 de enero de 2010,421234
14 años,Total,1 January,2010,1 de enero de 2010,420873
15 años,Total,1 January,2010,1 de enero de 2010,425870
16 años,Total,1 January,2010,1 de enero de 2010,443250
17 años,Total,1 January,2010,1 de enero de 2010,460327
18 años,Total,1 January,2010,1 de enero de 2010,462413
19 años,Total,1 January,2010,1 de enero de 2010,472476
2 años,Total,1 January,2010,1 de enero de 2010,499803
20 años,Total,1 January,2010,1 de enero de 2010,489986
21 años,Total,1 January,2010,1 de enero de 2010,508399
22 años,Total,1 January,2010,1 de enero de 2010,526665
23 años,Total,1 January,2010,1 de enero de 2010,550031
24 años,Total,1 January,2010,1 de enero de 2010,578952
25 años,Total,1 January,2010,1 de enero de 2010,609717
26 años,Total,1 January,2010,1 de enero de 2010,637615
27 años,Total,1 January,2010,1 de enero de 2010,681833
28 años,Total,1 January,2010,1 de enero de 2010,716715
29 años,Total,1 January,2010,1 de enero de 2010,756407
3 años,Total,1 January,2010,1 de enero de 2010,496164
30 años,Total,1 January,2010,1 de enero de 2010,779876
31 años,Total,1 January,2010,1 de enero de 2010,816109
32 años,Total,1 January,2010,1 de enero de 2010,827030
33 años,Total,1 January,2010,1 de enero de 2010,841399
34 años,Total,1 January,2010,1 de enero de 2010,834602
35 años,Total,1 January,2010,1 de enero de 2010,827660
36 años,Total,1 January,2010,1 de enero de 2010,805443
37 años,Total,1 January,2010,1 de enero de 2010,801500
38 años,Total,1 January,2010,1 de enero de 2010,786488
39 años,Total,1 January,2010,1 de enero de 2010,777182
4 años,Total,1 January,2010,1 de enero de 2010,485963
40 años,Total,1 January,2010,1 de enero de 2010,767256
41 años,Total,1 January,2010,1 de enero de 2010,761391
42 años,Total,1 January,2010,1 de enero de 2010,763192
43 años,Total,1 January,2010,1 de enero de 2010,742499
44 años,Total,1 January,2010,1 de enero de 2010,736719
45 años,Total,1 January,2010,1 de enero de 2010,745554
46 años,Total,1 January,2010,1 de enero de 2010,709163
47 años,Total,1 January,2010,1 de enero de 2010,685159
48 años,Total,1 January,2010,1 de enero de 2010,668402
49 años,Total,1 January,2010,1 de enero de 2010,671725
5 años,Total,1 January,2010,1 de enero de 2010,480714
50 años,Total,1 January,2010,1 de enero de 2010,652384
51 años,Total,1 January,2010,1 de enero de 2010,637506
52 años,Total,1 January,2010,1 de enero de 2010,620661
53 años,Total,1 January,2010,1 de enero de 2010,578688
54 años,Total,1 January,2010,1 de enero de 2010,560715
55 años,Total,1 January,2010,1 de enero de 2010,534068
56 años,Total,1 January,2010,1 de enero de 2010,533599
57 años,Total,1 January,2010,1 de enero de 2010,530694
58 años,Total,1 January,2010,1 de enero de 2010,495616
59 años,Total,1 January,2010,1 de enero de 2010,484247
6 años,Total,1 January,2010,1 de enero de 2010,472615
60 años,Total,1 January,2010,1 de enero de 2010,502562
61 años,Total,1 January,2010,1 de enero de 2010,525738
62 años,Total,1 January,2010,1 de enero de 2010,480070
63 años,Total,1 January,2010,1 de enero de 2010,458354
64 años,Total,1 January,2010,1 de enero de 2010,478523
65 años,Total,1 January,2010,1 de enero de 2010,455037
66 años,Total,1 January,2010,1 de enero de 2010,447288
67 años,Total,1 January,2010,1 de enero de 2010,385551
68 años,Total,1 January,2010,1 de enero de 2010,354225
69 años,Total,1 January,2010,1 de enero de 2010,432844
7 años,Total,1 January,2010,1 de enero de 2010,453930
70 años,Total,1 January,2010,1 de enero de 2010,287944
71 años,Total,1 January,2010,1 de enero de 2010,324996
72 años,Total,1 January,2010,1 de enero de 2010,360552
73 años,Total,1 January,2010,1 de enero de 2010,390794
74 años,Total,1 January,2010,1 de enero de 2010,374287
75 años,Total,1 January,2010,1 de enero de 2010,365894
76 años,Total,1 January,2010,1 de enero de 2010,367947
77 años,Total,1 January,2010,1 de enero de 2010,355304
78 años,Total,1 January,2010,1 de enero de 2010,328519
79 años,Total,1 January,2010,1 de enero de 2010,320127
8 años,Total,1 January,2010,1 de enero de 2010,450795
80 años,Total,1 January,2010,1 de enero de 2010,290653
81 años,Total,1 January,2010,1 de enero de 2010,274896
82 años,Total,1 January,2010,1 de enero de 2010,244068
83 años,Total,1 January,2010,1 de enero de 2010,229793
84 años,Total,1 January,2010,1 de enero de 2010,203775
85 años,Total,1 January,2010,1 de enero de 2010,184418
85 y más años,Total,1 January,2010,1 de enero de 2010,1015906
86 años,Total,1 January,2010,1 de enero de 2010,162464
87 años,Total,1 January,2010,1 de enero de 2010,143846
88 años,Total,1 January,2010,1 de enero de 2010,117763
89 años,Total,1 January,2010,1 de enero de 2010,96217
9 años,Total,1 January,2010,1 de enero de 2010,448594
90 años,Total,1 January,2010,1 de enero de 2010,70855
91 años,Total,1 January,2010,1 de enero de 2010,59215
92 años,Total,1 January,2010,1 de enero de 2010,46324
93 años,Total,1 January,2010,1 de enero de 2010,36417
94 años,Total,1 January,2010,1 de enero de 2010,28630
95 años,Total,1 January,2010,1 de enero de 2010,21972
96 años,Total,1 January,2010,1 de enero de 2010,16000
97 años,Total,1 January,2010,1 de enero de 2010,11622
98 años,Total,1 January,2010,1 de enero de 2010,7329
99 años,Total,1 January,2010,1 de enero de 2010,5009
Todas las edades,Total,1 January,2010,1 de enero de 2010,46486621
0 años,Hombres,1 January,2011,1 de enero de 2011,249568
1 año,Hombres,1 January,2011,1 de enero de 2011,255870
10 años,Hombres,1 January,2011,1 de enero de 2011,232277
100 años,Hombres,1 January,2011,1 de enero de 2011,
100 y más años,Hombres,1 January,2011,1 de enero de 2011,1956
101 años,Hombres,1 January,2011,1 de enero de 2011,
102 años,Hombres,1 January,2011,1 de enero de 2011,
103 años,Hombres,1 January,2011,1 de enero de 2011,
104 años,Hombres,1 January,2011,1 de enero de 2011,
105 y más años,Hombres,1 January,2011,1 de enero de 2011,
11 años,Hombres,1 January,2011,1 de enero de 2011,225455
12 años,Hombres,1 January,2011,1 de enero de 2011,220066
13 años,Hombres,1 January,2011,1 de enero de 2011,219710
14 años,Hombres,1 January,2011,1 de enero de 2011,217027
15 años,Hombres,1 January,2011,1 de enero de 2011,217589
16 años,Hombres,1 January,2011,1 de enero de 2011,220774
17 años,Hombres,1 January,2011,1 de enero de 2011,230195
18 años,Hombres,1 January,2011,1 de enero de 2011,239409
19 años,Hombres,1 January,2011,1 de enero de 2011,240600
2 años,Hombres,1 January,2011,1 de enero de 2011,268942
20 años,Hombres,1 January,2011,1 de enero de 2011,244667
21 años,Hombres,1 January,2011,1 de enero de 2011,252781
22 años,Hombres,1 January,2011,1 de enero de 2011,260305
23 años,Hombres,1 January,2011,1 de enero de 2011,268432
24 años,Hombres,1 January,2011,1 de enero de 2011,279308
25 años,Hombres,1 January,2011,1 de enero de 2011,293918
26 años,Hombres,1 January,2011,1 de enero de 2011,309063
27 años,Hombres,1 January,2011,1 de enero de 2011,323880
28 años,Hombres,1 January,2011,1 de enero de 2011,346895
29 años,Hombres,1 January,2011,1 de enero de 2011,365563
3 años,Hombres,1 January,2011,1 de enero de 2011,258553
30 años,Hombres,1 January,2011,1 de enero de 2011,386407
31 años,Hombres,1 January,2011,1 de enero de 2011,398672
32 años,Hombres,1 January,2011,1 de enero de 2011,419356
33 años,Hombres,1 January,2011,1 de enero de 2011,426373
34 años,Hombres,1 January,2011,1 de enero de 2011,433043
35 años,Hombres,1 January,2011,1 de enero de 2011,430835
36 años,Hombres,1 January,2011,1 de enero de 2011,426337
37 años,Hombres,1 January,2011,1 de enero de 2011,415410
38 años,Hombres,1 January,2011,1 de enero de 2011,412989
39 años,Hombres,1 January,2011,1 de enero de 2011,404438
4 años,Hombres,1 January,2011,1 de enero de 2011,256415
40 años,Hombres,1 January,2011,1 de enero de 2011,399463
41 años,Hombres,1 January,2011,1 de enero de 2011,392278
42 años,Hombres,1 January,2011,1 de enero de 2011,388776
43 años,Hombres,1 January,2011,1 de enero de 2011,387955
44 años,Hombres,1 January,2011,1 de enero de 2011,376973
45 años,Hombres,1 January,2011,1 de enero de 2011,372341
46 años,Hombres,1 January,2011,1 de enero de 2011,375964
47 años,Hombres,1 January,2011,1 de enero de 2011,357040
48 años,Hombres,1 January,2011,1 de enero de 2011,343845
49 años,Hombres,1 January,2011,1 de enero de 2011,334255
5 años,Hombres,1 January,2011,1 de enero de 2011,250239
50 años,Hombres,1 January,2011,1 de enero de 2011,335401
51 años,Hombres,1 January,2011,1 de enero de 2011,325110
52 años,Hombres,1 January,2011,1 de enero de 2011,316767
53 años,Hombres,1 January,2011,1 de enero de 2011,307521
54 años,Hombres,1 January,2011,1 de enero de 2011,286133
55 años,Hombres,1 January,2011,1 de enero de 2011,276646
56 años,Hombres,1 January,2011,1 de enero de 2011,261829
57 años,Hombres,1 January,2011,1 de enero de 2011,262230
58 años,Hombres,1 January,2011,1 de enero de 2011,260799
59 años,Hombres,1 January,2011,1 de enero de 2011,242112
6 años,Hombres,1 January,2011,1 de enero de 2011,248290
60 años,Hombres,1 January,2011,1 de enero de 2011,235911
61 años,Hombres,1 January,2011,1 de enero de 2011,242842
62 años,Hombres,1 January,2011,1 de enero de 2011,253801
63 años,Hombres,1 January,2011,1 de enero de 2011,230802
64 años,Hombres,1 January,2011,1 de enero de 2011,218580
65 años,Hombres,1 January,2011,1 de enero de 2011,227588
66 años,Hombres,1 January,2011,1 de enero de 2011,215542
67 años,Hombres,1 January,2011,1 de enero de 2011,210957
68 años,Hombres,1 January,2011,1 de enero de 2011,181179
69 años,Hombres,1 January,2011,1 de enero de 2011,165578
7 años,Hombres,1 January,2011,1 de enero de 2011,242764
70 años,Hombres,1 January,2011,1 de enero de 2011,199862
71 años,Hombres,1 January,2011,1 de enero de 2011,130003
72 años,Hombres,1 January,2011,1 de enero de 2011,146257
73 años,Hombres,1 January,2011,1 de enero de 2011,160537
74 años,Hombres,1 January,2011,1 de enero de 2011,169897
75 años,Hombres,1 January,2011,1 de enero de 2011,162443
76 años,Hombres,1 January,2011,1 de enero de 2011,156226
77 años,Hombres,1 January,2011,1 de enero de 2011,154268
78 años,Hombres,1 January,2011,1 de enero de 2011,146368
79 años,Hombres,1 January,2011,1 de enero de 2011,133217
8 años,Hombres,1 January,2011,1 de enero de 2011,233699
80 años,Hombres,1 January,2011,1 de enero de 2011,125254
81 años,Hombres,1 January,2011,1 de enero de 2011,111210
82 años,Hombres,1 January,2011,1 de enero de 2011,101712
83 años,Hombres,1 January,2011,1 de enero de 2011,87692
84 años,Hombres,1 January,2011,1 de enero de 2011,79595
85 años,Hombres,1 January,2011,1 de enero de 2011,67874
85 y más años,Hombres,1 January,2011,1 de enero de 2011,341169
86 años,Hombres,1 January,2011,1 de enero de 2011,58759
87 años,Hombres,1 January,2011,1 de enero de 2011,50509
88 años,Hombres,1 January,2011,1 de enero de 2011,41462
89 años,Hombres,1 January,2011,1 de enero de 2011,33512
9 años,Hombres,1 January,2011,1 de enero de 2011,231439
90 años,Hombres,1 January,2011,1 de enero de 2011,24518
91 años,Hombres,1 January,2011,1 de enero de 2011,16983
92 años,Hombres,1 January,2011,1 de enero de 2011,13148
93 años,Hombres,1 January,2011,1 de enero de 2011,9739
94 años,Hombres,1 January,2011,1 de enero de 2011,7448
95 años,Hombres,1 January,2011,1 de enero de 2011,5441
96 años,Hombres,1 January,2011,1 de enero de 2011,3928
97 años,Hombres,1 January,2011,1 de enero de 2011,2780
98 años,Hombres,1 January,2011,1 de enero de 2011,1977
99 años,Hombres,1 January,2011,1 de enero de 2011,1134
Todas las edades,Hombres,1 January,2011,1 de enero de 2011,23049476
0 años,Mujeres,1 January,2011,1 de enero de 2011,234436
1 año,Mujeres,1 January,2011,1 de enero de 2011,239057
10 años,Mujeres,1 January,2011,1 de enero de 2011,217956
100 años,Mujeres,1 January,2011,1 de enero de 2011,
100 y más años,Mujeres,1 January,2011,1 de enero de 2011,7333
101 años,Mujeres,1 January,2011,1 de enero de 2011,
102 años,Mujeres,1 January,2011,1 de enero de 2011,
103 años,Mujeres,1 January,2011,1 de enero de 2011,
104 años,Mujeres,1 January,2011,1 de enero de 2011,
105 y más años,Mujeres,1 January,2011,1 de enero de 2011,
11 años,Mujeres,1 January,2011,1 de enero de 2011,213907
12 años,Mujeres,1 January,2011,1 de enero de 2011,206303
13 años,Mujeres,1 January,2011,1 de enero de 2011,208391
14 años,Mujeres,1 January,2011,1 de enero de 2011,206318
15 años,Mujeres,1 January,2011,1 de enero de 2011,205069
16 años,Mujeres,1 January,2011,1 de enero de 2011,207235
17 años,Mujeres,1 January,2011,1 de enero de 2011,215993
18 años,Mujeres,1 January,2011,1 de enero de 2011,225143
19 años,Mujeres,1 January,2011,1 de enero de 2011,226079
2 años,Mujeres,1 January,2011,1 de enero de 2011,251933
20 años,Mujeres,1 January,2011,1 de enero de 2011,232716
21 años,Mujeres,1 January,2011,1 de enero de 2011,242247
22 años,Mujeres,1 January,2011,1 de enero de 2011,252286
23 años,Mujeres,1 January,2011,1 de enero de 2011,261763
24 años,Mujeres,1 January,2011,1 de enero de 2011,273762
25 años,Mujeres,1 January,2011,1 de enero de 2011,286924
26 años,Mujeres,1 January,2011,1 de enero de 2011,301728
27 años,Mujeres,1 January,2011,1 de enero de 2011,314036
28 años,Mujeres,1 January,2011,1 de enero de 2011,334297
29 años,Mujeres,1 January,2011,1 de enero de 2011,349619
3 años,Mujeres,1 January,2011,1 de enero de 2011,242700
30 años,Mujeres,1 January,2011,1 de enero de 2011,367666
31 años,Mujeres,1 January,2011,1 de enero de 2011,378761
32 años,Mujeres,1 January,2011,1 de enero de 2011,394232
33 años,Mujeres,1 January,2011,1 de enero de 2011,398306
34 años,Mujeres,1 January,2011,1 de enero de 2011,406070
35 años,Mujeres,1 January,2011,1 de enero de 2011,401820
36 años,Mujeres,1 January,2011,1 de enero de 2011,399732
37 años,Mujeres,1 January,2011,1 de enero de 2011,388934
38 años,Mujeres,1 January,2011,1 de enero de 2011,387316
39 años,Mujeres,1 January,2011,1 de enero de 2011,381556
4 años,Mujeres,1 January,2011,1 de enero de 2011,240975
40 años,Mujeres,1 January,2011,1 de enero de 2011,376798
41 años,Mujeres,1 January,2011,1 de enero de 2011,374353
42 años,Mujeres,1 January,2011,1 de enero de 2011,371922
43 años,Mujeres,1 January,2011,1 de enero de 2011,374859
44 años,Mujeres,1 January,2011,1 de enero de 2011,364846
45 años,Mujeres,1 January,2011,1 de enero de 2011,363903
46 años,Mujeres,1 January,2011,1 de enero de 2011,368808
47 años,Mujeres,1 January,2011,1 de enero de 2011,351374
48 años,Mujeres,1 January,2011,1 de enero de 2011,340657
49 años,Mujeres,1 January,2011,1 de enero de 2011,333336
5 años,Mujeres,1 January,2011,1 de enero de 2011,236650
50 años,Mujeres,1 January,2011,1 de enero de 2011,335178
51 años,Mujeres,1 January,2011,1 de enero de 2011,326248
52 años,Mujeres,1 January,2011,1 de enero de 2011,319362
53 años,Mujeres,1 January,2011,1 de enero de 2011,311722
54 años,Mujeres,1 January,2011,1 de enero de 2011,291081
55 años,Mujeres,1 January,2011,1 de enero de 2011,282502
56 años,Mujeres,1 January,2011,1 de enero de 2011,270648
57 años,Mujeres,1 January,2011,1 de enero de 2011,269548
58 años,Mujeres,1 January,2011,1 de enero de 2011,267833
59 años,Mujeres,1 January,2011,1 de enero de 2011,251745
6 años,Mujeres,1 January,2011,1 de enero de 2011,233350
60 años,Mujeres,1 January,2011,1 de enero de 2011,246397
61 años,Mujeres,1 January,2011,1 de enero de 2011,257722
62 años,Mujeres,1 January,2011,1 de enero de 2011,269612
63 años,Mujeres,1 January,2011,1 de enero de 2011,246895
64 años,Mujeres,1 January,2011,1 de enero de 2011,237228
65 años,Mujeres,1 January,2011,1 de enero de 2011,248146
66 años,Mujeres,1 January,2011,1 de enero de 2011,236433
67 años,Mujeres,1 January,2011,1 de enero de 2011,232668
68 años,Mujeres,1 January,2011,1 de enero de 2011,200639
69 años,Mujeres,1 January,2011,1 de enero de 2011,184893
7 años,Mujeres,1 January,2011,1 de enero de 2011,230434
70 años,Mujeres,1 January,2011,1 de enero de 2011,227846
71 años,Mujeres,1 January,2011,1 de enero de 2011,153926
72 años,Mujeres,1 January,2011,1 de enero de 2011,173623
73 años,Mujeres,1 January,2011,1 de enero de 2011,193905
74 años,Mujeres,1 January,2011,1 de enero de 2011,213109
75 años,Mujeres,1 January,2011,1 de enero de 2011,203941
76 años,Mujeres,1 January,2011,1 de enero de 2011,200981
77 años,Mujeres,1 January,2011,1 de enero de 2011,203627
78 años,Mujeres,1 January,2011,1 de enero de 2011,198175
79 años,Mujeres,1 January,2011,1 de enero de 2011,183992
8 años,Mujeres,1 January,2011,1 de enero de 2011,220970
80 años,Mujeres,1 January,2011,1 de enero de 2011,182382
81 años,Mujeres,1 January,2011,1 de enero de 2011,166361
82 años,Mujeres,1 January,2011,1 de enero de 2011,159260
83 años,Mujeres,1 January,2011,1 de enero de 2011,142316
84 años,Mujeres,1 January,2011,1 de enero de 2011,135439
85 años,Mujeres,1 January,2011,1 de enero de 2011,120999
85 y más años,Mujeres,1 January,2011,1 de enero de 2011,734781
86 años,Mujeres,1 January,2011,1 de enero de 2011,110507
87 años,Mujeres,1 January,2011,1 de enero de 2011,97239
88 años,Mujeres,1 January,2011,1 de enero de 2011,87411
89 años,Mujeres,1 January,2011,1 de enero de 2011,70387
9 años,Mujeres,1 January,2011,1 de enero de 2011,220005
90 años,Mujeres,1 January,2011,1 de enero de 2011,59088
91 años,Mujeres,1 January,2011,1 de enero de 2011,43594
92 años,Mujeres,1 January,2011,1 de enero de 2011,36704
93 años,Mujeres,1 January,2011,1 de enero de 2011,28474
94 años,Mujeres,1 January,2011,1 de enero de 2011,22009
95 años,Mujeres,1 January,2011,1 de enero de 2011,17258
96 años,Mujeres,1 January,2011,1 de enero de 2011,13269
97 años,Mujeres,1 January,2011,1 de enero de 2011,9475
98 años,Mujeres,1 January,2011,1 de enero de 2011,6786
99 años,Mujeres,1 January,2011,1 de enero de 2011,4247
Todas las edades,Mujeres,1 January,2011,1 de enero de 2011,23617698
0 años,Total,1 January,2011,1 de enero de 2011,484004
1 año,Total,1 January,2011,1 de enero de 2011,494927
10 años,Total,1 January,2011,1 de enero de 2011,450233
100 años,Total,1 January,2011,1 de enero de 2011,
100 y más años,Total,1 January,2011,1 de enero de 2011,9289
101 años,Total,1 January,2011,1 de enero de 2011,
102 años,Total,1 January,2011,1 de enero de 2011,
103 años,Total,1 January,2011,1 de enero de 2011,
104 años,Total,1 January,2011,1 de enero de 2011,
105 y más años,Total,1 January,2011,1 de enero de 2011,
11 años,Total,1 January,2011,1 de enero de 2011,439362
12 años,Total,1 January,2011,1 de enero de 2011,426369
13 años,Total,1 January,2011,1 de enero de 2011,428100
14 años,Total,1 January,2011,1 de enero de 2011,423345
15 años,Total,1 January,2011,1 de enero de 2011,422658
16 años,Total,1 January,2011,1 de enero de 2011,428009
17 años,Total,1 January,2011,1 de enero de 2011,446188
18 años,Total,1 January,2011,1 de enero de 2011,464552
19 años,Total,1 January,2011,1 de enero de 2011,466680
2 años,Total,1 January,2011,1 de enero de 2011,520875
20 años,Total,1 January,2011,1 de enero de 2011,477383
21 años,Total,1 January,2011,1 de enero de 2011,495028
22 años,Total,1 January,2011,1 de enero de 2011,512591
23 años,Total,1 January,2011,1 de enero de 2011,530195
24 años,Total,1 January,2011,1 de enero de 2011,553069
25 años,Total,1 January,2011,1 de enero de 2011,580841
26 años,Total,1 January,2011,1 de enero de 2011,610791
27 años,Total,1 January,2011,1 de enero de 2011,637917
28 años,Total,1 January,2011,1 de enero de 2011,681192
29 años,Total,1 January,2011,1 de enero de 2011,715183
3 años,Total,1 January,2011,1 de enero de 2011,501253
30 años,Total,1 January,2011,1 de enero de 2011,754073
31 años,Total,1 January,2011,1 de enero de 2011,777432
32 años,Total,1 January,2011,1 de enero de 2011,813589
33 años,Total,1 January,2011,1 de enero de 2011,824679
34 años,Total,1 January,2011,1 de enero de 2011,839112
35 años,Total,1 January,2011,1 de enero de 2011,832656
36 años,Total,1 January,2011,1 de enero de 2011,826070
37 años,Total,1 January,2011,1 de enero de 2011,804343
38 años,Total,1 January,2011,1 de enero de 2011,800305
39 años,Total,1 January,2011,1 de enero de 2011,785994
4 años,Total,1 January,2011,1 de enero de 2011,497390
40 años,Total,1 January,2011,1 de enero de 2011,776261
41 años,Total,1 January,2011,1 de enero de 2011,766630
42 años,Total,1 January,2011,1 de enero de 2011,760698
43 años,Total,1 January,2011,1 de enero de 2011,762814
44 años,Total,1 January,2011,1 de enero de 2011,741819
45 años,Total,1 January,2011,1 de enero de 2011,736245
46 años,Total,1 January,2011,1 de enero de 2011,744772
47 años,Total,1 January,2011,1 de enero de 2011,708414
48 años,Total,1 January,2011,1 de enero de 2011,684501
49 años,Total,1 January,2011,1 de enero de 2011,667591
5 años,Total,1 January,2011,1 de enero de 2011,486889
50 años,Total,1 January,2011,1 de enero de 2011,670579
51 años,Total,1 January,2011,1 de enero de 2011,651359
52 años,Total,1 January,2011,1 de enero de 2011,636129
53 años,Total,1 January,2011,1 de enero de 2011,619243
54 años,Total,1 January,2011,1 de enero de 2011,577214
55 años,Total,1 January,2011,1 de enero de 2011,559147
56 años,Total,1 January,2011,1 de enero de 2011,532478
57 años,Total,1 January,2011,1 de enero de 2011,531777
58 años,Total,1 January,2011,1 de enero de 2011,528632
59 años,Total,1 January,2011,1 de enero de 2011,493856
6 años,Total,1 January,2011,1 de enero de 2011,481639
60 años,Total,1 January,2011,1 de enero de 2011,482307
61 años,Total,1 January,2011,1 de enero de 2011,500564
62 años,Total,1 January,2011,1 de enero de 2011,523413
63 años,Total,1 January,2011,1 de enero de 2011,477697
64 años,Total,1 January,2011,1 de enero de 2011,455808
65 años,Total,1 January,2011,1 de enero de 2011,475734
66 años,Total,1 January,2011,1 de enero de 2011,451975
67 años,Total,1 January,2011,1 de enero de 2011,443625
68 años,Total,1 January,2011,1 de enero de 2011,381818
69 años,Total,1 January,2011,1 de enero de 2011,350471
7 años,Total,1 January,2011,1 de enero de 2011,473199
70 años,Total,1 January,2011,1 de enero de 2011,427708
71 años,Total,1 January,2011,1 de enero de 2011,283928
72 años,Total,1 January,2011,1 de enero de 2011,319879
73 años,Total,1 January,2011,1 de enero de 2011,354442
74 años,Total,1 January,2011,1 de enero de 2011,383006
75 años,Total,1 January,2011,1 de enero de 2011,366384
76 años,Total,1 January,2011,1 de enero de 2011,357207
77 años,Total,1 January,2011,1 de enero de 2011,357895
78 años,Total,1 January,2011,1 de enero de 2011,344544
79 años,Total,1 January,2011,1 de enero de 2011,317209
8 años,Total,1 January,2011,1 de enero de 2011,454669
80 años,Total,1 January,2011,1 de enero de 2011,307637
81 años,Total,1 January,2011,1 de enero de 2011,277571
82 años,Total,1 January,2011,1 de enero de 2011,260972
83 años,Total,1 January,2011,1 de enero de 2011,230008
84 años,Total,1 January,2011,1 de enero de 2011,215033
85 años,Total,1 January,2011,1 de enero de 2011,188873
85 y más años,Total,1 January,2011,1 de enero de 2011,1075950
86 años,Total,1 January,2011,1 de enero de 2011,169267
87 años,Total,1 January,2011,1 de enero de 2011,147748
88 años,Total,1 January,2011,1 de enero de 2011,128873
89 años,Total,1 January,2011,1 de enero de 2011,103899
9 años,Total,1 January,2011,1 de enero de 2011,451444
90 años,Total,1 January,2011,1 de enero de 2011,83606
91 años,Total,1 January,2011,1 de enero de 2011,60577
92 años,Total,1 January,2011,1 de enero de 2011,49853
93 años,Total,1 January,2011,1 de enero de 2011,38213
94 años,Total,1 January,2011,1 de enero de 2011,29457
95 años,Total,1 January,2011,1 de enero de 2011,22699
96 años,Total,1 January,2011,1 de enero de 2011,17198
97 años,Total,1 January,2011,1 de enero de 2011,12256
98 años,Total,1 January,2011,1 de enero de 2011,8763
99 años,Total,1 January,2011,1 de enero de 2011,5381
Todas las edades,Total,1 January,2011,1 de enero de 2011,46667175
0 años,Hombres,1 January,2012,1 de enero de 2012,245029
1 año,Hombres,1 January,2012,1 de enero de 2012,249398
10 años,Hombres,1 January,2012,1 de enero de 2012,231822
100 años,Hombres,1 January,2012,1 de enero de 2012,
100 y más años,Hombres,1 January,2012,1 de enero de 2012,2210
101 años,Hombres,1 January,2012,1 de enero de 2012,
102 años,Hombres,1 January,2012,1 de enero de 2012,
103 años,Hombres,1 January,2012,1 de enero de 2012,
104 años,Hombres,1 January,2012,1 de enero de 2012,
105 y más años,Hombres,1 January,2012,1 de enero de 2012,
11 años,Hombres,1 January,2012,1 de enero de 2012,233150
12 años,Hombres,1 January,2012,1 de enero de 2012,226296
13 años,Hombres,1 January,2012,1 de enero de 2012,221025
14 años,Hombres,1 January,2012,1 de enero de 2012,220727
15 años,Hombres,1 January,2012,1 de enero de 2012,218121
16 años,Hombres,1 January,2012,1 de enero de 2012,218680
17 años,Hombres,1 January,2012,1 de enero de 2012,222306
18 años,Hombres,1 January,2012,1 de enero de 2012,232267
19 años,Hombres,1 January,2012,1 de enero de 2012,240797
2 años,Hombres,1 January,2012,1 de enero de 2012,255532
20 años,Hombres,1 January,2012,1 de enero de 2012,242042
21 años,Hombres,1 January,2012,1 de enero de 2012,245980
22 años,Hombres,1 January,2012,1 de enero de 2012,253726
23 años,Hombres,1 January,2012,1 de enero de 2012,261250
24 años,Hombres,1 January,2012,1 de enero de 2012,269419
25 años,Hombres,1 January,2012,1 de enero de 2012,279407
26 años,Hombres,1 January,2012,1 de enero de 2012,293496
27 años,Hombres,1 January,2012,1 de enero de 2012,308023
28 años,Hombres,1 January,2012,1 de enero de 2012,322232
29 años,Hombres,1 January,2012,1 de enero de 2012,344775
3 años,Hombres,1 January,2012,1 de enero de 2012,269087
30 años,Hombres,1 January,2012,1 de enero de 2012,362957
31 años,Hombres,1 January,2012,1 de enero de 2012,383367
32 años,Hombres,1 January,2012,1 de enero de 2012,395657
33 años,Hombres,1 January,2012,1 de enero de 2012,416273
34 años,Hombres,1 January,2012,1 de enero de 2012,423678
35 años,Hombres,1 January,2012,1 de enero de 2012,430449
36 años,Hombres,1 January,2012,1 de enero de 2012,428436
37 años,Hombres,1 January,2012,1 de enero de 2012,424076
38 años,Hombres,1 January,2012,1 de enero de 2012,413228
39 años,Hombres,1 January,2012,1 de enero de 2012,411163
4 años,Hombres,1 January,2012,1 de enero de 2012,259160
40 años,Hombres,1 January,2012,1 de enero de 2012,402848
41 años,Hombres,1 January,2012,1 de enero de 2012,397581
42 años,Hombres,1 January,2012,1 de enero de 2012,390828
43 años,Hombres,1 January,2012,1 de enero de 2012,387215
44 años,Hombres,1 January,2012,1 de enero de 2012,386832
45 años,Hombres,1 January,2012,1 de enero de 2012,375921
46 años,Hombres,1 January,2012,1 de enero de 2012,371110
47 años,Hombres,1 January,2012,1 de enero de 2012,374710
48 años,Hombres,1 January,2012,1 de enero de 2012,356160
49 años,Hombres,1 January,2012,1 de enero de 2012,342834
5 años,Hombres,1 January,2012,1 de enero de 2012,256800
50 años,Hombres,1 January,2012,1 de enero de 2012,333033
51 años,Hombres,1 January,2012,1 de enero de 2012,334224
52 años,Hombres,1 January,2012,1 de enero de 2012,323975
53 años,Hombres,1 January,2012,1 de enero de 2012,315570
54 años,Hombres,1 January,2012,1 de enero de 2012,306213
55 años,Hombres,1 January,2012,1 de enero de 2012,284826
56 años,Hombres,1 January,2012,1 de enero de 2012,275336
57 años,Hombres,1 January,2012,1 de enero de 2012,260514
58 años,Hombres,1 January,2012,1 de enero de 2012,260838
59 años,Hombres,1 January,2012,1 de enero de 2012,259319
6 años,Hombres,1 January,2012,1 de enero de 2012,250725
60 años,Hombres,1 January,2012,1 de enero de 2012,240734
61 años,Hombres,1 January,2012,1 de enero de 2012,234401
62 años,Hombres,1 January,2012,1 de enero de 2012,241257
63 años,Hombres,1 January,2012,1 de enero de 2012,251852
64 años,Hombres,1 January,2012,1 de enero de 2012,228902
65 años,Hombres,1 January,2012,1 de enero de 2012,216753
66 años,Hombres,1 January,2012,1 de enero de 2012,225368
67 años,Hombres,1 January,2012,1 de enero de 2012,213145
68 años,Hombres,1 January,2012,1 de enero de 2012,208333
69 años,Hombres,1 January,2012,1 de enero de 2012,178614
7 años,Hombres,1 January,2012,1 de enero de 2012,248744
70 años,Hombres,1 January,2012,1 de enero de 2012,162813
71 años,Hombres,1 January,2012,1 de enero de 2012,196203
72 años,Hombres,1 January,2012,1 de enero de 2012,127207
73 años,Hombres,1 January,2012,1 de enero de 2012,142785
74 años,Hombres,1 January,2012,1 de enero de 2012,156320
75 años,Hombres,1 January,2012,1 de enero de 2012,164892
76 años,Hombres,1 January,2012,1 de enero de 2012,157154
77 años,Hombres,1 January,2012,1 de enero de 2012,150511
78 años,Hombres,1 January,2012,1 de enero de 2012,147908
79 años,Hombres,1 January,2012,1 de enero de 2012,139863
8 años,Hombres,1 January,2012,1 de enero de 2012,243087
80 años,Hombres,1 January,2012,1 de enero de 2012,126376
81 años,Hombres,1 January,2012,1 de enero de 2012,117863
82 años,Hombres,1 January,2012,1 de enero de 2012,103938
83 años,Hombres,1 January,2012,1 de enero de 2012,94272
84 años,Hombres,1 January,2012,1 de enero de 2012,80632
85 años,Hombres,1 January,2012,1 de enero de 2012,72258
85 y más años,Hombres,1 January,2012,1 de enero de 2012,364456
86 años,Hombres,1 January,2012,1 de enero de 2012,60932
87 años,Hombres,1 January,2012,1 de enero de 2012,52067
88 años,Hombres,1 January,2012,1 de enero de 2012,44195
89 años,Hombres,1 January,2012,1 de enero de 2012,35754
9 años,Hombres,1 January,2012,1 de enero de 2012,234185
90 años,Hombres,1 January,2012,1 de enero de 2012,28325
91 años,Hombres,1 January,2012,1 de enero de 2012,20270
92 años,Hombres,1 January,2012,1 de enero de 2012,13903
93 años,Hombres,1 January,2012,1 de enero de 2012,10547
94 años,Hombres,1 January,2012,1 de enero de 2012,7643
95 años,Hombres,1 January,2012,1 de enero de 2012,5788
96 años,Hombres,1 January,2012,1 de enero de 2012,4084
97 años,Hombres,1 January,2012,1 de enero de 2012,2973
98 años,Hombres,1 January,2012,1 de enero de 2012,2051
99 años,Hombres,1 January,2012,1 de enero de 2012,1457
Todas las edades,Hombres,1 January,2012,1 de enero de 2012,23099009
0 años,Mujeres,1 January,2012,1 de enero de 2012,230574
1 año,Mujeres,1 January,2012,1 de enero de 2012,234151
10 años,Mujeres,1 January,2012,1 de enero de 2012,220249
100 años,Mujeres,1 January,2012,1 de enero de 2012,
100 y más años,Mujeres,1 January,2012,1 de enero de 2012,8553
101 años,Mujeres,1 January,2012,1 de enero de 2012,
102 años,Mujeres,1 January,2012,1 de enero de 2012,
103 años,Mujeres,1 January,2012,1 de enero de 2012,
104 años,Mujeres,1 January,2012,1 de enero de 2012,
105 y más años,Mujeres,1 January,2012,1 de enero de 2012,
11 años,Mujeres,1 January,2012,1 de enero de 2012,218466
12 años,Mujeres,1 January,2012,1 de enero de 2012,214567
13 años,Mujeres,1 January,2012,1 de enero de 2012,206996
14 años,Mujeres,1 January,2012,1 de enero de 2012,209240
15 años,Mujeres,1 January,2012,1 de enero de 2012,207356
16 años,Mujeres,1 January,2012,1 de enero de 2012,205767
17 años,Mujeres,1 January,2012,1 de enero de 2012,208318
18 años,Mujeres,1 January,2012,1 de enero de 2012,218001
19 años,Mujeres,1 January,2012,1 de enero de 2012,227797
2 años,Mujeres,1 January,2012,1 de enero de 2012,238626
20 años,Mujeres,1 January,2012,1 de enero de 2012,229183
21 años,Mujeres,1 January,2012,1 de enero de 2012,236040
22 años,Mujeres,1 January,2012,1 de enero de 2012,245719
23 años,Mujeres,1 January,2012,1 de enero de 2012,255690
24 años,Mujeres,1 January,2012,1 de enero de 2012,264764
25 años,Mujeres,1 January,2012,1 de enero de 2012,276235
26 años,Mujeres,1 January,2012,1 de enero de 2012,288972
27 años,Mujeres,1 January,2012,1 de enero de 2012,303108
28 años,Mujeres,1 January,2012,1 de enero de 2012,314941
29 años,Mujeres,1 January,2012,1 de enero de 2012,334726
3 años,Mujeres,1 January,2012,1 de enero de 2012,252034
30 años,Mujeres,1 January,2012,1 de enero de 2012,349645
31 años,Mujeres,1 January,2012,1 de enero de 2012,367475
32 años,Mujeres,1 January,2012,1 de enero de 2012,378498
33 años,Mujeres,1 January,2012,1 de enero de 2012,393828
34 años,Mujeres,1 January,2012,1 de enero de 2012,398078
35 años,Mujeres,1 January,2012,1 de enero de 2012,405846
36 años,Mujeres,1 January,2012,1 de enero de 2012,401743
37 años,Mujeres,1 January,2012,1 de enero de 2012,399737
38 años,Mujeres,1 January,2012,1 de enero de 2012,388991
39 años,Mujeres,1 January,2012,1 de enero de 2012,387551
4 años,Mujeres,1 January,2012,1 de enero de 2012,243003
40 años,Mujeres,1 January,2012,1 de enero de 2012,381825
41 años,Mujeres,1 January,2012,1 de enero de 2012,377031
42 años,Mujeres,1 January,2012,1 de enero de 2012,374579
43 años,Mujeres,1 January,2012,1 de enero de 2012,372196
44 años,Mujeres,1 January,2012,1 de enero de 2012,375153
45 años,Mujeres,1 January,2012,1 de enero de 2012,365162
46 años,Mujeres,1 January,2012,1 de enero de 2012,364065
47 años,Mujeres,1 January,2012,1 de enero de 2012,369060
48 años,Mujeres,1 January,2012,1 de enero de 2012,351258
49 años,Mujeres,1 January,2012,1 de enero de 2012,340701
5 años,Mujeres,1 January,2012,1 de enero de 2012,241383
50 años,Mujeres,1 January,2012,1 de enero de 2012,333327
51 años,Mujeres,1 January,2012,1 de enero de 2012,335077
52 años,Mujeres,1 January,2012,1 de enero de 2012,326127
53 años,Mujeres,1 January,2012,1 de enero de 2012,319081
54 años,Mujeres,1 January,2012,1 de enero de 2012,311660
55 años,Mujeres,1 January,2012,1 de enero de 2012,290780
56 años,Mujeres,1 January,2012,1 de enero de 2012,282280
57 años,Mujeres,1 January,2012,1 de enero de 2012,270265
58 años,Mujeres,1 January,2012,1 de enero de 2012,269275
59 años,Mujeres,1 January,2012,1 de enero de 2012,267391
6 años,Mujeres,1 January,2012,1 de enero de 2012,237047
60 años,Mujeres,1 January,2012,1 de enero de 2012,251389
61 años,Mujeres,1 January,2012,1 de enero de 2012,246068
62 años,Mujeres,1 January,2012,1 de enero de 2012,257367
63 años,Mujeres,1 January,2012,1 de enero de 2012,268986
64 años,Mujeres,1 January,2012,1 de enero de 2012,246288
65 años,Mujeres,1 January,2012,1 de enero de 2012,236490
66 años,Mujeres,1 January,2012,1 de enero de 2012,247342
67 años,Mujeres,1 January,2012,1 de enero de 2012,235436
68 años,Mujeres,1 January,2012,1 de enero de 2012,231554
69 años,Mujeres,1 January,2012,1 de enero de 2012,199424
7 años,Mujeres,1 January,2012,1 de enero de 2012,233681
70 años,Mujeres,1 January,2012,1 de enero de 2012,183575
71 años,Mujeres,1 January,2012,1 de enero de 2012,226041
72 años,Mujeres,1 January,2012,1 de enero de 2012,152372
73 años,Mujeres,1 January,2012,1 de enero de 2012,171735
74 años,Mujeres,1 January,2012,1 de enero de 2012,191544
75 años,Mujeres,1 January,2012,1 de enero de 2012,209977
76 años,Mujeres,1 January,2012,1 de enero de 2012,200656
77 años,Mujeres,1 January,2012,1 de enero de 2012,197180
78 años,Mujeres,1 January,2012,1 de enero de 2012,199271
79 años,Mujeres,1 January,2012,1 de enero de 2012,193211
8 años,Mujeres,1 January,2012,1 de enero de 2012,230865
80 años,Mujeres,1 January,2012,1 de enero de 2012,178667
81 años,Mujeres,1 January,2012,1 de enero de 2012,176237
82 años,Mujeres,1 January,2012,1 de enero de 2012,159895
83 años,Mujeres,1 January,2012,1 de enero de 2012,152093
84 años,Mujeres,1 January,2012,1 de enero de 2012,134655
85 años,Mujeres,1 January,2012,1 de enero de 2012,126988
85 y más años,Mujeres,1 January,2012,1 de enero de 2012,775279
86 años,Mujeres,1 January,2012,1 de enero de 2012,112637
87 años,Mujeres,1 January,2012,1 de enero de 2012,101612
88 años,Mujeres,1 January,2012,1 de enero de 2012,88496
89 años,Mujeres,1 January,2012,1 de enero de 2012,78259
9 años,Mujeres,1 January,2012,1 de enero de 2012,221291
90 años,Mujeres,1 January,2012,1 de enero de 2012,62245
91 años,Mujeres,1 January,2012,1 de enero de 2012,51294
92 años,Mujeres,1 January,2012,1 de enero de 2012,37253
93 años,Mujeres,1 January,2012,1 de enero de 2012,30746
94 años,Mujeres,1 January,2012,1 de enero de 2012,23328
95 años,Mujeres,1 January,2012,1 de enero de 2012,17663
96 años,Mujeres,1 January,2012,1 de enero de 2012,13561
97 años,Mujeres,1 January,2012,1 de enero de 2012,10308
98 años,Mujeres,1 January,2012,1 de enero de 2012,7263
99 años,Mujeres,1 January,2012,1 de enero de 2012,5073
Todas las edades,Mujeres,1 January,2012,1 de enero de 2012,23719207
0 años,Total,1 January,2012,1 de enero de 2012,475603
1 año,Total,1 January,2012,1 de enero de 2012,483549
10 años,Total,1 January,2012,1 de enero de 2012,452070
100 años,Total,1 January,2012,1 de enero de 2012,
100 y más años,Total,1 January,2012,1 de enero de 2012,10763
101 años,Total,1 January,2012,1 de enero de 2012,
102 años,Total,1 January,2012,1 de enero de 2012,
103 años,Total,1 January,2012,1 de enero de 2012,
104 años,Total,1 January,2012,1 de enero de 2012,
105 y más años,Total,1 January,2012,1 de enero de 2012,
11 años,Total,1 January,2012,1 de enero de 2012,451617
12 años,Total,1 January,2012,1 de enero de 2012,440863
13 años,Total,1 January,2012,1 de enero de 2012,428021
14 años,Total,1 January,2012,1 de enero de 2012,429967
15 años,Total,1 January,2012,1 de enero de 2012,425478
16 años,Total,1 January,2012,1 de enero de 2012,424447
17 años,Total,1 January,2012,1 de enero de 2012,430624
18 años,Total,1 January,2012,1 de enero de 2012,450268
19 años,Total,1 January,2012,1 de enero de 2012,468595
2 años,Total,1 January,2012,1 de enero de 2012,494158
20 años,Total,1 January,2012,1 de enero de 2012,471225
21 años,Total,1 January,2012,1 de enero de 2012,482020
22 años,Total,1 January,2012,1 de enero de 2012,499445
23 años,Total,1 January,2012,1 de enero de 2012,516940
24 años,Total,1 January,2012,1 de enero de 2012,534183
25 años,Total,1 January,2012,1 de enero de 2012,555641
26 años,Total,1 January,2012,1 de enero de 2012,582468
27 años,Total,1 January,2012,1 de enero de 2012,611131
28 años,Total,1 January,2012,1 de enero de 2012,637173
29 años,Total,1 January,2012,1 de enero de 2012,679501
3 años,Total,1 January,2012,1 de enero de 2012,521121
30 años,Total,1 January,2012,1 de enero de 2012,712602
31 años,Total,1 January,2012,1 de enero de 2012,750842
32 años,Total,1 January,2012,1 de enero de 2012,774154
33 años,Total,1 January,2012,1 de enero de 2012,810101
34 años,Total,1 January,2012,1 de enero de 2012,821756
35 años,Total,1 January,2012,1 de enero de 2012,836295
36 años,Total,1 January,2012,1 de enero de 2012,830179
37 años,Total,1 January,2012,1 de enero de 2012,823813
38 años,Total,1 January,2012,1 de enero de 2012,802219
39 años,Total,1 January,2012,1 de enero de 2012,798714
4 años,Total,1 January,2012,1 de enero de 2012,502163
40 años,Total,1 January,2012,1 de enero de 2012,784673
41 años,Total,1 January,2012,1 de enero de 2012,774613
42 años,Total,1 January,2012,1 de enero de 2012,765406
43 años,Total,1 January,2012,1 de enero de 2012,759411
44 años,Total,1 January,2012,1 de enero de 2012,761985
45 años,Total,1 January,2012,1 de enero de 2012,741083
46 años,Total,1 January,2012,1 de enero de 2012,735175
47 años,Total,1 January,2012,1 de enero de 2012,743771
48 años,Total,1 January,2012,1 de enero de 2012,707417
49 años,Total,1 January,2012,1 de enero de 2012,683535
5 años,Total,1 January,2012,1 de enero de 2012,498183
50 años,Total,1 January,2012,1 de enero de 2012,666360
51 años,Total,1 January,2012,1 de enero de 2012,669301
52 años,Total,1 January,2012,1 de enero de 2012,650102
53 años,Total,1 January,2012,1 de enero de 2012,634651
54 años,Total,1 January,2012,1 de enero de 2012,617873
55 años,Total,1 January,2012,1 de enero de 2012,575606
56 años,Total,1 January,2012,1 de enero de 2012,557616
57 años,Total,1 January,2012,1 de enero de 2012,530778
58 años,Total,1 January,2012,1 de enero de 2012,530113
59 años,Total,1 January,2012,1 de enero de 2012,526710
6 años,Total,1 January,2012,1 de enero de 2012,487773
60 años,Total,1 January,2012,1 de enero de 2012,492123
61 años,Total,1 January,2012,1 de enero de 2012,480468
62 años,Total,1 January,2012,1 de enero de 2012,498624
63 años,Total,1 January,2012,1 de enero de 2012,520838
64 años,Total,1 January,2012,1 de enero de 2012,475190
65 años,Total,1 January,2012,1 de enero de 2012,453243
66 años,Total,1 January,2012,1 de enero de 2012,472709
67 años,Total,1 January,2012,1 de enero de 2012,448581
68 años,Total,1 January,2012,1 de enero de 2012,439888
69 años,Total,1 January,2012,1 de enero de 2012,378038
7 años,Total,1 January,2012,1 de enero de 2012,482425
70 años,Total,1 January,2012,1 de enero de 2012,346387
71 años,Total,1 January,2012,1 de enero de 2012,422244
72 años,Total,1 January,2012,1 de enero de 2012,279579
73 años,Total,1 January,2012,1 de enero de 2012,314520
74 años,Total,1 January,2012,1 de enero de 2012,347863
75 años,Total,1 January,2012,1 de enero de 2012,374869
76 años,Total,1 January,2012,1 de enero de 2012,357810
77 años,Total,1 January,2012,1 de enero de 2012,347690
78 años,Total,1 January,2012,1 de enero de 2012,347179
79 años,Total,1 January,2012,1 de enero de 2012,333075
8 años,Total,1 January,2012,1 de enero de 2012,473953
80 años,Total,1 January,2012,1 de enero de 2012,305043
81 años,Total,1 January,2012,1 de enero de 2012,294100
82 años,Total,1 January,2012,1 de enero de 2012,263832
83 años,Total,1 January,2012,1 de enero de 2012,246365
84 años,Total,1 January,2012,1 de enero de 2012,215288
85 años,Total,1 January,2012,1 de enero de 2012,199246
85 y más años,Total,1 January,2012,1 de enero de 2012,1139735
86 años,Total,1 January,2012,1 de enero de 2012,173569
87 años,Total,1 January,2012,1 de enero de 2012,153678
88 años,Total,1 January,2012,1 de enero de 2012,132691
89 años,Total,1 January,2012,1 de enero de 2012,114013
9 años,Total,1 January,2012,1 de enero de 2012,455476
90 años,Total,1 January,2012,1 de enero de 2012,90570
91 años,Total,1 January,2012,1 de enero de 2012,71564
92 años,Total,1 January,2012,1 de enero de 2012,51156
93 años,Total,1 January,2012,1 de enero de 2012,41292
94 años,Total,1 January,2012,1 de enero de 2012,30971
95 años,Total,1 January,2012,1 de enero de 2012,23451
96 años,Total,1 January,2012,1 de enero de 2012,17646
97 años,Total,1 January,2012,1 de enero de 2012,13281
98 años,Total,1 January,2012,1 de enero de 2012,9314
99 años,Total,1 January,2012,1 de enero de 2012,6530
Todas las edades,Total,1 January,2012,1 de enero de 2012,46818216
0 años,Hombres,1 January,2013,1 de enero de 2013,233012
1 año,Hombres,1 January,2013,1 de enero de 2013,244567
10 años,Hombres,1 January,2013,1 de enero de 2013,233610
100 años,Hombres,1 January,2013,1 de enero de 2013,888
100 y más años,Hombres,1 January,2013,1 de enero de 2013,2085
101 años,Hombres,1 January,2013,1 de enero de 2013,458
102 años,Hombres,1 January,2013,1 de enero de 2013,285
103 años,Hombres,1 January,2013,1 de enero de 2013,193
104 años,Hombres,1 January,2013,1 de enero de 2013,109
105 y más años,Hombres,1 January,2013,1 de enero de 2013,152
11 años,Hombres,1 January,2013,1 de enero de 2013,231319
12 años,Hombres,1 January,2013,1 de enero de 2013,232724
13 años,Hombres,1 January,2013,1 de enero de 2013,226026
14 años,Hombres,1 January,2013,1 de enero de 2013,220784
15 años,Hombres,1 January,2013,1 de enero de 2013,220832
16 años,Hombres,1 January,2013,1 de enero de 2013,218454
17 años,Hombres,1 January,2013,1 de enero de 2013,219226
18 años,Hombres,1 January,2013,1 de enero de 2013,223209
19 años,Hombres,1 January,2013,1 de enero de 2013,232685
2 años,Hombres,1 January,2013,1 de enero de 2013,248185
20 años,Hombres,1 January,2013,1 de enero de 2013,240984
21 años,Hombres,1 January,2013,1 de enero de 2013,242077
22 años,Hombres,1 January,2013,1 de enero de 2013,245976
23 años,Hombres,1 January,2013,1 de enero de 2013,253351
24 años,Hombres,1 January,2013,1 de enero de 2013,260566
25 años,Hombres,1 January,2013,1 de enero de 2013,268053
26 años,Hombres,1 January,2013,1 de enero de 2013,277252
27 años,Hombres,1 January,2013,1 de enero de 2013,290578
28 años,Hombres,1 January,2013,1 de enero de 2013,305059
29 años,Hombres,1 January,2013,1 de enero de 2013,318233
3 años,Hombres,1 January,2013,1 de enero de 2013,254691
30 años,Hombres,1 January,2013,1 de enero de 2013,339974
31 años,Hombres,1 January,2013,1 de enero de 2013,358029
32 años,Hombres,1 January,2013,1 de enero de 2013,378078
33 años,Hombres,1 January,2013,1 de enero de 2013,390018
34 años,Hombres,1 January,2013,1 de enero de 2013,410746
35 años,Hombres,1 January,2013,1 de enero de 2013,418489
36 años,Hombres,1 January,2013,1 de enero de 2013,425359
37 años,Hombres,1 January,2013,1 de enero de 2013,423226
38 años,Hombres,1 January,2013,1 de enero de 2013,419422
39 años,Hombres,1 January,2013,1 de enero de 2013,408723
4 años,Hombres,1 January,2013,1 de enero de 2013,267997
40 años,Hombres,1 January,2013,1 de enero de 2013,406744
41 años,Hombres,1 January,2013,1 de enero de 2013,398576
42 años,Hombres,1 January,2013,1 de enero de 2013,393128
43 años,Hombres,1 January,2013,1 de enero de 2013,387016
44 años,Hombres,1 January,2013,1 de enero de 2013,383310
45 años,Hombres,1 January,2013,1 de enero de 2013,383246
46 años,Hombres,1 January,2013,1 de enero de 2013,372481
47 años,Hombres,1 January,2013,1 de enero de 2013,367865
48 años,Hombres,1 January,2013,1 de enero de 2013,371609
49 años,Hombres,1 January,2013,1 de enero de 2013,353268
5 años,Hombres,1 January,2013,1 de enero de 2013,258035
50 años,Hombres,1 January,2013,1 de enero de 2013,339833
51 años,Hombres,1 January,2013,1 de enero de 2013,330301
52 años,Hombres,1 January,2013,1 de enero de 2013,331264
53 años,Hombres,1 January,2013,1 de enero de 2013,321137
54 años,Hombres,1 January,2013,1 de enero de 2013,312764
55 años,Hombres,1 January,2013,1 de enero de 2013,303394
56 años,Hombres,1 January,2013,1 de enero de 2013,282216
57 años,Hombres,1 January,2013,1 de enero de 2013,272614
58 años,Hombres,1 January,2013,1 de enero de 2013,258064
59 años,Hombres,1 January,2013,1 de enero de 2013,258281
6 años,Hombres,1 January,2013,1 de enero de 2013,255946
60 años,Hombres,1 January,2013,1 de enero de 2013,256833
61 años,Hombres,1 January,2013,1 de enero de 2013,238292
62 años,Hombres,1 January,2013,1 de enero de 2013,231839
63 años,Hombres,1 January,2013,1 de enero de 2013,238524
64 años,Hombres,1 January,2013,1 de enero de 2013,249028
65 años,Hombres,1 January,2013,1 de enero de 2013,226374
66 años,Hombres,1 January,2013,1 de enero de 2013,214049
67 años,Hombres,1 January,2013,1 de enero de 2013,222076
68 años,Hombres,1 January,2013,1 de enero de 2013,209948
69 años,Hombres,1 January,2013,1 de enero de 2013,204579
7 años,Hombres,1 January,2013,1 de enero de 2013,249837
70 años,Hombres,1 January,2013,1 de enero de 2013,175147
71 años,Hombres,1 January,2013,1 de enero de 2013,159367
72 años,Hombres,1 January,2013,1 de enero de 2013,191602
73 años,Hombres,1 January,2013,1 de enero de 2013,123852
74 años,Hombres,1 January,2013,1 de enero de 2013,138528
75 años,Hombres,1 January,2013,1 de enero de 2013,151253
76 años,Hombres,1 January,2013,1 de enero de 2013,159133
77 años,Hombres,1 January,2013,1 de enero de 2013,150972
78 años,Hombres,1 January,2013,1 de enero de 2013,143979
79 años,Hombres,1 January,2013,1 de enero de 2013,140804
8 años,Hombres,1 January,2013,1 de enero de 2013,248109
80 años,Hombres,1 January,2013,1 de enero de 2013,132418
81 años,Hombres,1 January,2013,1 de enero de 2013,118785
82 años,Hombres,1 January,2013,1 de enero de 2013,109921
83 años,Hombres,1 January,2013,1 de enero de 2013,96082
84 años,Hombres,1 January,2013,1 de enero de 2013,86159
85 años,Hombres,1 January,2013,1 de enero de 2013,72770
85 y más años,Hombres,1 January,2013,1 de enero de 2013,380682
86 años,Hombres,1 January,2013,1 de enero de 2013,64547
87 años,Hombres,1 January,2013,1 de enero de 2013,53648
88 años,Hombres,1 January,2013,1 de enero de 2013,45149
89 años,Hombres,1 January,2013,1 de enero de 2013,37641
9 años,Hombres,1 January,2013,1 de enero de 2013,242448
90 años,Hombres,1 January,2013,1 de enero de 2013,30020
91 años,Hombres,1 January,2013,1 de enero de 2013,23192
92 años,Hombres,1 January,2013,1 de enero de 2013,16255
93 años,Hombres,1 January,2013,1 de enero de 2013,10954
94 años,Hombres,1 January,2013,1 de enero de 2013,8025
95 años,Hombres,1 January,2013,1 de enero de 2013,5774
96 años,Hombres,1 January,2013,1 de enero de 2013,4238
97 años,Hombres,1 January,2013,1 de enero de 2013,2876
98 años,Hombres,1 January,2013,1 de enero de 2013,2083
99 años,Hombres,1 January,2013,1 de enero de 2013,1425
Todas las edades,Hombres,1 January,2013,1 de enero de 2013,23013226
0 años,Mujeres,1 January,2013,1 de enero de 2013,218960
1 año,Mujeres,1 January,2013,1 de enero de 2013,230110
10 años,Mujeres,1 January,2013,1 de enero de 2013,220761
100 años,Mujeres,1 January,2013,1 de enero de 2013,3397
100 y más años,Mujeres,1 January,2013,1 de enero de 2013,8677
101 años,Mujeres,1 January,2013,1 de enero de 2013,1992
102 años,Mujeres,1 January,2013,1 de enero de 2013,1317
103 años,Mujeres,1 January,2013,1 de enero de 2013,824
104 años,Mujeres,1 January,2013,1 de enero de 2013,464
105 y más años,Mujeres,1 January,2013,1 de enero de 2013,683
11 años,Mujeres,1 January,2013,1 de enero de 2013,219759
12 años,Mujeres,1 January,2013,1 de enero de 2013,218109
13 años,Mujeres,1 January,2013,1 de enero de 2013,214286
14 años,Mujeres,1 January,2013,1 de enero de 2013,206514
15 años,Mujeres,1 January,2013,1 de enero de 2013,209127
16 años,Mujeres,1 January,2013,1 de enero de 2013,207352
17 años,Mujeres,1 January,2013,1 de enero de 2013,205921
18 años,Mujeres,1 January,2013,1 de enero de 2013,209273
19 años,Mujeres,1 January,2013,1 de enero de 2013,219297
2 años,Mujeres,1 January,2013,1 de enero de 2013,233064
20 años,Mujeres,1 January,2013,1 de enero de 2013,229474
21 años,Mujeres,1 January,2013,1 de enero de 2013,230979
22 años,Mujeres,1 January,2013,1 de enero de 2013,238035
23 años,Mujeres,1 January,2013,1 de enero de 2013,247137
24 años,Mujeres,1 January,2013,1 de enero de 2013,256779
25 años,Mujeres,1 January,2013,1 de enero de 2013,265240
26 años,Mujeres,1 January,2013,1 de enero de 2013,276063
27 años,Mujeres,1 January,2013,1 de enero de 2013,288104
28 años,Mujeres,1 January,2013,1 de enero de 2013,301611
29 años,Mujeres,1 January,2013,1 de enero de 2013,313331
3 años,Mujeres,1 January,2013,1 de enero de 2013,237895
30 años,Mujeres,1 January,2013,1 de enero de 2013,332623
31 años,Mujeres,1 January,2013,1 de enero de 2013,347159
32 años,Mujeres,1 January,2013,1 de enero de 2013,364869
33 años,Mujeres,1 January,2013,1 de enero de 2013,375944
34 años,Mujeres,1 January,2013,1 de enero de 2013,391372
35 años,Mujeres,1 January,2013,1 de enero de 2013,395409
36 años,Mujeres,1 January,2013,1 de enero de 2013,403482
37 años,Mujeres,1 January,2013,1 de enero de 2013,399654
38 años,Mujeres,1 January,2013,1 de enero de 2013,397621
39 años,Mujeres,1 January,2013,1 de enero de 2013,387325
4 años,Mujeres,1 January,2013,1 de enero de 2013,251012
40 años,Mujeres,1 January,2013,1 de enero de 2013,385900
41 años,Mujeres,1 January,2013,1 de enero de 2013,380000
42 años,Mujeres,1 January,2013,1 de enero de 2013,375303
43 años,Mujeres,1 January,2013,1 de enero de 2013,373279
44 años,Mujeres,1 January,2013,1 de enero de 2013,370755
45 años,Mujeres,1 January,2013,1 de enero de 2013,373760
46 años,Mujeres,1 January,2013,1 de enero de 2013,364027
47 años,Mujeres,1 January,2013,1 de enero de 2013,362733
48 años,Mujeres,1 January,2013,1 de enero de 2013,367835
49 años,Mujeres,1 January,2013,1 de enero de 2013,350067
5 años,Mujeres,1 January,2013,1 de enero de 2013,242179
50 años,Mujeres,1 January,2013,1 de enero de 2013,339417
51 años,Mujeres,1 January,2013,1 de enero de 2013,332123
52 años,Mujeres,1 January,2013,1 de enero de 2013,333836
53 años,Mujeres,1 January,2013,1 de enero de 2013,324743
54 años,Mujeres,1 January,2013,1 de enero de 2013,317867
55 años,Mujeres,1 January,2013,1 de enero de 2013,310498
56 años,Mujeres,1 January,2013,1 de enero de 2013,289626
57 años,Mujeres,1 January,2013,1 de enero de 2013,281017
58 años,Mujeres,1 January,2013,1 de enero de 2013,269082
59 años,Mujeres,1 January,2013,1 de enero de 2013,268249
6 años,Mujeres,1 January,2013,1 de enero de 2013,240493
60 años,Mujeres,1 January,2013,1 de enero de 2013,266331
61 años,Mujeres,1 January,2013,1 de enero de 2013,250438
62 años,Mujeres,1 January,2013,1 de enero de 2013,245056
63 años,Mujeres,1 January,2013,1 de enero de 2013,256174
64 años,Mujeres,1 January,2013,1 de enero de 2013,267695
65 años,Mujeres,1 January,2013,1 de enero de 2013,245123
66 años,Mujeres,1 January,2013,1 de enero de 2013,235333
67 años,Mujeres,1 January,2013,1 de enero de 2013,245717
68 años,Mujeres,1 January,2013,1 de enero de 2013,233810
69 años,Mujeres,1 January,2013,1 de enero de 2013,229790
7 años,Mujeres,1 January,2013,1 de enero de 2013,236452
70 años,Mujeres,1 January,2013,1 de enero de 2013,197754
71 años,Mujeres,1 January,2013,1 de enero de 2013,181822
72 años,Mujeres,1 January,2013,1 de enero de 2013,223688
73 años,Mujeres,1 January,2013,1 de enero de 2013,150455
74 años,Mujeres,1 January,2013,1 de enero de 2013,169425
75 años,Mujeres,1 January,2013,1 de enero de 2013,188541
76 años,Mujeres,1 January,2013,1 de enero de 2013,206305
77 años,Mujeres,1 January,2013,1 de enero de 2013,196718
78 años,Mujeres,1 January,2013,1 de enero de 2013,192758
79 años,Mujeres,1 January,2013,1 de enero de 2013,194072
8 años,Mujeres,1 January,2013,1 de enero de 2013,233120
80 años,Mujeres,1 January,2013,1 de enero de 2013,187420
81 años,Mujeres,1 January,2013,1 de enero de 2013,172352
82 años,Mujeres,1 January,2013,1 de enero de 2013,169075
83 años,Mujeres,1 January,2013,1 de enero de 2013,152252
84 años,Mujeres,1 January,2013,1 de enero de 2013,143787
85 años,Mujeres,1 January,2013,1 de enero de 2013,126186
85 y más años,Mujeres,1 January,2013,1 de enero de 2013,801015
86 años,Mujeres,1 January,2013,1 de enero de 2013,117590
87 años,Mujeres,1 January,2013,1 de enero de 2013,102991
88 años,Mujeres,1 January,2013,1 de enero de 2013,91904
89 años,Mujeres,1 January,2013,1 de enero de 2013,78640
9 años,Mujeres,1 January,2013,1 de enero de 2013,230506
90 años,Mujeres,1 January,2013,1 de enero de 2013,68274
91 años,Mujeres,1 January,2013,1 de enero de 2013,53348
92 años,Mujeres,1 January,2013,1 de enero de 2013,43112
93 años,Mujeres,1 January,2013,1 de enero de 2013,30592
94 años,Mujeres,1 January,2013,1 de enero de 2013,24858
95 años,Mujeres,1 January,2013,1 de enero de 2013,18244
96 años,Mujeres,1 January,2013,1 de enero de 2013,13591
97 años,Mujeres,1 January,2013,1 de enero de 2013,10218
98 años,Mujeres,1 January,2013,1 de enero de 2013,7607
99 años,Mujeres,1 January,2013,1 de enero de 2013,5183
Todas las edades,Mujeres,1 January,2013,1 de enero de 2013,23699424
0 años,Total,1 January,2013,1 de enero de 2013,451972
1 año,Total,1 January,2013,1 de enero de 2013,474677
10 años,Total,1 January,2013,1 de enero de 2013,454371
100 años,Total,1 January,2013,1 de enero de 2013,4285
100 y más años,Total,1 January,2013,1 de enero de 2013,10762
101 años,Total,1 January,2013,1 de enero de 2013,2450
102 años,Total,1 January,2013,1 de enero de 2013,1602
103 años,Total,1 January,2013,1 de enero de 2013,1017
104 años,Total,1 January,2013,1 de enero de 2013,573
105 y más años,Total,1 January,2013,1 de enero de 2013,835
11 años,Total,1 January,2013,1 de enero de 2013,451078
12 años,Total,1 January,2013,1 de enero de 2013,450833
13 años,Total,1 January,2013,1 de enero de 2013,440312
14 años,Total,1 January,2013,1 de enero de 2013,427298
15 años,Total,1 January,2013,1 de enero de 2013,429959
16 años,Total,1 January,2013,1 de enero de 2013,425806
17 años,Total,1 January,2013,1 de enero de 2013,425147
18 años,Total,1 January,2013,1 de enero de 2013,432482
19 años,Total,1 January,2013,1 de enero de 2013,451982
2 años,Total,1 January,2013,1 de enero de 2013,481249
20 años,Total,1 January,2013,1 de enero de 2013,470458
21 años,Total,1 January,2013,1 de enero de 2013,473056
22 años,Total,1 January,2013,1 de enero de 2013,484011
23 años,Total,1 January,2013,1 de enero de 2013,500488
24 años,Total,1 January,2013,1 de enero de 2013,517345
25 años,Total,1 January,2013,1 de enero de 2013,533293
26 años,Total,1 January,2013,1 de enero de 2013,553315
27 años,Total,1 January,2013,1 de enero de 2013,578682
28 años,Total,1 January,2013,1 de enero de 2013,606670
29 años,Total,1 January,2013,1 de enero de 2013,631564
3 años,Total,1 January,2013,1 de enero de 2013,492586
30 años,Total,1 January,2013,1 de enero de 2013,672597
31 años,Total,1 January,2013,1 de enero de 2013,705188
32 años,Total,1 January,2013,1 de enero de 2013,742947
33 años,Total,1 January,2013,1 de enero de 2013,765962
34 años,Total,1 January,2013,1 de enero de 2013,802118
35 años,Total,1 January,2013,1 de enero de 2013,813898
36 años,Total,1 January,2013,1 de enero de 2013,828841
37 años,Total,1 January,2013,1 de enero de 2013,822880
38 años,Total,1 January,2013,1 de enero de 2013,817043
39 años,Total,1 January,2013,1 de enero de 2013,796048
4 años,Total,1 January,2013,1 de enero de 2013,519009
40 años,Total,1 January,2013,1 de enero de 2013,792644
41 años,Total,1 January,2013,1 de enero de 2013,778576
42 años,Total,1 January,2013,1 de enero de 2013,768431
43 años,Total,1 January,2013,1 de enero de 2013,760295
44 años,Total,1 January,2013,1 de enero de 2013,754065
45 años,Total,1 January,2013,1 de enero de 2013,757006
46 años,Total,1 January,2013,1 de enero de 2013,736508
47 años,Total,1 January,2013,1 de enero de 2013,730598
48 años,Total,1 January,2013,1 de enero de 2013,739444
49 años,Total,1 January,2013,1 de enero de 2013,703335
5 años,Total,1 January,2013,1 de enero de 2013,500214
50 años,Total,1 January,2013,1 de enero de 2013,679250
51 años,Total,1 January,2013,1 de enero de 2013,662424
52 años,Total,1 January,2013,1 de enero de 2013,665100
53 años,Total,1 January,2013,1 de enero de 2013,645880
54 años,Total,1 January,2013,1 de enero de 2013,630631
55 años,Total,1 January,2013,1 de enero de 2013,613892
56 años,Total,1 January,2013,1 de enero de 2013,571842
57 años,Total,1 January,2013,1 de enero de 2013,553631
58 años,Total,1 January,2013,1 de enero de 2013,527146
59 años,Total,1 January,2013,1 de enero de 2013,526530
6 años,Total,1 January,2013,1 de enero de 2013,496439
60 años,Total,1 January,2013,1 de enero de 2013,523164
61 años,Total,1 January,2013,1 de enero de 2013,488730
62 años,Total,1 January,2013,1 de enero de 2013,476895
63 años,Total,1 January,2013,1 de enero de 2013,494698
64 años,Total,1 January,2013,1 de enero de 2013,516723
65 años,Total,1 January,2013,1 de enero de 2013,471497
66 años,Total,1 January,2013,1 de enero de 2013,449382
67 años,Total,1 January,2013,1 de enero de 2013,467793
68 años,Total,1 January,2013,1 de enero de 2013,443758
69 años,Total,1 January,2013,1 de enero de 2013,434369
7 años,Total,1 January,2013,1 de enero de 2013,486289
70 años,Total,1 January,2013,1 de enero de 2013,372901
71 años,Total,1 January,2013,1 de enero de 2013,341189
72 años,Total,1 January,2013,1 de enero de 2013,415290
73 años,Total,1 January,2013,1 de enero de 2013,274307
74 años,Total,1 January,2013,1 de enero de 2013,307953
75 años,Total,1 January,2013,1 de enero de 2013,339794
76 años,Total,1 January,2013,1 de enero de 2013,365438
77 años,Total,1 January,2013,1 de enero de 2013,347690
78 años,Total,1 January,2013,1 de enero de 2013,336737
79 años,Total,1 January,2013,1 de enero de 2013,334876
8 años,Total,1 January,2013,1 de enero de 2013,481229
80 años,Total,1 January,2013,1 de enero de 2013,319838
81 años,Total,1 January,2013,1 de enero de 2013,291137
82 años,Total,1 January,2013,1 de enero de 2013,278996
83 años,Total,1 January,2013,1 de enero de 2013,248334
84 años,Total,1 January,2013,1 de enero de 2013,229946
85 años,Total,1 January,2013,1 de enero de 2013,198956
85 y más años,Total,1 January,2013,1 de enero de 2013,1181697
86 años,Total,1 January,2013,1 de enero de 2013,182137
87 años,Total,1 January,2013,1 de enero de 2013,156639
88 años,Total,1 January,2013,1 de enero de 2013,137053
89 años,Total,1 January,2013,1 de enero de 2013,116281
9 años,Total,1 January,2013,1 de enero de 2013,472954
90 años,Total,1 January,2013,1 de enero de 2013,98294
91 años,Total,1 January,2013,1 de enero de 2013,76540
92 años,Total,1 January,2013,1 de enero de 2013,59367
93 años,Total,1 January,2013,1 de enero de 2013,41546
94 años,Total,1 January,2013,1 de enero de 2013,32883
95 años,Total,1 January,2013,1 de enero de 2013,24018
96 años,Total,1 January,2013,1 de enero de 2013,17829
97 años,Total,1 January,2013,1 de enero de 2013,13094
98 años,Total,1 January,2013,1 de enero de 2013,9690
99 años,Total,1 January,2013,1 de enero de 2013,6608
Todas las edades,Total,1 January,2013,1 de enero de 2013,46712650
0 años,Hombres,1 January,2014,1 de enero de 2014,217832
1 año,Hombres,1 January,2014,1 de enero de 2014,232780
10 años,Hombres,1 January,2014,1 de enero de 2014,241606
100 años,Hombres,1 January,2014,1 de enero de 2014,855
100 y más años,Hombres,1 January,2014,1 de enero de 2014,1953
101 años,Hombres,1 January,2014,1 de enero de 2014,491
102 años,Hombres,1 January,2014,1 de enero de 2014,243
103 años,Hombres,1 January,2014,1 de enero de 2014,154
104 años,Hombres,1 January,2014,1 de enero de 2014,102
105 y más años,Hombres,1 January,2014,1 de enero de 2014,108
11 años,Hombres,1 January,2014,1 de enero de 2014,232857
12 años,Hombres,1 January,2014,1 de enero de 2014,230714
13 años,Hombres,1 January,2014,1 de enero de 2014,232210
14 años,Hombres,1 January,2014,1 de enero de 2014,225409
15 años,Hombres,1 January,2014,1 de enero de 2014,220124
16 años,Hombres,1 January,2014,1 de enero de 2014,220583
17 años,Hombres,1 January,2014,1 de enero de 2014,218459
18 años,Hombres,1 January,2014,1 de enero de 2014,219643
19 años,Hombres,1 January,2014,1 de enero de 2014,222900
2 años,Hombres,1 January,2014,1 de enero de 2014,242703
20 años,Hombres,1 January,2014,1 de enero de 2014,232078
21 años,Hombres,1 January,2014,1 de enero de 2014,240185
22 años,Hombres,1 January,2014,1 de enero de 2014,240942
23 años,Hombres,1 January,2014,1 de enero de 2014,245022
24 años,Hombres,1 January,2014,1 de enero de 2014,251633
25 años,Hombres,1 January,2014,1 de enero de 2014,258227
26 años,Hombres,1 January,2014,1 de enero de 2014,264867
27 años,Hombres,1 January,2014,1 de enero de 2014,273579
28 años,Hombres,1 January,2014,1 de enero de 2014,286214
29 años,Hombres,1 January,2014,1 de enero de 2014,299908
3 años,Hombres,1 January,2014,1 de enero de 2014,247184
30 años,Hombres,1 January,2014,1 de enero de 2014,312447
31 años,Hombres,1 January,2014,1 de enero de 2014,333828
32 años,Hombres,1 January,2014,1 de enero de 2014,351705
33 años,Hombres,1 January,2014,1 de enero de 2014,371340
34 años,Hombres,1 January,2014,1 de enero de 2014,383458
35 años,Hombres,1 January,2014,1 de enero de 2014,404372
36 años,Hombres,1 January,2014,1 de enero de 2014,412422
37 años,Hombres,1 January,2014,1 de enero de 2014,419090
38 años,Hombres,1 January,2014,1 de enero de 2014,417588
39 años,Hombres,1 January,2014,1 de enero de 2014,413704
4 años,Hombres,1 January,2014,1 de enero de 2014,253488
40 años,Hombres,1 January,2014,1 de enero de 2014,403643
41 años,Hombres,1 January,2014,1 de enero de 2014,401684
42 años,Hombres,1 January,2014,1 de enero de 2014,393551
43 años,Hombres,1 January,2014,1 de enero de 2014,388258
44 años,Hombres,1 January,2014,1 de enero de 2014,382547
45 años,Hombres,1 January,2014,1 de enero de 2014,378782
46 años,Hombres,1 January,2014,1 de enero de 2014,379206
47 años,Hombres,1 January,2014,1 de enero de 2014,368882
48 años,Hombres,1 January,2014,1 de enero de 2014,364217
49 años,Hombres,1 January,2014,1 de enero de 2014,368031
5 años,Hombres,1 January,2014,1 de enero de 2014,266737
50 años,Hombres,1 January,2014,1 de enero de 2014,349725
51 años,Hombres,1 January,2014,1 de enero de 2014,336524
52 años,Hombres,1 January,2014,1 de enero de 2014,327141
53 años,Hombres,1 January,2014,1 de enero de 2014,327786
54 años,Hombres,1 January,2014,1 de enero de 2014,317924
55 años,Hombres,1 January,2014,1 de enero de 2014,309747
56 años,Hombres,1 January,2014,1 de enero de 2014,300352
57 años,Hombres,1 January,2014,1 de enero de 2014,279333
58 años,Hombres,1 January,2014,1 de enero de 2014,269824
59 años,Hombres,1 January,2014,1 de enero de 2014,255299
6 años,Hombres,1 January,2014,1 de enero de 2014,256650
60 años,Hombres,1 January,2014,1 de enero de 2014,255467
61 años,Hombres,1 January,2014,1 de enero de 2014,254053
62 años,Hombres,1 January,2014,1 de enero de 2014,235603
63 años,Hombres,1 January,2014,1 de enero de 2014,229120
64 años,Hombres,1 January,2014,1 de enero de 2014,235515
65 años,Hombres,1 January,2014,1 de enero de 2014,245806
66 años,Hombres,1 January,2014,1 de enero de 2014,223228
67 años,Hombres,1 January,2014,1 de enero de 2014,210884
68 años,Hombres,1 January,2014,1 de enero de 2014,218444
69 años,Hombres,1 January,2014,1 de enero de 2014,206203
7 años,Hombres,1 January,2014,1 de enero de 2014,254864
70 años,Hombres,1 January,2014,1 de enero de 2014,200590
71 años,Hombres,1 January,2014,1 de enero de 2014,171307
72 años,Hombres,1 January,2014,1 de enero de 2014,155633
73 años,Hombres,1 January,2014,1 de enero de 2014,186787
74 años,Hombres,1 January,2014,1 de enero de 2014,120152
75 años,Hombres,1 January,2014,1 de enero de 2014,133946
76 años,Hombres,1 January,2014,1 de enero de 2014,146006
77 años,Hombres,1 January,2014,1 de enero de 2014,153091
78 años,Hombres,1 January,2014,1 de enero de 2014,144572
79 años,Hombres,1 January,2014,1 de enero de 2014,137222
8 años,Hombres,1 January,2014,1 de enero de 2014,248870
80 años,Hombres,1 January,2014,1 de enero de 2014,133498
81 años,Hombres,1 January,2014,1 de enero de 2014,124806
82 años,Hombres,1 January,2014,1 de enero de 2014,111290
83 años,Hombres,1 January,2014,1 de enero de 2014,102007
84 años,Hombres,1 January,2014,1 de enero de 2014,88251
85 años,Hombres,1 January,2014,1 de enero de 2014,78391
85 y más años,Hombres,1 January,2014,1 de enero de 2014,403321
86 años,Hombres,1 January,2014,1 de enero de 2014,65429
87 años,Hombres,1 January,2014,1 de enero de 2014,57278
88 años,Hombres,1 January,2014,1 de enero de 2014,46849
89 años,Hombres,1 January,2014,1 de enero de 2014,38833
9 años,Hombres,1 January,2014,1 de enero de 2014,247230
90 años,Hombres,1 January,2014,1 de enero de 2014,31795
91 años,Hombres,1 January,2014,1 de enero de 2014,24964
92 años,Hombres,1 January,2014,1 de enero de 2014,18809
93 años,Hombres,1 January,2014,1 de enero de 2014,13079
94 años,Hombres,1 January,2014,1 de enero de 2014,8662
95 años,Hombres,1 January,2014,1 de enero de 2014,6184
96 años,Hombres,1 January,2014,1 de enero de 2014,4327
97 años,Hombres,1 January,2014,1 de enero de 2014,3142
98 años,Hombres,1 January,2014,1 de enero de 2014,2103
99 años,Hombres,1 January,2014,1 de enero de 2014,1523
Todas las edades,Hombres,1 January,2014,1 de enero de 2014,22874710
0 años,Mujeres,1 January,2014,1 de enero de 2014,205612
1 año,Mujeres,1 January,2014,1 de enero de 2014,218704
10 años,Mujeres,1 January,2014,1 de enero de 2014,229770
100 años,Mujeres,1 January,2014,1 de enero de 2014,3454
100 y más años,Mujeres,1 January,2014,1 de enero de 2014,8631
101 años,Mujeres,1 January,2014,1 de enero de 2014,2139
102 años,Mujeres,1 January,2014,1 de enero de 2014,1201
103 años,Mujeres,1 January,2014,1 de enero de 2014,788
104 años,Mujeres,1 January,2014,1 de enero de 2014,468
105 y más años,Mujeres,1 January,2014,1 de enero de 2014,581
11 años,Mujeres,1 January,2014,1 de enero de 2014,220106
12 años,Mujeres,1 January,2014,1 de enero de 2014,219198
13 años,Mujeres,1 January,2014,1 de enero de 2014,217552
14 años,Mujeres,1 January,2014,1 de enero de 2014,213832
15 años,Mujeres,1 January,2014,1 de enero de 2014,205942
16 años,Mujeres,1 January,2014,1 de enero de 2014,208602
17 años,Mujeres,1 January,2014,1 de enero de 2014,206845
18 años,Mujeres,1 January,2014,1 de enero de 2014,206233
19 años,Mujeres,1 January,2014,1 de enero de 2014,210027
2 años,Mujeres,1 January,2014,1 de enero de 2014,228326
20 años,Mujeres,1 January,2014,1 de enero de 2014,220262
21 años,Mujeres,1 January,2014,1 de enero de 2014,230216
22 años,Mujeres,1 January,2014,1 de enero de 2014,231614
23 años,Mujeres,1 January,2014,1 de enero de 2014,238633
24 años,Mujeres,1 January,2014,1 de enero de 2014,247080
25 años,Mujeres,1 January,2014,1 de enero de 2014,255598
26 años,Mujeres,1 January,2014,1 de enero de 2014,263178
27 años,Mujeres,1 January,2014,1 de enero de 2014,273630
28 años,Mujeres,1 January,2014,1 de enero de 2014,284608
29 años,Mujeres,1 January,2014,1 de enero de 2014,298137
3 años,Mujeres,1 January,2014,1 de enero de 2014,232229
30 años,Mujeres,1 January,2014,1 de enero de 2014,309464
31 años,Mujeres,1 January,2014,1 de enero de 2014,328559
32 años,Mujeres,1 January,2014,1 de enero de 2014,343007
33 años,Mujeres,1 January,2014,1 de enero de 2014,360572
34 años,Mujeres,1 January,2014,1 de enero de 2014,371973
35 años,Mujeres,1 January,2014,1 de enero de 2014,387513
36 años,Mujeres,1 January,2014,1 de enero de 2014,391962
37 años,Mujeres,1 January,2014,1 de enero de 2014,400026
38 años,Mujeres,1 January,2014,1 de enero de 2014,396540
39 años,Mujeres,1 January,2014,1 de enero de 2014,394750
4 años,Mujeres,1 January,2014,1 de enero de 2014,236789
40 años,Mujeres,1 January,2014,1 de enero de 2014,384765
41 años,Mujeres,1 January,2014,1 de enero de 2014,383284
42 años,Mujeres,1 January,2014,1 de enero de 2014,377539
43 años,Mujeres,1 January,2014,1 de enero de 2014,372997
44 años,Mujeres,1 January,2014,1 de enero de 2014,371049
45 años,Mujeres,1 January,2014,1 de enero de 2014,368538
46 años,Mujeres,1 January,2014,1 de enero de 2014,371682
47 años,Mujeres,1 January,2014,1 de enero de 2014,362161
48 años,Mujeres,1 January,2014,1 de enero de 2014,360806
49 años,Mujeres,1 January,2014,1 de enero de 2014,366069
5 años,Mujeres,1 January,2014,1 de enero de 2014,249906
50 años,Mujeres,1 January,2014,1 de enero de 2014,348184
51 años,Mujeres,1 January,2014,1 de enero de 2014,337725
52 años,Mujeres,1 January,2014,1 de enero de 2014,330629
53 años,Mujeres,1 January,2014,1 de enero de 2014,332067
54 años,Mujeres,1 January,2014,1 de enero de 2014,323035
55 años,Mujeres,1 January,2014,1 de enero de 2014,316189
56 años,Mujeres,1 January,2014,1 de enero de 2014,308732
57 años,Mujeres,1 January,2014,1 de enero de 2014,288179
58 años,Mujeres,1 January,2014,1 de enero de 2014,279466
59 años,Mujeres,1 January,2014,1 de enero de 2014,267489
6 años,Mujeres,1 January,2014,1 de enero de 2014,241156
60 años,Mujeres,1 January,2014,1 de enero de 2014,266766
61 años,Mujeres,1 January,2014,1 de enero de 2014,264891
62 años,Mujeres,1 January,2014,1 de enero de 2014,249094
63 años,Mujeres,1 January,2014,1 de enero de 2014,243714
64 años,Mujeres,1 January,2014,1 de enero de 2014,254659
65 años,Mujeres,1 January,2014,1 de enero de 2014,266190
66 años,Mujeres,1 January,2014,1 de enero de 2014,243610
67 años,Mujeres,1 January,2014,1 de enero de 2014,233714
68 años,Mujeres,1 January,2014,1 de enero de 2014,243736
69 años,Mujeres,1 January,2014,1 de enero de 2014,231717
7 años,Mujeres,1 January,2014,1 de enero de 2014,239539
70 años,Mujeres,1 January,2014,1 de enero de 2014,227567
71 años,Mujeres,1 January,2014,1 de enero de 2014,195609
72 años,Mujeres,1 January,2014,1 de enero de 2014,179757
73 años,Mujeres,1 January,2014,1 de enero de 2014,220820
74 años,Mujeres,1 January,2014,1 de enero de 2014,148206
75 años,Mujeres,1 January,2014,1 de enero de 2014,166734
76 años,Mujeres,1 January,2014,1 de enero de 2014,185338
77 años,Mujeres,1 January,2014,1 de enero de 2014,202156
78 años,Mujeres,1 January,2014,1 de enero de 2014,192430
79 años,Mujeres,1 January,2014,1 de enero de 2014,187900
8 años,Mujeres,1 January,2014,1 de enero de 2014,235596
80 años,Mujeres,1 January,2014,1 de enero de 2014,188410
81 años,Mujeres,1 January,2014,1 de enero de 2014,181299
82 años,Mujeres,1 January,2014,1 de enero de 2014,165809
83 años,Mujeres,1 January,2014,1 de enero de 2014,161446
84 años,Mujeres,1 January,2014,1 de enero de 2014,144587
85 años,Mujeres,1 January,2014,1 de enero de 2014,135304
85 y más años,Mujeres,1 January,2014,1 de enero de 2014,838597
86 años,Mujeres,1 January,2014,1 de enero de 2014,117606
87 años,Mujeres,1 January,2014,1 de enero de 2014,108369
88 años,Mujeres,1 January,2014,1 de enero de 2014,93471
89 años,Mujeres,1 January,2014,1 de enero de 2014,82384
9 años,Mujeres,1 January,2014,1 de enero de 2014,232407
90 años,Mujeres,1 January,2014,1 de enero de 2014,69501
91 años,Mujeres,1 January,2014,1 de enero de 2014,59110
92 años,Mujeres,1 January,2014,1 de enero de 2014,45460
93 años,Mujeres,1 January,2014,1 de enero de 2014,35967
94 años,Mujeres,1 January,2014,1 de enero de 2014,25023
95 años,Mujeres,1 January,2014,1 de enero de 2014,19713
96 años,Mujeres,1 January,2014,1 de enero de 2014,14275
97 años,Mujeres,1 January,2014,1 de enero de 2014,10429
98 años,Mujeres,1 January,2014,1 de enero de 2014,7715
99 años,Mujeres,1 January,2014,1 de enero de 2014,5639
Todas las edades,Mujeres,1 January,2014,1 de enero de 2014,23621034
0 años,Total,1 January,2014,1 de enero de 2014,423444
1 año,Total,1 January,2014,1 de enero de 2014,451484
10 años,Total,1 January,2014,1 de enero de 2014,471376
100 años,Total,1 January,2014,1 de enero de 2014,4309
100 y más años,Total,1 January,2014,1 de enero de 2014,10584
101 años,Total,1 January,2014,1 de enero de 2014,2630
102 años,Total,1 January,2014,1 de enero de 2014,1444
103 años,Total,1 January,2014,1 de enero de 2014,942
104 años,Total,1 January,2014,1 de enero de 2014,570
105 y más años,Total,1 January,2014,1 de enero de 2014,689
11 años,Total,1 January,2014,1 de enero de 2014,452963
12 años,Total,1 January,2014,1 de enero de 2014,449912
13 años,Total,1 January,2014,1 de enero de 2014,449762
14 años,Total,1 January,2014,1 de enero de 2014,439241
15 años,Total,1 January,2014,1 de enero de 2014,426066
16 años,Total,1 January,2014,1 de enero de 2014,429185
17 años,Total,1 January,2014,1 de enero de 2014,425304
18 años,Total,1 January,2014,1 de enero de 2014,425876
19 años,Total,1 January,2014,1 de enero de 2014,432927
2 años,Total,1 January,2014,1 de enero de 2014,471029
20 años,Total,1 January,2014,1 de enero de 2014,452340
21 años,Total,1 January,2014,1 de enero de 2014,470401
22 años,Total,1 January,2014,1 de enero de 2014,472556
23 años,Total,1 January,2014,1 de enero de 2014,483655
24 años,Total,1 January,2014,1 de enero de 2014,498713
25 años,Total,1 January,2014,1 de enero de 2014,513825
26 años,Total,1 January,2014,1 de enero de 2014,528045
27 años,Total,1 January,2014,1 de enero de 2014,547209
28 años,Total,1 January,2014,1 de enero de 2014,570822
29 años,Total,1 January,2014,1 de enero de 2014,598045
3 años,Total,1 January,2014,1 de enero de 2014,479413
30 años,Total,1 January,2014,1 de enero de 2014,621911
31 años,Total,1 January,2014,1 de enero de 2014,662387
32 años,Total,1 January,2014,1 de enero de 2014,694712
33 años,Total,1 January,2014,1 de enero de 2014,731912
34 años,Total,1 January,2014,1 de enero de 2014,755431
35 años,Total,1 January,2014,1 de enero de 2014,791885
36 años,Total,1 January,2014,1 de enero de 2014,804384
37 años,Total,1 January,2014,1 de enero de 2014,819116
38 años,Total,1 January,2014,1 de enero de 2014,814128
39 años,Total,1 January,2014,1 de enero de 2014,808454
4 años,Total,1 January,2014,1 de enero de 2014,490277
40 años,Total,1 January,2014,1 de enero de 2014,788408
41 años,Total,1 January,2014,1 de enero de 2014,784968
42 años,Total,1 January,2014,1 de enero de 2014,771090
43 años,Total,1 January,2014,1 de enero de 2014,761255
44 años,Total,1 January,2014,1 de enero de 2014,753596
45 años,Total,1 January,2014,1 de enero de 2014,747320
46 años,Total,1 January,2014,1 de enero de 2014,750888
47 años,Total,1 January,2014,1 de enero de 2014,731043
48 años,Total,1 January,2014,1 de enero de 2014,725023
49 años,Total,1 January,2014,1 de enero de 2014,734100
5 años,Total,1 January,2014,1 de enero de 2014,516643
50 años,Total,1 January,2014,1 de enero de 2014,697909
51 años,Total,1 January,2014,1 de enero de 2014,674249
52 años,Total,1 January,2014,1 de enero de 2014,657770
53 años,Total,1 January,2014,1 de enero de 2014,659853
54 años,Total,1 January,2014,1 de enero de 2014,640959
55 años,Total,1 January,2014,1 de enero de 2014,625936
56 años,Total,1 January,2014,1 de enero de 2014,609084
57 años,Total,1 January,2014,1 de enero de 2014,567512
58 años,Total,1 January,2014,1 de enero de 2014,549290
59 años,Total,1 January,2014,1 de enero de 2014,522788
6 años,Total,1 January,2014,1 de enero de 2014,497806
60 años,Total,1 January,2014,1 de enero de 2014,522233
61 años,Total,1 January,2014,1 de enero de 2014,518944
62 años,Total,1 January,2014,1 de enero de 2014,484697
63 años,Total,1 January,2014,1 de enero de 2014,472834
64 años,Total,1 January,2014,1 de enero de 2014,490174
65 años,Total,1 January,2014,1 de enero de 2014,511996
66 años,Total,1 January,2014,1 de enero de 2014,466838
67 años,Total,1 January,2014,1 de enero de 2014,444598
68 años,Total,1 January,2014,1 de enero de 2014,462180
69 años,Total,1 January,2014,1 de enero de 2014,437920
7 años,Total,1 January,2014,1 de enero de 2014,494403
70 años,Total,1 January,2014,1 de enero de 2014,428157
71 años,Total,1 January,2014,1 de enero de 2014,366916
72 años,Total,1 January,2014,1 de enero de 2014,335390
73 años,Total,1 January,2014,1 de enero de 2014,407607
74 años,Total,1 January,2014,1 de enero de 2014,268358
75 años,Total,1 January,2014,1 de enero de 2014,300680
76 años,Total,1 January,2014,1 de enero de 2014,331344
77 años,Total,1 January,2014,1 de enero de 2014,355247
78 años,Total,1 January,2014,1 de enero de 2014,337002
79 años,Total,1 January,2014,1 de enero de 2014,325122
8 años,Total,1 January,2014,1 de enero de 2014,484466
80 años,Total,1 January,2014,1 de enero de 2014,321908
81 años,Total,1 January,2014,1 de enero de 2014,306105
82 años,Total,1 January,2014,1 de enero de 2014,277099
83 años,Total,1 January,2014,1 de enero de 2014,263453
84 años,Total,1 January,2014,1 de enero de 2014,232838
85 años,Total,1 January,2014,1 de enero de 2014,213695
85 y más años,Total,1 January,2014,1 de enero de 2014,1241918
86 años,Total,1 January,2014,1 de enero de 2014,183035
87 años,Total,1 January,2014,1 de enero de 2014,165647
88 años,Total,1 January,2014,1 de enero de 2014,140320
89 años,Total,1 January,2014,1 de enero de 2014,121217
9 años,Total,1 January,2014,1 de enero de 2014,479637
90 años,Total,1 January,2014,1 de enero de 2014,101296
91 años,Total,1 January,2014,1 de enero de 2014,84074
92 años,Total,1 January,2014,1 de enero de 2014,64269
93 años,Total,1 January,2014,1 de enero de 2014,49046
94 años,Total,1 January,2014,1 de enero de 2014,33685
95 años,Total,1 January,2014,1 de enero de 2014,25897
96 años,Total,1 January,2014,1 de enero de 2014,18602
97 años,Total,1 January,2014,1 de enero de 2014,13571
98 años,Total,1 January,2014,1 de enero de 2014,9818
99 años,Total,1 January,2014,1 de enero de 2014,7162
Todas las edades,Total,1 January,2014,1 de enero de 2014,46495744
0 años,Hombres,1 January,2015,1 de enero de 2015,219373
1 año,Hombres,1 January,2015,1 de enero de 2015,218499
10 años,Hombres,1 January,2015,1 de enero de 2015,246621
100 años,Hombres,1 January,2015,1 de enero de 2015,868
100 y más años,Hombres,1 January,2015,1 de enero de 2015,1818
101 años,Hombres,1 January,2015,1 de enero de 2015,445
102 años,Hombres,1 January,2015,1 de enero de 2015,248
103 años,Hombres,1 January,2015,1 de enero de 2015,120
104 años,Hombres,1 January,2015,1 de enero de 2015,69
105 y más años,Hombres,1 January,2015,1 de enero de 2015,68
11 años,Hombres,1 January,2015,1 de enero de 2015,241100
12 años,Hombres,1 January,2015,1 de enero de 2015,232620
13 años,Hombres,1 January,2015,1 de enero de 2015,230592
14 años,Hombres,1 January,2015,1 de enero de 2015,232187
15 años,Hombres,1 January,2015,1 de enero de 2015,225374
16 años,Hombres,1 January,2015,1 de enero de 2015,220158
17 años,Hombres,1 January,2015,1 de enero de 2015,221031
18 años,Hombres,1 January,2015,1 de enero de 2015,219201
19 años,Hombres,1 January,2015,1 de enero de 2015,220607
2 años,Hombres,1 January,2015,1 de enero de 2015,232496
20 años,Hombres,1 January,2015,1 de enero de 2015,223908
21 años,Hombres,1 January,2015,1 de enero de 2015,232928
22 años,Hombres,1 January,2015,1 de enero de 2015,240612
23 años,Hombres,1 January,2015,1 de enero de 2015,241244
24 años,Hombres,1 January,2015,1 de enero de 2015,245234
25 años,Hombres,1 January,2015,1 de enero de 2015,251446
26 años,Hombres,1 January,2015,1 de enero de 2015,257842
27 años,Hombres,1 January,2015,1 de enero de 2015,263808
28 años,Hombres,1 January,2015,1 de enero de 2015,272334
29 años,Hombres,1 January,2015,1 de enero de 2015,284178
3 años,Hombres,1 January,2015,1 de enero de 2015,242272
30 años,Hombres,1 January,2015,1 de enero de 2015,297618
31 años,Hombres,1 January,2015,1 de enero de 2015,310167
32 años,Hombres,1 January,2015,1 de enero de 2015,331099
33 años,Hombres,1 January,2015,1 de enero de 2015,348566
34 años,Hombres,1 January,2015,1 de enero de 2015,368204
35 años,Hombres,1 January,2015,1 de enero de 2015,380441
36 años,Hombres,1 January,2015,1 de enero de 2015,400902
37 años,Hombres,1 January,2015,1 de enero de 2015,408949
38 años,Hombres,1 January,2015,1 de enero de 2015,415538
39 años,Hombres,1 January,2015,1 de enero de 2015,414219
4 años,Hombres,1 January,2015,1 de enero de 2015,246805
40 años,Hombres,1 January,2015,1 de enero de 2015,410484
41 años,Hombres,1 January,2015,1 de enero de 2015,400373
42 años,Hombres,1 January,2015,1 de enero de 2015,398535
43 años,Hombres,1 January,2015,1 de enero de 2015,390696
44 años,Hombres,1 January,2015,1 de enero de 2015,385359
45 años,Hombres,1 January,2015,1 de enero de 2015,379744
46 años,Hombres,1 January,2015,1 de enero de 2015,376113
47 años,Hombres,1 January,2015,1 de enero de 2015,376511
48 años,Hombres,1 January,2015,1 de enero de 2015,366328
49 años,Hombres,1 January,2015,1 de enero de 2015,361590
5 años,Hombres,1 January,2015,1 de enero de 2015,252871
50 años,Hombres,1 January,2015,1 de enero de 2015,365295
51 años,Hombres,1 January,2015,1 de enero de 2015,347159
52 años,Hombres,1 January,2015,1 de enero de 2015,334049
53 años,Hombres,1 January,2015,1 de enero de 2015,324655
54 años,Hombres,1 January,2015,1 de enero de 2015,325206
55 años,Hombres,1 January,2015,1 de enero de 2015,315332
56 años,Hombres,1 January,2015,1 de enero de 2015,307062
57 años,Hombres,1 January,2015,1 de enero de 2015,297669
58 años,Hombres,1 January,2015,1 de enero de 2015,276891
59 años,Hombres,1 January,2015,1 de enero de 2015,267334
6 años,Hombres,1 January,2015,1 de enero de 2015,265879
60 años,Hombres,1 January,2015,1 de enero de 2015,252826
61 años,Hombres,1 January,2015,1 de enero de 2015,253066
62 años,Hombres,1 January,2015,1 de enero de 2015,251505
63 años,Hombres,1 January,2015,1 de enero de 2015,233044
64 años,Hombres,1 January,2015,1 de enero de 2015,226474
65 años,Hombres,1 January,2015,1 de enero de 2015,232636
66 años,Hombres,1 January,2015,1 de enero de 2015,242581
67 años,Hombres,1 January,2015,1 de enero de 2015,219981
68 años,Hombres,1 January,2015,1 de enero de 2015,207544
69 años,Hombres,1 January,2015,1 de enero de 2015,214759
7 años,Hombres,1 January,2015,1 de enero de 2015,255863
70 años,Hombres,1 January,2015,1 de enero de 2015,202360
71 años,Hombres,1 January,2015,1 de enero de 2015,196370
72 años,Hombres,1 January,2015,1 de enero de 2015,167369
73 años,Hombres,1 January,2015,1 de enero de 2015,151773
74 años,Hombres,1 January,2015,1 de enero de 2015,181629
75 años,Hombres,1 January,2015,1 de enero de 2015,116343
76 años,Hombres,1 January,2015,1 de enero de 2015,129315
77 años,Hombres,1 January,2015,1 de enero de 2015,140501
78 años,Hombres,1 January,2015,1 de enero de 2015,146764
79 años,Hombres,1 January,2015,1 de enero de 2015,137941
8 años,Hombres,1 January,2015,1 de enero de 2015,254152
80 años,Hombres,1 January,2015,1 de enero de 2015,130402
81 años,Hombres,1 January,2015,1 de enero de 2015,126044
82 años,Hombres,1 January,2015,1 de enero de 2015,117203
83 años,Hombres,1 January,2015,1 de enero de 2015,103589
84 años,Hombres,1 January,2015,1 de enero de 2015,93964
85 años,Hombres,1 January,2015,1 de enero de 2015,80493
85 y más años,Hombres,1 January,2015,1 de enero de 2015,425161
86 años,Hombres,1 January,2015,1 de enero de 2015,70617
87 años,Hombres,1 January,2015,1 de enero de 2015,58295
88 años,Hombres,1 January,2015,1 de enero de 2015,50153
89 años,Hombres,1 January,2015,1 de enero de 2015,40464
9 años,Hombres,1 January,2015,1 de enero de 2015,248254
90 años,Hombres,1 January,2015,1 de enero de 2015,32989
91 años,Hombres,1 January,2015,1 de enero de 2015,26470
92 años,Hombres,1 January,2015,1 de enero de 2015,20365
93 años,Hombres,1 January,2015,1 de enero de 2015,14900
94 años,Hombres,1 January,2015,1 de enero de 2015,10241
95 años,Hombres,1 January,2015,1 de enero de 2015,6663
96 años,Hombres,1 January,2015,1 de enero de 2015,4676
97 años,Hombres,1 January,2015,1 de enero de 2015,3220
98 años,Hombres,1 January,2015,1 de enero de 2015,2270
99 años,Hombres,1 January,2015,1 de enero de 2015,1527
Todas las edades,Hombres,1 January,2015,1 de enero de 2015,22822721
0 años,Mujeres,1 January,2015,1 de enero de 2015,205537
1 año,Mujeres,1 January,2015,1 de enero de 2015,206301
10 años,Mujeres,1 January,2015,1 de enero de 2015,232221
100 años,Mujeres,1 January,2015,1 de enero de 2015,3657
100 y más años,Mujeres,1 January,2015,1 de enero de 2015,8689
101 años,Mujeres,1 January,2015,1 de enero de 2015,2092
102 años,Mujeres,1 January,2015,1 de enero de 2015,1268
103 años,Mujeres,1 January,2015,1 de enero de 2015,705
104 años,Mujeres,1 January,2015,1 de enero de 2015,434
105 y más años,Mujeres,1 January,2015,1 de enero de 2015,533
11 años,Mujeres,1 January,2015,1 de enero de 2015,229273
12 años,Mujeres,1 January,2015,1 de enero de 2015,219923
13 años,Mujeres,1 January,2015,1 de enero de 2015,219101
14 años,Mujeres,1 January,2015,1 de enero de 2015,217527
15 años,Mujeres,1 January,2015,1 de enero de 2015,213766
16 años,Mujeres,1 January,2015,1 de enero de 2015,205910
17 años,Mujeres,1 January,2015,1 de enero de 2015,208696
18 años,Mujeres,1 January,2015,1 de enero de 2015,207630
19 años,Mujeres,1 January,2015,1 de enero de 2015,207558
2 años,Mujeres,1 January,2015,1 de enero de 2015,218590
20 años,Mujeres,1 January,2015,1 de enero de 2015,211908
21 años,Mujeres,1 January,2015,1 de enero de 2015,222030
22 años,Mujeres,1 January,2015,1 de enero de 2015,231976
23 años,Mujeres,1 January,2015,1 de enero de 2015,233189
24 años,Mujeres,1 January,2015,1 de enero de 2015,239626
25 años,Mujeres,1 January,2015,1 de enero de 2015,247653
26 años,Mujeres,1 January,2015,1 de enero de 2015,255815
27 años,Mujeres,1 January,2015,1 de enero de 2015,262771
28 años,Mujeres,1 January,2015,1 de enero de 2015,272972
29 años,Mujeres,1 January,2015,1 de enero de 2015,283354
3 años,Mujeres,1 January,2015,1 de enero de 2015,227786
30 años,Mujeres,1 January,2015,1 de enero de 2015,296616
31 años,Mujeres,1 January,2015,1 de enero de 2015,307625
32 años,Mujeres,1 January,2015,1 de enero de 2015,326455
33 años,Mujeres,1 January,2015,1 de enero de 2015,340966
34 años,Mujeres,1 January,2015,1 de enero de 2015,358590
35 años,Mujeres,1 January,2015,1 de enero de 2015,369864
36 años,Mujeres,1 January,2015,1 de enero de 2015,385630
37 años,Mujeres,1 January,2015,1 de enero de 2015,390030
38 años,Mujeres,1 January,2015,1 de enero de 2015,398478
39 años,Mujeres,1 January,2015,1 de enero de 2015,394938
4 años,Mujeres,1 January,2015,1 de enero de 2015,231996
40 años,Mujeres,1 January,2015,1 de enero de 2015,393214
41 años,Mujeres,1 January,2015,1 de enero de 2015,383281
42 años,Mujeres,1 January,2015,1 de enero de 2015,381947
43 años,Mujeres,1 January,2015,1 de enero de 2015,376322
44 años,Mujeres,1 January,2015,1 de enero de 2015,371695
45 años,Mujeres,1 January,2015,1 de enero de 2015,369697
46 años,Mujeres,1 January,2015,1 de enero de 2015,367292
47 años,Mujeres,1 January,2015,1 de enero de 2015,370573
48 años,Mujeres,1 January,2015,1 de enero de 2015,361103
49 años,Mujeres,1 January,2015,1 de enero de 2015,359860
5 años,Mujeres,1 January,2015,1 de enero de 2015,236381
50 años,Mujeres,1 January,2015,1 de enero de 2015,364982
51 años,Mujeres,1 January,2015,1 de enero de 2015,347048
52 años,Mujeres,1 January,2015,1 de enero de 2015,336613
53 años,Mujeres,1 January,2015,1 de enero de 2015,329469
54 años,Mujeres,1 January,2015,1 de enero de 2015,330875
55 años,Mujeres,1 January,2015,1 de enero de 2015,321849
56 años,Mujeres,1 January,2015,1 de enero de 2015,314982
57 años,Mujeres,1 January,2015,1 de enero de 2015,307501
58 años,Mujeres,1 January,2015,1 de enero de 2015,287052
59 años,Mujeres,1 January,2015,1 de enero de 2015,278296
6 años,Mujeres,1 January,2015,1 de enero de 2015,249031
60 años,Mujeres,1 January,2015,1 de enero de 2015,266352
61 años,Mujeres,1 January,2015,1 de enero de 2015,265712
62 años,Mujeres,1 January,2015,1 de enero de 2015,263629
63 años,Mujeres,1 January,2015,1 de enero de 2015,248042
64 años,Mujeres,1 January,2015,1 de enero de 2015,242567
65 años,Mujeres,1 January,2015,1 de enero de 2015,253399
66 años,Mujeres,1 January,2015,1 de enero de 2015,264730
67 años,Mujeres,1 January,2015,1 de enero de 2015,242078
68 años,Mujeres,1 January,2015,1 de enero de 2015,232068
69 años,Mujeres,1 January,2015,1 de enero de 2015,241868
7 años,Mujeres,1 January,2015,1 de enero de 2015,240603
70 años,Mujeres,1 January,2015,1 de enero de 2015,229634
71 años,Mujeres,1 January,2015,1 de enero de 2015,225366
72 años,Mujeres,1 January,2015,1 de enero de 2015,193529
73 años,Mujeres,1 January,2015,1 de enero de 2015,177742
74 años,Mujeres,1 January,2015,1 de enero de 2015,217951
75 años,Mujeres,1 January,2015,1 de enero de 2015,145970
76 años,Mujeres,1 January,2015,1 de enero de 2015,163804
77 años,Mujeres,1 January,2015,1 de enero de 2015,181923
78 años,Mujeres,1 January,2015,1 de enero de 2015,197825
79 años,Mujeres,1 January,2015,1 de enero de 2015,187771
8 años,Mujeres,1 January,2015,1 de enero de 2015,239117
80 años,Mujeres,1 January,2015,1 de enero de 2015,182687
81 años,Mujeres,1 January,2015,1 de enero de 2015,182321
82 años,Mujeres,1 January,2015,1 de enero de 2015,174537
83 años,Mujeres,1 January,2015,1 de enero de 2015,158655
84 años,Mujeres,1 January,2015,1 de enero de 2015,153249
85 años,Mujeres,1 January,2015,1 de enero de 2015,136236
85 y más años,Mujeres,1 January,2015,1 de enero de 2015,873278
86 años,Mujeres,1 January,2015,1 de enero de 2015,126104
87 años,Mujeres,1 January,2015,1 de enero de 2015,108471
88 años,Mujeres,1 January,2015,1 de enero de 2015,98713
89 años,Mujeres,1 January,2015,1 de enero de 2015,83986
9 años,Mujeres,1 January,2015,1 de enero de 2015,235230
90 años,Mujeres,1 January,2015,1 de enero de 2015,72698
91 años,Mujeres,1 January,2015,1 de enero de 2015,60211
92 años,Mujeres,1 January,2015,1 de enero de 2015,50531
93 años,Mujeres,1 January,2015,1 de enero de 2015,38079
94 años,Mujeres,1 January,2015,1 de enero de 2015,29511
95 años,Mujeres,1 January,2015,1 de enero de 2015,20081
96 años,Mujeres,1 January,2015,1 de enero de 2015,15414
97 años,Mujeres,1 January,2015,1 de enero de 2015,11017
98 años,Mujeres,1 January,2015,1 de enero de 2015,7797
99 años,Mujeres,1 January,2015,1 de enero de 2015,5740
Todas las edades,Mujeres,1 January,2015,1 de enero de 2015,23603001
0 años,Total,1 January,2015,1 de enero de 2015,424910
1 año,Total,1 January,2015,1 de enero de 2015,424800
10 años,Total,1 January,2015,1 de enero de 2015,478842
100 años,Total,1 January,2015,1 de enero de 2015,4525
100 y más años,Total,1 January,2015,1 de enero de 2015,10507
101 años,Total,1 January,2015,1 de enero de 2015,2537
102 años,Total,1 January,2015,1 de enero de 2015,1516
103 años,Total,1 January,2015,1 de enero de 2015,825
104 años,Total,1 January,2015,1 de enero de 2015,503
105 y más años,Total,1 January,2015,1 de enero de 2015,601
11 años,Total,1 January,2015,1 de enero de 2015,470373
12 años,Total,1 January,2015,1 de enero de 2015,452543
13 años,Total,1 January,2015,1 de enero de 2015,449693
14 años,Total,1 January,2015,1 de enero de 2015,449714
15 años,Total,1 January,2015,1 de enero de 2015,439140
16 años,Total,1 January,2015,1 de enero de 2015,426068
17 años,Total,1 January,2015,1 de enero de 2015,429727
18 años,Total,1 January,2015,1 de enero de 2015,426831
19 años,Total,1 January,2015,1 de enero de 2015,428165
2 años,Total,1 January,2015,1 de enero de 2015,451086
20 años,Total,1 January,2015,1 de enero de 2015,435816
21 años,Total,1 January,2015,1 de enero de 2015,454958
22 años,Total,1 January,2015,1 de enero de 2015,472588
23 años,Total,1 January,2015,1 de enero de 2015,474433
24 años,Total,1 January,2015,1 de enero de 2015,484860
25 años,Total,1 January,2015,1 de enero de 2015,499099
26 años,Total,1 January,2015,1 de enero de 2015,513657
27 años,Total,1 January,2015,1 de enero de 2015,526579
28 años,Total,1 January,2015,1 de enero de 2015,545306
29 años,Total,1 January,2015,1 de enero de 2015,567532
3 años,Total,1 January,2015,1 de enero de 2015,470058
30 años,Total,1 January,2015,1 de enero de 2015,594234
31 años,Total,1 January,2015,1 de enero de 2015,617792
32 años,Total,1 January,2015,1 de enero de 2015,657554
33 años,Total,1 January,2015,1 de enero de 2015,689532
34 años,Total,1 January,2015,1 de enero de 2015,726794
35 años,Total,1 January,2015,1 de enero de 2015,750305
36 años,Total,1 January,2015,1 de enero de 2015,786532
37 años,Total,1 January,2015,1 de enero de 2015,798979
38 años,Total,1 January,2015,1 de enero de 2015,814016
39 años,Total,1 January,2015,1 de enero de 2015,809157
4 años,Total,1 January,2015,1 de enero de 2015,478801
40 años,Total,1 January,2015,1 de enero de 2015,803698
41 años,Total,1 January,2015,1 de enero de 2015,783654
42 años,Total,1 January,2015,1 de enero de 2015,780482
43 años,Total,1 January,2015,1 de enero de 2015,767018
44 años,Total,1 January,2015,1 de enero de 2015,757054
45 años,Total,1 January,2015,1 de enero de 2015,749441
46 años,Total,1 January,2015,1 de enero de 2015,743405
47 años,Total,1 January,2015,1 de enero de 2015,747084
48 años,Total,1 January,2015,1 de enero de 2015,727431
49 años,Total,1 January,2015,1 de enero de 2015,721450
5 años,Total,1 January,2015,1 de enero de 2015,489252
50 años,Total,1 January,2015,1 de enero de 2015,730277
51 años,Total,1 January,2015,1 de enero de 2015,694207
52 años,Total,1 January,2015,1 de enero de 2015,670662
53 años,Total,1 January,2015,1 de enero de 2015,654124
54 años,Total,1 January,2015,1 de enero de 2015,656081
55 años,Total,1 January,2015,1 de enero de 2015,637181
56 años,Total,1 January,2015,1 de enero de 2015,622044
57 años,Total,1 January,2015,1 de enero de 2015,605170
58 años,Total,1 January,2015,1 de enero de 2015,563943
59 años,Total,1 January,2015,1 de enero de 2015,545630
6 años,Total,1 January,2015,1 de enero de 2015,514910
60 años,Total,1 January,2015,1 de enero de 2015,519178
61 años,Total,1 January,2015,1 de enero de 2015,518778
62 años,Total,1 January,2015,1 de enero de 2015,515134
63 años,Total,1 January,2015,1 de enero de 2015,481086
64 años,Total,1 January,2015,1 de enero de 2015,469041
65 años,Total,1 January,2015,1 de enero de 2015,486035
66 años,Total,1 January,2015,1 de enero de 2015,507311
67 años,Total,1 January,2015,1 de enero de 2015,462059
68 años,Total,1 January,2015,1 de enero de 2015,439612
69 años,Total,1 January,2015,1 de enero de 2015,456627
7 años,Total,1 January,2015,1 de enero de 2015,496466
70 años,Total,1 January,2015,1 de enero de 2015,431994
71 años,Total,1 January,2015,1 de enero de 2015,421736
72 años,Total,1 January,2015,1 de enero de 2015,360898
73 años,Total,1 January,2015,1 de enero de 2015,329515
74 años,Total,1 January,2015,1 de enero de 2015,399580
75 años,Total,1 January,2015,1 de enero de 2015,262313
76 años,Total,1 January,2015,1 de enero de 2015,293119
77 años,Total,1 January,2015,1 de enero de 2015,322424
78 años,Total,1 January,2015,1 de enero de 2015,344589
79 años,Total,1 January,2015,1 de enero de 2015,325712
8 años,Total,1 January,2015,1 de enero de 2015,493269
80 años,Total,1 January,2015,1 de enero de 2015,313089
81 años,Total,1 January,2015,1 de enero de 2015,308365
82 años,Total,1 January,2015,1 de enero de 2015,291740
83 años,Total,1 January,2015,1 de enero de 2015,262244
84 años,Total,1 January,2015,1 de enero de 2015,247213
85 años,Total,1 January,2015,1 de enero de 2015,216729
85 y más años,Total,1 January,2015,1 de enero de 2015,1298439
86 años,Total,1 January,2015,1 de enero de 2015,196721
87 años,Total,1 January,2015,1 de enero de 2015,166766
88 años,Total,1 January,2015,1 de enero de 2015,148866
89 años,Total,1 January,2015,1 de enero de 2015,124450
9 años,Total,1 January,2015,1 de enero de 2015,483484
90 años,Total,1 January,2015,1 de enero de 2015,105687
91 años,Total,1 January,2015,1 de enero de 2015,86681
92 años,Total,1 January,2015,1 de enero de 2015,70896
93 años,Total,1 January,2015,1 de enero de 2015,52979
94 años,Total,1 January,2015,1 de enero de 2015,39752
95 años,Total,1 January,2015,1 de enero de 2015,26744
96 años,Total,1 January,2015,1 de enero de 2015,20090
97 años,Total,1 January,2015,1 de enero de 2015,14237
98 años,Total,1 January,2015,1 de enero de 2015,10067
99 años,Total,1 January,2015,1 de enero de 2015,7267
Todas las edades,Total,1 January,2015,1 de enero de 2015,46425722
0 años,Hombres,1 January,2016,1 de enero de 2016,215208
1 año,Hombres,1 January,2016,1 de enero de 2016,220536
10 años,Hombres,1 January,2016,1 de enero de 2016,248051
100 años,Hombres,1 January,2016,1 de enero de 2016,711
100 y más años,Hombres,1 January,2016,1 de enero de 2016,1694
101 años,Hombres,1 January,2016,1 de enero de 2016,469
102 años,Hombres,1 January,2016,1 de enero de 2016,239
103 años,Hombres,1 January,2016,1 de enero de 2016,153
104 años,Hombres,1 January,2016,1 de enero de 2016,68
105 y más años,Hombres,1 January,2016,1 de enero de 2016,54
11 años,Hombres,1 January,2016,1 de enero de 2016,246436
12 años,Hombres,1 January,2016,1 de enero de 2016,240953
13 años,Hombres,1 January,2016,1 de enero de 2016,232808
14 años,Hombres,1 January,2016,1 de enero de 2016,230816
15 años,Hombres,1 January,2016,1 de enero de 2016,232536
16 años,Hombres,1 January,2016,1 de enero de 2016,225884
17 años,Hombres,1 January,2016,1 de enero de 2016,220750
18 años,Hombres,1 January,2016,1 de enero de 2016,222393
19 años,Hombres,1 January,2016,1 de enero de 2016,220598
2 años,Hombres,1 January,2016,1 de enero de 2016,218719
20 años,Hombres,1 January,2016,1 de enero de 2016,221974
21 años,Hombres,1 January,2016,1 de enero de 2016,225295
22 años,Hombres,1 January,2016,1 de enero de 2016,234242
23 años,Hombres,1 January,2016,1 de enero de 2016,241867
24 años,Hombres,1 January,2016,1 de enero de 2016,242513
25 años,Hombres,1 January,2016,1 de enero de 2016,246319
26 años,Hombres,1 January,2016,1 de enero de 2016,252454
27 años,Hombres,1 January,2016,1 de enero de 2016,258465
28 años,Hombres,1 January,2016,1 de enero de 2016,263846
29 años,Hombres,1 January,2016,1 de enero de 2016,272217
3 años,Hombres,1 January,2016,1 de enero de 2016,232934
30 años,Hombres,1 January,2016,1 de enero de 2016,283929
31 años,Hombres,1 January,2016,1 de enero de 2016,296890
32 años,Hombres,1 January,2016,1 de enero de 2016,309353
33 años,Hombres,1 January,2016,1 de enero de 2016,329957
34 años,Hombres,1 January,2016,1 de enero de 2016,347285
35 años,Hombres,1 January,2016,1 de enero de 2016,366593
36 años,Hombres,1 January,2016,1 de enero de 2016,378902
37 años,Hombres,1 January,2016,1 de enero de 2016,399232
38 años,Hombres,1 January,2016,1 de enero de 2016,407148
39 años,Hombres,1 January,2016,1 de enero de 2016,413692
4 años,Hombres,1 January,2016,1 de enero de 2016,242080
40 años,Hombres,1 January,2016,1 de enero de 2016,412268
41 años,Hombres,1 January,2016,1 de enero de 2016,408345
42 años,Hombres,1 January,2016,1 de enero de 2016,398318
43 años,Hombres,1 January,2016,1 de enero de 2016,396304
44 años,Hombres,1 January,2016,1 de enero de 2016,388864
45 años,Hombres,1 January,2016,1 de enero de 2016,383398
46 años,Hombres,1 January,2016,1 de enero de 2016,377725
47 años,Hombres,1 January,2016,1 de enero de 2016,374035
48 años,Hombres,1 January,2016,1 de enero de 2016,374512
49 años,Hombres,1 January,2016,1 de enero de 2016,364646
5 años,Hombres,1 January,2016,1 de enero de 2016,246754
50 años,Hombres,1 January,2016,1 de enero de 2016,359594
51 años,Hombres,1 January,2016,1 de enero de 2016,363263
52 años,Hombres,1 January,2016,1 de enero de 2016,345068
53 años,Hombres,1 January,2016,1 de enero de 2016,331991
54 años,Hombres,1 January,2016,1 de enero de 2016,322513
55 años,Hombres,1 January,2016,1 de enero de 2016,323044
56 años,Hombres,1 January,2016,1 de enero de 2016,313010
57 años,Hombres,1 January,2016,1 de enero de 2016,304776
58 años,Hombres,1 January,2016,1 de enero de 2016,295254
59 años,Hombres,1 January,2016,1 de enero de 2016,274399
6 años,Hombres,1 January,2016,1 de enero de 2016,252459
60 años,Hombres,1 January,2016,1 de enero de 2016,264925
61 años,Hombres,1 January,2016,1 de enero de 2016,250410
62 años,Hombres,1 January,2016,1 de enero de 2016,250484
63 años,Hombres,1 January,2016,1 de enero de 2016,248876
64 años,Hombres,1 January,2016,1 de enero de 2016,230620
65 años,Hombres,1 January,2016,1 de enero de 2016,223932
66 años,Hombres,1 January,2016,1 de enero de 2016,229816
67 años,Hombres,1 January,2016,1 de enero de 2016,239068
68 años,Hombres,1 January,2016,1 de enero de 2016,216438
69 años,Hombres,1 January,2016,1 de enero de 2016,203937
7 años,Hombres,1 January,2016,1 de enero de 2016,265312
70 años,Hombres,1 January,2016,1 de enero de 2016,210527
71 años,Hombres,1 January,2016,1 de enero de 2016,197982
72 años,Hombres,1 January,2016,1 de enero de 2016,192031
73 años,Hombres,1 January,2016,1 de enero de 2016,163167
74 años,Hombres,1 January,2016,1 de enero de 2016,147713
75 años,Hombres,1 January,2016,1 de enero de 2016,176120
76 años,Hombres,1 January,2016,1 de enero de 2016,112352
77 años,Hombres,1 January,2016,1 de enero de 2016,124404
78 años,Hombres,1 January,2016,1 de enero de 2016,134574
79 años,Hombres,1 January,2016,1 de enero de 2016,139718
8 años,Hombres,1 January,2016,1 de enero de 2016,255524
80 años,Hombres,1 January,2016,1 de enero de 2016,130892
81 años,Hombres,1 January,2016,1 de enero de 2016,122957
82 años,Hombres,1 January,2016,1 de enero de 2016,117849
83 años,Hombres,1 January,2016,1 de enero de 2016,108636
84 años,Hombres,1 January,2016,1 de enero de 2016,95369
85 años,Hombres,1 January,2016,1 de enero de 2016,85264
85 y más años,Hombres,1 January,2016,1 de enero de 2016,445389
86 años,Hombres,1 January,2016,1 de enero de 2016,72331
87 años,Hombres,1 January,2016,1 de enero de 2016,62592
88 años,Hombres,1 January,2016,1 de enero de 2016,50839
89 años,Hombres,1 January,2016,1 de enero de 2016,42916
9 años,Hombres,1 January,2016,1 de enero de 2016,254008
90 años,Hombres,1 January,2016,1 de enero de 2016,33984
91 años,Hombres,1 January,2016,1 de enero de 2016,27078
92 años,Hombres,1 January,2016,1 de enero de 2016,21339
93 años,Hombres,1 January,2016,1 de enero de 2016,15990
94 años,Hombres,1 January,2016,1 de enero de 2016,11434
95 años,Hombres,1 January,2016,1 de enero de 2016,7805
96 años,Hombres,1 January,2016,1 de enero de 2016,4915
97 años,Hombres,1 January,2016,1 de enero de 2016,3408
98 años,Hombres,1 January,2016,1 de enero de 2016,2227
99 años,Hombres,1 January,2016,1 de enero de 2016,1573
Todas las edades,Hombres,1 January,2016,1 de enero de 2016,22806445
0 años,Mujeres,1 January,2016,1 de enero de 2016,202795
1 año,Mujeres,1 January,2016,1 de enero de 2016,206648
10 años,Mujeres,1 January,2016,1 de enero de 2016,235239
100 años,Mujeres,1 January,2016,1 de enero de 2016,3441
100 y más años,Mujeres,1 January,2016,1 de enero de 2016,8775
101 años,Mujeres,1 January,2016,1 de enero de 2016,2299
102 años,Mujeres,1 January,2016,1 de enero de 2016,1349
103 años,Mujeres,1 January,2016,1 de enero de 2016,824
104 años,Mujeres,1 January,2016,1 de enero de 2016,452
105 y más años,Mujeres,1 January,2016,1 de enero de 2016,410
11 años,Mujeres,1 January,2016,1 de enero de 2016,232048
12 años,Mujeres,1 January,2016,1 de enero de 2016,229315
13 años,Mujeres,1 January,2016,1 de enero de 2016,220132
14 años,Mujeres,1 January,2016,1 de enero de 2016,219452
15 años,Mujeres,1 January,2016,1 de enero de 2016,217929
16 años,Mujeres,1 January,2016,1 de enero de 2016,214004
17 años,Mujeres,1 January,2016,1 de enero de 2016,206129
18 años,Mujeres,1 January,2016,1 de enero de 2016,210125
19 años,Mujeres,1 January,2016,1 de enero de 2016,209270
2 años,Mujeres,1 January,2016,1 de enero de 2016,206456
20 años,Mujeres,1 January,2016,1 de enero de 2016,209733
21 años,Mujeres,1 January,2016,1 de enero de 2016,214144
22 años,Mujeres,1 January,2016,1 de enero de 2016,224281
23 años,Mujeres,1 January,2016,1 de enero de 2016,234376
24 años,Mujeres,1 January,2016,1 de enero de 2016,235287
25 años,Mujeres,1 January,2016,1 de enero de 2016,241709
26 años,Mujeres,1 January,2016,1 de enero de 2016,249088
27 años,Mujeres,1 January,2016,1 de enero de 2016,256926
28 años,Mujeres,1 January,2016,1 de enero de 2016,263610
29 años,Mujeres,1 January,2016,1 de enero de 2016,273403
3 años,Mujeres,1 January,2016,1 de enero de 2016,219008
30 años,Mujeres,1 January,2016,1 de enero de 2016,283588
31 años,Mujeres,1 January,2016,1 de enero de 2016,296482
32 años,Mujeres,1 January,2016,1 de enero de 2016,307659
33 años,Mujeres,1 January,2016,1 de enero de 2016,326108
34 años,Mujeres,1 January,2016,1 de enero de 2016,340309
35 años,Mujeres,1 January,2016,1 de enero de 2016,357996
36 años,Mujeres,1 January,2016,1 de enero de 2016,369107
37 años,Mujeres,1 January,2016,1 de enero de 2016,384895
38 años,Mujeres,1 January,2016,1 de enero de 2016,389282
39 años,Mujeres,1 January,2016,1 de enero de 2016,397902
4 años,Mujeres,1 January,2016,1 de enero de 2016,227696
40 años,Mujeres,1 January,2016,1 de enero de 2016,393989
41 años,Mujeres,1 January,2016,1 de enero de 2016,392407
42 años,Mujeres,1 January,2016,1 de enero de 2016,382574
43 años,Mujeres,1 January,2016,1 de enero de 2016,381237
44 años,Mujeres,1 January,2016,1 de enero de 2016,375649
45 años,Mujeres,1 January,2016,1 de enero de 2016,371086
46 años,Mujeres,1 January,2016,1 de enero de 2016,368974
47 años,Mujeres,1 January,2016,1 de enero de 2016,366696
48 años,Mujeres,1 January,2016,1 de enero de 2016,369988
49 años,Mujeres,1 January,2016,1 de enero de 2016,360540
5 años,Mujeres,1 January,2016,1 de enero de 2016,232057
50 años,Mujeres,1 January,2016,1 de enero de 2016,359319
51 años,Mujeres,1 January,2016,1 de enero de 2016,364306
52 años,Mujeres,1 January,2016,1 de enero de 2016,346289
53 años,Mujeres,1 January,2016,1 de enero de 2016,335969
54 años,Mujeres,1 January,2016,1 de enero de 2016,328670
55 años,Mujeres,1 January,2016,1 de enero de 2016,330103
56 años,Mujeres,1 January,2016,1 de enero de 2016,321069
57 años,Mujeres,1 January,2016,1 de enero de 2016,313996
58 años,Mujeres,1 January,2016,1 de enero de 2016,306568
59 años,Mujeres,1 January,2016,1 de enero de 2016,285958
6 años,Mujeres,1 January,2016,1 de enero de 2016,236159
60 años,Mujeres,1 January,2016,1 de enero de 2016,277364
61 años,Mujeres,1 January,2016,1 de enero de 2016,265438
62 años,Mujeres,1 January,2016,1 de enero de 2016,264883
63 años,Mujeres,1 January,2016,1 de enero de 2016,262618
64 años,Mujeres,1 January,2016,1 de enero de 2016,247159
65 años,Mujeres,1 January,2016,1 de enero de 2016,241594
66 años,Mujeres,1 January,2016,1 de enero de 2016,252060
67 años,Mujeres,1 January,2016,1 de enero de 2016,263129
68 años,Mujeres,1 January,2016,1 de enero de 2016,240469
69 años,Mujeres,1 January,2016,1 de enero de 2016,230405
7 años,Mujeres,1 January,2016,1 de enero de 2016,248636
70 años,Mujeres,1 January,2016,1 de enero de 2016,239932
71 años,Mujeres,1 January,2016,1 de enero de 2016,227433
72 años,Mujeres,1 January,2016,1 de enero de 2016,223144
73 años,Mujeres,1 January,2016,1 de enero de 2016,191349
74 años,Mujeres,1 January,2016,1 de enero de 2016,175522
75 años,Mujeres,1 January,2016,1 de enero de 2016,214948
76 años,Mujeres,1 January,2016,1 de enero de 2016,143463
77 años,Mujeres,1 January,2016,1 de enero de 2016,160776
78 años,Mujeres,1 January,2016,1 de enero de 2016,178011
79 años,Mujeres,1 January,2016,1 de enero de 2016,192942
8 años,Mujeres,1 January,2016,1 de enero de 2016,240270
80 años,Mujeres,1 January,2016,1 de enero de 2016,182520
81 años,Mujeres,1 January,2016,1 de enero de 2016,176630
82 años,Mujeres,1 January,2016,1 de enero de 2016,175162
83 años,Mujeres,1 January,2016,1 de enero de 2016,166791
84 años,Mujeres,1 January,2016,1 de enero de 2016,150398
85 años,Mujeres,1 January,2016,1 de enero de 2016,143923
85 y más años,Mujeres,1 January,2016,1 de enero de 2016,904654
86 años,Mujeres,1 January,2016,1 de enero de 2016,126723
87 años,Mujeres,1 January,2016,1 de enero de 2016,115705
88 años,Mujeres,1 January,2016,1 de enero de 2016,98391
89 años,Mujeres,1 January,2016,1 de enero de 2016,88031
9 años,Mujeres,1 January,2016,1 de enero de 2016,239005
90 años,Mujeres,1 January,2016,1 de enero de 2016,73675
91 años,Mujeres,1 January,2016,1 de enero de 2016,62591
92 años,Mujeres,1 January,2016,1 de enero de 2016,50688
93 años,Mujeres,1 January,2016,1 de enero de 2016,41592
94 años,Mujeres,1 January,2016,1 de enero de 2016,30782
95 años,Mujeres,1 January,2016,1 de enero de 2016,23111
96 años,Mujeres,1 January,2016,1 de enero de 2016,15463
97 años,Mujeres,1 January,2016,1 de enero de 2016,11549
98 años,Mujeres,1 January,2016,1 de enero de 2016,8052
99 años,Mujeres,1 January,2016,1 de enero de 2016,5603
Todas las edades,Mujeres,1 January,2016,1 de enero de 2016,23612439
0 años,Total,1 January,2016,1 de enero de 2016,418003
1 año,Total,1 January,2016,1 de enero de 2016,427184
10 años,Total,1 January,2016,1 de enero de 2016,483290
100 años,Total,1 January,2016,1 de enero de 2016,4152
100 y más años,Total,1 January,2016,1 de enero de 2016,10469
101 años,Total,1 January,2016,1 de enero de 2016,2768
102 años,Total,1 January,2016,1 de enero de 2016,1588
103 años,Total,1 January,2016,1 de enero de 2016,977
104 años,Total,1 January,2016,1 de enero de 2016,520
105 y más años,Total,1 January,2016,1 de enero de 2016,464
11 años,Total,1 January,2016,1 de enero de 2016,478484
12 años,Total,1 January,2016,1 de enero de 2016,470268
13 años,Total,1 January,2016,1 de enero de 2016,452940
14 años,Total,1 January,2016,1 de enero de 2016,450268
15 años,Total,1 January,2016,1 de enero de 2016,450465
16 años,Total,1 January,2016,1 de enero de 2016,439888
17 años,Total,1 January,2016,1 de enero de 2016,426879
18 años,Total,1 January,2016,1 de enero de 2016,432518
19 años,Total,1 January,2016,1 de enero de 2016,429868
2 años,Total,1 January,2016,1 de enero de 2016,425175
20 años,Total,1 January,2016,1 de enero de 2016,431707
21 años,Total,1 January,2016,1 de enero de 2016,439439
22 años,Total,1 January,2016,1 de enero de 2016,458523
23 años,Total,1 January,2016,1 de enero de 2016,476243
24 años,Total,1 January,2016,1 de enero de 2016,477800
25 años,Total,1 January,2016,1 de enero de 2016,488028
26 años,Total,1 January,2016,1 de enero de 2016,501542
27 años,Total,1 January,2016,1 de enero de 2016,515391
28 años,Total,1 January,2016,1 de enero de 2016,527456
29 años,Total,1 January,2016,1 de enero de 2016,545620
3 años,Total,1 January,2016,1 de enero de 2016,451942
30 años,Total,1 January,2016,1 de enero de 2016,567517
31 años,Total,1 January,2016,1 de enero de 2016,593372
32 años,Total,1 January,2016,1 de enero de 2016,617012
33 años,Total,1 January,2016,1 de enero de 2016,656065
34 años,Total,1 January,2016,1 de enero de 2016,687594
35 años,Total,1 January,2016,1 de enero de 2016,724589
36 años,Total,1 January,2016,1 de enero de 2016,748009
37 años,Total,1 January,2016,1 de enero de 2016,784127
38 años,Total,1 January,2016,1 de enero de 2016,796430
39 años,Total,1 January,2016,1 de enero de 2016,811594
4 años,Total,1 January,2016,1 de enero de 2016,469776
40 años,Total,1 January,2016,1 de enero de 2016,806257
41 años,Total,1 January,2016,1 de enero de 2016,800752
42 años,Total,1 January,2016,1 de enero de 2016,780892
43 años,Total,1 January,2016,1 de enero de 2016,777541
44 años,Total,1 January,2016,1 de enero de 2016,764513
45 años,Total,1 January,2016,1 de enero de 2016,754484
46 años,Total,1 January,2016,1 de enero de 2016,746699
47 años,Total,1 January,2016,1 de enero de 2016,740731
48 años,Total,1 January,2016,1 de enero de 2016,744500
49 años,Total,1 January,2016,1 de enero de 2016,725186
5 años,Total,1 January,2016,1 de enero de 2016,478811
50 años,Total,1 January,2016,1 de enero de 2016,718913
51 años,Total,1 January,2016,1 de enero de 2016,727569
52 años,Total,1 January,2016,1 de enero de 2016,691357
53 años,Total,1 January,2016,1 de enero de 2016,667960
54 años,Total,1 January,2016,1 de enero de 2016,651183
55 años,Total,1 January,2016,1 de enero de 2016,653147
56 años,Total,1 January,2016,1 de enero de 2016,634079
57 años,Total,1 January,2016,1 de enero de 2016,618772
58 años,Total,1 January,2016,1 de enero de 2016,601822
59 años,Total,1 January,2016,1 de enero de 2016,560357
6 años,Total,1 January,2016,1 de enero de 2016,488618
60 años,Total,1 January,2016,1 de enero de 2016,542289
61 años,Total,1 January,2016,1 de enero de 2016,515848
62 años,Total,1 January,2016,1 de enero de 2016,515367
63 años,Total,1 January,2016,1 de enero de 2016,511494
64 años,Total,1 January,2016,1 de enero de 2016,477779
65 años,Total,1 January,2016,1 de enero de 2016,465526
66 años,Total,1 January,2016,1 de enero de 2016,481876
67 años,Total,1 January,2016,1 de enero de 2016,502197
68 años,Total,1 January,2016,1 de enero de 2016,456907
69 años,Total,1 January,2016,1 de enero de 2016,434342
7 años,Total,1 January,2016,1 de enero de 2016,513948
70 años,Total,1 January,2016,1 de enero de 2016,450459
71 años,Total,1 January,2016,1 de enero de 2016,425415
72 años,Total,1 January,2016,1 de enero de 2016,415175
73 años,Total,1 January,2016,1 de enero de 2016,354516
74 años,Total,1 January,2016,1 de enero de 2016,323235
75 años,Total,1 January,2016,1 de enero de 2016,391068
76 años,Total,1 January,2016,1 de enero de 2016,255815
77 años,Total,1 January,2016,1 de enero de 2016,285180
78 años,Total,1 January,2016,1 de enero de 2016,312585
79 años,Total,1 January,2016,1 de enero de 2016,332660
8 años,Total,1 January,2016,1 de enero de 2016,495794
80 años,Total,1 January,2016,1 de enero de 2016,313412
81 años,Total,1 January,2016,1 de enero de 2016,299587
82 años,Total,1 January,2016,1 de enero de 2016,293011
83 años,Total,1 January,2016,1 de enero de 2016,275427
84 años,Total,1 January,2016,1 de enero de 2016,245767
85 años,Total,1 January,2016,1 de enero de 2016,229187
85 y más años,Total,1 January,2016,1 de enero de 2016,1350043
86 años,Total,1 January,2016,1 de enero de 2016,199054
87 años,Total,1 January,2016,1 de enero de 2016,178297
88 años,Total,1 January,2016,1 de enero de 2016,149230
89 años,Total,1 January,2016,1 de enero de 2016,130947
9 años,Total,1 January,2016,1 de enero de 2016,493013
90 años,Total,1 January,2016,1 de enero de 2016,107659
91 años,Total,1 January,2016,1 de enero de 2016,89669
92 años,Total,1 January,2016,1 de enero de 2016,72027
93 años,Total,1 January,2016,1 de enero de 2016,57582
94 años,Total,1 January,2016,1 de enero de 2016,42216
95 años,Total,1 January,2016,1 de enero de 2016,30916
96 años,Total,1 January,2016,1 de enero de 2016,20378
97 años,Total,1 January,2016,1 de enero de 2016,14957
98 años,Total,1 January,2016,1 de enero de 2016,10279
99 años,Total,1 January,2016,1 de enero de 2016,7176
Todas las edades,Total,1 January,2016,1 de enero de 2016,46418884
0 años,Hombres,1 January,2017,1 de enero de 2017,209831
1 año,Hombres,1 January,2017,1 de enero de 2017,216643
10 años,Hombres,1 January,2017,1 de enero de 2017,254255
100 años,Hombres,1 January,2017,1 de enero de 2017,779
100 y más años,Hombres,1 January,2017,1 de enero de 2017,1820
101 años,Hombres,1 January,2017,1 de enero de 2017,463
102 años,Hombres,1 January,2017,1 de enero de 2017,270
103 años,Hombres,1 January,2017,1 de enero de 2017,148
104 años,Hombres,1 January,2017,1 de enero de 2017,87
105 y más años,Hombres,1 January,2017,1 de enero de 2017,73
11 años,Hombres,1 January,2017,1 de enero de 2017,248285
12 años,Hombres,1 January,2017,1 de enero de 2017,246768
13 años,Hombres,1 January,2017,1 de enero de 2017,241622
14 años,Hombres,1 January,2017,1 de enero de 2017,233491
15 años,Hombres,1 January,2017,1 de enero de 2017,231673
16 años,Hombres,1 January,2017,1 de enero de 2017,233573
17 años,Hombres,1 January,2017,1 de enero de 2017,227103
18 años,Hombres,1 January,2017,1 de enero de 2017,222604
19 años,Hombres,1 January,2017,1 de enero de 2017,224531
2 años,Hombres,1 January,2017,1 de enero de 2017,221449
20 años,Hombres,1 January,2017,1 de enero de 2017,222663
21 años,Hombres,1 January,2017,1 de enero de 2017,224079
22 años,Hombres,1 January,2017,1 de enero de 2017,227218
23 años,Hombres,1 January,2017,1 de enero de 2017,236350
24 años,Hombres,1 January,2017,1 de enero de 2017,244280
25 años,Hombres,1 January,2017,1 de enero de 2017,244871
26 años,Hombres,1 January,2017,1 de enero de 2017,248646
27 años,Hombres,1 January,2017,1 de enero de 2017,254522
28 años,Hombres,1 January,2017,1 de enero de 2017,260188
29 años,Hombres,1 January,2017,1 de enero de 2017,265357
3 años,Hombres,1 January,2017,1 de enero de 2017,219572
30 años,Hombres,1 January,2017,1 de enero de 2017,273287
31 años,Hombres,1 January,2017,1 de enero de 2017,284751
32 años,Hombres,1 January,2017,1 de enero de 2017,297582
33 años,Hombres,1 January,2017,1 de enero de 2017,309668
34 años,Hombres,1 January,2017,1 de enero de 2017,330065
35 años,Hombres,1 January,2017,1 de enero de 2017,347141
36 años,Hombres,1 January,2017,1 de enero de 2017,366377
37 años,Hombres,1 January,2017,1 de enero de 2017,378404
38 años,Hombres,1 January,2017,1 de enero de 2017,398239
39 años,Hombres,1 January,2017,1 de enero de 2017,406035
4 años,Hombres,1 January,2017,1 de enero de 2017,233728
40 años,Hombres,1 January,2017,1 de enero de 2017,412499
41 años,Hombres,1 January,2017,1 de enero de 2017,410986
42 años,Hombres,1 January,2017,1 de enero de 2017,407086
43 años,Hombres,1 January,2017,1 de enero de 2017,397019
44 años,Hombres,1 January,2017,1 de enero de 2017,394938
45 años,Hombres,1 January,2017,1 de enero de 2017,387429
46 años,Hombres,1 January,2017,1 de enero de 2017,381925
47 años,Hombres,1 January,2017,1 de enero de 2017,376232
48 años,Hombres,1 January,2017,1 de enero de 2017,372312
49 años,Hombres,1 January,2017,1 de enero de 2017,372929
5 años,Hombres,1 January,2017,1 de enero de 2017,242372
50 años,Hombres,1 January,2017,1 de enero de 2017,363059
51 años,Hombres,1 January,2017,1 de enero de 2017,357961
52 años,Hombres,1 January,2017,1 de enero de 2017,361432
53 años,Hombres,1 January,2017,1 de enero de 2017,343154
54 años,Hombres,1 January,2017,1 de enero de 2017,329981
55 años,Hombres,1 January,2017,1 de enero de 2017,320523
56 años,Hombres,1 January,2017,1 de enero de 2017,321021
57 años,Hombres,1 January,2017,1 de enero de 2017,310851
58 años,Hombres,1 January,2017,1 de enero de 2017,302579
59 años,Hombres,1 January,2017,1 de enero de 2017,293034
6 años,Hombres,1 January,2017,1 de enero de 2017,246938
60 años,Hombres,1 January,2017,1 de enero de 2017,272110
61 años,Hombres,1 January,2017,1 de enero de 2017,262660
62 años,Hombres,1 January,2017,1 de enero de 2017,248089
63 años,Hombres,1 January,2017,1 de enero de 2017,248115
64 años,Hombres,1 January,2017,1 de enero de 2017,246149
65 años,Hombres,1 January,2017,1 de enero de 2017,228179
66 años,Hombres,1 January,2017,1 de enero de 2017,221227
67 años,Hombres,1 January,2017,1 de enero de 2017,226678
68 años,Hombres,1 January,2017,1 de enero de 2017,235380
69 años,Hombres,1 January,2017,1 de enero de 2017,212795
7 años,Hombres,1 January,2017,1 de enero de 2017,252680
70 años,Hombres,1 January,2017,1 de enero de 2017,200140
71 años,Hombres,1 January,2017,1 de enero de 2017,206351
72 años,Hombres,1 January,2017,1 de enero de 2017,193569
73 años,Hombres,1 January,2017,1 de enero de 2017,187238
74 años,Hombres,1 January,2017,1 de enero de 2017,158735
75 años,Hombres,1 January,2017,1 de enero de 2017,143195
76 años,Hombres,1 January,2017,1 de enero de 2017,170257
77 años,Hombres,1 January,2017,1 de enero de 2017,108075
78 años,Hombres,1 January,2017,1 de enero de 2017,119392
79 años,Hombres,1 January,2017,1 de enero de 2017,128591
8 años,Hombres,1 January,2017,1 de enero de 2017,265168
80 años,Hombres,1 January,2017,1 de enero de 2017,132651
81 años,Hombres,1 January,2017,1 de enero de 2017,123823
82 años,Hombres,1 January,2017,1 de enero de 2017,115358
83 años,Hombres,1 January,2017,1 de enero de 2017,109734
84 años,Hombres,1 January,2017,1 de enero de 2017,100348
85 años,Hombres,1 January,2017,1 de enero de 2017,87082
85 y más años,Hombres,1 January,2017,1 de enero de 2017,467558
86 años,Hombres,1 January,2017,1 de enero de 2017,76841
87 años,Hombres,1 January,2017,1 de enero de 2017,64554
88 años,Hombres,1 January,2017,1 de enero de 2017,55033
89 años,Hombres,1 January,2017,1 de enero de 2017,43836
9 años,Hombres,1 January,2017,1 de enero de 2017,255751
90 años,Hombres,1 January,2017,1 de enero de 2017,36343
91 años,Hombres,1 January,2017,1 de enero de 2017,28225
92 años,Hombres,1 January,2017,1 de enero de 2017,22066
93 años,Hombres,1 January,2017,1 de enero de 2017,17008
94 años,Hombres,1 January,2017,1 de enero de 2017,12392
95 años,Hombres,1 January,2017,1 de enero de 2017,8648
96 años,Hombres,1 January,2017,1 de enero de 2017,5948
97 años,Hombres,1 January,2017,1 de enero de 2017,3689
98 años,Hombres,1 January,2017,1 de enero de 2017,2488
99 años,Hombres,1 January,2017,1 de enero de 2017,1585
Todas las edades,Hombres,1 January,2017,1 de enero de 2017,22831107
0 años,Mujeres,1 January,2017,1 de enero de 2017,198515
1 año,Mujeres,1 January,2017,1 de enero de 2017,204287
10 años,Mujeres,1 January,2017,1 de enero de 2017,239260
100 años,Mujeres,1 January,2017,1 de enero de 2017,3467
100 y más años,Mujeres,1 January,2017,1 de enero de 2017,9123
101 años,Mujeres,1 January,2017,1 de enero de 2017,2311
102 años,Mujeres,1 January,2017,1 de enero de 2017,1509
103 años,Mujeres,1 January,2017,1 de enero de 2017,874
104 años,Mujeres,1 January,2017,1 de enero de 2017,503
105 y más años,Mujeres,1 January,2017,1 de enero de 2017,459
11 años,Mujeres,1 January,2017,1 de enero de 2017,235732
12 años,Mujeres,1 January,2017,1 de enero de 2017,232539
13 años,Mujeres,1 January,2017,1 de enero de 2017,229788
14 años,Mujeres,1 January,2017,1 de enero de 2017,220706
15 años,Mujeres,1 January,2017,1 de enero de 2017,220111
16 años,Mujeres,1 January,2017,1 de enero de 2017,218816
17 años,Mujeres,1 January,2017,1 de enero de 2017,214870
18 años,Mujeres,1 January,2017,1 de enero de 2017,207762
19 años,Mujeres,1 January,2017,1 de enero de 2017,212582
2 años,Mujeres,1 January,2017,1 de enero de 2017,207568
20 años,Mujeres,1 January,2017,1 de enero de 2017,212004
21 años,Mujeres,1 January,2017,1 de enero de 2017,212637
22 años,Mujeres,1 January,2017,1 de enero de 2017,217236
23 años,Mujeres,1 January,2017,1 de enero de 2017,227537
24 años,Mujeres,1 January,2017,1 de enero de 2017,237316
25 años,Mujeres,1 January,2017,1 de enero de 2017,238277
26 años,Mujeres,1 January,2017,1 de enero de 2017,244541
27 años,Mujeres,1 January,2017,1 de enero de 2017,251526
28 años,Mujeres,1 January,2017,1 de enero de 2017,259122
29 años,Mujeres,1 January,2017,1 de enero de 2017,265387
3 años,Mujeres,1 January,2017,1 de enero de 2017,207261
30 años,Mujeres,1 January,2017,1 de enero de 2017,274688
31 años,Mujeres,1 January,2017,1 de enero de 2017,284851
32 años,Mujeres,1 January,2017,1 de enero de 2017,297578
33 años,Mujeres,1 January,2017,1 de enero de 2017,308406
34 años,Mujeres,1 January,2017,1 de enero de 2017,326715
35 años,Mujeres,1 January,2017,1 de enero de 2017,340878
36 años,Mujeres,1 January,2017,1 de enero de 2017,358615
37 años,Mujeres,1 January,2017,1 de enero de 2017,369401
38 años,Mujeres,1 January,2017,1 de enero de 2017,385286
39 años,Mujeres,1 January,2017,1 de enero de 2017,389403
4 años,Mujeres,1 January,2017,1 de enero de 2017,219782
40 años,Mujeres,1 January,2017,1 de enero de 2017,397845
41 años,Mujeres,1 January,2017,1 de enero de 2017,394015
42 años,Mujeres,1 January,2017,1 de enero de 2017,392342
43 años,Mujeres,1 January,2017,1 de enero de 2017,382351
44 años,Mujeres,1 January,2017,1 de enero de 2017,381190
45 años,Mujeres,1 January,2017,1 de enero de 2017,375606
46 años,Mujeres,1 January,2017,1 de enero de 2017,370996
47 años,Mujeres,1 January,2017,1 de enero de 2017,368669
48 años,Mujeres,1 January,2017,1 de enero de 2017,366513
49 años,Mujeres,1 January,2017,1 de enero de 2017,369721
5 años,Mujeres,1 January,2017,1 de enero de 2017,227815
50 años,Mujeres,1 January,2017,1 de enero de 2017,360339
51 años,Mujeres,1 January,2017,1 de enero de 2017,359033
52 años,Mujeres,1 January,2017,1 de enero de 2017,363931
53 años,Mujeres,1 January,2017,1 de enero de 2017,345945
54 años,Mujeres,1 January,2017,1 de enero de 2017,335574
55 años,Mujeres,1 January,2017,1 de enero de 2017,328217
56 años,Mujeres,1 January,2017,1 de enero de 2017,329642
57 años,Mujeres,1 January,2017,1 de enero de 2017,320435
58 años,Mujeres,1 January,2017,1 de enero de 2017,313415
59 años,Mujeres,1 January,2017,1 de enero de 2017,306020
6 años,Mujeres,1 January,2017,1 de enero de 2017,232394
60 años,Mujeres,1 January,2017,1 de enero de 2017,285342
61 años,Mujeres,1 January,2017,1 de enero de 2017,276733
62 años,Mujeres,1 January,2017,1 de enero de 2017,264791
63 años,Mujeres,1 January,2017,1 de enero de 2017,264072
64 años,Mujeres,1 January,2017,1 de enero de 2017,261747
65 años,Mujeres,1 January,2017,1 de enero de 2017,246234
66 años,Mujeres,1 January,2017,1 de enero de 2017,240564
67 años,Mujeres,1 January,2017,1 de enero de 2017,250795
68 años,Mujeres,1 January,2017,1 de enero de 2017,261564
69 años,Mujeres,1 January,2017,1 de enero de 2017,238758
7 años,Mujeres,1 January,2017,1 de enero de 2017,236326
70 años,Mujeres,1 January,2017,1 de enero de 2017,228627
71 años,Mujeres,1 January,2017,1 de enero de 2017,237863
72 años,Mujeres,1 January,2017,1 de enero de 2017,225188
73 años,Mujeres,1 January,2017,1 de enero de 2017,220733
74 años,Mujeres,1 January,2017,1 de enero de 2017,188916
75 años,Mujeres,1 January,2017,1 de enero de 2017,173091
76 años,Mujeres,1 January,2017,1 de enero de 2017,211626
77 años,Mujeres,1 January,2017,1 de enero de 2017,140883
78 años,Mujeres,1 January,2017,1 de enero de 2017,157423
79 años,Mujeres,1 January,2017,1 de enero de 2017,173869
8 años,Mujeres,1 January,2017,1 de enero de 2017,248828
80 años,Mujeres,1 January,2017,1 de enero de 2017,187736
81 años,Mujeres,1 January,2017,1 de enero de 2017,176934
82 años,Mujeres,1 January,2017,1 de enero de 2017,170364
83 años,Mujeres,1 January,2017,1 de enero de 2017,167821
84 años,Mujeres,1 January,2017,1 de enero de 2017,158682
85 años,Mujeres,1 January,2017,1 de enero de 2017,141808
85 y más años,Mujeres,1 January,2017,1 de enero de 2017,937354
86 años,Mujeres,1 January,2017,1 de enero de 2017,134351
87 años,Mujeres,1 January,2017,1 de enero de 2017,117199
88 años,Mujeres,1 January,2017,1 de enero de 2017,105605
89 años,Mujeres,1 January,2017,1 de enero de 2017,88550
9 años,Mujeres,1 January,2017,1 de enero de 2017,240431
90 años,Mujeres,1 January,2017,1 de enero de 2017,77890
91 años,Mujeres,1 January,2017,1 de enero de 2017,64013
92 años,Mujeres,1 January,2017,1 de enero de 2017,53338
93 años,Mujeres,1 January,2017,1 de enero de 2017,42389
94 años,Mujeres,1 January,2017,1 de enero de 2017,33988
95 años,Mujeres,1 January,2017,1 de enero de 2017,24573
96 años,Mujeres,1 January,2017,1 de enero de 2017,18061
97 años,Mujeres,1 January,2017,1 de enero de 2017,11884
98 años,Mujeres,1 January,2017,1 de enero de 2017,8642
99 años,Mujeres,1 January,2017,1 de enero de 2017,5940
Todas las edades,Mujeres,1 January,2017,1 de enero de 2017,23666286
0 años,Total,1 January,2017,1 de enero de 2017,408346
1 año,Total,1 January,2017,1 de enero de 2017,420930
10 años,Total,1 January,2017,1 de enero de 2017,493515
100 años,Total,1 January,2017,1 de enero de 2017,4246
100 y más años,Total,1 January,2017,1 de enero de 2017,10943
101 años,Total,1 January,2017,1 de enero de 2017,2774
102 años,Total,1 January,2017,1 de enero de 2017,1779
103 años,Total,1 January,2017,1 de enero de 2017,1022
104 años,Total,1 January,2017,1 de enero de 2017,590
105 y más años,Total,1 January,2017,1 de enero de 2017,532
11 años,Total,1 January,2017,1 de enero de 2017,484017
12 años,Total,1 January,2017,1 de enero de 2017,479307
13 años,Total,1 January,2017,1 de enero de 2017,471410
14 años,Total,1 January,2017,1 de enero de 2017,454197
15 años,Total,1 January,2017,1 de enero de 2017,451784
16 años,Total,1 January,2017,1 de enero de 2017,452389
17 años,Total,1 January,2017,1 de enero de 2017,441973
18 años,Total,1 January,2017,1 de enero de 2017,430366
19 años,Total,1 January,2017,1 de enero de 2017,437113
2 años,Total,1 January,2017,1 de enero de 2017,429017
20 años,Total,1 January,2017,1 de enero de 2017,434667
21 años,Total,1 January,2017,1 de enero de 2017,436716
22 años,Total,1 January,2017,1 de enero de 2017,444454
23 años,Total,1 January,2017,1 de enero de 2017,463887
24 años,Total,1 January,2017,1 de enero de 2017,481596
25 años,Total,1 January,2017,1 de enero de 2017,483148
26 años,Total,1 January,2017,1 de enero de 2017,493187
27 años,Total,1 January,2017,1 de enero de 2017,506048
28 años,Total,1 January,2017,1 de enero de 2017,519310
29 años,Total,1 January,2017,1 de enero de 2017,530744
3 años,Total,1 January,2017,1 de enero de 2017,426833
30 años,Total,1 January,2017,1 de enero de 2017,547975
31 años,Total,1 January,2017,1 de enero de 2017,569602
32 años,Total,1 January,2017,1 de enero de 2017,595160
33 años,Total,1 January,2017,1 de enero de 2017,618074
34 años,Total,1 January,2017,1 de enero de 2017,656780
35 años,Total,1 January,2017,1 de enero de 2017,688019
36 años,Total,1 January,2017,1 de enero de 2017,724992
37 años,Total,1 January,2017,1 de enero de 2017,747805
38 años,Total,1 January,2017,1 de enero de 2017,783525
39 años,Total,1 January,2017,1 de enero de 2017,795438
4 años,Total,1 January,2017,1 de enero de 2017,453510
40 años,Total,1 January,2017,1 de enero de 2017,810344
41 años,Total,1 January,2017,1 de enero de 2017,805001
42 años,Total,1 January,2017,1 de enero de 2017,799428
43 años,Total,1 January,2017,1 de enero de 2017,779370
44 años,Total,1 January,2017,1 de enero de 2017,776128
45 años,Total,1 January,2017,1 de enero de 2017,763035
46 años,Total,1 January,2017,1 de enero de 2017,752921
47 años,Total,1 January,2017,1 de enero de 2017,744901
48 años,Total,1 January,2017,1 de enero de 2017,738825
49 años,Total,1 January,2017,1 de enero de 2017,742650
5 años,Total,1 January,2017,1 de enero de 2017,470187
50 años,Total,1 January,2017,1 de enero de 2017,723398
51 años,Total,1 January,2017,1 de enero de 2017,716994
52 años,Total,1 January,2017,1 de enero de 2017,725363
53 años,Total,1 January,2017,1 de enero de 2017,689099
54 años,Total,1 January,2017,1 de enero de 2017,665555
55 años,Total,1 January,2017,1 de enero de 2017,648740
56 años,Total,1 January,2017,1 de enero de 2017,650663
57 años,Total,1 January,2017,1 de enero de 2017,631286
58 años,Total,1 January,2017,1 de enero de 2017,615994
59 años,Total,1 January,2017,1 de enero de 2017,599054
6 años,Total,1 January,2017,1 de enero de 2017,479332
60 años,Total,1 January,2017,1 de enero de 2017,557452
61 años,Total,1 January,2017,1 de enero de 2017,539393
62 años,Total,1 January,2017,1 de enero de 2017,512880
63 años,Total,1 January,2017,1 de enero de 2017,512187
64 años,Total,1 January,2017,1 de enero de 2017,507896
65 años,Total,1 January,2017,1 de enero de 2017,474413
66 años,Total,1 January,2017,1 de enero de 2017,461791
67 años,Total,1 January,2017,1 de enero de 2017,477473
68 años,Total,1 January,2017,1 de enero de 2017,496944
69 años,Total,1 January,2017,1 de enero de 2017,451553
7 años,Total,1 January,2017,1 de enero de 2017,489006
70 años,Total,1 January,2017,1 de enero de 2017,428767
71 años,Total,1 January,2017,1 de enero de 2017,444214
72 años,Total,1 January,2017,1 de enero de 2017,418757
73 años,Total,1 January,2017,1 de enero de 2017,407971
74 años,Total,1 January,2017,1 de enero de 2017,347651
75 años,Total,1 January,2017,1 de enero de 2017,316286
76 años,Total,1 January,2017,1 de enero de 2017,381883
77 años,Total,1 January,2017,1 de enero de 2017,248958
78 años,Total,1 January,2017,1 de enero de 2017,276815
79 años,Total,1 January,2017,1 de enero de 2017,302460
8 años,Total,1 January,2017,1 de enero de 2017,513996
80 años,Total,1 January,2017,1 de enero de 2017,320387
81 años,Total,1 January,2017,1 de enero de 2017,300757
82 años,Total,1 January,2017,1 de enero de 2017,285722
83 años,Total,1 January,2017,1 de enero de 2017,277555
84 años,Total,1 January,2017,1 de enero de 2017,259030
85 años,Total,1 January,2017,1 de enero de 2017,228890
85 y más años,Total,1 January,2017,1 de enero de 2017,1404912
86 años,Total,1 January,2017,1 de enero de 2017,211192
87 años,Total,1 January,2017,1 de enero de 2017,181753
88 años,Total,1 January,2017,1 de enero de 2017,160638
89 años,Total,1 January,2017,1 de enero de 2017,132386
9 años,Total,1 January,2017,1 de enero de 2017,496182
90 años,Total,1 January,2017,1 de enero de 2017,114233
91 años,Total,1 January,2017,1 de enero de 2017,92238
92 años,Total,1 January,2017,1 de enero de 2017,75404
93 años,Total,1 January,2017,1 de enero de 2017,59397
94 años,Total,1 January,2017,1 de enero de 2017,46380
95 años,Total,1 January,2017,1 de enero de 2017,33221
96 años,Total,1 January,2017,1 de enero de 2017,24009
97 años,Total,1 January,2017,1 de enero de 2017,15573
98 años,Total,1 January,2017,1 de enero de 2017,11130
99 años,Total,1 January,2017,1 de enero de 2017,7525
Todas las edades,Total,1 January,2017,1 de enero de 2017,46497393
0 años,Hombres,1 January,2018,1 de enero de 2018,201635
1 año,Hombres,1 January,2018,1 de enero de 2018,212383
10 años,Hombres,1 January,2018,1 de enero de 2018,256352
100 años,Hombres,1 January,2018,1 de enero de 2018,751
100 y más años,Hombres,1 January,2018,1 de enero de 2018,1795
101 años,Hombres,1 January,2018,1 de enero de 2018,445
102 años,Hombres,1 January,2018,1 de enero de 2018,265
103 años,Hombres,1 January,2018,1 de enero de 2018,160
104 años,Hombres,1 January,2018,1 de enero de 2018,86
105 y más años,Hombres,1 January,2018,1 de enero de 2018,88
11 años,Hombres,1 January,2018,1 de enero de 2018,254866
12 años,Hombres,1 January,2018,1 de enero de 2018,249011
13 años,Hombres,1 January,2018,1 de enero de 2018,247650
14 años,Hombres,1 January,2018,1 de enero de 2018,242527
15 años,Hombres,1 January,2018,1 de enero de 2018,234820
16 años,Hombres,1 January,2018,1 de enero de 2018,233105
17 años,Hombres,1 January,2018,1 de enero de 2018,235508
18 años,Hombres,1 January,2018,1 de enero de 2018,230244
19 años,Hombres,1 January,2018,1 de enero de 2018,225943
2 años,Hombres,1 January,2018,1 de enero de 2018,218879
20 años,Hombres,1 January,2018,1 de enero de 2018,228045
21 años,Hombres,1 January,2018,1 de enero de 2018,226152
22 años,Hombres,1 January,2018,1 de enero de 2018,227877
23 años,Hombres,1 January,2018,1 de enero de 2018,231344
24 años,Hombres,1 January,2018,1 de enero de 2018,240689
25 años,Hombres,1 January,2018,1 de enero de 2018,248583
26 años,Hombres,1 January,2018,1 de enero de 2018,249280
27 años,Hombres,1 January,2018,1 de enero de 2018,252901
28 años,Hombres,1 January,2018,1 de enero de 2018,258301
29 años,Hombres,1 January,2018,1 de enero de 2018,263601
3 años,Hombres,1 January,2018,1 de enero de 2018,223326
30 años,Hombres,1 January,2018,1 de enero de 2018,268468
31 años,Hombres,1 January,2018,1 de enero de 2018,275833
32 años,Hombres,1 January,2018,1 de enero de 2018,286723
33 años,Hombres,1 January,2018,1 de enero de 2018,299367
34 años,Hombres,1 January,2018,1 de enero de 2018,310886
35 años,Hombres,1 January,2018,1 de enero de 2018,331032
36 años,Hombres,1 January,2018,1 de enero de 2018,348127
37 años,Hombres,1 January,2018,1 de enero de 2018,366775
38 años,Hombres,1 January,2018,1 de enero de 2018,378443
39 años,Hombres,1 January,2018,1 de enero de 2018,397920
4 años,Hombres,1 January,2018,1 de enero de 2018,221253
40 años,Hombres,1 January,2018,1 de enero de 2018,405455
41 años,Hombres,1 January,2018,1 de enero de 2018,411754
42 años,Hombres,1 January,2018,1 de enero de 2018,409950
43 años,Hombres,1 January,2018,1 de enero de 2018,406071
44 años,Hombres,1 January,2018,1 de enero de 2018,395941
45 años,Hombres,1 January,2018,1 de enero de 2018,393873
46 años,Hombres,1 January,2018,1 de enero de 2018,386244
47 años,Hombres,1 January,2018,1 de enero de 2018,380504
48 años,Hombres,1 January,2018,1 de enero de 2018,374801
49 años,Hombres,1 January,2018,1 de enero de 2018,370662
5 años,Hombres,1 January,2018,1 de enero de 2018,235210
50 años,Hombres,1 January,2018,1 de enero de 2018,371219
51 años,Hombres,1 January,2018,1 de enero de 2018,361507
52 años,Hombres,1 January,2018,1 de enero de 2018,356189
53 años,Hombres,1 January,2018,1 de enero de 2018,359576
54 años,Hombres,1 January,2018,1 de enero de 2018,341401
55 años,Hombres,1 January,2018,1 de enero de 2018,328022
56 años,Hombres,1 January,2018,1 de enero de 2018,318601
57 años,Hombres,1 January,2018,1 de enero de 2018,318803
58 años,Hombres,1 January,2018,1 de enero de 2018,308660
59 años,Hombres,1 January,2018,1 de enero de 2018,300236
6 años,Hombres,1 January,2018,1 de enero de 2018,243136
60 años,Hombres,1 January,2018,1 de enero de 2018,290778
61 años,Hombres,1 January,2018,1 de enero de 2018,269836
62 años,Hombres,1 January,2018,1 de enero de 2018,260396
63 años,Hombres,1 January,2018,1 de enero de 2018,245783
64 años,Hombres,1 January,2018,1 de enero de 2018,245586
65 años,Hombres,1 January,2018,1 de enero de 2018,243629
66 años,Hombres,1 January,2018,1 de enero de 2018,225660
67 años,Hombres,1 January,2018,1 de enero de 2018,218314
68 años,Hombres,1 January,2018,1 de enero de 2018,223451
69 años,Hombres,1 January,2018,1 de enero de 2018,231423
7 años,Hombres,1 January,2018,1 de enero de 2018,247766
70 años,Hombres,1 January,2018,1 de enero de 2018,209105
71 años,Hombres,1 January,2018,1 de enero de 2018,196214
72 años,Hombres,1 January,2018,1 de enero de 2018,201759
73 años,Hombres,1 January,2018,1 de enero de 2018,188810
74 años,Hombres,1 January,2018,1 de enero de 2018,182227
75 años,Hombres,1 January,2018,1 de enero de 2018,154054
76 años,Hombres,1 January,2018,1 de enero de 2018,138486
77 años,Hombres,1 January,2018,1 de enero de 2018,164121
78 años,Hombres,1 January,2018,1 de enero de 2018,103460
79 años,Hombres,1 January,2018,1 de enero de 2018,113885
8 años,Hombres,1 January,2018,1 de enero de 2018,253529
80 años,Hombres,1 January,2018,1 de enero de 2018,122005
81 años,Hombres,1 January,2018,1 de enero de 2018,125152
82 años,Hombres,1 January,2018,1 de enero de 2018,116020
83 años,Hombres,1 January,2018,1 de enero de 2018,107311
84 años,Hombres,1 January,2018,1 de enero de 2018,101172
85 años,Hombres,1 January,2018,1 de enero de 2018,91525
85 y más años,Hombres,1 January,2018,1 de enero de 2018,488232
86 años,Hombres,1 January,2018,1 de enero de 2018,78464
87 años,Hombres,1 January,2018,1 de enero de 2018,68283
88 años,Hombres,1 January,2018,1 de enero de 2018,56405
89 años,Hombres,1 January,2018,1 de enero de 2018,47215
9 años,Hombres,1 January,2018,1 de enero de 2018,265772
90 años,Hombres,1 January,2018,1 de enero de 2018,36906
91 años,Hombres,1 January,2018,1 de enero de 2018,30073
92 años,Hombres,1 January,2018,1 de enero de 2018,22820
93 años,Hombres,1 January,2018,1 de enero de 2018,17371
94 años,Hombres,1 January,2018,1 de enero de 2018,13035
95 años,Hombres,1 January,2018,1 de enero de 2018,9300
96 años,Hombres,1 January,2018,1 de enero de 2018,6328
97 años,Hombres,1 January,2018,1 de enero de 2018,4329
98 años,Hombres,1 January,2018,1 de enero de 2018,2634
99 años,Hombres,1 January,2018,1 de enero de 2018,1749
Todas las edades,Hombres,1 January,2018,1 de enero de 2018,22889600
0 años,Mujeres,1 January,2018,1 de enero de 2018,190103
1 año,Mujeres,1 January,2018,1 de enero de 2018,200870
10 años,Mujeres,1 January,2018,1 de enero de 2018,241177
100 años,Mujeres,1 January,2018,1 de enero de 2018,3521
100 y más años,Mujeres,1 January,2018,1 de enero de 2018,9219
101 años,Mujeres,1 January,2018,1 de enero de 2018,2283
102 años,Mujeres,1 January,2018,1 de enero de 2018,1436
103 años,Mujeres,1 January,2018,1 de enero de 2018,925
104 años,Mujeres,1 January,2018,1 de enero de 2018,507
105 y más años,Mujeres,1 January,2018,1 de enero de 2018,547
11 años,Mujeres,1 January,2018,1 de enero de 2018,240109
12 años,Mujeres,1 January,2018,1 de enero de 2018,236577
13 años,Mujeres,1 January,2018,1 de enero de 2018,233550
14 años,Mujeres,1 January,2018,1 de enero de 2018,230828
15 años,Mujeres,1 January,2018,1 de enero de 2018,221785
16 años,Mujeres,1 January,2018,1 de enero de 2018,221202
17 años,Mujeres,1 January,2018,1 de enero de 2018,220110
18 años,Mujeres,1 January,2018,1 de enero de 2018,217416
19 años,Mujeres,1 January,2018,1 de enero de 2018,211209
2 años,Mujeres,1 January,2018,1 de enero de 2018,206416
20 años,Mujeres,1 January,2018,1 de enero de 2018,216724
21 años,Mujeres,1 January,2018,1 de enero de 2018,216450
22 años,Mujeres,1 January,2018,1 de enero de 2018,217663
23 años,Mujeres,1 January,2018,1 de enero de 2018,222608
24 años,Mujeres,1 January,2018,1 de enero de 2018,232857
25 años,Mujeres,1 January,2018,1 de enero de 2018,242504
26 años,Mujeres,1 January,2018,1 de enero de 2018,243297
27 años,Mujeres,1 January,2018,1 de enero de 2018,249094
28 años,Mujeres,1 January,2018,1 de enero de 2018,255691
29 años,Mujeres,1 January,2018,1 de enero de 2018,262685
3 años,Mujeres,1 January,2018,1 de enero de 2018,209468
30 años,Mujeres,1 January,2018,1 de enero de 2018,268462
31 años,Mujeres,1 January,2018,1 de enero de 2018,277492
32 años,Mujeres,1 January,2018,1 de enero de 2018,287361
33 años,Mujeres,1 January,2018,1 de enero de 2018,299684
34 años,Mujeres,1 January,2018,1 de enero de 2018,310298
35 años,Mujeres,1 January,2018,1 de enero de 2018,328373
36 años,Mujeres,1 January,2018,1 de enero de 2018,342585
37 años,Mujeres,1 January,2018,1 de enero de 2018,359805
38 años,Mujeres,1 January,2018,1 de enero de 2018,370392
39 años,Mujeres,1 January,2018,1 de enero de 2018,386206
4 años,Mujeres,1 January,2018,1 de enero de 2018,208786
40 años,Mujeres,1 January,2018,1 de enero de 2018,390217
41 años,Mujeres,1 January,2018,1 de enero de 2018,398485
42 años,Mujeres,1 January,2018,1 de enero de 2018,394555
43 años,Mujeres,1 January,2018,1 de enero de 2018,392997
44 años,Mujeres,1 January,2018,1 de enero de 2018,382824
45 años,Mujeres,1 January,2018,1 de enero de 2018,381395
46 años,Mujeres,1 January,2018,1 de enero de 2018,376045
47 años,Mujeres,1 January,2018,1 de enero de 2018,371443
48 años,Mujeres,1 January,2018,1 de enero de 2018,368678
49 años,Mujeres,1 January,2018,1 de enero de 2018,366572
5 años,Mujeres,1 January,2018,1 de enero de 2018,221195
50 años,Mujeres,1 January,2018,1 de enero de 2018,369838
51 años,Mujeres,1 January,2018,1 de enero de 2018,360442
52 años,Mujeres,1 January,2018,1 de enero de 2018,359117
53 años,Mujeres,1 January,2018,1 de enero de 2018,363933
54 años,Mujeres,1 January,2018,1 de enero de 2018,345890
55 años,Mujeres,1 January,2018,1 de enero de 2018,335406
56 años,Mujeres,1 January,2018,1 de enero de 2018,327949
57 años,Mujeres,1 January,2018,1 de enero de 2018,329228
58 años,Mujeres,1 January,2018,1 de enero de 2018,319905
59 años,Mujeres,1 January,2018,1 de enero de 2018,312821
6 años,Mujeres,1 January,2018,1 de enero de 2018,228494
60 años,Mujeres,1 January,2018,1 de enero de 2018,305553
61 años,Mujeres,1 January,2018,1 de enero de 2018,284814
62 años,Mujeres,1 January,2018,1 de enero de 2018,276210
63 años,Mujeres,1 January,2018,1 de enero de 2018,264110
64 años,Mujeres,1 January,2018,1 de enero de 2018,263405
65 años,Mujeres,1 January,2018,1 de enero de 2018,260984
66 años,Mujeres,1 January,2018,1 de enero de 2018,245510
67 años,Mujeres,1 January,2018,1 de enero de 2018,239417
68 años,Mujeres,1 January,2018,1 de enero de 2018,249387
69 años,Mujeres,1 January,2018,1 de enero de 2018,259843
7 años,Mujeres,1 January,2018,1 de enero de 2018,233266
70 años,Mujeres,1 January,2018,1 de enero de 2018,236874
71 años,Mujeres,1 January,2018,1 de enero de 2018,226619
72 años,Mujeres,1 January,2018,1 de enero de 2018,235595
73 años,Mujeres,1 January,2018,1 de enero de 2018,222671
74 años,Mujeres,1 January,2018,1 de enero de 2018,218022
75 años,Mujeres,1 January,2018,1 de enero de 2018,186138
76 años,Mujeres,1 January,2018,1 de enero de 2018,170261
77 años,Mujeres,1 January,2018,1 de enero de 2018,207831
78 años,Mujeres,1 January,2018,1 de enero de 2018,137770
79 años,Mujeres,1 January,2018,1 de enero de 2018,153577
8 años,Mujeres,1 January,2018,1 de enero de 2018,237321
80 años,Mujeres,1 January,2018,1 de enero de 2018,169104
81 años,Mujeres,1 January,2018,1 de enero de 2018,181846
82 años,Mujeres,1 January,2018,1 de enero de 2018,170414
83 años,Mujeres,1 January,2018,1 de enero de 2018,163209
84 años,Mujeres,1 January,2018,1 de enero de 2018,159541
85 años,Mujeres,1 January,2018,1 de enero de 2018,149728
85 y más años,Mujeres,1 January,2018,1 de enero de 2018,969351
86 años,Mujeres,1 January,2018,1 de enero de 2018,132347
87 años,Mujeres,1 January,2018,1 de enero de 2018,124061
88 años,Mujeres,1 January,2018,1 de enero de 2018,106767
89 años,Mujeres,1 January,2018,1 de enero de 2018,94722
9 años,Mujeres,1 January,2018,1 de enero de 2018,249561
90 años,Mujeres,1 January,2018,1 de enero de 2018,77836
91 años,Mujeres,1 January,2018,1 de enero de 2018,67275
92 años,Mujeres,1 January,2018,1 de enero de 2018,54230
93 años,Mujeres,1 January,2018,1 de enero de 2018,44399
94 años,Mujeres,1 January,2018,1 de enero de 2018,34294
95 años,Mujeres,1 January,2018,1 de enero de 2018,26981
96 años,Mujeres,1 January,2018,1 de enero de 2018,18865
97 años,Mujeres,1 January,2018,1 de enero de 2018,13561
98 años,Mujeres,1 January,2018,1 de enero de 2018,8770
99 años,Mujeres,1 January,2018,1 de enero de 2018,6296
Todas las edades,Mujeres,1 January,2018,1 de enero de 2018,23755470
0 años,Total,1 January,2018,1 de enero de 2018,391738
1 año,Total,1 January,2018,1 de enero de 2018,413253
10 años,Total,1 January,2018,1 de enero de 2018,497529
100 años,Total,1 January,2018,1 de enero de 2018,4272
100 y más años,Total,1 January,2018,1 de enero de 2018,11014
101 años,Total,1 January,2018,1 de enero de 2018,2728
102 años,Total,1 January,2018,1 de enero de 2018,1701
103 años,Total,1 January,2018,1 de enero de 2018,1085
104 años,Total,1 January,2018,1 de enero de 2018,593
105 y más años,Total,1 January,2018,1 de enero de 2018,635
11 años,Total,1 January,2018,1 de enero de 2018,494975
12 años,Total,1 January,2018,1 de enero de 2018,485588
13 años,Total,1 January,2018,1 de enero de 2018,481200
14 años,Total,1 January,2018,1 de enero de 2018,473355
15 años,Total,1 January,2018,1 de enero de 2018,456605
16 años,Total,1 January,2018,1 de enero de 2018,454307
17 años,Total,1 January,2018,1 de enero de 2018,455618
18 años,Total,1 January,2018,1 de enero de 2018,447660
19 años,Total,1 January,2018,1 de enero de 2018,437152
2 años,Total,1 January,2018,1 de enero de 2018,425295
20 años,Total,1 January,2018,1 de enero de 2018,444769
21 años,Total,1 January,2018,1 de enero de 2018,442602
22 años,Total,1 January,2018,1 de enero de 2018,445540
23 años,Total,1 January,2018,1 de enero de 2018,453952
24 años,Total,1 January,2018,1 de enero de 2018,473546
25 años,Total,1 January,2018,1 de enero de 2018,491087
26 años,Total,1 January,2018,1 de enero de 2018,492577
27 años,Total,1 January,2018,1 de enero de 2018,501995
28 años,Total,1 January,2018,1 de enero de 2018,513992
29 años,Total,1 January,2018,1 de enero de 2018,526286
3 años,Total,1 January,2018,1 de enero de 2018,432794
30 años,Total,1 January,2018,1 de enero de 2018,536930
31 años,Total,1 January,2018,1 de enero de 2018,553325
32 años,Total,1 January,2018,1 de enero de 2018,574084
33 años,Total,1 January,2018,1 de enero de 2018,599051
34 años,Total,1 January,2018,1 de enero de 2018,621184
35 años,Total,1 January,2018,1 de enero de 2018,659405
36 años,Total,1 January,2018,1 de enero de 2018,690712
37 años,Total,1 January,2018,1 de enero de 2018,726580
38 años,Total,1 January,2018,1 de enero de 2018,748835
39 años,Total,1 January,2018,1 de enero de 2018,784126
4 años,Total,1 January,2018,1 de enero de 2018,430039
40 años,Total,1 January,2018,1 de enero de 2018,795672
41 años,Total,1 January,2018,1 de enero de 2018,810239
42 años,Total,1 January,2018,1 de enero de 2018,804505
43 años,Total,1 January,2018,1 de enero de 2018,799068
44 años,Total,1 January,2018,1 de enero de 2018,778765
45 años,Total,1 January,2018,1 de enero de 2018,775268
46 años,Total,1 January,2018,1 de enero de 2018,762289
47 años,Total,1 January,2018,1 de enero de 2018,751947
48 años,Total,1 January,2018,1 de enero de 2018,743479
49 años,Total,1 January,2018,1 de enero de 2018,737234
5 años,Total,1 January,2018,1 de enero de 2018,456405
50 años,Total,1 January,2018,1 de enero de 2018,741057
51 años,Total,1 January,2018,1 de enero de 2018,721949
52 años,Total,1 January,2018,1 de enero de 2018,715306
53 años,Total,1 January,2018,1 de enero de 2018,723509
54 años,Total,1 January,2018,1 de enero de 2018,687291
55 años,Total,1 January,2018,1 de enero de 2018,663428
56 años,Total,1 January,2018,1 de enero de 2018,646550
57 años,Total,1 January,2018,1 de enero de 2018,648031
58 años,Total,1 January,2018,1 de enero de 2018,628565
59 años,Total,1 January,2018,1 de enero de 2018,613057
6 años,Total,1 January,2018,1 de enero de 2018,471630
60 años,Total,1 January,2018,1 de enero de 2018,596331
61 años,Total,1 January,2018,1 de enero de 2018,554650
62 años,Total,1 January,2018,1 de enero de 2018,536606
63 años,Total,1 January,2018,1 de enero de 2018,509893
64 años,Total,1 January,2018,1 de enero de 2018,508991
65 años,Total,1 January,2018,1 de enero de 2018,504613
66 años,Total,1 January,2018,1 de enero de 2018,471170
67 años,Total,1 January,2018,1 de enero de 2018,457731
68 años,Total,1 January,2018,1 de enero de 2018,472838
69 años,Total,1 January,2018,1 de enero de 2018,491266
7 años,Total,1 January,2018,1 de enero de 2018,481032
70 años,Total,1 January,2018,1 de enero de 2018,445979
71 años,Total,1 January,2018,1 de enero de 2018,422833
72 años,Total,1 January,2018,1 de enero de 2018,437354
73 años,Total,1 January,2018,1 de enero de 2018,411481
74 años,Total,1 January,2018,1 de enero de 2018,400249
75 años,Total,1 January,2018,1 de enero de 2018,340192
76 años,Total,1 January,2018,1 de enero de 2018,308747
77 años,Total,1 January,2018,1 de enero de 2018,371952
78 años,Total,1 January,2018,1 de enero de 2018,241230
79 años,Total,1 January,2018,1 de enero de 2018,267462
8 años,Total,1 January,2018,1 de enero de 2018,490850
80 años,Total,1 January,2018,1 de enero de 2018,291109
81 años,Total,1 January,2018,1 de enero de 2018,306998
82 años,Total,1 January,2018,1 de enero de 2018,286434
83 años,Total,1 January,2018,1 de enero de 2018,270520
84 años,Total,1 January,2018,1 de enero de 2018,260713
85 años,Total,1 January,2018,1 de enero de 2018,241253
85 y más años,Total,1 January,2018,1 de enero de 2018,1457583
86 años,Total,1 January,2018,1 de enero de 2018,210811
87 años,Total,1 January,2018,1 de enero de 2018,192344
88 años,Total,1 January,2018,1 de enero de 2018,163172
89 años,Total,1 January,2018,1 de enero de 2018,141937
9 años,Total,1 January,2018,1 de enero de 2018,515333
90 años,Total,1 January,2018,1 de enero de 2018,114742
91 años,Total,1 January,2018,1 de enero de 2018,97348
92 años,Total,1 January,2018,1 de enero de 2018,77050
93 años,Total,1 January,2018,1 de enero de 2018,61770
94 años,Total,1 January,2018,1 de enero de 2018,47329
95 años,Total,1 January,2018,1 de enero de 2018,36281
96 años,Total,1 January,2018,1 de enero de 2018,25193
97 años,Total,1 January,2018,1 de enero de 2018,17890
98 años,Total,1 January,2018,1 de enero de 2018,11404
99 años,Total,1 January,2018,1 de enero de 2018,8045
Todas las edades,Total,1 January,2018,1 de enero de 2018,46645070
0 años,Hombres,1 January,2019,1 de enero de 2019,189807
1 año,Hombres,1 January,2019,1 de enero de 2019,204031
10 años,Hombres,1 January,2019,1 de enero de 2019,267188
100 años,Hombres,1 January,2019,1 de enero de 2019,848
100 y más años,Hombres,1 January,2019,1 de enero de 2019,1882
101 años,Hombres,1 January,2019,1 de enero de 2019,458
102 años,Hombres,1 January,2019,1 de enero de 2019,249
103 años,Hombres,1 January,2019,1 de enero de 2019,140
104 años,Hombres,1 January,2019,1 de enero de 2019,85
105 y más años,Hombres,1 January,2019,1 de enero de 2019,102
11 años,Hombres,1 January,2019,1 de enero de 2019,257481
12 años,Hombres,1 January,2019,1 de enero de 2019,256028
13 años,Hombres,1 January,2019,1 de enero de 2019,250338
14 años,Hombres,1 January,2019,1 de enero de 2019,249183
15 años,Hombres,1 January,2019,1 de enero de 2019,244354
16 años,Hombres,1 January,2019,1 de enero de 2019,237187
17 años,Hombres,1 January,2019,1 de enero de 2019,236309
18 años,Hombres,1 January,2019,1 de enero de 2019,240320
19 años,Hombres,1 January,2019,1 de enero de 2019,235000
2 años,Hombres,1 January,2019,1 de enero de 2019,215125
20 años,Hombres,1 January,2019,1 de enero de 2019,230479
21 años,Hombres,1 January,2019,1 de enero de 2019,233038
22 años,Hombres,1 January,2019,1 de enero de 2019,231390
23 años,Hombres,1 January,2019,1 de enero de 2019,233721
24 años,Hombres,1 January,2019,1 de enero de 2019,237639
25 años,Hombres,1 January,2019,1 de enero de 2019,247206
26 años,Hombres,1 January,2019,1 de enero de 2019,255124
27 años,Hombres,1 January,2019,1 de enero de 2019,255557
28 años,Hombres,1 January,2019,1 de enero de 2019,259150
29 años,Hombres,1 January,2019,1 de enero de 2019,263980
3 años,Hombres,1 January,2019,1 de enero de 2019,221245
30 años,Hombres,1 January,2019,1 de enero de 2019,269464
31 años,Hombres,1 January,2019,1 de enero de 2019,273632
32 años,Hombres,1 January,2019,1 de enero de 2019,280478
33 años,Hombres,1 January,2019,1 de enero de 2019,290857
34 años,Hombres,1 January,2019,1 de enero de 2019,303076
35 años,Hombres,1 January,2019,1 de enero de 2019,314249
36 años,Hombres,1 January,2019,1 de enero de 2019,334065
37 años,Hombres,1 January,2019,1 de enero de 2019,350924
38 años,Hombres,1 January,2019,1 de enero de 2019,369319
39 años,Hombres,1 January,2019,1 de enero de 2019,380259
4 años,Hombres,1 January,2019,1 de enero de 2019,225780
40 años,Hombres,1 January,2019,1 de enero de 2019,399259
41 años,Hombres,1 January,2019,1 de enero de 2019,406364
42 años,Hombres,1 January,2019,1 de enero de 2019,412429
43 años,Hombres,1 January,2019,1 de enero de 2019,410380
44 años,Hombres,1 January,2019,1 de enero de 2019,406453
45 años,Hombres,1 January,2019,1 de enero de 2019,396081
46 años,Hombres,1 January,2019,1 de enero de 2019,393890
47 años,Hombres,1 January,2019,1 de enero de 2019,386150
48 años,Hombres,1 January,2019,1 de enero de 2019,380234
49 años,Hombres,1 January,2019,1 de enero de 2019,374366
5 años,Hombres,1 January,2019,1 de enero de 2019,223309
50 años,Hombres,1 January,2019,1 de enero de 2019,369897
51 años,Hombres,1 January,2019,1 de enero de 2019,370361
52 años,Hombres,1 January,2019,1 de enero de 2019,360498
53 años,Hombres,1 January,2019,1 de enero de 2019,355079
54 años,Hombres,1 January,2019,1 de enero de 2019,358337
55 años,Hombres,1 January,2019,1 de enero de 2019,339847
56 años,Hombres,1 January,2019,1 de enero de 2019,326692
57 años,Hombres,1 January,2019,1 de enero de 2019,317054
58 años,Hombres,1 January,2019,1 de enero de 2019,317036
59 años,Hombres,1 January,2019,1 de enero de 2019,306794
6 años,Hombres,1 January,2019,1 de enero de 2019,237191
60 años,Hombres,1 January,2019,1 de enero de 2019,298200
61 años,Hombres,1 January,2019,1 de enero de 2019,288863
62 años,Hombres,1 January,2019,1 de enero de 2019,267674
63 años,Hombres,1 January,2019,1 de enero de 2019,258189
64 años,Hombres,1 January,2019,1 de enero de 2019,243481
65 años,Hombres,1 January,2019,1 de enero de 2019,243258
66 años,Hombres,1 January,2019,1 de enero de 2019,241177
67 años,Hombres,1 January,2019,1 de enero de 2019,223074
68 años,Hombres,1 January,2019,1 de enero de 2019,215480
69 años,Hombres,1 January,2019,1 de enero de 2019,220128
7 años,Hombres,1 January,2019,1 de enero de 2019,244459
70 años,Hombres,1 January,2019,1 de enero de 2019,227536
71 años,Hombres,1 January,2019,1 de enero de 2019,205113
72 años,Hombres,1 January,2019,1 de enero de 2019,192089
73 años,Hombres,1 January,2019,1 de enero de 2019,197120
74 años,Hombres,1 January,2019,1 de enero de 2019,184054
75 años,Hombres,1 January,2019,1 de enero de 2019,177135
76 años,Hombres,1 January,2019,1 de enero de 2019,149179
77 años,Hombres,1 January,2019,1 de enero de 2019,133599
78 años,Hombres,1 January,2019,1 de enero de 2019,157638
79 años,Hombres,1 January,2019,1 de enero de 2019,98806
8 años,Hombres,1 January,2019,1 de enero de 2019,249437
80 años,Hombres,1 January,2019,1 de enero de 2019,108147
81 años,Hombres,1 January,2019,1 de enero de 2019,115309
82 años,Hombres,1 January,2019,1 de enero de 2019,117414
83 años,Hombres,1 January,2019,1 de enero de 2019,107938
84 años,Hombres,1 January,2019,1 de enero de 2019,99004
85 años,Hombres,1 January,2019,1 de enero de 2019,92371
85 y más años,Hombres,1 January,2019,1 de enero de 2019,507378
86 años,Hombres,1 January,2019,1 de enero de 2019,82646
87 años,Hombres,1 January,2019,1 de enero de 2019,69793
88 años,Hombres,1 January,2019,1 de enero de 2019,59875
89 años,Hombres,1 January,2019,1 de enero de 2019,48636
9 años,Hombres,1 January,2019,1 de enero de 2019,255220
90 años,Hombres,1 January,2019,1 de enero de 2019,40009
91 años,Hombres,1 January,2019,1 de enero de 2019,30457
92 años,Hombres,1 January,2019,1 de enero de 2019,24285
93 años,Hombres,1 January,2019,1 de enero de 2019,18040
94 años,Hombres,1 January,2019,1 de enero de 2019,13316
95 años,Hombres,1 January,2019,1 de enero de 2019,9777
96 años,Hombres,1 January,2019,1 de enero de 2019,6815
97 años,Hombres,1 January,2019,1 de enero de 2019,4496
98 años,Hombres,1 January,2019,1 de enero de 2019,3084
99 años,Hombres,1 January,2019,1 de enero de 2019,1896
Todas las edades,Hombres,1 January,2019,1 de enero de 2019,23016783
0 años,Mujeres,1 January,2019,1 de enero de 2019,179668
1 año,Mujeres,1 January,2019,1 de enero de 2019,192210
10 años,Mujeres,1 January,2019,1 de enero de 2019,250858
100 años,Mujeres,1 January,2019,1 de enero de 2019,3808
100 y más años,Mujeres,1 January,2019,1 de enero de 2019,9505
101 años,Mujeres,1 January,2019,1 de enero de 2019,2310
102 años,Mujeres,1 January,2019,1 de enero de 2019,1415
103 años,Mujeres,1 January,2019,1 de enero de 2019,847
104 años,Mujeres,1 January,2019,1 de enero de 2019,554
105 y más años,Mujeres,1 January,2019,1 de enero de 2019,571
11 años,Mujeres,1 January,2019,1 de enero de 2019,242358
12 años,Mujeres,1 January,2019,1 de enero de 2019,241394
13 años,Mujeres,1 January,2019,1 de enero de 2019,237950
14 años,Mujeres,1 January,2019,1 de enero de 2019,235036
15 años,Mujeres,1 January,2019,1 de enero de 2019,232318
16 años,Mujeres,1 January,2019,1 de enero de 2019,223400
17 años,Mujeres,1 January,2019,1 de enero de 2019,222890
18 años,Mujeres,1 January,2019,1 de enero de 2019,223681
19 años,Mujeres,1 January,2019,1 de enero de 2019,221943
2 años,Mujeres,1 January,2019,1 de enero de 2019,203385
20 años,Mujeres,1 January,2019,1 de enero de 2019,216092
21 años,Mujeres,1 January,2019,1 de enero de 2019,222196
22 años,Mujeres,1 January,2019,1 de enero de 2019,222469
23 años,Mujeres,1 January,2019,1 de enero de 2019,224494
24 años,Mujeres,1 January,2019,1 de enero de 2019,229669
25 años,Mujeres,1 January,2019,1 de enero de 2019,239876
26 años,Mujeres,1 January,2019,1 de enero de 2019,249148
27 años,Mujeres,1 January,2019,1 de enero de 2019,249372
28 años,Mujeres,1 January,2019,1 de enero de 2019,255135
29 años,Mujeres,1 January,2019,1 de enero de 2019,261541
3 años,Mujeres,1 January,2019,1 de enero de 2019,208809
30 años,Mujeres,1 January,2019,1 de enero de 2019,268060
31 años,Mujeres,1 January,2019,1 de enero de 2019,273265
32 años,Mujeres,1 January,2019,1 de enero de 2019,281842
33 años,Mujeres,1 January,2019,1 de enero de 2019,291625
34 años,Mujeres,1 January,2019,1 de enero de 2019,303476
35 años,Mujeres,1 January,2019,1 de enero de 2019,313980
36 años,Mujeres,1 January,2019,1 de enero de 2019,331810
37 años,Mujeres,1 January,2019,1 de enero de 2019,345837
38 años,Mujeres,1 January,2019,1 de enero de 2019,362875
39 años,Mujeres,1 January,2019,1 de enero de 2019,373131
4 años,Mujeres,1 January,2019,1 de enero de 2019,211690
40 años,Mujeres,1 January,2019,1 de enero de 2019,388624
41 años,Mujeres,1 January,2019,1 de enero de 2019,392271
42 años,Mujeres,1 January,2019,1 de enero de 2019,400330
43 años,Mujeres,1 January,2019,1 de enero de 2019,396197
44 años,Mujeres,1 January,2019,1 de enero de 2019,394612
45 años,Mujeres,1 January,2019,1 de enero de 2019,384255
46 años,Mujeres,1 January,2019,1 de enero de 2019,382808
47 años,Mujeres,1 January,2019,1 de enero de 2019,377295
48 años,Mujeres,1 January,2019,1 de enero de 2019,372682
49 años,Mujeres,1 January,2019,1 de enero de 2019,369704
5 años,Mujeres,1 January,2019,1 de enero de 2019,210860
50 años,Mujeres,1 January,2019,1 de enero de 2019,367607
51 años,Mujeres,1 January,2019,1 de enero de 2019,370799
52 años,Mujeres,1 January,2019,1 de enero de 2019,361277
53 años,Mujeres,1 January,2019,1 de enero de 2019,359757
54 años,Mujeres,1 January,2019,1 de enero de 2019,364410
55 años,Mujeres,1 January,2019,1 de enero de 2019,346448
56 años,Mujeres,1 January,2019,1 de enero de 2019,335811
57 años,Mujeres,1 January,2019,1 de enero de 2019,328190
58 años,Mujeres,1 January,2019,1 de enero de 2019,329331
59 años,Mujeres,1 January,2019,1 de enero de 2019,319915
6 años,Mujeres,1 January,2019,1 de enero de 2019,223092
60 años,Mujeres,1 January,2019,1 de enero de 2019,312703
61 años,Mujeres,1 January,2019,1 de enero de 2019,305397
62 años,Mujeres,1 January,2019,1 de enero de 2019,284647
63 años,Mujeres,1 January,2019,1 de enero de 2019,275889
64 años,Mujeres,1 January,2019,1 de enero de 2019,263692
65 años,Mujeres,1 January,2019,1 de enero de 2019,262915
66 años,Mujeres,1 January,2019,1 de enero de 2019,260343
67 años,Mujeres,1 January,2019,1 de enero de 2019,244713
68 años,Mujeres,1 January,2019,1 de enero de 2019,238375
69 años,Mujeres,1 January,2019,1 de enero de 2019,248029
7 años,Mujeres,1 January,2019,1 de enero de 2019,229849
70 años,Mujeres,1 January,2019,1 de enero de 2019,258152
71 años,Mujeres,1 January,2019,1 de enero de 2019,235132
72 años,Mujeres,1 January,2019,1 de enero de 2019,224606
73 años,Mujeres,1 January,2019,1 de enero de 2019,233261
74 años,Mujeres,1 January,2019,1 de enero de 2019,219984
75 años,Mujeres,1 January,2019,1 de enero de 2019,215196
76 años,Mujeres,1 January,2019,1 de enero de 2019,183247
77 años,Mujeres,1 January,2019,1 de enero de 2019,167225
78 años,Mujeres,1 January,2019,1 de enero de 2019,203652
79 años,Mujeres,1 January,2019,1 de enero de 2019,134395
8 años,Mujeres,1 January,2019,1 de enero de 2019,234984
80 años,Mujeres,1 January,2019,1 de enero de 2019,149278
81 años,Mujeres,1 January,2019,1 de enero de 2019,163792
82 años,Mujeres,1 January,2019,1 de enero de 2019,175217
83 años,Mujeres,1 January,2019,1 de enero de 2019,163326
84 años,Mujeres,1 January,2019,1 de enero de 2019,155558
85 años,Mujeres,1 January,2019,1 de enero de 2019,150458
85 y más años,Mujeres,1 January,2019,1 de enero de 2019,999951
86 años,Mujeres,1 January,2019,1 de enero de 2019,140093
87 años,Mujeres,1 January,2019,1 de enero de 2019,122320
88 años,Mujeres,1 January,2019,1 de enero de 2019,113239
89 años,Mujeres,1 January,2019,1 de enero de 2019,96056
9 años,Mujeres,1 January,2019,1 de enero de 2019,238902
90 años,Mujeres,1 January,2019,1 de enero de 2019,83641
91 años,Mujeres,1 January,2019,1 de enero de 2019,67453
92 años,Mujeres,1 January,2019,1 de enero de 2019,57315
93 años,Mujeres,1 January,2019,1 de enero de 2019,45252
94 años,Mujeres,1 January,2019,1 de enero de 2019,35982
95 años,Mujeres,1 January,2019,1 de enero de 2019,27280
96 años,Mujeres,1 January,2019,1 de enero de 2019,20730
97 años,Mujeres,1 January,2019,1 de enero de 2019,14157
98 años,Mujeres,1 January,2019,1 de enero de 2019,10068
99 años,Mujeres,1 January,2019,1 de enero de 2019,6402
Todas las edades,Mujeres,1 January,2019,1 de enero de 2019,23902168
0 años,Total,1 January,2019,1 de enero de 2019,369475
1 año,Total,1 January,2019,1 de enero de 2019,396241
10 años,Total,1 January,2019,1 de enero de 2019,518046
100 años,Total,1 January,2019,1 de enero de 2019,4656
100 y más años,Total,1 January,2019,1 de enero de 2019,11387
101 años,Total,1 January,2019,1 de enero de 2019,2768
102 años,Total,1 January,2019,1 de enero de 2019,1664
103 años,Total,1 January,2019,1 de enero de 2019,987
104 años,Total,1 January,2019,1 de enero de 2019,639
105 y más años,Total,1 January,2019,1 de enero de 2019,673
11 años,Total,1 January,2019,1 de enero de 2019,499839
12 años,Total,1 January,2019,1 de enero de 2019,497422
13 años,Total,1 January,2019,1 de enero de 2019,488288
14 años,Total,1 January,2019,1 de enero de 2019,484219
15 años,Total,1 January,2019,1 de enero de 2019,476672
16 años,Total,1 January,2019,1 de enero de 2019,460587
17 años,Total,1 January,2019,1 de enero de 2019,459199
18 años,Total,1 January,2019,1 de enero de 2019,464001
19 años,Total,1 January,2019,1 de enero de 2019,456943
2 años,Total,1 January,2019,1 de enero de 2019,418510
20 años,Total,1 January,2019,1 de enero de 2019,446571
21 años,Total,1 January,2019,1 de enero de 2019,455234
22 años,Total,1 January,2019,1 de enero de 2019,453859
23 años,Total,1 January,2019,1 de enero de 2019,458215
24 años,Total,1 January,2019,1 de enero de 2019,467308
25 años,Total,1 January,2019,1 de enero de 2019,487082
26 años,Total,1 January,2019,1 de enero de 2019,504272
27 años,Total,1 January,2019,1 de enero de 2019,504929
28 años,Total,1 January,2019,1 de enero de 2019,514285
29 años,Total,1 January,2019,1 de enero de 2019,525521
3 años,Total,1 January,2019,1 de enero de 2019,430054
30 años,Total,1 January,2019,1 de enero de 2019,537524
31 años,Total,1 January,2019,1 de enero de 2019,546897
32 años,Total,1 January,2019,1 de enero de 2019,562320
33 años,Total,1 January,2019,1 de enero de 2019,582482
34 años,Total,1 January,2019,1 de enero de 2019,606552
35 años,Total,1 January,2019,1 de enero de 2019,628229
36 años,Total,1 January,2019,1 de enero de 2019,665875
37 años,Total,1 January,2019,1 de enero de 2019,696761
38 años,Total,1 January,2019,1 de enero de 2019,732194
39 años,Total,1 January,2019,1 de enero de 2019,753390
4 años,Total,1 January,2019,1 de enero de 2019,437470
40 años,Total,1 January,2019,1 de enero de 2019,787883
41 años,Total,1 January,2019,1 de enero de 2019,798635
42 años,Total,1 January,2019,1 de enero de 2019,812759
43 años,Total,1 January,2019,1 de enero de 2019,806577
44 años,Total,1 January,2019,1 de enero de 2019,801065
45 años,Total,1 January,2019,1 de enero de 2019,780336
46 años,Total,1 January,2019,1 de enero de 2019,776698
47 años,Total,1 January,2019,1 de enero de 2019,763445
48 años,Total,1 January,2019,1 de enero de 2019,752916
49 años,Total,1 January,2019,1 de enero de 2019,744070
5 años,Total,1 January,2019,1 de enero de 2019,434169
50 años,Total,1 January,2019,1 de enero de 2019,737504
51 años,Total,1 January,2019,1 de enero de 2019,741160
52 años,Total,1 January,2019,1 de enero de 2019,721775
53 años,Total,1 January,2019,1 de enero de 2019,714836
54 años,Total,1 January,2019,1 de enero de 2019,722747
55 años,Total,1 January,2019,1 de enero de 2019,686295
56 años,Total,1 January,2019,1 de enero de 2019,662503
57 años,Total,1 January,2019,1 de enero de 2019,645244
58 años,Total,1 January,2019,1 de enero de 2019,646367
59 años,Total,1 January,2019,1 de enero de 2019,626709
6 años,Total,1 January,2019,1 de enero de 2019,460283
60 años,Total,1 January,2019,1 de enero de 2019,610903
61 años,Total,1 January,2019,1 de enero de 2019,594260
62 años,Total,1 January,2019,1 de enero de 2019,552321
63 años,Total,1 January,2019,1 de enero de 2019,534078
64 años,Total,1 January,2019,1 de enero de 2019,507173
65 años,Total,1 January,2019,1 de enero de 2019,506173
66 años,Total,1 January,2019,1 de enero de 2019,501520
67 años,Total,1 January,2019,1 de enero de 2019,467787
68 años,Total,1 January,2019,1 de enero de 2019,453855
69 años,Total,1 January,2019,1 de enero de 2019,468157
7 años,Total,1 January,2019,1 de enero de 2019,474308
70 años,Total,1 January,2019,1 de enero de 2019,485688
71 años,Total,1 January,2019,1 de enero de 2019,440245
72 años,Total,1 January,2019,1 de enero de 2019,416695
73 años,Total,1 January,2019,1 de enero de 2019,430381
74 años,Total,1 January,2019,1 de enero de 2019,404038
75 años,Total,1 January,2019,1 de enero de 2019,392331
76 años,Total,1 January,2019,1 de enero de 2019,332426
77 años,Total,1 January,2019,1 de enero de 2019,300824
78 años,Total,1 January,2019,1 de enero de 2019,361290
79 años,Total,1 January,2019,1 de enero de 2019,233201
8 años,Total,1 January,2019,1 de enero de 2019,484421
80 años,Total,1 January,2019,1 de enero de 2019,257425
81 años,Total,1 January,2019,1 de enero de 2019,279101
82 años,Total,1 January,2019,1 de enero de 2019,292631
83 años,Total,1 January,2019,1 de enero de 2019,271264
84 años,Total,1 January,2019,1 de enero de 2019,254562
85 años,Total,1 January,2019,1 de enero de 2019,242829
85 y más años,Total,1 January,2019,1 de enero de 2019,1507329
86 años,Total,1 January,2019,1 de enero de 2019,222739
87 años,Total,1 January,2019,1 de enero de 2019,192113
88 años,Total,1 January,2019,1 de enero de 2019,173114
89 años,Total,1 January,2019,1 de enero de 2019,144692
9 años,Total,1 January,2019,1 de enero de 2019,494122
90 años,Total,1 January,2019,1 de enero de 2019,123650
91 años,Total,1 January,2019,1 de enero de 2019,97910
92 años,Total,1 January,2019,1 de enero de 2019,81600
93 años,Total,1 January,2019,1 de enero de 2019,63292
94 años,Total,1 January,2019,1 de enero de 2019,49298
95 años,Total,1 January,2019,1 de enero de 2019,37057
96 años,Total,1 January,2019,1 de enero de 2019,27545
97 años,Total,1 January,2019,1 de enero de 2019,18653
98 años,Total,1 January,2019,1 de enero de 2019,13152
99 años,Total,1 January,2019,1 de enero de 2019,8298
Todas las edades,Total,1 January,2019,1 de enero de 2019,46918951
0 años,Hombres,1 January,2020,1 de enero de 2020,185523
1 año,Hombres,1 January,2020,1 de enero de 2020,192118
10 años,Hombres,1 January,2020,1 de enero de 2020,257653
100 años,Hombres,1 January,2020,1 de enero de 2020,907
100 y más años,Hombres,1 January,2020,1 de enero de 2020,2052
101 años,Hombres,1 January,2020,1 de enero de 2020,523
102 años,Hombres,1 January,2020,1 de enero de 2020,279
103 años,Hombres,1 January,2020,1 de enero de 2020,156
104 años,Hombres,1 January,2020,1 de enero de 2020,80
105 y más años,Hombres,1 January,2020,1 de enero de 2020,107
11 años,Hombres,1 January,2020,1 de enero de 2020,269139
12 años,Hombres,1 January,2020,1 de enero de 2020,259364
13 años,Hombres,1 January,2020,1 de enero de 2020,257981
14 años,Hombres,1 January,2020,1 de enero de 2020,252429
15 años,Hombres,1 January,2020,1 de enero de 2020,251611
16 años,Hombres,1 January,2020,1 de enero de 2020,247308
17 años,Hombres,1 January,2020,1 de enero de 2020,241195
18 años,Hombres,1 January,2020,1 de enero de 2020,242310
19 años,Hombres,1 January,2020,1 de enero de 2020,246580
2 años,Hombres,1 January,2020,1 de enero de 2020,207192
20 años,Hombres,1 January,2020,1 de enero de 2020,240937
21 años,Hombres,1 January,2020,1 de enero de 2020,236660
22 años,Hombres,1 January,2020,1 de enero de 2020,239675
23 años,Hombres,1 January,2020,1 de enero de 2020,238424
24 años,Hombres,1 January,2020,1 de enero de 2020,241628
25 años,Hombres,1 January,2020,1 de enero de 2020,245707
26 años,Hombres,1 January,2020,1 de enero de 2020,255477
27 años,Hombres,1 January,2020,1 de enero de 2020,262919
28 años,Hombres,1 January,2020,1 de enero de 2020,263092
29 años,Hombres,1 January,2020,1 de enero de 2020,266520
3 años,Hombres,1 January,2020,1 de enero de 2020,218199
30 años,Hombres,1 January,2020,1 de enero de 2020,270851
31 años,Hombres,1 January,2020,1 de enero de 2020,276087
32 años,Hombres,1 January,2020,1 de enero de 2020,279697
33 años,Hombres,1 January,2020,1 de enero de 2020,285923
34 años,Hombres,1 January,2020,1 de enero de 2020,296145
35 años,Hombres,1 January,2020,1 de enero de 2020,308087
36 años,Hombres,1 January,2020,1 de enero de 2020,318861
37 años,Hombres,1 January,2020,1 de enero de 2020,338236
38 años,Hombres,1 January,2020,1 de enero de 2020,354503
39 años,Hombres,1 January,2020,1 de enero de 2020,372760
4 años,Hombres,1 January,2020,1 de enero de 2020,224114
40 años,Hombres,1 January,2020,1 de enero de 2020,383201
41 años,Hombres,1 January,2020,1 de enero de 2020,401696
42 años,Hombres,1 January,2020,1 de enero de 2020,408318
43 años,Hombres,1 January,2020,1 de enero de 2020,414116
44 años,Hombres,1 January,2020,1 de enero de 2020,411792
45 años,Hombres,1 January,2020,1 de enero de 2020,407819
46 años,Hombres,1 January,2020,1 de enero de 2020,397336
47 años,Hombres,1 January,2020,1 de enero de 2020,394496
48 años,Hombres,1 January,2020,1 de enero de 2020,386816
49 años,Hombres,1 January,2020,1 de enero de 2020,380636
5 años,Hombres,1 January,2020,1 de enero de 2020,228824
50 años,Hombres,1 January,2020,1 de enero de 2020,374407
51 años,Hombres,1 January,2020,1 de enero de 2020,369646
52 años,Hombres,1 January,2020,1 de enero de 2020,370104
53 años,Hombres,1 January,2020,1 de enero de 2020,360078
54 años,Hombres,1 January,2020,1 de enero de 2020,354566
55 años,Hombres,1 January,2020,1 de enero de 2020,357484
56 años,Hombres,1 January,2020,1 de enero de 2020,338989
57 años,Hombres,1 January,2020,1 de enero de 2020,325525
58 años,Hombres,1 January,2020,1 de enero de 2020,316132
59 años,Hombres,1 January,2020,1 de enero de 2020,315739
6 años,Hombres,1 January,2020,1 de enero de 2020,226211
60 años,Hombres,1 January,2020,1 de enero de 2020,305464
61 años,Hombres,1 January,2020,1 de enero de 2020,296649
62 años,Hombres,1 January,2020,1 de enero de 2020,286980
63 años,Hombres,1 January,2020,1 de enero de 2020,265851
64 años,Hombres,1 January,2020,1 de enero de 2020,256207
65 años,Hombres,1 January,2020,1 de enero de 2020,241386
66 años,Hombres,1 January,2020,1 de enero de 2020,241208
67 años,Hombres,1 January,2020,1 de enero de 2020,238682
68 años,Hombres,1 January,2020,1 de enero de 2020,220490
69 años,Hombres,1 January,2020,1 de enero de 2020,212639
7 años,Hombres,1 January,2020,1 de enero de 2020,239855
70 años,Hombres,1 January,2020,1 de enero de 2020,216966
71 años,Hombres,1 January,2020,1 de enero de 2020,223645
72 años,Hombres,1 January,2020,1 de enero de 2020,201065
73 años,Hombres,1 January,2020,1 de enero de 2020,188081
74 años,Hombres,1 January,2020,1 de enero de 2020,192303
75 años,Hombres,1 January,2020,1 de enero de 2020,179132
76 años,Hombres,1 January,2020,1 de enero de 2020,171952
77 años,Hombres,1 January,2020,1 de enero de 2020,144427
78 años,Hombres,1 January,2020,1 de enero de 2020,128775
79 años,Hombres,1 January,2020,1 de enero de 2020,151167
8 años,Hombres,1 January,2020,1 de enero de 2020,246839
80 años,Hombres,1 January,2020,1 de enero de 2020,94232
81 años,Hombres,1 January,2020,1 de enero de 2020,102381
82 años,Hombres,1 January,2020,1 de enero de 2020,108467
83 años,Hombres,1 January,2020,1 de enero de 2020,109611
84 años,Hombres,1 January,2020,1 de enero de 2020,100032
85 años,Hombres,1 January,2020,1 de enero de 2020,90919
85 y más años,Hombres,1 January,2020,1 de enero de 2020,525275
86 años,Hombres,1 January,2020,1 de enero de 2020,83655
87 años,Hombres,1 January,2020,1 de enero de 2020,74005
88 años,Hombres,1 January,2020,1 de enero de 2020,61648
89 años,Hombres,1 January,2020,1 de enero de 2020,51924
9 años,Hombres,1 January,2020,1 de enero de 2020,252071
90 años,Hombres,1 January,2020,1 de enero de 2020,41510
91 años,Hombres,1 January,2020,1 de enero de 2020,33500
92 años,Hombres,1 January,2020,1 de enero de 2020,24865
93 años,Hombres,1 January,2020,1 de enero de 2020,19317
94 años,Hombres,1 January,2020,1 de enero de 2020,14056
95 años,Hombres,1 January,2020,1 de enero de 2020,10240
96 años,Hombres,1 January,2020,1 de enero de 2020,7307
97 años,Hombres,1 January,2020,1 de enero de 2020,4897
98 años,Hombres,1 January,2020,1 de enero de 2020,3154
99 años,Hombres,1 January,2020,1 de enero de 2020,2226
Todas las edades,Hombres,1 January,2020,1 de enero de 2020,23210668
0 años,Mujeres,1 January,2020,1 de enero de 2020,175346
1 año,Mujeres,1 January,2020,1 de enero de 2020,181945
10 años,Mujeres,1 January,2020,1 de enero de 2020,241157
100 años,Mujeres,1 January,2020,1 de enero de 2020,3953
100 y más años,Mujeres,1 January,2020,1 de enero de 2020,10075
101 años,Mujeres,1 January,2020,1 de enero de 2020,2596
102 años,Mujeres,1 January,2020,1 de enero de 2020,1497
103 años,Mujeres,1 January,2020,1 de enero de 2020,894
104 años,Mujeres,1 January,2020,1 de enero de 2020,497
105 y más años,Mujeres,1 January,2020,1 de enero de 2020,638
11 años,Mujeres,1 January,2020,1 de enero de 2020,252979
12 años,Mujeres,1 January,2020,1 de enero de 2020,244159
13 años,Mujeres,1 January,2020,1 de enero de 2020,243468
14 años,Mujeres,1 January,2020,1 de enero de 2020,239874
15 años,Mujeres,1 January,2020,1 de enero de 2020,237265
16 años,Mujeres,1 January,2020,1 de enero de 2020,234375
17 años,Mujeres,1 January,2020,1 de enero de 2020,225442
18 años,Mujeres,1 January,2020,1 de enero de 2020,226898
19 años,Mujeres,1 January,2020,1 de enero de 2020,229323
2 años,Mujeres,1 January,2020,1 de enero de 2020,195053
20 años,Mujeres,1 January,2020,1 de enero de 2020,228066
21 años,Mujeres,1 January,2020,1 de enero de 2020,222297
22 años,Mujeres,1 January,2020,1 de enero de 2020,229343
23 años,Mujeres,1 January,2020,1 de enero de 2020,229930
24 años,Mujeres,1 January,2020,1 de enero de 2020,232369
25 años,Mujeres,1 January,2020,1 de enero de 2020,237793
26 años,Mujeres,1 January,2020,1 de enero de 2020,247610
27 años,Mujeres,1 January,2020,1 de enero de 2020,256591
28 años,Mujeres,1 January,2020,1 de enero de 2020,256408
29 años,Mujeres,1 January,2020,1 de enero de 2020,261939
3 años,Mujeres,1 January,2020,1 de enero de 2020,206142
30 años,Mujeres,1 January,2020,1 de enero de 2020,268113
31 años,Mujeres,1 January,2020,1 de enero de 2020,274342
32 años,Mujeres,1 January,2020,1 de enero de 2020,278837
33 años,Mujeres,1 January,2020,1 de enero de 2020,287167
34 años,Mujeres,1 January,2020,1 de enero de 2020,296906
35 años,Mujeres,1 January,2020,1 de enero de 2020,308528
36 años,Mujeres,1 January,2020,1 de enero de 2020,318661
37 años,Mujeres,1 January,2020,1 de enero de 2020,336243
38 años,Mujeres,1 January,2020,1 de enero de 2020,349956
39 años,Mujeres,1 January,2020,1 de enero de 2020,366727
4 años,Mujeres,1 January,2020,1 de enero de 2020,211578
40 años,Mujeres,1 January,2020,1 de enero de 2020,376766
41 años,Mujeres,1 January,2020,1 de enero de 2020,391901
42 años,Mujeres,1 January,2020,1 de enero de 2020,395193
43 años,Mujeres,1 January,2020,1 de enero de 2020,403110
44 años,Mujeres,1 January,2020,1 de enero de 2020,398842
45 años,Mujeres,1 January,2020,1 de enero de 2020,396811
46 años,Mujeres,1 January,2020,1 de enero de 2020,386532
47 años,Mujeres,1 January,2020,1 de enero de 2020,385033
48 años,Mujeres,1 January,2020,1 de enero de 2020,379294
49 años,Mujeres,1 January,2020,1 de enero de 2020,374529
5 años,Mujeres,1 January,2020,1 de enero de 2020,214493
50 años,Mujeres,1 January,2020,1 de enero de 2020,371497
51 años,Mujeres,1 January,2020,1 de enero de 2020,369205
52 años,Mujeres,1 January,2020,1 de enero de 2020,372296
53 años,Mujeres,1 January,2020,1 de enero de 2020,362648
54 años,Mujeres,1 January,2020,1 de enero de 2020,360924
55 años,Mujeres,1 January,2020,1 de enero de 2020,365559
56 años,Mujeres,1 January,2020,1 de enero de 2020,347525
57 años,Mujeres,1 January,2020,1 de enero de 2020,336563
58 años,Mujeres,1 January,2020,1 de enero de 2020,328799
59 años,Mujeres,1 January,2020,1 de enero de 2020,329832
6 años,Mujeres,1 January,2020,1 de enero de 2020,213360
60 años,Mujeres,1 January,2020,1 de enero de 2020,320357
61 años,Mujeres,1 January,2020,1 de enero de 2020,312754
62 años,Mujeres,1 January,2020,1 de enero de 2020,305369
63 años,Mujeres,1 January,2020,1 de enero de 2020,284532
64 años,Mujeres,1 January,2020,1 de enero de 2020,276008
65 años,Mujeres,1 January,2020,1 de enero de 2020,263527
66 años,Mujeres,1 January,2020,1 de enero de 2020,262620
67 años,Mujeres,1 January,2020,1 de enero de 2020,259915
68 años,Mujeres,1 January,2020,1 de enero de 2020,244049
69 años,Mujeres,1 January,2020,1 de enero de 2020,237602
7 años,Mujeres,1 January,2020,1 de enero de 2020,225619
70 años,Mujeres,1 January,2020,1 de enero de 2020,246745
71 años,Mujeres,1 January,2020,1 de enero de 2020,256657
72 años,Mujeres,1 January,2020,1 de enero de 2020,233435
73 años,Mujeres,1 January,2020,1 de enero de 2020,222647
74 años,Mujeres,1 January,2020,1 de enero de 2020,230832
75 años,Mujeres,1 January,2020,1 de enero de 2020,217281
76 años,Mujeres,1 January,2020,1 de enero de 2020,212220
77 años,Mujeres,1 January,2020,1 de enero de 2020,180247
78 años,Mujeres,1 January,2020,1 de enero de 2020,164204
79 años,Mujeres,1 January,2020,1 de enero de 2020,199432
8 años,Mujeres,1 January,2020,1 de enero de 2020,232086
80 años,Mujeres,1 January,2020,1 de enero de 2020,130945
81 años,Mujeres,1 January,2020,1 de enero de 2020,144972
82 años,Mujeres,1 January,2020,1 de enero de 2020,158224
83 años,Mujeres,1 January,2020,1 de enero de 2020,168345
84 años,Mujeres,1 January,2020,1 de enero de 2020,155942
85 años,Mujeres,1 January,2020,1 de enero de 2020,147317
85 y más años,Mujeres,1 January,2020,1 de enero de 2020,1029681
86 años,Mujeres,1 January,2020,1 de enero de 2020,141249
87 años,Mujeres,1 January,2020,1 de enero de 2020,130119
88 años,Mujeres,1 January,2020,1 de enero de 2020,112361
89 años,Mujeres,1 January,2020,1 de enero de 2020,102472
9 años,Mujeres,1 January,2020,1 de enero de 2020,237593
90 años,Mujeres,1 January,2020,1 de enero de 2020,85547
91 años,Mujeres,1 January,2020,1 de enero de 2020,73040
92 años,Mujeres,1 January,2020,1 de enero de 2020,57944
93 años,Mujeres,1 January,2020,1 de enero de 2020,48156
94 años,Mujeres,1 January,2020,1 de enero de 2020,37189
95 años,Mujeres,1 January,2020,1 de enero de 2020,29006
96 años,Mujeres,1 January,2020,1 de enero de 2020,21337
97 años,Mujeres,1 January,2020,1 de enero de 2020,15867
98 años,Mujeres,1 January,2020,1 de enero de 2020,10546
99 años,Mujeres,1 January,2020,1 de enero de 2020,7456
Todas las edades,Mujeres,1 January,2020,1 de enero de 2020,24107382
0 años,Total,1 January,2020,1 de enero de 2020,360869
1 año,Total,1 January,2020,1 de enero de 2020,374063
10 años,Total,1 January,2020,1 de enero de 2020,498810
100 años,Total,1 January,2020,1 de enero de 2020,4860
100 y más años,Total,1 January,2020,1 de enero de 2020,12127
101 años,Total,1 January,2020,1 de enero de 2020,3119
102 años,Total,1 January,2020,1 de enero de 2020,1776
103 años,Total,1 January,2020,1 de enero de 2020,1050
104 años,Total,1 January,2020,1 de enero de 2020,577
105 y más años,Total,1 January,2020,1 de enero de 2020,745
11 años,Total,1 January,2020,1 de enero de 2020,522118
12 años,Total,1 January,2020,1 de enero de 2020,503523
13 años,Total,1 January,2020,1 de enero de 2020,501449
14 años,Total,1 January,2020,1 de enero de 2020,492303
15 años,Total,1 January,2020,1 de enero de 2020,488876
16 años,Total,1 January,2020,1 de enero de 2020,481683
17 años,Total,1 January,2020,1 de enero de 2020,466637
18 años,Total,1 January,2020,1 de enero de 2020,469208
19 años,Total,1 January,2020,1 de enero de 2020,475903
2 años,Total,1 January,2020,1 de enero de 2020,402245
20 años,Total,1 January,2020,1 de enero de 2020,469003
21 años,Total,1 January,2020,1 de enero de 2020,458957
22 años,Total,1 January,2020,1 de enero de 2020,469018
23 años,Total,1 January,2020,1 de enero de 2020,468354
24 años,Total,1 January,2020,1 de enero de 2020,473997
25 años,Total,1 January,2020,1 de enero de 2020,483500
26 años,Total,1 January,2020,1 de enero de 2020,503087
27 años,Total,1 January,2020,1 de enero de 2020,519510
28 años,Total,1 January,2020,1 de enero de 2020,519500
29 años,Total,1 January,2020,1 de enero de 2020,528459
3 años,Total,1 January,2020,1 de enero de 2020,424341
30 años,Total,1 January,2020,1 de enero de 2020,538964
31 años,Total,1 January,2020,1 de enero de 2020,550429
32 años,Total,1 January,2020,1 de enero de 2020,558534
33 años,Total,1 January,2020,1 de enero de 2020,573090
34 años,Total,1 January,2020,1 de enero de 2020,593051
35 años,Total,1 January,2020,1 de enero de 2020,616615
36 años,Total,1 January,2020,1 de enero de 2020,637522
37 años,Total,1 January,2020,1 de enero de 2020,674479
38 años,Total,1 January,2020,1 de enero de 2020,704459
39 años,Total,1 January,2020,1 de enero de 2020,739487
4 años,Total,1 January,2020,1 de enero de 2020,435692
40 años,Total,1 January,2020,1 de enero de 2020,759967
41 años,Total,1 January,2020,1 de enero de 2020,793597
42 años,Total,1 January,2020,1 de enero de 2020,803511
43 años,Total,1 January,2020,1 de enero de 2020,817226
44 años,Total,1 January,2020,1 de enero de 2020,810634
45 años,Total,1 January,2020,1 de enero de 2020,804630
46 años,Total,1 January,2020,1 de enero de 2020,783868
47 años,Total,1 January,2020,1 de enero de 2020,779529
48 años,Total,1 January,2020,1 de enero de 2020,766110
49 años,Total,1 January,2020,1 de enero de 2020,755165
5 años,Total,1 January,2020,1 de enero de 2020,443317
50 años,Total,1 January,2020,1 de enero de 2020,745904
51 años,Total,1 January,2020,1 de enero de 2020,738851
52 años,Total,1 January,2020,1 de enero de 2020,742400
53 años,Total,1 January,2020,1 de enero de 2020,722726
54 años,Total,1 January,2020,1 de enero de 2020,715490
55 años,Total,1 January,2020,1 de enero de 2020,723043
56 años,Total,1 January,2020,1 de enero de 2020,686514
57 años,Total,1 January,2020,1 de enero de 2020,662088
58 años,Total,1 January,2020,1 de enero de 2020,644931
59 años,Total,1 January,2020,1 de enero de 2020,645571
6 años,Total,1 January,2020,1 de enero de 2020,439571
60 años,Total,1 January,2020,1 de enero de 2020,625821
61 años,Total,1 January,2020,1 de enero de 2020,609403
62 años,Total,1 January,2020,1 de enero de 2020,592349
63 años,Total,1 January,2020,1 de enero de 2020,550383
64 años,Total,1 January,2020,1 de enero de 2020,532215
65 años,Total,1 January,2020,1 de enero de 2020,504913
66 años,Total,1 January,2020,1 de enero de 2020,503828
67 años,Total,1 January,2020,1 de enero de 2020,498597
68 años,Total,1 January,2020,1 de enero de 2020,464539
69 años,Total,1 January,2020,1 de enero de 2020,450241
7 años,Total,1 January,2020,1 de enero de 2020,465474
70 años,Total,1 January,2020,1 de enero de 2020,463711
71 años,Total,1 January,2020,1 de enero de 2020,480302
72 años,Total,1 January,2020,1 de enero de 2020,434500
73 años,Total,1 January,2020,1 de enero de 2020,410728
74 años,Total,1 January,2020,1 de enero de 2020,423135
75 años,Total,1 January,2020,1 de enero de 2020,396413
76 años,Total,1 January,2020,1 de enero de 2020,384172
77 años,Total,1 January,2020,1 de enero de 2020,324674
78 años,Total,1 January,2020,1 de enero de 2020,292979
79 años,Total,1 January,2020,1 de enero de 2020,350599
8 años,Total,1 January,2020,1 de enero de 2020,478925
80 años,Total,1 January,2020,1 de enero de 2020,225177
81 años,Total,1 January,2020,1 de enero de 2020,247353
82 años,Total,1 January,2020,1 de enero de 2020,266691
83 años,Total,1 January,2020,1 de enero de 2020,277956
84 años,Total,1 January,2020,1 de enero de 2020,255974
85 años,Total,1 January,2020,1 de enero de 2020,238236
85 y más años,Total,1 January,2020,1 de enero de 2020,1554956
86 años,Total,1 January,2020,1 de enero de 2020,224904
87 años,Total,1 January,2020,1 de enero de 2020,204124
88 años,Total,1 January,2020,1 de enero de 2020,174009
89 años,Total,1 January,2020,1 de enero de 2020,154396
9 años,Total,1 January,2020,1 de enero de 2020,489664
90 años,Total,1 January,2020,1 de enero de 2020,127057
91 años,Total,1 January,2020,1 de enero de 2020,106540
92 años,Total,1 January,2020,1 de enero de 2020,82809
93 años,Total,1 January,2020,1 de enero de 2020,67473
94 años,Total,1 January,2020,1 de enero de 2020,51245
95 años,Total,1 January,2020,1 de enero de 2020,39246
96 años,Total,1 January,2020,1 de enero de 2020,28644
97 años,Total,1 January,2020,1 de enero de 2020,20764
98 años,Total,1 January,2020,1 de enero de 2020,13700
99 años,Total,1 January,2020,1 de enero de 2020,9682
Todas las edades,Total,1 January,2020,1 de enero de 2020,47318050
0 años,Hombres,1 January,2021,1 de enero de 2021,173823
1 año,Hombres,1 January,2021,1 de enero de 2021,187777
10 años,Hombres,1 January,2021,1 de enero de 2021,253436
100 años,Hombres,1 January,2021,1 de enero de 2021,1037
100 y más años,Hombres,1 January,2021,1 de enero de 2021,2230
101 años,Hombres,1 January,2021,1 de enero de 2021,523
102 años,Hombres,1 January,2021,1 de enero de 2021,316
103 años,Hombres,1 January,2021,1 de enero de 2021,158
104 años,Hombres,1 January,2021,1 de enero de 2021,88
105 y más años,Hombres,1 January,2021,1 de enero de 2021,108
11 años,Hombres,1 January,2021,1 de enero de 2021,258781
12 años,Hombres,1 January,2021,1 de enero de 2021,270212
13 años,Hombres,1 January,2021,1 de enero de 2021,260118
14 años,Hombres,1 January,2021,1 de enero de 2021,258861
15 años,Hombres,1 January,2021,1 de enero de 2021,253470
16 años,Hombres,1 January,2021,1 de enero de 2021,252882
17 años,Hombres,1 January,2021,1 de enero de 2021,249083
18 años,Hombres,1 January,2021,1 de enero de 2021,244164
19 años,Hombres,1 January,2021,1 de enero de 2021,245663
2 años,Hombres,1 January,2021,1 de enero de 2021,193033
20 años,Hombres,1 January,2021,1 de enero de 2021,249644
21 años,Hombres,1 January,2021,1 de enero de 2021,244035
22 años,Hombres,1 January,2021,1 de enero de 2021,239801
23 años,Hombres,1 January,2021,1 de enero de 2021,243573
24 años,Hombres,1 January,2021,1 de enero de 2021,242207
25 años,Hombres,1 January,2021,1 de enero de 2021,245547
26 años,Hombres,1 January,2021,1 de enero de 2021,250196
27 años,Hombres,1 January,2021,1 de enero de 2021,259689
28 años,Hombres,1 January,2021,1 de enero de 2021,266880
29 años,Hombres,1 January,2021,1 de enero de 2021,266912
3 años,Hombres,1 January,2021,1 de enero de 2021,208213
30 años,Hombres,1 January,2021,1 de enero de 2021,270274
31 años,Hombres,1 January,2021,1 de enero de 2021,274358
32 años,Hombres,1 January,2021,1 de enero de 2021,279411
33 años,Hombres,1 January,2021,1 de enero de 2021,282820
34 años,Hombres,1 January,2021,1 de enero de 2021,288865
35 años,Hombres,1 January,2021,1 de enero de 2021,298834
36 años,Hombres,1 January,2021,1 de enero de 2021,310677
37 años,Hombres,1 January,2021,1 de enero de 2021,321401
38 años,Hombres,1 January,2021,1 de enero de 2021,340343
39 años,Hombres,1 January,2021,1 de enero de 2021,356268
4 años,Hombres,1 January,2021,1 de enero de 2021,219622
40 años,Hombres,1 January,2021,1 de enero de 2021,374273
41 años,Hombres,1 January,2021,1 de enero de 2021,384404
42 años,Hombres,1 January,2021,1 de enero de 2021,402611
43 años,Hombres,1 January,2021,1 de enero de 2021,409024
44 años,Hombres,1 January,2021,1 de enero de 2021,414486
45 años,Hombres,1 January,2021,1 de enero de 2021,412081
46 años,Hombres,1 January,2021,1 de enero de 2021,407886
47 años,Hombres,1 January,2021,1 de enero de 2021,397228
48 años,Hombres,1 January,2021,1 de enero de 2021,394186
49 años,Hombres,1 January,2021,1 de enero de 2021,386392
5 años,Hombres,1 January,2021,1 de enero de 2021,225512
50 años,Hombres,1 January,2021,1 de enero de 2021,380041
51 años,Hombres,1 January,2021,1 de enero de 2021,373637
52 años,Hombres,1 January,2021,1 de enero de 2021,368766
53 años,Hombres,1 January,2021,1 de enero de 2021,368945
54 años,Hombres,1 January,2021,1 de enero de 2021,358729
55 años,Hombres,1 January,2021,1 de enero de 2021,353252
56 años,Hombres,1 January,2021,1 de enero de 2021,356042
57 años,Hombres,1 January,2021,1 de enero de 2021,337437
58 años,Hombres,1 January,2021,1 de enero de 2021,323867
59 años,Hombres,1 January,2021,1 de enero de 2021,314441
6 años,Hombres,1 January,2021,1 de enero de 2021,230208
60 años,Hombres,1 January,2021,1 de enero de 2021,313639
61 años,Hombres,1 January,2021,1 de enero de 2021,303346
62 años,Hombres,1 January,2021,1 de enero de 2021,294197
63 años,Hombres,1 January,2021,1 de enero de 2021,284401
64 años,Hombres,1 January,2021,1 de enero de 2021,263144
65 años,Hombres,1 January,2021,1 de enero de 2021,253312
66 años,Hombres,1 January,2021,1 de enero de 2021,238649
67 años,Hombres,1 January,2021,1 de enero de 2021,238143
68 años,Hombres,1 January,2021,1 de enero de 2021,235013
69 años,Hombres,1 January,2021,1 de enero de 2021,216919
7 años,Hombres,1 January,2021,1 de enero de 2021,227475
70 años,Hombres,1 January,2021,1 de enero de 2021,208625
71 años,Hombres,1 January,2021,1 de enero de 2021,212521
72 años,Hombres,1 January,2021,1 de enero de 2021,218400
73 años,Hombres,1 January,2021,1 de enero de 2021,195936
74 años,Hombres,1 January,2021,1 de enero de 2021,182746
75 años,Hombres,1 January,2021,1 de enero de 2021,186154
76 años,Hombres,1 January,2021,1 de enero de 2021,172732
77 años,Hombres,1 January,2021,1 de enero de 2021,165121
78 años,Hombres,1 January,2021,1 de enero de 2021,138051
79 años,Hombres,1 January,2021,1 de enero de 2021,122500
8 años,Hombres,1 January,2021,1 de enero de 2021,241358
80 años,Hombres,1 January,2021,1 de enero de 2021,142862
81 años,Hombres,1 January,2021,1 de enero de 2021,88171
82 años,Hombres,1 January,2021,1 de enero de 2021,95244
83 años,Hombres,1 January,2021,1 de enero de 2021,100132
84 años,Hombres,1 January,2021,1 de enero de 2021,100172
85 años,Hombres,1 January,2021,1 de enero de 2021,90313
85 y más años,Hombres,1 January,2021,1 de enero de 2021,527354
86 años,Hombres,1 January,2021,1 de enero de 2021,80936
87 años,Hombres,1 January,2021,1 de enero de 2021,73403
88 años,Hombres,1 January,2021,1 de enero de 2021,64021
89 años,Hombres,1 January,2021,1 de enero de 2021,52302
9 años,Hombres,1 January,2021,1 de enero de 2021,247973
90 años,Hombres,1 January,2021,1 de enero de 2021,43022
91 años,Hombres,1 January,2021,1 de enero de 2021,33504
92 años,Hombres,1 January,2021,1 de enero de 2021,26399
93 años,Hombres,1 January,2021,1 de enero de 2021,19098
94 años,Hombres,1 January,2021,1 de enero de 2021,14435
95 años,Hombres,1 January,2021,1 de enero de 2021,10091
96 años,Hombres,1 January,2021,1 de enero de 2021,7250
97 años,Hombres,1 January,2021,1 de enero de 2021,5003
98 años,Hombres,1 January,2021,1 de enero de 2021,3251
99 años,Hombres,1 January,2021,1 de enero de 2021,2096
Todas las edades,Hombres,1 January,2021,1 de enero de 2021,23248611
0 años,Mujeres,1 January,2021,1 de enero de 2021,165642
1 año,Mujeres,1 January,2021,1 de enero de 2021,177459
10 años,Mujeres,1 January,2021,1 de enero de 2021,239012
100 años,Mujeres,1 January,2021,1 de enero de 2021,4398
100 y más años,Mujeres,1 January,2021,1 de enero de 2021,10526
101 años,Mujeres,1 January,2021,1 de enero de 2021,2456
102 años,Mujeres,1 January,2021,1 de enero de 2021,1573
103 años,Mujeres,1 January,2021,1 de enero de 2021,897
104 años,Mujeres,1 January,2021,1 de enero de 2021,535
105 y más años,Mujeres,1 January,2021,1 de enero de 2021,667
11 años,Mujeres,1 January,2021,1 de enero de 2021,242316
12 años,Mujeres,1 January,2021,1 de enero de 2021,253969
13 años,Mujeres,1 January,2021,1 de enero de 2021,245102
14 años,Mujeres,1 January,2021,1 de enero de 2021,244441
15 años,Mujeres,1 January,2021,1 de enero de 2021,240867
16 años,Mujeres,1 January,2021,1 de enero de 2021,238299
17 años,Mujeres,1 January,2021,1 de enero de 2021,235422
18 años,Mujeres,1 January,2021,1 de enero de 2021,227471
19 años,Mujeres,1 January,2021,1 de enero de 2021,229961
2 años,Mujeres,1 January,2021,1 de enero de 2021,183000
20 años,Mujeres,1 January,2021,1 de enero de 2021,232604
21 años,Mujeres,1 January,2021,1 de enero de 2021,231275
22 años,Mujeres,1 January,2021,1 de enero de 2021,226043
23 años,Mujeres,1 January,2021,1 de enero de 2021,233458
24 años,Mujeres,1 January,2021,1 de enero de 2021,233872
25 años,Mujeres,1 January,2021,1 de enero de 2021,236565
26 años,Mujeres,1 January,2021,1 de enero de 2021,242030
27 años,Mujeres,1 January,2021,1 de enero de 2021,251752
28 años,Mujeres,1 January,2021,1 de enero de 2021,260472
29 años,Mujeres,1 January,2021,1 de enero de 2021,259808
3 años,Mujeres,1 January,2021,1 de enero de 2021,195955
30 años,Mujeres,1 January,2021,1 de enero de 2021,265338
31 años,Mujeres,1 January,2021,1 de enero de 2021,271315
32 años,Mujeres,1 January,2021,1 de enero de 2021,277515
33 años,Mujeres,1 January,2021,1 de enero de 2021,281683
34 años,Mujeres,1 January,2021,1 de enero de 2021,290080
35 años,Mujeres,1 January,2021,1 de enero de 2021,299626
36 años,Mujeres,1 January,2021,1 de enero de 2021,311081
37 años,Mujeres,1 January,2021,1 de enero de 2021,321156
38 años,Mujeres,1 January,2021,1 de enero de 2021,338535
39 años,Mujeres,1 January,2021,1 de enero de 2021,351956
4 años,Mujeres,1 January,2021,1 de enero de 2021,207383
40 años,Mujeres,1 January,2021,1 de enero de 2021,368429
41 años,Mujeres,1 January,2021,1 de enero de 2021,378445
42 años,Mujeres,1 January,2021,1 de enero de 2021,393404
43 años,Mujeres,1 January,2021,1 de enero de 2021,396414
44 años,Mujeres,1 January,2021,1 de enero de 2021,404366
45 años,Mujeres,1 January,2021,1 de enero de 2021,399819
46 años,Mujeres,1 January,2021,1 de enero de 2021,397850
47 años,Mujeres,1 January,2021,1 de enero de 2021,387297
48 años,Mujeres,1 January,2021,1 de enero de 2021,385928
49 años,Mujeres,1 January,2021,1 de enero de 2021,379939
5 años,Mujeres,1 January,2021,1 de enero de 2021,213103
50 años,Mujeres,1 January,2021,1 de enero de 2021,375095
51 años,Mujeres,1 January,2021,1 de enero de 2021,371915
52 años,Mujeres,1 January,2021,1 de enero de 2021,369694
53 años,Mujeres,1 January,2021,1 de enero de 2021,372539
54 años,Mujeres,1 January,2021,1 de enero de 2021,362898
55 años,Mujeres,1 January,2021,1 de enero de 2021,361092
56 años,Mujeres,1 January,2021,1 de enero de 2021,365775
57 años,Mujeres,1 January,2021,1 de enero de 2021,347460
58 años,Mujeres,1 January,2021,1 de enero de 2021,336527
59 años,Mujeres,1 January,2021,1 de enero de 2021,328535
6 años,Mujeres,1 January,2021,1 de enero de 2021,215963
60 años,Mujeres,1 January,2021,1 de enero de 2021,329369
61 años,Mujeres,1 January,2021,1 de enero de 2021,319767
62 años,Mujeres,1 January,2021,1 de enero de 2021,312112
63 años,Mujeres,1 January,2021,1 de enero de 2021,304720
64 años,Mujeres,1 January,2021,1 de enero de 2021,283621
65 años,Mujeres,1 January,2021,1 de enero de 2021,274927
66 años,Mujeres,1 January,2021,1 de enero de 2021,262490
67 años,Mujeres,1 January,2021,1 de enero de 2021,261334
68 años,Mujeres,1 January,2021,1 de enero de 2021,258371
69 años,Mujeres,1 January,2021,1 de enero de 2021,242525
7 años,Mujeres,1 January,2021,1 de enero de 2021,214727
70 años,Mujeres,1 January,2021,1 de enero de 2021,235790
71 años,Mujeres,1 January,2021,1 de enero de 2021,244567
72 años,Mujeres,1 January,2021,1 de enero de 2021,254017
73 años,Mujeres,1 January,2021,1 de enero de 2021,230769
74 años,Mujeres,1 January,2021,1 de enero de 2021,219696
75 años,Mujeres,1 January,2021,1 de enero de 2021,227288
76 años,Mujeres,1 January,2021,1 de enero de 2021,213485
77 años,Mujeres,1 January,2021,1 de enero de 2021,207989
78 años,Mujeres,1 January,2021,1 de enero de 2021,176247
79 años,Mujeres,1 January,2021,1 de enero de 2021,160091
8 años,Mujeres,1 January,2021,1 de enero de 2021,227046
80 años,Mujeres,1 January,2021,1 de enero de 2021,193447
81 años,Mujeres,1 January,2021,1 de enero de 2021,126282
82 años,Mujeres,1 January,2021,1 de enero de 2021,138973
83 años,Mujeres,1 January,2021,1 de enero de 2021,150776
84 años,Mujeres,1 January,2021,1 de enero de 2021,159132
85 años,Mujeres,1 January,2021,1 de enero de 2021,146077
85 y más años,Mujeres,1 January,2021,1 de enero de 2021,1034531
86 años,Mujeres,1 January,2021,1 de enero de 2021,136817
87 años,Mujeres,1 January,2021,1 de enero de 2021,129383
88 años,Mujeres,1 January,2021,1 de enero de 2021,117711
89 años,Mujeres,1 January,2021,1 de enero de 2021,99886
9 años,Mujeres,1 January,2021,1 de enero de 2021,233148
90 años,Mujeres,1 January,2021,1 de enero de 2021,89433
91 años,Mujeres,1 January,2021,1 de enero de 2021,73193
92 años,Mujeres,1 January,2021,1 de enero de 2021,61091
93 años,Mujeres,1 January,2021,1 de enero de 2021,47315
94 años,Mujeres,1 January,2021,1 de enero de 2021,38347
95 años,Mujeres,1 January,2021,1 de enero de 2021,28818
96 años,Mujeres,1 January,2021,1 de enero de 2021,21787
97 años,Mujeres,1 January,2021,1 de enero de 2021,15553
98 años,Mujeres,1 January,2021,1 de enero de 2021,11294
99 años,Mujeres,1 January,2021,1 de enero de 2021,7300
Todas las edades,Mujeres,1 January,2021,1 de enero de 2021,24152187
0 años,Total,1 January,2021,1 de enero de 2021,339465
1 año,Total,1 January,2021,1 de enero de 2021,365236
10 años,Total,1 January,2021,1 de enero de 2021,492448
100 años,Total,1 January,2021,1 de enero de 2021,5435
100 y más años,Total,1 January,2021,1 de enero de 2021,12756
101 años,Total,1 January,2021,1 de enero de 2021,2979
102 años,Total,1 January,2021,1 de enero de 2021,1889
103 años,Total,1 January,2021,1 de enero de 2021,1055
104 años,Total,1 January,2021,1 de enero de 2021,623
105 y más años,Total,1 January,2021,1 de enero de 2021,775
11 años,Total,1 January,2021,1 de enero de 2021,501097
12 años,Total,1 January,2021,1 de enero de 2021,524181
13 años,Total,1 January,2021,1 de enero de 2021,505220
14 años,Total,1 January,2021,1 de enero de 2021,503302
15 años,Total,1 January,2021,1 de enero de 2021,494337
16 años,Total,1 January,2021,1 de enero de 2021,491181
17 años,Total,1 January,2021,1 de enero de 2021,484505
18 años,Total,1 January,2021,1 de enero de 2021,471635
19 años,Total,1 January,2021,1 de enero de 2021,475624
2 años,Total,1 January,2021,1 de enero de 2021,376033
20 años,Total,1 January,2021,1 de enero de 2021,482248
21 años,Total,1 January,2021,1 de enero de 2021,475310
22 años,Total,1 January,2021,1 de enero de 2021,465844
23 años,Total,1 January,2021,1 de enero de 2021,477031
24 años,Total,1 January,2021,1 de enero de 2021,476079
25 años,Total,1 January,2021,1 de enero de 2021,482112
26 años,Total,1 January,2021,1 de enero de 2021,492226
27 años,Total,1 January,2021,1 de enero de 2021,511441
28 años,Total,1 January,2021,1 de enero de 2021,527352
29 años,Total,1 January,2021,1 de enero de 2021,526720
3 años,Total,1 January,2021,1 de enero de 2021,404168
30 años,Total,1 January,2021,1 de enero de 2021,535612
31 años,Total,1 January,2021,1 de enero de 2021,545673
32 años,Total,1 January,2021,1 de enero de 2021,556926
33 años,Total,1 January,2021,1 de enero de 2021,564503
34 años,Total,1 January,2021,1 de enero de 2021,578945
35 años,Total,1 January,2021,1 de enero de 2021,598460
36 años,Total,1 January,2021,1 de enero de 2021,621758
37 años,Total,1 January,2021,1 de enero de 2021,642557
38 años,Total,1 January,2021,1 de enero de 2021,678878
39 años,Total,1 January,2021,1 de enero de 2021,708224
4 años,Total,1 January,2021,1 de enero de 2021,427005
40 años,Total,1 January,2021,1 de enero de 2021,742702
41 años,Total,1 January,2021,1 de enero de 2021,762849
42 años,Total,1 January,2021,1 de enero de 2021,796015
43 años,Total,1 January,2021,1 de enero de 2021,805438
44 años,Total,1 January,2021,1 de enero de 2021,818852
45 años,Total,1 January,2021,1 de enero de 2021,811900
46 años,Total,1 January,2021,1 de enero de 2021,805736
47 años,Total,1 January,2021,1 de enero de 2021,784525
48 años,Total,1 January,2021,1 de enero de 2021,780114
49 años,Total,1 January,2021,1 de enero de 2021,766331
5 años,Total,1 January,2021,1 de enero de 2021,438615
50 años,Total,1 January,2021,1 de enero de 2021,755136
51 años,Total,1 January,2021,1 de enero de 2021,745552
52 años,Total,1 January,2021,1 de enero de 2021,738460
53 años,Total,1 January,2021,1 de enero de 2021,741484
54 años,Total,1 January,2021,1 de enero de 2021,721627
55 años,Total,1 January,2021,1 de enero de 2021,714344
56 años,Total,1 January,2021,1 de enero de 2021,721817
57 años,Total,1 January,2021,1 de enero de 2021,684897
58 años,Total,1 January,2021,1 de enero de 2021,660394
59 años,Total,1 January,2021,1 de enero de 2021,642976
6 años,Total,1 January,2021,1 de enero de 2021,446171
60 años,Total,1 January,2021,1 de enero de 2021,643008
61 años,Total,1 January,2021,1 de enero de 2021,623113
62 años,Total,1 January,2021,1 de enero de 2021,606309
63 años,Total,1 January,2021,1 de enero de 2021,589121
64 años,Total,1 January,2021,1 de enero de 2021,546765
65 años,Total,1 January,2021,1 de enero de 2021,528239
66 años,Total,1 January,2021,1 de enero de 2021,501139
67 años,Total,1 January,2021,1 de enero de 2021,499477
68 años,Total,1 January,2021,1 de enero de 2021,493384
69 años,Total,1 January,2021,1 de enero de 2021,459444
7 años,Total,1 January,2021,1 de enero de 2021,442202
70 años,Total,1 January,2021,1 de enero de 2021,444415
71 años,Total,1 January,2021,1 de enero de 2021,457088
72 años,Total,1 January,2021,1 de enero de 2021,472417
73 años,Total,1 January,2021,1 de enero de 2021,426705
74 años,Total,1 January,2021,1 de enero de 2021,402442
75 años,Total,1 January,2021,1 de enero de 2021,413442
76 años,Total,1 January,2021,1 de enero de 2021,386217
77 años,Total,1 January,2021,1 de enero de 2021,373110
78 años,Total,1 January,2021,1 de enero de 2021,314298
79 años,Total,1 January,2021,1 de enero de 2021,282591
8 años,Total,1 January,2021,1 de enero de 2021,468404
80 años,Total,1 January,2021,1 de enero de 2021,336309
81 años,Total,1 January,2021,1 de enero de 2021,214453
82 años,Total,1 January,2021,1 de enero de 2021,234217
83 años,Total,1 January,2021,1 de enero de 2021,250908
84 años,Total,1 January,2021,1 de enero de 2021,259304
85 años,Total,1 January,2021,1 de enero de 2021,236390
85 y más años,Total,1 January,2021,1 de enero de 2021,1561885
86 años,Total,1 January,2021,1 de enero de 2021,217753
87 años,Total,1 January,2021,1 de enero de 2021,202786
88 años,Total,1 January,2021,1 de enero de 2021,181732
89 años,Total,1 January,2021,1 de enero de 2021,152188
9 años,Total,1 January,2021,1 de enero de 2021,481121
90 años,Total,1 January,2021,1 de enero de 2021,132455
91 años,Total,1 January,2021,1 de enero de 2021,106697
92 años,Total,1 January,2021,1 de enero de 2021,87490
93 años,Total,1 January,2021,1 de enero de 2021,66413
94 años,Total,1 January,2021,1 de enero de 2021,52782
95 años,Total,1 January,2021,1 de enero de 2021,38909
96 años,Total,1 January,2021,1 de enero de 2021,29037
97 años,Total,1 January,2021,1 de enero de 2021,20556
98 años,Total,1 January,2021,1 de enero de 2021,14545
99 años,Total,1 January,2021,1 de enero de 2021,9396
Todas las edades,Total,1 January,2021,1 de enero de 2021,47400798
0 años,Hombres,1 January,2022,1 de enero de 2022,173783
1 año,Hombres,1 January,2022,1 de enero de 2022,177313
10 años,Hombres,1 January,2022,1 de enero de 2022,249494
100 años,Hombres,1 January,2022,1 de enero de 2022,1128
100 y más años,Hombres,1 January,2022,1 de enero de 2022,2438
101 años,Hombres,1 January,2022,1 de enero de 2022,630
102 años,Hombres,1 January,2022,1 de enero de 2022,307
103 años,Hombres,1 January,2022,1 de enero de 2022,178
104 años,Hombres,1 January,2022,1 de enero de 2022,75
105 y más años,Hombres,1 January,2022,1 de enero de 2022,120
11 años,Hombres,1 January,2022,1 de enero de 2022,254912
12 años,Hombres,1 January,2022,1 de enero de 2022,260062
13 años,Hombres,1 January,2022,1 de enero de 2022,271426
14 años,Hombres,1 January,2022,1 de enero de 2022,261643
15 años,Hombres,1 January,2022,1 de enero de 2022,261191
16 años,Hombres,1 January,2022,1 de enero de 2022,255856
17 años,Hombres,1 January,2022,1 de enero de 2022,255694
18 años,Hombres,1 January,2022,1 de enero de 2022,254065
19 años,Hombres,1 January,2022,1 de enero de 2022,249580
2 años,Hombres,1 January,2022,1 de enero de 2022,185361
20 años,Hombres,1 January,2022,1 de enero de 2022,249637
21 años,Hombres,1 January,2022,1 de enero de 2022,253579
22 años,Hombres,1 January,2022,1 de enero de 2022,247459
23 años,Hombres,1 January,2022,1 de enero de 2022,243217
24 años,Hombres,1 January,2022,1 de enero de 2022,247100
25 años,Hombres,1 January,2022,1 de enero de 2022,245778
26 años,Hombres,1 January,2022,1 de enero de 2022,249076
27 años,Hombres,1 January,2022,1 de enero de 2022,253322
28 años,Hombres,1 January,2022,1 de enero de 2022,262305
29 años,Hombres,1 January,2022,1 de enero de 2022,269428
3 años,Hombres,1 January,2022,1 de enero de 2022,195567
30 años,Hombres,1 January,2022,1 de enero de 2022,269215
31 años,Hombres,1 January,2022,1 de enero de 2022,272307
32 años,Hombres,1 January,2022,1 de enero de 2022,275809
33 años,Hombres,1 January,2022,1 de enero de 2022,280453
34 años,Hombres,1 January,2022,1 de enero de 2022,283984
35 años,Hombres,1 January,2022,1 de enero de 2022,289648
36 años,Hombres,1 January,2022,1 de enero de 2022,299564
37 años,Hombres,1 January,2022,1 de enero de 2022,311142
38 años,Hombres,1 January,2022,1 de enero de 2022,321936
39 años,Hombres,1 January,2022,1 de enero de 2022,340484
4 años,Hombres,1 January,2022,1 de enero de 2022,209754
40 años,Hombres,1 January,2022,1 de enero de 2022,356151
41 años,Hombres,1 January,2022,1 de enero de 2022,373841
42 años,Hombres,1 January,2022,1 de enero de 2022,384028
43 años,Hombres,1 January,2022,1 de enero de 2022,401675
44 años,Hombres,1 January,2022,1 de enero de 2022,408027
45 años,Hombres,1 January,2022,1 de enero de 2022,413703
46 años,Hombres,1 January,2022,1 de enero de 2022,411361
47 años,Hombres,1 January,2022,1 de enero de 2022,406796
48 años,Hombres,1 January,2022,1 de enero de 2022,396303
49 años,Hombres,1 January,2022,1 de enero de 2022,393296
5 años,Hombres,1 January,2022,1 de enero de 2022,220791
50 años,Hombres,1 January,2022,1 de enero de 2022,385576
51 años,Hombres,1 January,2022,1 de enero de 2022,379096
52 años,Hombres,1 January,2022,1 de enero de 2022,372582
53 años,Hombres,1 January,2022,1 de enero de 2022,367384
54 años,Hombres,1 January,2022,1 de enero de 2022,367545
55 años,Hombres,1 January,2022,1 de enero de 2022,357401
56 años,Hombres,1 January,2022,1 de enero de 2022,351782
57 años,Hombres,1 January,2022,1 de enero de 2022,354613
58 años,Hombres,1 January,2022,1 de enero de 2022,335894
59 años,Hombres,1 January,2022,1 de enero de 2022,321964
6 años,Hombres,1 January,2022,1 de enero de 2022,226950
60 años,Hombres,1 January,2022,1 de enero de 2022,312590
61 años,Hombres,1 January,2022,1 de enero de 2022,311450
62 años,Hombres,1 January,2022,1 de enero de 2022,301110
63 años,Hombres,1 January,2022,1 de enero de 2022,291584
64 años,Hombres,1 January,2022,1 de enero de 2022,281908
65 años,Hombres,1 January,2022,1 de enero de 2022,260438
66 años,Hombres,1 January,2022,1 de enero de 2022,250674
67 años,Hombres,1 January,2022,1 de enero de 2022,236132
68 años,Hombres,1 January,2022,1 de enero de 2022,234920
69 años,Hombres,1 January,2022,1 de enero de 2022,231578
7 años,Hombres,1 January,2022,1 de enero de 2022,231916
70 años,Hombres,1 January,2022,1 de enero de 2022,213483
71 años,Hombres,1 January,2022,1 de enero de 2022,204986
72 años,Hombres,1 January,2022,1 de enero de 2022,208239
73 años,Hombres,1 January,2022,1 de enero de 2022,213482
74 años,Hombres,1 January,2022,1 de enero de 2022,191231
75 años,Hombres,1 January,2022,1 de enero de 2022,177870
76 años,Hombres,1 January,2022,1 de enero de 2022,180497
77 años,Hombres,1 January,2022,1 de enero de 2022,166806
78 años,Hombres,1 January,2022,1 de enero de 2022,158944
79 años,Hombres,1 January,2022,1 de enero de 2022,132197
8 años,Hombres,1 January,2022,1 de enero de 2022,229166
80 años,Hombres,1 January,2022,1 de enero de 2022,116855
81 años,Hombres,1 January,2022,1 de enero de 2022,135118
82 años,Hombres,1 January,2022,1 de enero de 2022,82911
83 años,Hombres,1 January,2022,1 de enero de 2022,88758
84 años,Hombres,1 January,2022,1 de enero de 2022,92383
85 años,Hombres,1 January,2022,1 de enero de 2022,91732
85 y más años,Hombres,1 January,2022,1 de enero de 2022,540401
86 años,Hombres,1 January,2022,1 de enero de 2022,81686
87 años,Hombres,1 January,2022,1 de enero de 2022,72312
88 años,Hombres,1 January,2022,1 de enero de 2022,64381
89 años,Hombres,1 January,2022,1 de enero de 2022,55429
9 años,Hombres,1 January,2022,1 de enero de 2022,243217
90 años,Hombres,1 January,2022,1 de enero de 2022,44435
91 años,Hombres,1 January,2022,1 de enero de 2022,35855
92 años,Hombres,1 January,2022,1 de enero de 2022,27200
93 años,Hombres,1 January,2022,1 de enero de 2022,21030
94 años,Hombres,1 January,2022,1 de enero de 2022,14709
95 años,Hombres,1 January,2022,1 de enero de 2022,10861
96 años,Hombres,1 January,2022,1 de enero de 2022,7381
97 años,Hombres,1 January,2022,1 de enero de 2022,5179
98 años,Hombres,1 January,2022,1 de enero de 2022,3511
99 años,Hombres,1 January,2022,1 de enero de 2022,2262
Todas las edades,Hombres,1 January,2022,1 de enero de 2022,23288747
0 años,Mujeres,1 January,2022,1 de enero de 2022,163000
1 año,Mujeres,1 January,2022,1 de enero de 2022,168956
10 años,Mujeres,1 January,2022,1 de enero de 2022,234596
100 años,Mujeres,1 January,2022,1 de enero de 2022,4723
100 y más años,Mujeres,1 January,2022,1 de enero de 2022,11476
101 años,Mujeres,1 January,2022,1 de enero de 2022,2947
102 años,Mujeres,1 January,2022,1 de enero de 2022,1604
103 años,Mujeres,1 January,2022,1 de enero de 2022,950
104 años,Mujeres,1 January,2022,1 de enero de 2022,554
105 y más años,Mujeres,1 January,2022,1 de enero de 2022,698
11 años,Mujeres,1 January,2022,1 de enero de 2022,240399
12 años,Mujeres,1 January,2022,1 de enero de 2022,243738
13 años,Mujeres,1 January,2022,1 de enero de 2022,255226
14 años,Mujeres,1 January,2022,1 de enero de 2022,246477
15 años,Mujeres,1 January,2022,1 de enero de 2022,246469
16 años,Mujeres,1 January,2022,1 de enero de 2022,242360
17 años,Mujeres,1 January,2022,1 de enero de 2022,239528
18 años,Mujeres,1 January,2022,1 de enero de 2022,238663
19 años,Mujeres,1 January,2022,1 de enero de 2022,232137
2 años,Mujeres,1 January,2022,1 de enero de 2022,175136
20 años,Mujeres,1 January,2022,1 de enero de 2022,233877
21 años,Mujeres,1 January,2022,1 de enero de 2022,236293
22 años,Mujeres,1 January,2022,1 de enero de 2022,234827
23 años,Mujeres,1 January,2022,1 de enero de 2022,229639
24 años,Mujeres,1 January,2022,1 de enero de 2022,236602
25 años,Mujeres,1 January,2022,1 de enero de 2022,236807
26 años,Mujeres,1 January,2022,1 de enero de 2022,239743
27 años,Mujeres,1 January,2022,1 de enero de 2022,244915
28 años,Mujeres,1 January,2022,1 de enero de 2022,254032
29 años,Mujeres,1 January,2022,1 de enero de 2022,262575
3 años,Mujeres,1 January,2022,1 de enero de 2022,185506
30 años,Mujeres,1 January,2022,1 de enero de 2022,261827
31 años,Mujeres,1 January,2022,1 de enero de 2022,267157
32 años,Mujeres,1 January,2022,1 de enero de 2022,272955
33 años,Mujeres,1 January,2022,1 de enero de 2022,278887
34 años,Mujeres,1 January,2022,1 de enero de 2022,282698
35 años,Mujeres,1 January,2022,1 de enero de 2022,291224
36 años,Mujeres,1 January,2022,1 de enero de 2022,300652
37 años,Mujeres,1 January,2022,1 de enero de 2022,312068
38 años,Mujeres,1 January,2022,1 de enero de 2022,322000
39 años,Mujeres,1 January,2022,1 de enero de 2022,339425
4 años,Mujeres,1 January,2022,1 de enero de 2022,197649
40 años,Mujeres,1 January,2022,1 de enero de 2022,352691
41 años,Mujeres,1 January,2022,1 de enero de 2022,368983
42 años,Mujeres,1 January,2022,1 de enero de 2022,378916
43 años,Mujeres,1 January,2022,1 de enero de 2022,393662
44 años,Mujeres,1 January,2022,1 de enero de 2022,397001
45 años,Mujeres,1 January,2022,1 de enero de 2022,404645
46 años,Mujeres,1 January,2022,1 de enero de 2022,400281
47 años,Mujeres,1 January,2022,1 de enero de 2022,398110
48 años,Mujeres,1 January,2022,1 de enero de 2022,387578
49 años,Mujeres,1 January,2022,1 de enero de 2022,386190
5 años,Mujeres,1 January,2022,1 de enero de 2022,208530
50 años,Mujeres,1 January,2022,1 de enero de 2022,380227
51 años,Mujeres,1 January,2022,1 de enero de 2022,375278
52 años,Mujeres,1 January,2022,1 de enero de 2022,372060
53 años,Mujeres,1 January,2022,1 de enero de 2022,369522
54 años,Mujeres,1 January,2022,1 de enero de 2022,372525
55 años,Mujeres,1 January,2022,1 de enero de 2022,362766
56 años,Mujeres,1 January,2022,1 de enero de 2022,361007
57 años,Mujeres,1 January,2022,1 de enero de 2022,365611
58 años,Mujeres,1 January,2022,1 de enero de 2022,347010
59 años,Mujeres,1 January,2022,1 de enero de 2022,335852
6 años,Mujeres,1 January,2022,1 de enero de 2022,214475
60 años,Mujeres,1 January,2022,1 de enero de 2022,327988
61 años,Mujeres,1 January,2022,1 de enero de 2022,328621
62 años,Mujeres,1 January,2022,1 de enero de 2022,318892
63 años,Mujeres,1 January,2022,1 de enero de 2022,311348
64 años,Mujeres,1 January,2022,1 de enero de 2022,303792
65 años,Mujeres,1 January,2022,1 de enero de 2022,282871
66 años,Mujeres,1 January,2022,1 de enero de 2022,274260
67 años,Mujeres,1 January,2022,1 de enero de 2022,261621
68 años,Mujeres,1 January,2022,1 de enero de 2022,260218
69 años,Mujeres,1 January,2022,1 de enero de 2022,256938
7 años,Mujeres,1 January,2022,1 de enero de 2022,217617
70 años,Mujeres,1 January,2022,1 de enero de 2022,241183
71 años,Mujeres,1 January,2022,1 de enero de 2022,234067
72 años,Mujeres,1 January,2022,1 de enero de 2022,242663
73 años,Mujeres,1 January,2022,1 de enero de 2022,251814
74 años,Mujeres,1 January,2022,1 de enero de 2022,228271
75 años,Mujeres,1 January,2022,1 de enero de 2022,217117
76 años,Mujeres,1 January,2022,1 de enero de 2022,223911
77 años,Mujeres,1 January,2022,1 de enero de 2022,210076
78 años,Mujeres,1 January,2022,1 de enero de 2022,204038
79 años,Mujeres,1 January,2022,1 de enero de 2022,172381
8 años,Mujeres,1 January,2022,1 de enero de 2022,216301
80 años,Mujeres,1 January,2022,1 de enero de 2022,155945
81 años,Mujeres,1 January,2022,1 de enero de 2022,187445
82 años,Mujeres,1 January,2022,1 de enero de 2022,121851
83 años,Mujeres,1 January,2022,1 de enero de 2022,133235
84 años,Mujeres,1 January,2022,1 de enero de 2022,143809
85 años,Mujeres,1 January,2022,1 de enero de 2022,150368
85 y más años,Mujeres,1 January,2022,1 de enero de 2022,1060185
86 años,Mujeres,1 January,2022,1 de enero de 2022,136981
87 años,Mujeres,1 January,2022,1 de enero de 2022,126801
88 años,Mujeres,1 January,2022,1 de enero de 2022,118380
89 años,Mujeres,1 January,2022,1 de enero de 2022,106451
9 años,Mujeres,1 January,2022,1 de enero de 2022,228559
90 años,Mujeres,1 January,2022,1 de enero de 2022,88884
91 años,Mujeres,1 January,2022,1 de enero de 2022,78082
92 años,Mujeres,1 January,2022,1 de enero de 2022,62645
93 años,Mujeres,1 January,2022,1 de enero de 2022,51471
94 años,Mujeres,1 January,2022,1 de enero de 2022,38936
95 años,Mujeres,1 January,2022,1 de enero de 2022,30663
96 años,Mujeres,1 January,2022,1 de enero de 2022,22602
97 años,Mujeres,1 January,2022,1 de enero de 2022,16620
98 años,Mujeres,1 January,2022,1 de enero de 2022,11599
99 años,Mujeres,1 January,2022,1 de enero de 2022,8226
Todas las edades,Mujeres,1 January,2022,1 de enero de 2022,24197980
0 años,Total,1 January,2022,1 de enero de 2022,336783
1 año,Total,1 January,2022,1 de enero de 2022,346269
10 años,Total,1 January,2022,1 de enero de 2022,484090
100 años,Total,1 January,2022,1 de enero de 2022,5851
100 y más años,Total,1 January,2022,1 de enero de 2022,13914
101 años,Total,1 January,2022,1 de enero de 2022,3577
102 años,Total,1 January,2022,1 de enero de 2022,1911
103 años,Total,1 January,2022,1 de enero de 2022,1128
104 años,Total,1 January,2022,1 de enero de 2022,629
105 y más años,Total,1 January,2022,1 de enero de 2022,818
11 años,Total,1 January,2022,1 de enero de 2022,495311
12 años,Total,1 January,2022,1 de enero de 2022,503800
13 años,Total,1 January,2022,1 de enero de 2022,526652
14 años,Total,1 January,2022,1 de enero de 2022,508120
15 años,Total,1 January,2022,1 de enero de 2022,507660
16 años,Total,1 January,2022,1 de enero de 2022,498216
17 años,Total,1 January,2022,1 de enero de 2022,495222
18 años,Total,1 January,2022,1 de enero de 2022,492728
19 años,Total,1 January,2022,1 de enero de 2022,481717
2 años,Total,1 January,2022,1 de enero de 2022,360497
20 años,Total,1 January,2022,1 de enero de 2022,483514
21 años,Total,1 January,2022,1 de enero de 2022,489872
22 años,Total,1 January,2022,1 de enero de 2022,482286
23 años,Total,1 January,2022,1 de enero de 2022,472856
24 años,Total,1 January,2022,1 de enero de 2022,483702
25 años,Total,1 January,2022,1 de enero de 2022,482585
26 años,Total,1 January,2022,1 de enero de 2022,488819
27 años,Total,1 January,2022,1 de enero de 2022,498237
28 años,Total,1 January,2022,1 de enero de 2022,516337
29 años,Total,1 January,2022,1 de enero de 2022,532003
3 años,Total,1 January,2022,1 de enero de 2022,381073
30 años,Total,1 January,2022,1 de enero de 2022,531042
31 años,Total,1 January,2022,1 de enero de 2022,539464
32 años,Total,1 January,2022,1 de enero de 2022,548764
33 años,Total,1 January,2022,1 de enero de 2022,559340
34 años,Total,1 January,2022,1 de enero de 2022,566682
35 años,Total,1 January,2022,1 de enero de 2022,580872
36 años,Total,1 January,2022,1 de enero de 2022,600216
37 años,Total,1 January,2022,1 de enero de 2022,623210
38 años,Total,1 January,2022,1 de enero de 2022,643936
39 años,Total,1 January,2022,1 de enero de 2022,679909
4 años,Total,1 January,2022,1 de enero de 2022,407403
40 años,Total,1 January,2022,1 de enero de 2022,708842
41 años,Total,1 January,2022,1 de enero de 2022,742824
42 años,Total,1 January,2022,1 de enero de 2022,762944
43 años,Total,1 January,2022,1 de enero de 2022,795337
44 años,Total,1 January,2022,1 de enero de 2022,805028
45 años,Total,1 January,2022,1 de enero de 2022,818348
46 años,Total,1 January,2022,1 de enero de 2022,811642
47 años,Total,1 January,2022,1 de enero de 2022,804906
48 años,Total,1 January,2022,1 de enero de 2022,783881
49 años,Total,1 January,2022,1 de enero de 2022,779486
5 años,Total,1 January,2022,1 de enero de 2022,429321
50 años,Total,1 January,2022,1 de enero de 2022,765803
51 años,Total,1 January,2022,1 de enero de 2022,754374
52 años,Total,1 January,2022,1 de enero de 2022,744642
53 años,Total,1 January,2022,1 de enero de 2022,736906
54 años,Total,1 January,2022,1 de enero de 2022,740070
55 años,Total,1 January,2022,1 de enero de 2022,720167
56 años,Total,1 January,2022,1 de enero de 2022,712789
57 años,Total,1 January,2022,1 de enero de 2022,720224
58 años,Total,1 January,2022,1 de enero de 2022,682904
59 años,Total,1 January,2022,1 de enero de 2022,657816
6 años,Total,1 January,2022,1 de enero de 2022,441425
60 años,Total,1 January,2022,1 de enero de 2022,640578
61 años,Total,1 January,2022,1 de enero de 2022,640071
62 años,Total,1 January,2022,1 de enero de 2022,620002
63 años,Total,1 January,2022,1 de enero de 2022,602932
64 años,Total,1 January,2022,1 de enero de 2022,585700
65 años,Total,1 January,2022,1 de enero de 2022,543309
66 años,Total,1 January,2022,1 de enero de 2022,524934
67 años,Total,1 January,2022,1 de enero de 2022,497753
68 años,Total,1 January,2022,1 de enero de 2022,495138
69 años,Total,1 January,2022,1 de enero de 2022,488516
7 años,Total,1 January,2022,1 de enero de 2022,449533
70 años,Total,1 January,2022,1 de enero de 2022,454666
71 años,Total,1 January,2022,1 de enero de 2022,439053
72 años,Total,1 January,2022,1 de enero de 2022,450902
73 años,Total,1 January,2022,1 de enero de 2022,465296
74 años,Total,1 January,2022,1 de enero de 2022,419502
75 años,Total,1 January,2022,1 de enero de 2022,394987
76 años,Total,1 January,2022,1 de enero de 2022,404408
77 años,Total,1 January,2022,1 de enero de 2022,376882
78 años,Total,1 January,2022,1 de enero de 2022,362982
79 años,Total,1 January,2022,1 de enero de 2022,304578
8 años,Total,1 January,2022,1 de enero de 2022,445467
80 años,Total,1 January,2022,1 de enero de 2022,272800
81 años,Total,1 January,2022,1 de enero de 2022,322563
82 años,Total,1 January,2022,1 de enero de 2022,204762
83 años,Total,1 January,2022,1 de enero de 2022,221993
84 años,Total,1 January,2022,1 de enero de 2022,236192
85 años,Total,1 January,2022,1 de enero de 2022,242100
85 y más años,Total,1 January,2022,1 de enero de 2022,1600586
86 años,Total,1 January,2022,1 de enero de 2022,218667
87 años,Total,1 January,2022,1 de enero de 2022,199113
88 años,Total,1 January,2022,1 de enero de 2022,182761
89 años,Total,1 January,2022,1 de enero de 2022,161880
9 años,Total,1 January,2022,1 de enero de 2022,471776
90 años,Total,1 January,2022,1 de enero de 2022,133319
91 años,Total,1 January,2022,1 de enero de 2022,113937
92 años,Total,1 January,2022,1 de enero de 2022,89845
93 años,Total,1 January,2022,1 de enero de 2022,72501
94 años,Total,1 January,2022,1 de enero de 2022,53645
95 años,Total,1 January,2022,1 de enero de 2022,41524
96 años,Total,1 January,2022,1 de enero de 2022,29983
97 años,Total,1 January,2022,1 de enero de 2022,21799
98 años,Total,1 January,2022,1 de enero de 2022,15110
99 años,Total,1 January,2022,1 de enero de 2022,10488
Todas las edades,Total,1 January,2022,1 de enero de 2022,47486727
0 años,Hombres,1 January,2023,1 de enero de 2023,169800
1 año,Hombres,1 January,2023,1 de enero de 2023,178921
10 años,Hombres,1 January,2023,1 de enero de 2023,248245
100 años,Hombres,1 January,2023,1 de enero de 2023,1200
100 y más años,Hombres,1 January,2023,1 de enero de 2023,2578
101 años,Hombres,1 January,2023,1 de enero de 2023,662
102 años,Hombres,1 January,2023,1 de enero de 2023,362
103 años,Hombres,1 January,2023,1 de enero de 2023,164
104 años,Hombres,1 January,2023,1 de enero de 2023,85
105 y más años,Hombres,1 January,2023,1 de enero de 2023,105
11 años,Hombres,1 January,2023,1 de enero de 2023,254156
12 años,Hombres,1 January,2023,1 de enero de 2023,259729
13 años,Hombres,1 January,2023,1 de enero de 2023,264723
14 años,Hombres,1 January,2023,1 de enero de 2023,276257
15 años,Hombres,1 January,2023,1 de enero de 2023,266390
16 años,Hombres,1 January,2023,1 de enero de 2023,265790
17 años,Hombres,1 January,2023,1 de enero de 2023,261546
18 años,Hombres,1 January,2023,1 de enero de 2023,264715
19 años,Hombres,1 January,2023,1 de enero de 2023,262996
2 años,Hombres,1 January,2023,1 de enero de 2023,178154
20 años,Hombres,1 January,2023,1 de enero de 2023,258128
21 años,Hombres,1 January,2023,1 de enero de 2023,258220
22 años,Hombres,1 January,2023,1 de enero de 2023,262775
23 años,Hombres,1 January,2023,1 de enero de 2023,256872
24 años,Hombres,1 January,2023,1 de enero de 2023,253109
25 años,Hombres,1 January,2023,1 de enero de 2023,257588
26 años,Hombres,1 January,2023,1 de enero de 2023,256337
27 años,Hombres,1 January,2023,1 de enero de 2023,259688
28 años,Hombres,1 January,2023,1 de enero de 2023,263513
29 años,Hombres,1 January,2023,1 de enero de 2023,271644
3 años,Hombres,1 January,2023,1 de enero de 2023,190572
30 años,Hombres,1 January,2023,1 de enero de 2023,278630
31 años,Hombres,1 January,2023,1 de enero de 2023,278189
32 años,Hombres,1 January,2023,1 de enero de 2023,280693
33 años,Hombres,1 January,2023,1 de enero de 2023,284117
34 años,Hombres,1 January,2023,1 de enero de 2023,288457
35 años,Hombres,1 January,2023,1 de enero de 2023,291210
36 años,Hombres,1 January,2023,1 de enero de 2023,296284
37 años,Hombres,1 January,2023,1 de enero de 2023,306067
38 años,Hombres,1 January,2023,1 de enero de 2023,316872
39 años,Hombres,1 January,2023,1 de enero de 2023,327420
4 años,Hombres,1 January,2023,1 de enero de 2023,200440
40 años,Hombres,1 January,2023,1 de enero de 2023,345547
41 años,Hombres,1 January,2023,1 de enero de 2023,360609
42 años,Hombres,1 January,2023,1 de enero de 2023,377916
43 años,Hombres,1 January,2023,1 de enero de 2023,387343
44 años,Hombres,1 January,2023,1 de enero de 2023,404745
45 años,Hombres,1 January,2023,1 de enero de 2023,410843
46 años,Hombres,1 January,2023,1 de enero de 2023,416290
47 años,Hombres,1 January,2023,1 de enero de 2023,413579
48 años,Hombres,1 January,2023,1 de enero de 2023,408632
49 años,Hombres,1 January,2023,1 de enero de 2023,397587
5 años,Hombres,1 January,2023,1 de enero de 2023,214698
50 años,Hombres,1 January,2023,1 de enero de 2023,394484
51 años,Hombres,1 January,2023,1 de enero de 2023,386474
52 años,Hombres,1 January,2023,1 de enero de 2023,379656
53 años,Hombres,1 January,2023,1 de enero de 2023,373092
54 años,Hombres,1 January,2023,1 de enero de 2023,367586
55 años,Hombres,1 January,2023,1 de enero de 2023,367472
56 años,Hombres,1 January,2023,1 de enero de 2023,357123
57 años,Hombres,1 January,2023,1 de enero de 2023,351388
58 años,Hombres,1 January,2023,1 de enero de 2023,353900
59 años,Hombres,1 January,2023,1 de enero de 2023,334961
6 años,Hombres,1 January,2023,1 de enero de 2023,225565
60 años,Hombres,1 January,2023,1 de enero de 2023,321031
61 años,Hombres,1 January,2023,1 de enero de 2023,311291
62 años,Hombres,1 January,2023,1 de enero de 2023,309848
63 años,Hombres,1 January,2023,1 de enero de 2023,299397
64 años,Hombres,1 January,2023,1 de enero de 2023,289561
65 años,Hombres,1 January,2023,1 de enero de 2023,279455
66 años,Hombres,1 January,2023,1 de enero de 2023,257702
67 años,Hombres,1 January,2023,1 de enero de 2023,248033
68 años,Hombres,1 January,2023,1 de enero de 2023,233187
69 años,Hombres,1 January,2023,1 de enero de 2023,231761
7 años,Hombres,1 January,2023,1 de enero de 2023,231943
70 años,Hombres,1 January,2023,1 de enero de 2023,228126
71 años,Hombres,1 January,2023,1 de enero de 2023,209968
72 años,Hombres,1 January,2023,1 de enero de 2023,200932
73 años,Hombres,1 January,2023,1 de enero de 2023,203858
74 años,Hombres,1 January,2023,1 de enero de 2023,208573
75 años,Hombres,1 January,2023,1 de enero de 2023,186291
76 años,Hombres,1 January,2023,1 de enero de 2023,172605
77 años,Hombres,1 January,2023,1 de enero de 2023,174492
78 años,Hombres,1 January,2023,1 de enero de 2023,160712
79 años,Hombres,1 January,2023,1 de enero de 2023,152318
8 años,Hombres,1 January,2023,1 de enero de 2023,236850
80 años,Hombres,1 January,2023,1 de enero de 2023,126192
81 años,Hombres,1 January,2023,1 de enero de 2023,111003
82 años,Hombres,1 January,2023,1 de enero de 2023,127248
83 años,Hombres,1 January,2023,1 de enero de 2023,77384
84 años,Hombres,1 January,2023,1 de enero de 2023,82092
85 años,Hombres,1 January,2023,1 de enero de 2023,84542
85 y más años,Hombres,1 January,2023,1 de enero de 2023,541608
86 años,Hombres,1 January,2023,1 de enero de 2023,82899
87 años,Hombres,1 January,2023,1 de enero de 2023,73122
88 años,Hombres,1 January,2023,1 de enero de 2023,63440
89 años,Hombres,1 January,2023,1 de enero de 2023,55346
9 años,Hombres,1 January,2023,1 de enero de 2023,234395
90 años,Hombres,1 January,2023,1 de enero de 2023,46798
91 años,Hombres,1 January,2023,1 de enero de 2023,36660
92 años,Hombres,1 January,2023,1 de enero de 2023,28923
93 años,Hombres,1 January,2023,1 de enero de 2023,21315
94 años,Hombres,1 January,2023,1 de enero de 2023,16128
95 años,Hombres,1 January,2023,1 de enero de 2023,10961
96 años,Hombres,1 January,2023,1 de enero de 2023,7785
97 años,Hombres,1 January,2023,1 de enero de 2023,5186
98 años,Hombres,1 January,2023,1 de enero de 2023,3554
99 años,Hombres,1 January,2023,1 de enero de 2023,2371
Todas las edades,Hombres,1 January,2023,1 de enero de 2023,23565593
0 años,Mujeres,1 January,2023,1 de enero de 2023,160168
1 año,Mujeres,1 January,2023,1 de enero de 2023,168032
10 años,Mujeres,1 January,2023,1 de enero de 2023,233380
100 años,Mujeres,1 January,2023,1 de enero de 2023,5103
100 y más años,Mujeres,1 January,2023,1 de enero de 2023,12082
101 años,Mujeres,1 January,2023,1 de enero de 2023,3013
102 años,Mujeres,1 January,2023,1 de enero de 2023,1821
103 años,Mujeres,1 January,2023,1 de enero de 2023,957
104 años,Mujeres,1 January,2023,1 de enero de 2023,535
105 y más años,Mujeres,1 January,2023,1 de enero de 2023,653
11 años,Mujeres,1 January,2023,1 de enero de 2023,239146
12 años,Mujeres,1 January,2023,1 de enero de 2023,245136
13 años,Mujeres,1 January,2023,1 de enero de 2023,248455
14 años,Mujeres,1 January,2023,1 de enero de 2023,259775
15 años,Mujeres,1 January,2023,1 de enero de 2023,250950
16 años,Mujeres,1 January,2023,1 de enero de 2023,250225
17 años,Mujeres,1 January,2023,1 de enero de 2023,246068
18 años,Mujeres,1 January,2023,1 de enero de 2023,246596
19 años,Mujeres,1 January,2023,1 de enero de 2023,247530
2 años,Mujeres,1 January,2023,1 de enero de 2023,169912
20 años,Mujeres,1 January,2023,1 de enero de 2023,240923
21 años,Mujeres,1 January,2023,1 de enero de 2023,242482
22 años,Mujeres,1 January,2023,1 de enero de 2023,246143
23 años,Mujeres,1 January,2023,1 de enero de 2023,244497
24 años,Mujeres,1 January,2023,1 de enero de 2023,239841
25 años,Mujeres,1 January,2023,1 de enero de 2023,247377
26 años,Mujeres,1 January,2023,1 de enero de 2023,247592
27 años,Mujeres,1 January,2023,1 de enero de 2023,250339
28 años,Mujeres,1 January,2023,1 de enero de 2023,255384
29 años,Mujeres,1 January,2023,1 de enero de 2023,264010
3 años,Mujeres,1 January,2023,1 de enero de 2023,180252
30 años,Mujeres,1 January,2023,1 de enero de 2023,272290
31 años,Mujeres,1 January,2023,1 de enero de 2023,271388
32 años,Mujeres,1 January,2023,1 de enero de 2023,276333
33 años,Mujeres,1 January,2023,1 de enero de 2023,281866
34 años,Mujeres,1 January,2023,1 de enero de 2023,287516
35 años,Mujeres,1 January,2023,1 de enero de 2023,291269
36 años,Mujeres,1 January,2023,1 de enero de 2023,299325
37 años,Mujeres,1 January,2023,1 de enero de 2023,308472
38 años,Mujeres,1 January,2023,1 de enero de 2023,319509
39 años,Mujeres,1 January,2023,1 de enero de 2023,329170
4 años,Mujeres,1 January,2023,1 de enero de 2023,190155
40 años,Mujeres,1 January,2023,1 de enero de 2023,346212
41 años,Mujeres,1 January,2023,1 de enero de 2023,359076
42 años,Mujeres,1 January,2023,1 de enero de 2023,374858
43 años,Mujeres,1 January,2023,1 de enero de 2023,384286
44 años,Mujeres,1 January,2023,1 de enero de 2023,398729
45 años,Mujeres,1 January,2023,1 de enero de 2023,401814
46 años,Mujeres,1 January,2023,1 de enero de 2023,409033
47 años,Mujeres,1 January,2023,1 de enero de 2023,404397
48 años,Mujeres,1 January,2023,1 de enero de 2023,402055
49 años,Mujeres,1 January,2023,1 de enero de 2023,391134
5 años,Mujeres,1 January,2023,1 de enero de 2023,202169
50 años,Mujeres,1 January,2023,1 de enero de 2023,389854
51 años,Mujeres,1 January,2023,1 de enero de 2023,383647
52 años,Mujeres,1 January,2023,1 de enero de 2023,378513
53 años,Mujeres,1 January,2023,1 de enero de 2023,374841
54 años,Mujeres,1 January,2023,1 de enero de 2023,371961
55 años,Mujeres,1 January,2023,1 de enero de 2023,374861
56 años,Mujeres,1 January,2023,1 de enero de 2023,364887
57 años,Mujeres,1 January,2023,1 de enero de 2023,362766
58 años,Mujeres,1 January,2023,1 de enero de 2023,367219
59 años,Mujeres,1 January,2023,1 de enero de 2023,348521
6 años,Mujeres,1 January,2023,1 de enero de 2023,213178
60 años,Mujeres,1 January,2023,1 de enero de 2023,337131
61 años,Mujeres,1 January,2023,1 de enero de 2023,329018
62 años,Mujeres,1 January,2023,1 de enero de 2023,329622
63 años,Mujeres,1 January,2023,1 de enero de 2023,319535
64 años,Mujeres,1 January,2023,1 de enero de 2023,311700
65 años,Mujeres,1 January,2023,1 de enero de 2023,303926
66 años,Mujeres,1 January,2023,1 de enero de 2023,282536
67 años,Mujeres,1 January,2023,1 de enero de 2023,274084
68 años,Mujeres,1 January,2023,1 de enero de 2023,261488
69 años,Mujeres,1 January,2023,1 de enero de 2023,259479
7 años,Mujeres,1 January,2023,1 de enero de 2023,219306
70 años,Mujeres,1 January,2023,1 de enero de 2023,256222
71 años,Mujeres,1 January,2023,1 de enero de 2023,240160
72 años,Mujeres,1 January,2023,1 de enero de 2023,232837
73 años,Mujeres,1 January,2023,1 de enero de 2023,241061
74 años,Mujeres,1 January,2023,1 de enero de 2023,249522
75 años,Mujeres,1 January,2023,1 de enero de 2023,225812
76 años,Mujeres,1 January,2023,1 de enero de 2023,214313
77 años,Mujeres,1 January,2023,1 de enero de 2023,220468
78 años,Mujeres,1 January,2023,1 de enero de 2023,206344
79 años,Mujeres,1 January,2023,1 de enero de 2023,199657
8 años,Mujeres,1 January,2023,1 de enero de 2023,222618
80 años,Mujeres,1 January,2023,1 de enero de 2023,168022
81 años,Mujeres,1 January,2023,1 de enero de 2023,151568
82 años,Mujeres,1 January,2023,1 de enero de 2023,181220
83 años,Mujeres,1 January,2023,1 de enero de 2023,116940
84 años,Mujeres,1 January,2023,1 de enero de 2023,127108
85 años,Mujeres,1 January,2023,1 de enero de 2023,135919
85 y más años,Mujeres,1 January,2023,1 de enero de 2023,1061469
86 años,Mujeres,1 January,2023,1 de enero de 2023,140913
87 años,Mujeres,1 January,2023,1 de enero de 2023,126973
88 años,Mujeres,1 January,2023,1 de enero de 2023,116012
89 años,Mujeres,1 January,2023,1 de enero de 2023,106630
9 años,Mujeres,1 January,2023,1 de enero de 2023,221085
90 años,Mujeres,1 January,2023,1 de enero de 2023,94185
91 años,Mujeres,1 January,2023,1 de enero de 2023,77045
92 años,Mujeres,1 January,2023,1 de enero de 2023,66529
93 años,Mujeres,1 January,2023,1 de enero de 2023,52006
94 años,Mujeres,1 January,2023,1 de enero de 2023,41830
95 años,Mujeres,1 January,2023,1 de enero de 2023,30762
96 años,Mujeres,1 January,2023,1 de enero de 2023,23547
97 años,Mujeres,1 January,2023,1 de enero de 2023,16806
98 años,Mujeres,1 January,2023,1 de enero de 2023,11987
99 años,Mujeres,1 January,2023,1 de enero de 2023,8243
Todas las edades,Mujeres,1 January,2023,1 de enero de 2023,24519768
0 años,Total,1 January,2023,1 de enero de 2023,329968
1 año,Total,1 January,2023,1 de enero de 2023,346953
10 años,Total,1 January,2023,1 de enero de 2023,481625
100 años,Total,1 January,2023,1 de enero de 2023,6303
100 y más años,Total,1 January,2023,1 de enero de 2023,14660
101 años,Total,1 January,2023,1 de enero de 2023,3675
102 años,Total,1 January,2023,1 de enero de 2023,2183
103 años,Total,1 January,2023,1 de enero de 2023,1121
104 años,Total,1 January,2023,1 de enero de 2023,620
105 y más años,Total,1 January,2023,1 de enero de 2023,758
11 años,Total,1 January,2023,1 de enero de 2023,493302
12 años,Total,1 January,2023,1 de enero de 2023,504865
13 años,Total,1 January,2023,1 de enero de 2023,513178
14 años,Total,1 January,2023,1 de enero de 2023,536032
15 años,Total,1 January,2023,1 de enero de 2023,517340
16 años,Total,1 January,2023,1 de enero de 2023,516015
17 años,Total,1 January,2023,1 de enero de 2023,507614
18 años,Total,1 January,2023,1 de enero de 2023,511311
19 años,Total,1 January,2023,1 de enero de 2023,510526
2 años,Total,1 January,2023,1 de enero de 2023,348066
20 años,Total,1 January,2023,1 de enero de 2023,499051
21 años,Total,1 January,2023,1 de enero de 2023,500702
22 años,Total,1 January,2023,1 de enero de 2023,508918
23 años,Total,1 January,2023,1 de enero de 2023,501369
24 años,Total,1 January,2023,1 de enero de 2023,492950
25 años,Total,1 January,2023,1 de enero de 2023,504965
26 años,Total,1 January,2023,1 de enero de 2023,503929
27 años,Total,1 January,2023,1 de enero de 2023,510027
28 años,Total,1 January,2023,1 de enero de 2023,518897
29 años,Total,1 January,2023,1 de enero de 2023,535654
3 años,Total,1 January,2023,1 de enero de 2023,370824
30 años,Total,1 January,2023,1 de enero de 2023,550920
31 años,Total,1 January,2023,1 de enero de 2023,549577
32 años,Total,1 January,2023,1 de enero de 2023,557026
33 años,Total,1 January,2023,1 de enero de 2023,565983
34 años,Total,1 January,2023,1 de enero de 2023,575973
35 años,Total,1 January,2023,1 de enero de 2023,582479
36 años,Total,1 January,2023,1 de enero de 2023,595609
37 años,Total,1 January,2023,1 de enero de 2023,614539
38 años,Total,1 January,2023,1 de enero de 2023,636381
39 años,Total,1 January,2023,1 de enero de 2023,656590
4 años,Total,1 January,2023,1 de enero de 2023,390595
40 años,Total,1 January,2023,1 de enero de 2023,691759
41 años,Total,1 January,2023,1 de enero de 2023,719685
42 años,Total,1 January,2023,1 de enero de 2023,752774
43 años,Total,1 January,2023,1 de enero de 2023,771629
44 años,Total,1 January,2023,1 de enero de 2023,803474
45 años,Total,1 January,2023,1 de enero de 2023,812657
46 años,Total,1 January,2023,1 de enero de 2023,825323
47 años,Total,1 January,2023,1 de enero de 2023,817976
48 años,Total,1 January,2023,1 de enero de 2023,810687
49 años,Total,1 January,2023,1 de enero de 2023,788721
5 años,Total,1 January,2023,1 de enero de 2023,416867
50 años,Total,1 January,2023,1 de enero de 2023,784338
51 años,Total,1 January,2023,1 de enero de 2023,770121
52 años,Total,1 January,2023,1 de enero de 2023,758169
53 años,Total,1 January,2023,1 de enero de 2023,747933
54 años,Total,1 January,2023,1 de enero de 2023,739547
55 años,Total,1 January,2023,1 de enero de 2023,742333
56 años,Total,1 January,2023,1 de enero de 2023,722010
57 años,Total,1 January,2023,1 de enero de 2023,714154
58 años,Total,1 January,2023,1 de enero de 2023,721119
59 años,Total,1 January,2023,1 de enero de 2023,683482
6 años,Total,1 January,2023,1 de enero de 2023,438743
60 años,Total,1 January,2023,1 de enero de 2023,658162
61 años,Total,1 January,2023,1 de enero de 2023,640309
62 años,Total,1 January,2023,1 de enero de 2023,639470
63 años,Total,1 January,2023,1 de enero de 2023,618932
64 años,Total,1 January,2023,1 de enero de 2023,601261
65 años,Total,1 January,2023,1 de enero de 2023,583381
66 años,Total,1 January,2023,1 de enero de 2023,540238
67 años,Total,1 January,2023,1 de enero de 2023,522117
68 años,Total,1 January,2023,1 de enero de 2023,494675
69 años,Total,1 January,2023,1 de enero de 2023,491240
7 años,Total,1 January,2023,1 de enero de 2023,451249
70 años,Total,1 January,2023,1 de enero de 2023,484348
71 años,Total,1 January,2023,1 de enero de 2023,450128
72 años,Total,1 January,2023,1 de enero de 2023,433769
73 años,Total,1 January,2023,1 de enero de 2023,444919
74 años,Total,1 January,2023,1 de enero de 2023,458095
75 años,Total,1 January,2023,1 de enero de 2023,412103
76 años,Total,1 January,2023,1 de enero de 2023,386918
77 años,Total,1 January,2023,1 de enero de 2023,394960
78 años,Total,1 January,2023,1 de enero de 2023,367056
79 años,Total,1 January,2023,1 de enero de 2023,351975
8 años,Total,1 January,2023,1 de enero de 2023,459468
80 años,Total,1 January,2023,1 de enero de 2023,294214
81 años,Total,1 January,2023,1 de enero de 2023,262571
82 años,Total,1 January,2023,1 de enero de 2023,308468
83 años,Total,1 January,2023,1 de enero de 2023,194324
84 años,Total,1 January,2023,1 de enero de 2023,209200
85 años,Total,1 January,2023,1 de enero de 2023,220461
85 y más años,Total,1 January,2023,1 de enero de 2023,1603077
86 años,Total,1 January,2023,1 de enero de 2023,223812
87 años,Total,1 January,2023,1 de enero de 2023,200095
88 años,Total,1 January,2023,1 de enero de 2023,179452
89 años,Total,1 January,2023,1 de enero de 2023,161976
9 años,Total,1 January,2023,1 de enero de 2023,455480
90 años,Total,1 January,2023,1 de enero de 2023,140983
91 años,Total,1 January,2023,1 de enero de 2023,113705
92 años,Total,1 January,2023,1 de enero de 2023,95452
93 años,Total,1 January,2023,1 de enero de 2023,73321
94 años,Total,1 January,2023,1 de enero de 2023,57958
95 años,Total,1 January,2023,1 de enero de 2023,41723
96 años,Total,1 January,2023,1 de enero de 2023,31332
97 años,Total,1 January,2023,1 de enero de 2023,21992
98 años,Total,1 January,2023,1 de enero de 2023,15541
99 años,Total,1 January,2023,1 de enero de 2023,10614
Todas las edades,Total,1 January,2023,1 de enero de 2023,48085361
0 años,Hombres,1 January,2024,1 de enero de 2024,164763
1 año,Hombres,1 January,2024,1 de enero de 2024,174205
10 años,Hombres,1 January,2024,1 de enero de 2024,238599
100 años,Hombres,1 January,2024,1 de enero de 2024,1300
100 y más años,Hombres,1 January,2024,1 de enero de 2024,2828
101 años,Hombres,1 January,2024,1 de enero de 2024,720
102 años,Hombres,1 January,2024,1 de enero de 2024,391
103 años,Hombres,1 January,2024,1 de enero de 2024,211
104 años,Hombres,1 January,2024,1 de enero de 2024,101
105 y más años,Hombres,1 January,2024,1 de enero de 2024,105
11 años,Hombres,1 January,2024,1 de enero de 2024,252477
12 años,Hombres,1 January,2024,1 de enero de 2024,258423
13 años,Hombres,1 January,2024,1 de enero de 2024,263927
14 años,Hombres,1 January,2024,1 de enero de 2024,268810
15 años,Hombres,1 January,2024,1 de enero de 2024,280624
16 años,Hombres,1 January,2024,1 de enero de 2024,271109
17 años,Hombres,1 January,2024,1 de enero de 2024,271465
18 años,Hombres,1 January,2024,1 de enero de 2024,269774
19 años,Hombres,1 January,2024,1 de enero de 2024,272939
2 años,Hombres,1 January,2024,1 de enero de 2024,180992
20 años,Hombres,1 January,2024,1 de enero de 2024,270317
21 años,Hombres,1 January,2024,1 de enero de 2024,265604
22 años,Hombres,1 January,2024,1 de enero de 2024,266211
23 años,Hombres,1 January,2024,1 de enero de 2024,271243
24 años,Hombres,1 January,2024,1 de enero de 2024,266212
25 años,Hombres,1 January,2024,1 de enero de 2024,262384
26 años,Hombres,1 January,2024,1 de enero de 2024,267232
27 años,Hombres,1 January,2024,1 de enero de 2024,265894
28 años,Hombres,1 January,2024,1 de enero de 2024,269105
29 años,Hombres,1 January,2024,1 de enero de 2024,273054
3 años,Hombres,1 January,2024,1 de enero de 2024,182482
30 años,Hombres,1 January,2024,1 de enero de 2024,280434
31 años,Hombres,1 January,2024,1 de enero de 2024,287049
32 años,Hombres,1 January,2024,1 de enero de 2024,286021
33 años,Hombres,1 January,2024,1 de enero de 2024,288620
34 años,Hombres,1 January,2024,1 de enero de 2024,291510
35 años,Hombres,1 January,2024,1 de enero de 2024,295467
36 años,Hombres,1 January,2024,1 de enero de 2024,298027
37 años,Hombres,1 January,2024,1 de enero de 2024,302844
38 años,Hombres,1 January,2024,1 de enero de 2024,311846
39 años,Hombres,1 January,2024,1 de enero de 2024,322319
4 años,Hombres,1 January,2024,1 de enero de 2024,194240
40 años,Hombres,1 January,2024,1 de enero de 2024,332436
41 años,Hombres,1 January,2024,1 de enero de 2024,350331
42 años,Hombres,1 January,2024,1 de enero de 2024,364650
43 años,Hombres,1 January,2024,1 de enero de 2024,381506
44 años,Hombres,1 January,2024,1 de enero de 2024,390542
45 años,Hombres,1 January,2024,1 de enero de 2024,407620
46 años,Hombres,1 January,2024,1 de enero de 2024,413649
47 años,Hombres,1 January,2024,1 de enero de 2024,418570
48 años,Hombres,1 January,2024,1 de enero de 2024,415406
49 años,Hombres,1 January,2024,1 de enero de 2024,410241
5 años,Hombres,1 January,2024,1 de enero de 2024,204039
50 años,Hombres,1 January,2024,1 de enero de 2024,399116
51 años,Hombres,1 January,2024,1 de enero de 2024,395582
52 años,Hombres,1 January,2024,1 de enero de 2024,387238
53 años,Hombres,1 January,2024,1 de enero de 2024,380304
54 años,Hombres,1 January,2024,1 de enero de 2024,373412
55 años,Hombres,1 January,2024,1 de enero de 2024,367721
56 años,Hombres,1 January,2024,1 de enero de 2024,367360
57 años,Hombres,1 January,2024,1 de enero de 2024,356639
58 años,Hombres,1 January,2024,1 de enero de 2024,350699
59 años,Hombres,1 January,2024,1 de enero de 2024,352766
6 años,Hombres,1 January,2024,1 de enero de 2024,218432
60 años,Hombres,1 January,2024,1 de enero de 2024,333881
61 años,Hombres,1 January,2024,1 de enero de 2024,319702
62 años,Hombres,1 January,2024,1 de enero de 2024,309673
63 años,Hombres,1 January,2024,1 de enero de 2024,308095
64 años,Hombres,1 January,2024,1 de enero de 2024,297360
65 años,Hombres,1 January,2024,1 de enero de 2024,287299
66 años,Hombres,1 January,2024,1 de enero de 2024,277498
67 años,Hombres,1 January,2024,1 de enero de 2024,256259
68 años,Hombres,1 January,2024,1 de enero de 2024,245534
69 años,Hombres,1 January,2024,1 de enero de 2024,230186
7 años,Hombres,1 January,2024,1 de enero de 2024,229829
70 años,Hombres,1 January,2024,1 de enero de 2024,228297
71 años,Hombres,1 January,2024,1 de enero de 2024,224326
72 años,Hombres,1 January,2024,1 de enero de 2024,206188
73 años,Hombres,1 January,2024,1 de enero de 2024,196774
74 años,Hombres,1 January,2024,1 de enero de 2024,199059
75 años,Hombres,1 January,2024,1 de enero de 2024,203048
76 años,Hombres,1 January,2024,1 de enero de 2024,180597
77 años,Hombres,1 January,2024,1 de enero de 2024,166992
78 años,Hombres,1 January,2024,1 de enero de 2024,168294
79 años,Hombres,1 January,2024,1 de enero de 2024,154301
8 años,Hombres,1 January,2024,1 de enero de 2024,236185
80 años,Hombres,1 January,2024,1 de enero de 2024,145529
81 años,Hombres,1 January,2024,1 de enero de 2024,120040
82 años,Hombres,1 January,2024,1 de enero de 2024,104897
83 años,Hombres,1 January,2024,1 de enero de 2024,119254
84 años,Hombres,1 January,2024,1 de enero de 2024,71935
85 años,Hombres,1 January,2024,1 de enero de 2024,75591
85 y más años,Hombres,1 January,2024,1 de enero de 2024,540162
86 años,Hombres,1 January,2024,1 de enero de 2024,77151
87 años,Hombres,1 January,2024,1 de enero de 2024,74733
88 años,Hombres,1 January,2024,1 de enero de 2024,65063
89 años,Hombres,1 January,2024,1 de enero de 2024,55502
9 años,Hombres,1 January,2024,1 de enero de 2024,241196
90 años,Hombres,1 January,2024,1 de enero de 2024,47552
91 años,Hombres,1 January,2024,1 de enero de 2024,39346
92 años,Hombres,1 January,2024,1 de enero de 2024,30211
93 años,Hombres,1 January,2024,1 de enero de 2024,23246
94 años,Hombres,1 January,2024,1 de enero de 2024,16715
95 años,Hombres,1 January,2024,1 de enero de 2024,12331
96 años,Hombres,1 January,2024,1 de enero de 2024,8097
97 años,Hombres,1 January,2024,1 de enero de 2024,5617
98 años,Hombres,1 January,2024,1 de enero de 2024,3702
99 años,Hombres,1 January,2024,1 de enero de 2024,2477
Todas las edades,Hombres,1 January,2024,1 de enero de 2024,23826871
0 años,Mujeres,1 January,2024,1 de enero de 2024,156519
1 año,Mujeres,1 January,2024,1 de enero de 2024,164259
10 años,Mujeres,1 January,2024,1 de enero de 2024,225059
100 años,Mujeres,1 January,2024,1 de enero de 2024,5315
100 y más años,Mujeres,1 January,2024,1 de enero de 2024,13083
101 años,Mujeres,1 January,2024,1 de enero de 2024,3443
102 años,Mujeres,1 January,2024,1 de enero de 2024,1922
103 años,Mujeres,1 January,2024,1 de enero de 2024,1167
104 años,Mujeres,1 January,2024,1 de enero de 2024,560
105 y más años,Mujeres,1 January,2024,1 de enero de 2024,676
11 años,Mujeres,1 January,2024,1 de enero de 2024,237277
12 años,Mujeres,1 January,2024,1 de enero de 2024,243102
13 años,Mujeres,1 January,2024,1 de enero de 2024,248889
14 años,Mujeres,1 January,2024,1 de enero de 2024,252109
15 años,Mujeres,1 January,2024,1 de enero de 2024,263589
16 años,Mujeres,1 January,2024,1 de enero de 2024,254415
17 años,Mujeres,1 January,2024,1 de enero de 2024,253607
18 años,Mujeres,1 January,2024,1 de enero de 2024,252651
19 años,Mujeres,1 January,2024,1 de enero de 2024,254695
2 años,Mujeres,1 January,2024,1 de enero de 2024,170059
20 años,Mujeres,1 January,2024,1 de enero de 2024,255101
21 años,Mujeres,1 January,2024,1 de enero de 2024,248552
22 años,Mujeres,1 January,2024,1 de enero de 2024,250866
23 años,Mujeres,1 January,2024,1 de enero de 2024,255147
24 años,Mujeres,1 January,2024,1 de enero de 2024,253508
25 años,Mujeres,1 January,2024,1 de enero de 2024,248701
26 años,Mujeres,1 January,2024,1 de enero de 2024,256636
27 años,Mujeres,1 January,2024,1 de enero de 2024,256890
28 años,Mujeres,1 January,2024,1 de enero de 2024,259509
29 años,Mujeres,1 January,2024,1 de enero de 2024,264223
3 años,Mujeres,1 January,2024,1 de enero de 2024,174114
30 años,Mujeres,1 January,2024,1 de enero de 2024,272183
31 años,Mujeres,1 January,2024,1 de enero de 2024,280547
32 años,Mujeres,1 January,2024,1 de enero de 2024,278794
33 años,Mujeres,1 January,2024,1 de enero de 2024,283999
34 años,Mujeres,1 January,2024,1 de enero de 2024,289243
35 años,Mujeres,1 January,2024,1 de enero de 2024,294355
36 años,Mujeres,1 January,2024,1 de enero de 2024,298257
37 años,Mujeres,1 January,2024,1 de enero de 2024,305685
38 años,Mujeres,1 January,2024,1 de enero de 2024,314431
39 años,Mujeres,1 January,2024,1 de enero de 2024,325568
4 años,Mujeres,1 January,2024,1 de enero de 2024,183901
40 años,Mujeres,1 January,2024,1 de enero de 2024,334774
41 años,Mujeres,1 January,2024,1 de enero de 2024,351500
42 años,Mujeres,1 January,2024,1 de enero de 2024,363868
43 años,Mujeres,1 January,2024,1 de enero de 2024,379606
44 años,Mujeres,1 January,2024,1 de enero de 2024,388742
45 años,Mujeres,1 January,2024,1 de enero de 2024,402933
46 años,Mujeres,1 January,2024,1 de enero de 2024,405712
47 años,Mujeres,1 January,2024,1 de enero de 2024,412667
48 años,Mujeres,1 January,2024,1 de enero de 2024,407592
49 años,Mujeres,1 January,2024,1 de enero de 2024,405229
5 años,Mujeres,1 January,2024,1 de enero de 2024,193808
50 años,Mujeres,1 January,2024,1 de enero de 2024,394280
51 años,Mujeres,1 January,2024,1 de enero de 2024,392710
52 años,Mujeres,1 January,2024,1 de enero de 2024,386301
53 años,Mujeres,1 January,2024,1 de enero de 2024,380883
54 años,Mujeres,1 January,2024,1 de enero de 2024,376935
55 años,Mujeres,1 January,2024,1 de enero de 2024,373947
56 años,Mujeres,1 January,2024,1 de enero de 2024,376392
57 años,Mujeres,1 January,2024,1 de enero de 2024,366292
58 años,Mujeres,1 January,2024,1 de enero de 2024,364064
59 años,Mujeres,1 January,2024,1 de enero de 2024,368028
6 años,Mujeres,1 January,2024,1 de enero de 2024,205779
60 años,Mujeres,1 January,2024,1 de enero de 2024,349149
61 años,Mujeres,1 January,2024,1 de enero de 2024,337876
62 años,Mujeres,1 January,2024,1 de enero de 2024,329417
63 años,Mujeres,1 January,2024,1 de enero de 2024,329648
64 años,Mujeres,1 January,2024,1 de enero de 2024,319450
65 años,Mujeres,1 January,2024,1 de enero de 2024,311752
66 años,Mujeres,1 January,2024,1 de enero de 2024,303921
67 años,Mujeres,1 January,2024,1 de enero de 2024,282920
68 años,Mujeres,1 January,2024,1 de enero de 2024,273673
69 años,Mujeres,1 January,2024,1 de enero de 2024,260652
7 años,Mujeres,1 January,2024,1 de enero de 2024,217032
70 años,Mujeres,1 January,2024,1 de enero de 2024,258414
71 años,Mujeres,1 January,2024,1 de enero de 2024,254787
72 años,Mujeres,1 January,2024,1 de enero de 2024,238501
73 años,Mujeres,1 January,2024,1 de enero de 2024,231013
74 años,Mujeres,1 January,2024,1 de enero de 2024,238658
75 años,Mujeres,1 January,2024,1 de enero de 2024,246632
76 años,Mujeres,1 January,2024,1 de enero de 2024,222845
77 años,Mujeres,1 January,2024,1 de enero de 2024,210899
78 años,Mujeres,1 January,2024,1 de enero de 2024,216564
79 años,Mujeres,1 January,2024,1 de enero de 2024,202051
8 años,Mujeres,1 January,2024,1 de enero de 2024,223202
80 años,Mujeres,1 January,2024,1 de enero de 2024,194842
81 años,Mujeres,1 January,2024,1 de enero de 2024,163519
82 años,Mujeres,1 January,2024,1 de enero de 2024,146689
83 años,Mujeres,1 January,2024,1 de enero de 2024,174668
84 años,Mujeres,1 January,2024,1 de enero de 2024,111798
85 años,Mujeres,1 January,2024,1 de enero de 2024,120541
85 y más años,Mujeres,1 January,2024,1 de enero de 2024,1057101
86 años,Mujeres,1 January,2024,1 de enero de 2024,127915
87 años,Mujeres,1 January,2024,1 de enero de 2024,131396
88 años,Mujeres,1 January,2024,1 de enero de 2024,117043
89 años,Mujeres,1 January,2024,1 de enero de 2024,105423
9 años,Mujeres,1 January,2024,1 de enero de 2024,226669
90 años,Mujeres,1 January,2024,1 de enero de 2024,95346
91 años,Mujeres,1 January,2024,1 de enero de 2024,82988
92 años,Mujeres,1 January,2024,1 de enero de 2024,66569
93 años,Mujeres,1 January,2024,1 de enero de 2024,56463
94 años,Mujeres,1 January,2024,1 de enero de 2024,42991
95 años,Mujeres,1 January,2024,1 de enero de 2024,33776
96 años,Mujeres,1 January,2024,1 de enero de 2024,24260
97 años,Mujeres,1 January,2024,1 de enero de 2024,18019
98 años,Mujeres,1 January,2024,1 de enero de 2024,12608
99 años,Mujeres,1 January,2024,1 de enero de 2024,8680
Todas las edades,Mujeres,1 January,2024,1 de enero de 2024,24792824
0 años,Total,1 January,2024,1 de enero de 2024,321282
1 año,Total,1 January,2024,1 de enero de 2024,338464
10 años,Total,1 January,2024,1 de enero de 2024,463658
100 años,Total,1 January,2024,1 de enero de 2024,6615
100 y más años,Total,1 January,2024,1 de enero de 2024,15911
101 años,Total,1 January,2024,1 de enero de 2024,4163
102 años,Total,1 January,2024,1 de enero de 2024,2313
103 años,Total,1 January,2024,1 de enero de 2024,1378
104 años,Total,1 January,2024,1 de enero de 2024,661
105 y más años,Total,1 January,2024,1 de enero de 2024,781
11 años,Total,1 January,2024,1 de enero de 2024,489754
12 años,Total,1 January,2024,1 de enero de 2024,501525
13 años,Total,1 January,2024,1 de enero de 2024,512816
14 años,Total,1 January,2024,1 de enero de 2024,520919
15 años,Total,1 January,2024,1 de enero de 2024,544213
16 años,Total,1 January,2024,1 de enero de 2024,525524
17 años,Total,1 January,2024,1 de enero de 2024,525072
18 años,Total,1 January,2024,1 de enero de 2024,522425
19 años,Total,1 January,2024,1 de enero de 2024,527634
2 años,Total,1 January,2024,1 de enero de 2024,351051
20 años,Total,1 January,2024,1 de enero de 2024,525418
21 años,Total,1 January,2024,1 de enero de 2024,514156
22 años,Total,1 January,2024,1 de enero de 2024,517077
23 años,Total,1 January,2024,1 de enero de 2024,526390
24 años,Total,1 January,2024,1 de enero de 2024,519720
25 años,Total,1 January,2024,1 de enero de 2024,511085
26 años,Total,1 January,2024,1 de enero de 2024,523868
27 años,Total,1 January,2024,1 de enero de 2024,522784
28 años,Total,1 January,2024,1 de enero de 2024,528614
29 años,Total,1 January,2024,1 de enero de 2024,537277
3 años,Total,1 January,2024,1 de enero de 2024,356596
30 años,Total,1 January,2024,1 de enero de 2024,552617
31 años,Total,1 January,2024,1 de enero de 2024,567596
32 años,Total,1 January,2024,1 de enero de 2024,564815
33 años,Total,1 January,2024,1 de enero de 2024,572619
34 años,Total,1 January,2024,1 de enero de 2024,580753
35 años,Total,1 January,2024,1 de enero de 2024,589822
36 años,Total,1 January,2024,1 de enero de 2024,596284
37 años,Total,1 January,2024,1 de enero de 2024,608529
38 años,Total,1 January,2024,1 de enero de 2024,626277
39 años,Total,1 January,2024,1 de enero de 2024,647887
4 años,Total,1 January,2024,1 de enero de 2024,378141
40 años,Total,1 January,2024,1 de enero de 2024,667210
41 años,Total,1 January,2024,1 de enero de 2024,701831
42 años,Total,1 January,2024,1 de enero de 2024,728518
43 años,Total,1 January,2024,1 de enero de 2024,761112
44 años,Total,1 January,2024,1 de enero de 2024,779284
45 años,Total,1 January,2024,1 de enero de 2024,810553
46 años,Total,1 January,2024,1 de enero de 2024,819361
47 años,Total,1 January,2024,1 de enero de 2024,831237
48 años,Total,1 January,2024,1 de enero de 2024,822998
49 años,Total,1 January,2024,1 de enero de 2024,815470
5 años,Total,1 January,2024,1 de enero de 2024,397847
50 años,Total,1 January,2024,1 de enero de 2024,793396
51 años,Total,1 January,2024,1 de enero de 2024,788292
52 años,Total,1 January,2024,1 de enero de 2024,773539
53 años,Total,1 January,2024,1 de enero de 2024,761187
54 años,Total,1 January,2024,1 de enero de 2024,750347
55 años,Total,1 January,2024,1 de enero de 2024,741668
56 años,Total,1 January,2024,1 de enero de 2024,743752
57 años,Total,1 January,2024,1 de enero de 2024,722931
58 años,Total,1 January,2024,1 de enero de 2024,714763
59 años,Total,1 January,2024,1 de enero de 2024,720794
6 años,Total,1 January,2024,1 de enero de 2024,424211
60 años,Total,1 January,2024,1 de enero de 2024,683030
61 años,Total,1 January,2024,1 de enero de 2024,657578
62 años,Total,1 January,2024,1 de enero de 2024,639090
63 años,Total,1 January,2024,1 de enero de 2024,637743
64 años,Total,1 January,2024,1 de enero de 2024,616810
65 años,Total,1 January,2024,1 de enero de 2024,599051
66 años,Total,1 January,2024,1 de enero de 2024,581419
67 años,Total,1 January,2024,1 de enero de 2024,539179
68 años,Total,1 January,2024,1 de enero de 2024,519207
69 años,Total,1 January,2024,1 de enero de 2024,490838
7 años,Total,1 January,2024,1 de enero de 2024,446861
70 años,Total,1 January,2024,1 de enero de 2024,486711
71 años,Total,1 January,2024,1 de enero de 2024,479113
72 años,Total,1 January,2024,1 de enero de 2024,444689
73 años,Total,1 January,2024,1 de enero de 2024,427787
74 años,Total,1 January,2024,1 de enero de 2024,437717
75 años,Total,1 January,2024,1 de enero de 2024,449680
76 años,Total,1 January,2024,1 de enero de 2024,403442
77 años,Total,1 January,2024,1 de enero de 2024,377891
78 años,Total,1 January,2024,1 de enero de 2024,384858
79 años,Total,1 January,2024,1 de enero de 2024,356352
8 años,Total,1 January,2024,1 de enero de 2024,459387
80 años,Total,1 January,2024,1 de enero de 2024,340371
81 años,Total,1 January,2024,1 de enero de 2024,283559
82 años,Total,1 January,2024,1 de enero de 2024,251586
83 años,Total,1 January,2024,1 de enero de 2024,293922
84 años,Total,1 January,2024,1 de enero de 2024,183733
85 años,Total,1 January,2024,1 de enero de 2024,196132
85 y más años,Total,1 January,2024,1 de enero de 2024,1597263
86 años,Total,1 January,2024,1 de enero de 2024,205066
87 años,Total,1 January,2024,1 de enero de 2024,206129
88 años,Total,1 January,2024,1 de enero de 2024,182106
89 años,Total,1 January,2024,1 de enero de 2024,160925
9 años,Total,1 January,2024,1 de enero de 2024,467865
90 años,Total,1 January,2024,1 de enero de 2024,142898
91 años,Total,1 January,2024,1 de enero de 2024,122334
92 años,Total,1 January,2024,1 de enero de 2024,96780
93 años,Total,1 January,2024,1 de enero de 2024,79709
94 años,Total,1 January,2024,1 de enero de 2024,59706
95 años,Total,1 January,2024,1 de enero de 2024,46107
96 años,Total,1 January,2024,1 de enero de 2024,32357
97 años,Total,1 January,2024,1 de enero de 2024,23636
98 años,Total,1 January,2024,1 de enero de 2024,16310
99 años,Total,1 January,2024,1 de enero de 2024,11157
Todas las edades,Total,1 January,2024,1 de enero de 2024,48619695
0 años,Hombres,1 January,2025,1 de enero de 2025,164055
1 año,Hombres,1 January,2025,1 de enero de 2025,168771
10 años,Hombres,1 January,2025,1 de enero de 2025,245729
100 años,Hombres,1 January,2025,1 de enero de 2025,1376
100 y más años,Hombres,1 January,2025,1 de enero de 2025,3070
101 años,Hombres,1 January,2025,1 de enero de 2025,821
102 años,Hombres,1 January,2025,1 de enero de 2025,422
103 años,Hombres,1 January,2025,1 de enero de 2025,227
104 años,Hombres,1 January,2025,1 de enero de 2025,116
105 y más años,Hombres,1 January,2025,1 de enero de 2025,108
11 años,Hombres,1 January,2025,1 de enero de 2025,243192
12 años,Hombres,1 January,2025,1 de enero de 2025,257360
13 años,Hombres,1 January,2025,1 de enero de 2025,263431
14 años,Hombres,1 January,2025,1 de enero de 2025,268856
15 años,Hombres,1 January,2025,1 de enero de 2025,274054
16 años,Hombres,1 January,2025,1 de enero de 2025,285192
17 años,Hombres,1 January,2025,1 de enero de 2025,277237
18 años,Hombres,1 January,2025,1 de enero de 2025,281081
19 años,Hombres,1 January,2025,1 de enero de 2025,278792
2 años,Hombres,1 January,2025,1 de enero de 2025,176730
20 años,Hombres,1 January,2025,1 de enero de 2025,281012
21 años,Hombres,1 January,2025,1 de enero de 2025,278747
22 años,Hombres,1 January,2025,1 de enero de 2025,274271
23 años,Hombres,1 January,2025,1 de enero de 2025,275246
24 años,Hombres,1 January,2025,1 de enero de 2025,281504
25 años,Hombres,1 January,2025,1 de enero de 2025,276534
26 años,Hombres,1 January,2025,1 de enero de 2025,272989
27 años,Hombres,1 January,2025,1 de enero de 2025,277608
28 años,Hombres,1 January,2025,1 de enero de 2025,276154
29 años,Hombres,1 January,2025,1 de enero de 2025,278755
3 años,Hombres,1 January,2025,1 de enero de 2025,183572
30 años,Hombres,1 January,2025,1 de enero de 2025,282602
31 años,Hombres,1 January,2025,1 de enero de 2025,289448
32 años,Hombres,1 January,2025,1 de enero de 2025,295847
33 años,Hombres,1 January,2025,1 de enero de 2025,294169
34 años,Hombres,1 January,2025,1 de enero de 2025,296446
35 años,Hombres,1 January,2025,1 de enero de 2025,298939
36 años,Hombres,1 January,2025,1 de enero de 2025,302641
37 años,Hombres,1 January,2025,1 de enero de 2025,304664
38 años,Hombres,1 January,2025,1 de enero de 2025,309115
39 años,Hombres,1 January,2025,1 de enero de 2025,317434
4 años,Hombres,1 January,2025,1 de enero de 2025,186342
40 años,Hombres,1 January,2025,1 de enero de 2025,327321
41 años,Hombres,1 January,2025,1 de enero de 2025,336686
42 años,Hombres,1 January,2025,1 de enero de 2025,354257
43 años,Hombres,1 January,2025,1 de enero de 2025,368226
44 años,Hombres,1 January,2025,1 de enero de 2025,384491
45 años,Hombres,1 January,2025,1 de enero de 2025,392991
46 años,Hombres,1 January,2025,1 de enero de 2025,409827
47 años,Hombres,1 January,2025,1 de enero de 2025,415611
48 años,Hombres,1 January,2025,1 de enero de 2025,420017
49 años,Hombres,1 January,2025,1 de enero de 2025,416365
5 años,Hombres,1 January,2025,1 de enero de 2025,197990
50 años,Hombres,1 January,2025,1 de enero de 2025,411241
51 años,Hombres,1 January,2025,1 de enero de 2025,399462
52 años,Hombres,1 January,2025,1 de enero de 2025,395914
53 años,Hombres,1 January,2025,1 de enero de 2025,387320
54 años,Hombres,1 January,2025,1 de enero de 2025,380076
55 años,Hombres,1 January,2025,1 de enero de 2025,372920
56 años,Hombres,1 January,2025,1 de enero de 2025,366919
57 años,Hombres,1 January,2025,1 de enero de 2025,366465
58 años,Hombres,1 January,2025,1 de enero de 2025,355561
59 años,Hombres,1 January,2025,1 de enero de 2025,349190
6 años,Hombres,1 January,2025,1 de enero de 2025,208082
60 años,Hombres,1 January,2025,1 de enero de 2025,351146
61 años,Hombres,1 January,2025,1 de enero de 2025,332152
62 años,Hombres,1 January,2025,1 de enero de 2025,317758
63 años,Hombres,1 January,2025,1 de enero de 2025,307434
64 años,Hombres,1 January,2025,1 de enero de 2025,305689
65 años,Hombres,1 January,2025,1 de enero de 2025,294817
66 años,Hombres,1 January,2025,1 de enero de 2025,284915
67 años,Hombres,1 January,2025,1 de enero de 2025,274776
68 años,Hombres,1 January,2025,1 de enero de 2025,253250
69 años,Hombres,1 January,2025,1 de enero de 2025,242253
7 años,Hombres,1 January,2025,1 de enero de 2025,222606
70 años,Hombres,1 January,2025,1 de enero de 2025,226870
71 años,Hombres,1 January,2025,1 de enero de 2025,224514
72 años,Hombres,1 January,2025,1 de enero de 2025,220153
73 años,Hombres,1 January,2025,1 de enero de 2025,201867
74 años,Hombres,1 January,2025,1 de enero de 2025,192302
75 años,Hombres,1 January,2025,1 de enero de 2025,193833
76 años,Hombres,1 January,2025,1 de enero de 2025,197221
77 años,Hombres,1 January,2025,1 de enero de 2025,174994
78 años,Hombres,1 January,2025,1 de enero de 2025,161132
79 años,Hombres,1 January,2025,1 de enero de 2025,161822
8 años,Hombres,1 January,2025,1 de enero de 2025,234365
80 años,Hombres,1 January,2025,1 de enero de 2025,147583
81 años,Hombres,1 January,2025,1 de enero de 2025,138396
82 años,Hombres,1 January,2025,1 de enero de 2025,113557
83 años,Hombres,1 January,2025,1 de enero de 2025,98625
84 años,Hombres,1 January,2025,1 de enero de 2025,111124
85 años,Hombres,1 January,2025,1 de enero de 2025,66366
85 y más años,Hombres,1 January,2025,1 de enero de 2025,528961
86 años,Hombres,1 January,2025,1 de enero de 2025,68964
87 años,Hombres,1 January,2025,1 de enero de 2025,69677
88 años,Hombres,1 January,2025,1 de enero de 2025,66335
89 años,Hombres,1 January,2025,1 de enero de 2025,57230
9 años,Hombres,1 January,2025,1 de enero de 2025,240803
90 años,Hombres,1 January,2025,1 de enero de 2025,47789
91 años,Hombres,1 January,2025,1 de enero de 2025,39978
92 años,Hombres,1 January,2025,1 de enero de 2025,32431
93 años,Hombres,1 January,2025,1 de enero de 2025,24363
94 años,Hombres,1 January,2025,1 de enero de 2025,18293
95 años,Hombres,1 January,2025,1 de enero de 2025,12848
96 años,Hombres,1 January,2025,1 de enero de 2025,9200
97 años,Hombres,1 January,2025,1 de enero de 2025,5878
98 años,Hombres,1 January,2025,1 de enero de 2025,3942
99 años,Hombres,1 January,2025,1 de enero de 2025,2597
Todas las edades,Hombres,1 January,2025,1 de enero de 2025,24090369
0 años,Mujeres,1 January,2025,1 de enero de 2025,154852
1 año,Mujeres,1 January,2025,1 de enero de 2025,160511
10 años,Mujeres,1 January,2025,1 de enero de 2025,231513
100 años,Mujeres,1 January,2025,1 de enero de 2025,5592
100 y más años,Mujeres,1 January,2025,1 de enero de 2025,13968
101 años,Mujeres,1 January,2025,1 de enero de 2025,3543
102 años,Mujeres,1 January,2025,1 de enero de 2025,2246
103 años,Mujeres,1 January,2025,1 de enero de 2025,1177
104 años,Mujeres,1 January,2025,1 de enero de 2025,708
105 y más años,Mujeres,1 January,2025,1 de enero de 2025,702
11 años,Mujeres,1 January,2025,1 de enero de 2025,229740
12 años,Mujeres,1 January,2025,1 de enero de 2025,241964
13 años,Mujeres,1 January,2025,1 de enero de 2025,247688
14 años,Mujeres,1 January,2025,1 de enero de 2025,253449
15 años,Mujeres,1 January,2025,1 de enero de 2025,256785
16 años,Mujeres,1 January,2025,1 de enero de 2025,266551
17 años,Mujeres,1 January,2025,1 de enero de 2025,257063
18 años,Mujeres,1 January,2025,1 de enero de 2025,259967
19 años,Mujeres,1 January,2025,1 de enero de 2025,260544
2 años,Mujeres,1 January,2025,1 de enero de 2025,166796
20 años,Mujeres,1 January,2025,1 de enero de 2025,261708
21 años,Mujeres,1 January,2025,1 de enero de 2025,262264
22 años,Mujeres,1 January,2025,1 de enero de 2025,256026
23 años,Mujeres,1 January,2025,1 de enero de 2025,259020
24 años,Mujeres,1 January,2025,1 de enero de 2025,263833
25 años,Mujeres,1 January,2025,1 de enero de 2025,261794
26 años,Mujeres,1 January,2025,1 de enero de 2025,257143
27 años,Mujeres,1 January,2025,1 de enero de 2025,265038
28 años,Mujeres,1 January,2025,1 de enero de 2025,264802
29 años,Mujeres,1 January,2025,1 de enero de 2025,267154
3 años,Mujeres,1 January,2025,1 de enero de 2025,172782
30 años,Mujeres,1 January,2025,1 de enero de 2025,272023
31 años,Mujeres,1 January,2025,1 de enero de 2025,279572
32 años,Mujeres,1 January,2025,1 de enero de 2025,287380
33 años,Mujeres,1 January,2025,1 de enero de 2025,285620
34 años,Mujeres,1 January,2025,1 de enero de 2025,290579
35 años,Mujeres,1 January,2025,1 de enero de 2025,295295
36 años,Mujeres,1 January,2025,1 de enero de 2025,300221
37 años,Mujeres,1 January,2025,1 de enero de 2025,303635
38 años,Mujeres,1 January,2025,1 de enero de 2025,310760
39 años,Mujeres,1 January,2025,1 de enero de 2025,319438
4 años,Mujeres,1 January,2025,1 de enero de 2025,177857
40 años,Mujeres,1 January,2025,1 de enero de 2025,330340
41 años,Mujeres,1 January,2025,1 de enero de 2025,339108
42 años,Mujeres,1 January,2025,1 de enero de 2025,355454
43 años,Mujeres,1 January,2025,1 de enero de 2025,367834
44 años,Mujeres,1 January,2025,1 de enero de 2025,383164
45 años,Mujeres,1 January,2025,1 de enero de 2025,392231
46 años,Mujeres,1 January,2025,1 de enero de 2025,406106
47 años,Mujeres,1 January,2025,1 de enero de 2025,408715
48 años,Mujeres,1 January,2025,1 de enero de 2025,415425
49 años,Mujeres,1 January,2025,1 de enero de 2025,409997
5 años,Mujeres,1 January,2025,1 de enero de 2025,187713
50 años,Mujeres,1 January,2025,1 de enero de 2025,407591
51 años,Mujeres,1 January,2025,1 de enero de 2025,396586
52 años,Mujeres,1 January,2025,1 de enero de 2025,394781
53 años,Mujeres,1 January,2025,1 de enero de 2025,388350
54 años,Mujeres,1 January,2025,1 de enero de 2025,382660
55 años,Mujeres,1 January,2025,1 de enero de 2025,378581
56 años,Mujeres,1 January,2025,1 de enero de 2025,375092
57 años,Mujeres,1 January,2025,1 de enero de 2025,377261
58 años,Mujeres,1 January,2025,1 de enero de 2025,367261
59 años,Mujeres,1 January,2025,1 de enero de 2025,364699
6 años,Mujeres,1 January,2025,1 de enero de 2025,197557
60 años,Mujeres,1 January,2025,1 de enero de 2025,368475
61 años,Mujeres,1 January,2025,1 de enero de 2025,349489
62 años,Mujeres,1 January,2025,1 de enero de 2025,338073
63 años,Mujeres,1 January,2025,1 de enero de 2025,329312
64 años,Mujeres,1 January,2025,1 de enero de 2025,329289
65 años,Mujeres,1 January,2025,1 de enero de 2025,319192
66 años,Mujeres,1 January,2025,1 de enero de 2025,311522
67 años,Mujeres,1 January,2025,1 de enero de 2025,303401
68 años,Mujeres,1 January,2025,1 de enero de 2025,282233
69 años,Mujeres,1 January,2025,1 de enero de 2025,272728
7 años,Mujeres,1 January,2025,1 de enero de 2025,210109
70 años,Mujeres,1 January,2025,1 de enero de 2025,259397
71 años,Mujeres,1 January,2025,1 de enero de 2025,256889
72 años,Mujeres,1 January,2025,1 de enero de 2025,253006
73 años,Mujeres,1 January,2025,1 de enero de 2025,236613
74 años,Mujeres,1 January,2025,1 de enero de 2025,228980
75 años,Mujeres,1 January,2025,1 de enero de 2025,235979
76 años,Mujeres,1 January,2025,1 de enero de 2025,243494
77 años,Mujeres,1 January,2025,1 de enero de 2025,219683
78 años,Mujeres,1 January,2025,1 de enero de 2025,207381
79 años,Mujeres,1 January,2025,1 de enero de 2025,212405
8 años,Mujeres,1 January,2025,1 de enero de 2025,221703
80 años,Mujeres,1 January,2025,1 de enero de 2025,197649
81 años,Mujeres,1 January,2025,1 de enero de 2025,189686
82 años,Mujeres,1 January,2025,1 de enero de 2025,158447
83 años,Mujeres,1 January,2025,1 de enero de 2025,141637
84 años,Mujeres,1 January,2025,1 de enero de 2025,167449
85 años,Mujeres,1 January,2025,1 de enero de 2025,106388
85 y más años,Mujeres,1 January,2025,1 de enero de 2025,1037889
86 años,Mujeres,1 January,2025,1 de enero de 2025,113808
87 años,Mujeres,1 January,2025,1 de enero de 2025,119348
88 años,Mujeres,1 January,2025,1 de enero de 2025,121405
89 años,Mujeres,1 January,2025,1 de enero de 2025,106717
9 años,Mujeres,1 January,2025,1 de enero de 2025,227945
90 años,Mujeres,1 January,2025,1 de enero de 2025,94632
91 años,Mujeres,1 January,2025,1 de enero de 2025,84153
92 años,Mujeres,1 January,2025,1 de enero de 2025,71778
93 años,Mujeres,1 January,2025,1 de enero de 2025,56354
94 años,Mujeres,1 January,2025,1 de enero de 2025,46837
95 años,Mujeres,1 January,2025,1 de enero de 2025,34825
96 años,Mujeres,1 January,2025,1 de enero de 2025,26679
97 años,Mujeres,1 January,2025,1 de enero de 2025,18572
98 años,Mujeres,1 January,2025,1 de enero de 2025,13337
99 años,Mujeres,1 January,2025,1 de enero de 2025,9088
Todas las edades,Mujeres,1 January,2025,1 de enero de 2025,25037928
0 años,Total,1 January,2025,1 de enero de 2025,318907
1 año,Total,1 January,2025,1 de enero de 2025,329282
10 años,Total,1 January,2025,1 de enero de 2025,477242
100 años,Total,1 January,2025,1 de enero de 2025,6968
100 y más años,Total,1 January,2025,1 de enero de 2025,17038
101 años,Total,1 January,2025,1 de enero de 2025,4364
102 años,Total,1 January,2025,1 de enero de 2025,2668
103 años,Total,1 January,2025,1 de enero de 2025,1404
104 años,Total,1 January,2025,1 de enero de 2025,824
105 y más años,Total,1 January,2025,1 de enero de 2025,810
11 años,Total,1 January,2025,1 de enero de 2025,472932
12 años,Total,1 January,2025,1 de enero de 2025,499324
13 años,Total,1 January,2025,1 de enero de 2025,511119
14 años,Total,1 January,2025,1 de enero de 2025,522305
15 años,Total,1 January,2025,1 de enero de 2025,530839
16 años,Total,1 January,2025,1 de enero de 2025,551743
17 años,Total,1 January,2025,1 de enero de 2025,534300
18 años,Total,1 January,2025,1 de enero de 2025,541048
19 años,Total,1 January,2025,1 de enero de 2025,539336
2 años,Total,1 January,2025,1 de enero de 2025,343526
20 años,Total,1 January,2025,1 de enero de 2025,542720
21 años,Total,1 January,2025,1 de enero de 2025,541011
22 años,Total,1 January,2025,1 de enero de 2025,530297
23 años,Total,1 January,2025,1 de enero de 2025,534266
24 años,Total,1 January,2025,1 de enero de 2025,545337
25 años,Total,1 January,2025,1 de enero de 2025,538328
26 años,Total,1 January,2025,1 de enero de 2025,530132
27 años,Total,1 January,2025,1 de enero de 2025,542646
28 años,Total,1 January,2025,1 de enero de 2025,540956
29 años,Total,1 January,2025,1 de enero de 2025,545909
3 años,Total,1 January,2025,1 de enero de 2025,356354
30 años,Total,1 January,2025,1 de enero de 2025,554625
31 años,Total,1 January,2025,1 de enero de 2025,569020
32 años,Total,1 January,2025,1 de enero de 2025,583227
33 años,Total,1 January,2025,1 de enero de 2025,579789
34 años,Total,1 January,2025,1 de enero de 2025,587025
35 años,Total,1 January,2025,1 de enero de 2025,594234
36 años,Total,1 January,2025,1 de enero de 2025,602862
37 años,Total,1 January,2025,1 de enero de 2025,608299
38 años,Total,1 January,2025,1 de enero de 2025,619875
39 años,Total,1 January,2025,1 de enero de 2025,636872
4 años,Total,1 January,2025,1 de enero de 2025,364199
40 años,Total,1 January,2025,1 de enero de 2025,657661
41 años,Total,1 January,2025,1 de enero de 2025,675794
42 años,Total,1 January,2025,1 de enero de 2025,709711
43 años,Total,1 January,2025,1 de enero de 2025,736060
44 años,Total,1 January,2025,1 de enero de 2025,767655
45 años,Total,1 January,2025,1 de enero de 2025,785222
46 años,Total,1 January,2025,1 de enero de 2025,815933
47 años,Total,1 January,2025,1 de enero de 2025,824326
48 años,Total,1 January,2025,1 de enero de 2025,835442
49 años,Total,1 January,2025,1 de enero de 2025,826362
5 años,Total,1 January,2025,1 de enero de 2025,385703
50 años,Total,1 January,2025,1 de enero de 2025,818832
51 años,Total,1 January,2025,1 de enero de 2025,796048
52 años,Total,1 January,2025,1 de enero de 2025,790695
53 años,Total,1 January,2025,1 de enero de 2025,775670
54 años,Total,1 January,2025,1 de enero de 2025,762736
55 años,Total,1 January,2025,1 de enero de 2025,751501
56 años,Total,1 January,2025,1 de enero de 2025,742011
57 años,Total,1 January,2025,1 de enero de 2025,743726
58 años,Total,1 January,2025,1 de enero de 2025,722822
59 años,Total,1 January,2025,1 de enero de 2025,713889
6 años,Total,1 January,2025,1 de enero de 2025,405639
60 años,Total,1 January,2025,1 de enero de 2025,719621
61 años,Total,1 January,2025,1 de enero de 2025,681641
62 años,Total,1 January,2025,1 de enero de 2025,655831
63 años,Total,1 January,2025,1 de enero de 2025,636746
64 años,Total,1 January,2025,1 de enero de 2025,634978
65 años,Total,1 January,2025,1 de enero de 2025,614009
66 años,Total,1 January,2025,1 de enero de 2025,596437
67 años,Total,1 January,2025,1 de enero de 2025,578177
68 años,Total,1 January,2025,1 de enero de 2025,535483
69 años,Total,1 January,2025,1 de enero de 2025,514981
7 años,Total,1 January,2025,1 de enero de 2025,432715
70 años,Total,1 January,2025,1 de enero de 2025,486267
71 años,Total,1 January,2025,1 de enero de 2025,481403
72 años,Total,1 January,2025,1 de enero de 2025,473159
73 años,Total,1 January,2025,1 de enero de 2025,438480
74 años,Total,1 January,2025,1 de enero de 2025,421282
75 años,Total,1 January,2025,1 de enero de 2025,429812
76 años,Total,1 January,2025,1 de enero de 2025,440715
77 años,Total,1 January,2025,1 de enero de 2025,394677
78 años,Total,1 January,2025,1 de enero de 2025,368513
79 años,Total,1 January,2025,1 de enero de 2025,374227
8 años,Total,1 January,2025,1 de enero de 2025,456068
80 años,Total,1 January,2025,1 de enero de 2025,345232
81 años,Total,1 January,2025,1 de enero de 2025,328082
82 años,Total,1 January,2025,1 de enero de 2025,272004
83 años,Total,1 January,2025,1 de enero de 2025,240262
84 años,Total,1 January,2025,1 de enero de 2025,278573
85 años,Total,1 January,2025,1 de enero de 2025,172754
85 y más años,Total,1 January,2025,1 de enero de 2025,1566850
86 años,Total,1 January,2025,1 de enero de 2025,182772
87 años,Total,1 January,2025,1 de enero de 2025,189025
88 años,Total,1 January,2025,1 de enero de 2025,187740
89 años,Total,1 January,2025,1 de enero de 2025,163947
9 años,Total,1 January,2025,1 de enero de 2025,468748
90 años,Total,1 January,2025,1 de enero de 2025,142421
91 años,Total,1 January,2025,1 de enero de 2025,124131
92 años,Total,1 January,2025,1 de enero de 2025,104209
93 años,Total,1 January,2025,1 de enero de 2025,80717
94 años,Total,1 January,2025,1 de enero de 2025,65130
95 años,Total,1 January,2025,1 de enero de 2025,47673
96 años,Total,1 January,2025,1 de enero de 2025,35879
97 años,Total,1 January,2025,1 de enero de 2025,24450
98 años,Total,1 January,2025,1 de enero de 2025,17279
99 años,Total,1 January,2025,1 de enero de 2025,11685
Todas las edades,Total,1 January,2025,1 de enero de 2025,49128297
0 años,Hombres,1 July,2002,1 de julio de 2002,210072
1 año,Hombres,1 July,2002,1 de julio de 2002,209517
10 años,Hombres,1 July,2002,1 de julio de 2002,210538
100 años,Hombres,1 July,2002,1 de julio de 2002,
100 y más años,Hombres,1 July,2002,1 de julio de 2002,1007
101 años,Hombres,1 July,2002,1 de julio de 2002,
102 años,Hombres,1 July,2002,1 de julio de 2002,
103 años,Hombres,1 July,2002,1 de julio de 2002,
104 años,Hombres,1 July,2002,1 de julio de 2002,
105 y más años,Hombres,1 July,2002,1 de julio de 2002,
11 años,Hombres,1 July,2002,1 de julio de 2002,212086
12 años,Hombres,1 July,2002,1 de julio de 2002,216266
13 años,Hombres,1 July,2002,1 de julio de 2002,220361
14 años,Hombres,1 July,2002,1 de julio de 2002,224050
15 años,Hombres,1 July,2002,1 de julio de 2002,229262
16 años,Hombres,1 July,2002,1 de julio de 2002,237802
17 años,Hombres,1 July,2002,1 de julio de 2002,248589
18 años,Hombres,1 July,2002,1 de julio de 2002,258857
19 años,Hombres,1 July,2002,1 de julio de 2002,273028
2 años,Hombres,1 July,2002,1 de julio de 2002,203268
20 años,Hombres,1 July,2002,1 de julio de 2002,291253
21 años,Hombres,1 July,2002,1 de julio de 2002,309045
22 años,Hombres,1 July,2002,1 de julio de 2002,324849
23 años,Hombres,1 July,2002,1 de julio de 2002,342232
24 años,Hombres,1 July,2002,1 de julio de 2002,357019
25 años,Hombres,1 July,2002,1 de julio de 2002,366442
26 años,Hombres,1 July,2002,1 de julio de 2002,372058
27 años,Hombres,1 July,2002,1 de julio de 2002,371358
28 años,Hombres,1 July,2002,1 de julio de 2002,366920
29 años,Hombres,1 July,2002,1 de julio de 2002,363356
3 años,Hombres,1 July,2002,1 de julio de 2002,197024
30 años,Hombres,1 July,2002,1 de julio de 2002,360389
31 años,Hombres,1 July,2002,1 de julio de 2002,355932
32 años,Hombres,1 July,2002,1 de julio de 2002,352076
33 años,Hombres,1 July,2002,1 de julio de 2002,348866
34 años,Hombres,1 July,2002,1 de julio de 2002,348805
35 años,Hombres,1 July,2002,1 de julio de 2002,347323
36 años,Hombres,1 July,2002,1 de julio de 2002,343474
37 años,Hombres,1 July,2002,1 de julio de 2002,344977
38 años,Hombres,1 July,2002,1 de julio de 2002,340110
39 años,Hombres,1 July,2002,1 de julio de 2002,326619
4 años,Hombres,1 July,2002,1 de julio de 2002,193404
40 años,Hombres,1 July,2002,1 de julio de 2002,317247
41 años,Hombres,1 July,2002,1 de julio de 2002,315309
42 años,Hombres,1 July,2002,1 de julio de 2002,312660
43 años,Hombres,1 July,2002,1 de julio de 2002,305452
44 años,Hombres,1 July,2002,1 de julio de 2002,299092
45 años,Hombres,1 July,2002,1 de julio de 2002,285978
46 años,Hombres,1 July,2002,1 de julio de 2002,272331
47 años,Hombres,1 July,2002,1 de julio de 2002,262214
48 años,Hombres,1 July,2002,1 de julio de 2002,257077
49 años,Hombres,1 July,2002,1 de julio de 2002,258182
5 años,Hombres,1 July,2002,1 de julio de 2002,191189
50 años,Hombres,1 July,2002,1 de julio de 2002,249455
51 años,Hombres,1 July,2002,1 de julio de 2002,238252
52 años,Hombres,1 July,2002,1 de julio de 2002,239913
53 años,Hombres,1 July,2002,1 de julio de 2002,250281
54 años,Hombres,1 July,2002,1 de julio de 2002,245273
55 años,Hombres,1 July,2002,1 de julio de 2002,228532
56 años,Hombres,1 July,2002,1 de julio de 2002,229080
57 años,Hombres,1 July,2002,1 de julio de 2002,228685
58 años,Hombres,1 July,2002,1 de julio de 2002,221540
59 años,Hombres,1 July,2002,1 de julio de 2002,205567
6 años,Hombres,1 July,2002,1 de julio de 2002,191206
60 años,Hombres,1 July,2002,1 de julio de 2002,183361
61 años,Hombres,1 July,2002,1 de julio de 2002,196759
62 años,Hombres,1 July,2002,1 de julio de 2002,179620
63 años,Hombres,1 July,2002,1 de julio de 2002,152352
64 años,Hombres,1 July,2002,1 de julio de 2002,172746
65 años,Hombres,1 July,2002,1 de julio de 2002,190976
66 años,Hombres,1 July,2002,1 de julio de 2002,196529
67 años,Hombres,1 July,2002,1 de julio de 2002,192472
68 años,Hombres,1 July,2002,1 de julio de 2002,193054
69 años,Hombres,1 July,2002,1 de julio de 2002,192559
7 años,Hombres,1 July,2002,1 de julio de 2002,193554
70 años,Hombres,1 July,2002,1 de julio de 2002,184460
71 años,Hombres,1 July,2002,1 de julio de 2002,176954
72 años,Hombres,1 July,2002,1 de julio de 2002,168518
73 años,Hombres,1 July,2002,1 de julio de 2002,159084
74 años,Hombres,1 July,2002,1 de julio de 2002,149080
75 años,Hombres,1 July,2002,1 de julio de 2002,139864
76 años,Hombres,1 July,2002,1 de julio de 2002,131140
77 años,Hombres,1 July,2002,1 de julio de 2002,120665
78 años,Hombres,1 July,2002,1 de julio de 2002,112325
79 años,Hombres,1 July,2002,1 de julio de 2002,103219
8 años,Hombres,1 July,2002,1 de julio de 2002,198975
80 años,Hombres,1 July,2002,1 de julio de 2002,92993
81 años,Hombres,1 July,2002,1 de julio de 2002,79707
82 años,Hombres,1 July,2002,1 de julio de 2002,64241
83 años,Hombres,1 July,2002,1 de julio de 2002,53069
84 años,Hombres,1 July,2002,1 de julio de 2002,46227
85 años,Hombres,1 July,2002,1 de julio de 2002,39960
85 y más años,Hombres,1 July,2002,1 de julio de 2002,213638
86 años,Hombres,1 July,2002,1 de julio de 2002,34816
87 años,Hombres,1 July,2002,1 de julio de 2002,29999
88 años,Hombres,1 July,2002,1 de julio de 2002,25211
89 años,Hombres,1 July,2002,1 de julio de 2002,20919
9 años,Hombres,1 July,2002,1 de julio de 2002,206970
90 años,Hombres,1 July,2002,1 de julio de 2002,16732
91 años,Hombres,1 July,2002,1 de julio de 2002,13007
92 años,Hombres,1 July,2002,1 de julio de 2002,9924
93 años,Hombres,1 July,2002,1 de julio de 2002,7314
94 años,Hombres,1 July,2002,1 de julio de 2002,5300
95 años,Hombres,1 July,2002,1 de julio de 2002,3674
96 años,Hombres,1 July,2002,1 de julio de 2002,2442
97 años,Hombres,1 July,2002,1 de julio de 2002,1603
98 años,Hombres,1 July,2002,1 de julio de 2002,1047
99 años,Hombres,1 July,2002,1 de julio de 2002,684
Todas las edades,Hombres,1 July,2002,1 de julio de 2002,20326854
0 años,Mujeres,1 July,2002,1 de julio de 2002,199457
1 año,Mujeres,1 July,2002,1 de julio de 2002,198955
10 años,Mujeres,1 July,2002,1 de julio de 2002,199347
100 años,Mujeres,1 July,2002,1 de julio de 2002,
100 y más años,Mujeres,1 July,2002,1 de julio de 2002,3538
101 años,Mujeres,1 July,2002,1 de julio de 2002,
102 años,Mujeres,1 July,2002,1 de julio de 2002,
103 años,Mujeres,1 July,2002,1 de julio de 2002,
104 años,Mujeres,1 July,2002,1 de julio de 2002,
105 y más años,Mujeres,1 July,2002,1 de julio de 2002,
11 años,Mujeres,1 July,2002,1 de julio de 2002,200531
12 años,Mujeres,1 July,2002,1 de julio de 2002,204783
13 años,Mujeres,1 July,2002,1 de julio de 2002,208510
14 años,Mujeres,1 July,2002,1 de julio de 2002,211933
15 años,Mujeres,1 July,2002,1 de julio de 2002,217233
16 años,Mujeres,1 July,2002,1 de julio de 2002,225589
17 años,Mujeres,1 July,2002,1 de julio de 2002,235379
18 años,Mujeres,1 July,2002,1 de julio de 2002,245815
19 años,Mujeres,1 July,2002,1 de julio de 2002,260406
2 años,Mujeres,1 July,2002,1 de julio de 2002,192675
20 años,Mujeres,1 July,2002,1 de julio de 2002,277117
21 años,Mujeres,1 July,2002,1 de julio de 2002,294308
22 años,Mujeres,1 July,2002,1 de julio de 2002,310146
23 años,Mujeres,1 July,2002,1 de julio de 2002,325676
24 años,Mujeres,1 July,2002,1 de julio de 2002,338510
25 años,Mujeres,1 July,2002,1 de julio de 2002,347927
26 años,Mujeres,1 July,2002,1 de julio de 2002,353521
27 años,Mujeres,1 July,2002,1 de julio de 2002,353050
28 años,Mujeres,1 July,2002,1 de julio de 2002,349294
29 años,Mujeres,1 July,2002,1 de julio de 2002,345741
3 años,Mujeres,1 July,2002,1 de julio de 2002,186714
30 años,Mujeres,1 July,2002,1 de julio de 2002,343506
31 años,Mujeres,1 July,2002,1 de julio de 2002,339747
32 años,Mujeres,1 July,2002,1 de julio de 2002,337401
33 años,Mujeres,1 July,2002,1 de julio de 2002,336377
34 años,Mujeres,1 July,2002,1 de julio de 2002,338458
35 años,Mujeres,1 July,2002,1 de julio de 2002,338410
36 años,Mujeres,1 July,2002,1 de julio de 2002,336170
37 años,Mujeres,1 July,2002,1 de julio de 2002,339580
38 años,Mujeres,1 July,2002,1 de julio de 2002,335019
39 años,Mujeres,1 July,2002,1 de julio de 2002,322688
4 años,Mujeres,1 July,2002,1 de julio de 2002,183064
40 años,Mujeres,1 July,2002,1 de julio de 2002,315569
41 años,Mujeres,1 July,2002,1 de julio de 2002,314602
42 años,Mujeres,1 July,2002,1 de julio de 2002,312421
43 años,Mujeres,1 July,2002,1 de julio de 2002,305897
44 años,Mujeres,1 July,2002,1 de julio de 2002,300301
45 años,Mujeres,1 July,2002,1 de julio de 2002,287687
46 años,Mujeres,1 July,2002,1 de julio de 2002,274317
47 años,Mujeres,1 July,2002,1 de julio de 2002,265286
48 años,Mujeres,1 July,2002,1 de julio de 2002,259993
49 años,Mujeres,1 July,2002,1 de julio de 2002,259722
5 años,Mujeres,1 July,2002,1 de julio de 2002,181683
50 años,Mujeres,1 July,2002,1 de julio de 2002,251582
51 años,Mujeres,1 July,2002,1 de julio de 2002,241549
52 años,Mujeres,1 July,2002,1 de julio de 2002,245345
53 años,Mujeres,1 July,2002,1 de julio de 2002,257795
54 años,Mujeres,1 July,2002,1 de julio de 2002,252638
55 años,Mujeres,1 July,2002,1 de julio de 2002,236814
56 años,Mujeres,1 July,2002,1 de julio de 2002,239229
57 años,Mujeres,1 July,2002,1 de julio de 2002,239970
58 años,Mujeres,1 July,2002,1 de julio de 2002,232763
59 años,Mujeres,1 July,2002,1 de julio de 2002,216157
6 años,Mujeres,1 July,2002,1 de julio de 2002,181540
60 años,Mujeres,1 July,2002,1 de julio de 2002,193303
61 años,Mujeres,1 July,2002,1 de julio de 2002,209011
62 años,Mujeres,1 July,2002,1 de julio de 2002,194880
63 años,Mujeres,1 July,2002,1 de julio de 2002,168703
64 años,Mujeres,1 July,2002,1 de julio de 2002,191314
65 años,Mujeres,1 July,2002,1 de julio de 2002,215395
66 años,Mujeres,1 July,2002,1 de julio de 2002,223739
67 años,Mujeres,1 July,2002,1 de julio de 2002,219237
68 años,Mujeres,1 July,2002,1 de julio de 2002,222678
69 años,Mujeres,1 July,2002,1 de julio de 2002,224910
7 años,Mujeres,1 July,2002,1 de julio de 2002,183305
70 años,Mujeres,1 July,2002,1 de julio de 2002,217758
71 años,Mujeres,1 July,2002,1 de julio de 2002,213747
72 años,Mujeres,1 July,2002,1 de julio de 2002,208940
73 años,Mujeres,1 July,2002,1 de julio de 2002,201450
74 años,Mujeres,1 July,2002,1 de julio de 2002,192910
75 años,Mujeres,1 July,2002,1 de julio de 2002,184881
76 años,Mujeres,1 July,2002,1 de julio de 2002,178954
77 años,Mujeres,1 July,2002,1 de julio de 2002,170292
78 años,Mujeres,1 July,2002,1 de julio de 2002,161813
79 años,Mujeres,1 July,2002,1 de julio de 2002,154774
8 años,Mujeres,1 July,2002,1 de julio de 2002,188223
80 años,Mujeres,1 July,2002,1 de julio de 2002,143428
81 años,Mujeres,1 July,2002,1 de julio de 2002,129309
82 años,Mujeres,1 July,2002,1 de julio de 2002,113613
83 años,Mujeres,1 July,2002,1 de julio de 2002,99884
84 años,Mujeres,1 July,2002,1 de julio de 2002,91626
85 años,Mujeres,1 July,2002,1 de julio de 2002,81423
85 y más años,Mujeres,1 July,2002,1 de julio de 2002,496483
86 años,Mujeres,1 July,2002,1 de julio de 2002,73300
87 años,Mujeres,1 July,2002,1 de julio de 2002,66077
88 años,Mujeres,1 July,2002,1 de julio de 2002,57817
89 años,Mujeres,1 July,2002,1 de julio de 2002,49461
9 años,Mujeres,1 July,2002,1 de julio de 2002,196211
90 años,Mujeres,1 July,2002,1 de julio de 2002,40994
91 años,Mujeres,1 July,2002,1 de julio de 2002,33144
92 años,Mujeres,1 July,2002,1 de julio de 2002,26266
93 años,Mujeres,1 July,2002,1 de julio de 2002,19668
94 años,Mujeres,1 July,2002,1 de julio de 2002,14768
95 años,Mujeres,1 July,2002,1 de julio de 2002,10877
96 años,Mujeres,1 July,2002,1 de julio de 2002,7826
97 años,Mujeres,1 July,2002,1 de julio de 2002,5384
98 años,Mujeres,1 July,2002,1 de julio de 2002,3537
99 años,Mujeres,1 July,2002,1 de julio de 2002,2406
Todas las edades,Mujeres,1 July,2002,1 de julio de 2002,21096666
0 años,Total,1 July,2002,1 de julio de 2002,409528
1 año,Total,1 July,2002,1 de julio de 2002,408472
10 años,Total,1 July,2002,1 de julio de 2002,409885
100 años,Total,1 July,2002,1 de julio de 2002,
100 y más años,Total,1 July,2002,1 de julio de 2002,4545
101 años,Total,1 July,2002,1 de julio de 2002,
102 años,Total,1 July,2002,1 de julio de 2002,
103 años,Total,1 July,2002,1 de julio de 2002,
104 años,Total,1 July,2002,1 de julio de 2002,
105 y más años,Total,1 July,2002,1 de julio de 2002,
11 años,Total,1 July,2002,1 de julio de 2002,412617
12 años,Total,1 July,2002,1 de julio de 2002,421049
13 años,Total,1 July,2002,1 de julio de 2002,428871
14 años,Total,1 July,2002,1 de julio de 2002,435983
15 años,Total,1 July,2002,1 de julio de 2002,446495
16 años,Total,1 July,2002,1 de julio de 2002,463391
17 años,Total,1 July,2002,1 de julio de 2002,483968
18 años,Total,1 July,2002,1 de julio de 2002,504672
19 años,Total,1 July,2002,1 de julio de 2002,533434
2 años,Total,1 July,2002,1 de julio de 2002,395943
20 años,Total,1 July,2002,1 de julio de 2002,568370
21 años,Total,1 July,2002,1 de julio de 2002,603353
22 años,Total,1 July,2002,1 de julio de 2002,634995
23 años,Total,1 July,2002,1 de julio de 2002,667907
24 años,Total,1 July,2002,1 de julio de 2002,695529
25 años,Total,1 July,2002,1 de julio de 2002,714369
26 años,Total,1 July,2002,1 de julio de 2002,725579
27 años,Total,1 July,2002,1 de julio de 2002,724409
28 años,Total,1 July,2002,1 de julio de 2002,716215
29 años,Total,1 July,2002,1 de julio de 2002,709097
3 años,Total,1 July,2002,1 de julio de 2002,383739
30 años,Total,1 July,2002,1 de julio de 2002,703895
31 años,Total,1 July,2002,1 de julio de 2002,695679
32 años,Total,1 July,2002,1 de julio de 2002,689476
33 años,Total,1 July,2002,1 de julio de 2002,685243
34 años,Total,1 July,2002,1 de julio de 2002,687262
35 años,Total,1 July,2002,1 de julio de 2002,685733
36 años,Total,1 July,2002,1 de julio de 2002,679644
37 años,Total,1 July,2002,1 de julio de 2002,684558
38 años,Total,1 July,2002,1 de julio de 2002,675129
39 años,Total,1 July,2002,1 de julio de 2002,649307
4 años,Total,1 July,2002,1 de julio de 2002,376469
40 años,Total,1 July,2002,1 de julio de 2002,632816
41 años,Total,1 July,2002,1 de julio de 2002,629911
42 años,Total,1 July,2002,1 de julio de 2002,625081
43 años,Total,1 July,2002,1 de julio de 2002,611349
44 años,Total,1 July,2002,1 de julio de 2002,599393
45 años,Total,1 July,2002,1 de julio de 2002,573665
46 años,Total,1 July,2002,1 de julio de 2002,546648
47 años,Total,1 July,2002,1 de julio de 2002,527500
48 años,Total,1 July,2002,1 de julio de 2002,517070
49 años,Total,1 July,2002,1 de julio de 2002,517904
5 años,Total,1 July,2002,1 de julio de 2002,372873
50 años,Total,1 July,2002,1 de julio de 2002,501037
51 años,Total,1 July,2002,1 de julio de 2002,479800
52 años,Total,1 July,2002,1 de julio de 2002,485258
53 años,Total,1 July,2002,1 de julio de 2002,508076
54 años,Total,1 July,2002,1 de julio de 2002,497911
55 años,Total,1 July,2002,1 de julio de 2002,465346
56 años,Total,1 July,2002,1 de julio de 2002,468309
57 años,Total,1 July,2002,1 de julio de 2002,468655
58 años,Total,1 July,2002,1 de julio de 2002,454304
59 años,Total,1 July,2002,1 de julio de 2002,421724
6 años,Total,1 July,2002,1 de julio de 2002,372746
60 años,Total,1 July,2002,1 de julio de 2002,376664
61 años,Total,1 July,2002,1 de julio de 2002,405769
62 años,Total,1 July,2002,1 de julio de 2002,374499
63 años,Total,1 July,2002,1 de julio de 2002,321055
64 años,Total,1 July,2002,1 de julio de 2002,364060
65 años,Total,1 July,2002,1 de julio de 2002,406371
66 años,Total,1 July,2002,1 de julio de 2002,420268
67 años,Total,1 July,2002,1 de julio de 2002,411708
68 años,Total,1 July,2002,1 de julio de 2002,415731
69 años,Total,1 July,2002,1 de julio de 2002,417468
7 años,Total,1 July,2002,1 de julio de 2002,376860
70 años,Total,1 July,2002,1 de julio de 2002,402218
71 años,Total,1 July,2002,1 de julio de 2002,390702
72 años,Total,1 July,2002,1 de julio de 2002,377458
73 años,Total,1 July,2002,1 de julio de 2002,360533
74 años,Total,1 July,2002,1 de julio de 2002,341991
75 años,Total,1 July,2002,1 de julio de 2002,324745
76 años,Total,1 July,2002,1 de julio de 2002,310094
77 años,Total,1 July,2002,1 de julio de 2002,290956
78 años,Total,1 July,2002,1 de julio de 2002,274138
79 años,Total,1 July,2002,1 de julio de 2002,257993
8 años,Total,1 July,2002,1 de julio de 2002,387198
80 años,Total,1 July,2002,1 de julio de 2002,236421
81 años,Total,1 July,2002,1 de julio de 2002,209015
82 años,Total,1 July,2002,1 de julio de 2002,177854
83 años,Total,1 July,2002,1 de julio de 2002,152954
84 años,Total,1 July,2002,1 de julio de 2002,137853
85 años,Total,1 July,2002,1 de julio de 2002,121382
85 y más años,Total,1 July,2002,1 de julio de 2002,710122
86 años,Total,1 July,2002,1 de julio de 2002,108116
87 años,Total,1 July,2002,1 de julio de 2002,96077
88 años,Total,1 July,2002,1 de julio de 2002,83027
89 años,Total,1 July,2002,1 de julio de 2002,70380
9 años,Total,1 July,2002,1 de julio de 2002,403181
90 años,Total,1 July,2002,1 de julio de 2002,57725
91 años,Total,1 July,2002,1 de julio de 2002,46150
92 años,Total,1 July,2002,1 de julio de 2002,36190
93 años,Total,1 July,2002,1 de julio de 2002,26982
94 años,Total,1 July,2002,1 de julio de 2002,20068
95 años,Total,1 July,2002,1 de julio de 2002,14551
96 años,Total,1 July,2002,1 de julio de 2002,10268
97 años,Total,1 July,2002,1 de julio de 2002,6987
98 años,Total,1 July,2002,1 de julio de 2002,4584
99 años,Total,1 July,2002,1 de julio de 2002,3090
Todas las edades,Total,1 July,2002,1 de julio de 2002,41423520
0 años,Hombres,1 July,2003,1 de julio de 2003,221477
1 año,Hombres,1 July,2003,1 de julio de 2003,216518
10 años,Hombres,1 July,2003,1 de julio de 2003,211254
100 años,Hombres,1 July,2003,1 de julio de 2003,
100 y más años,Hombres,1 July,2003,1 de julio de 2003,1135
101 años,Hombres,1 July,2003,1 de julio de 2003,
102 años,Hombres,1 July,2003,1 de julio de 2003,
103 años,Hombres,1 July,2003,1 de julio de 2003,
104 años,Hombres,1 July,2003,1 de julio de 2003,
105 y más años,Hombres,1 July,2003,1 de julio de 2003,
11 años,Hombres,1 July,2003,1 de julio de 2003,214911
12 años,Hombres,1 July,2003,1 de julio de 2003,216397
13 años,Hombres,1 July,2003,1 de julio de 2003,220436
14 años,Hombres,1 July,2003,1 de julio de 2003,224622
15 años,Hombres,1 July,2003,1 de julio de 2003,228393
16 años,Hombres,1 July,2003,1 de julio de 2003,233637
17 años,Hombres,1 July,2003,1 de julio de 2003,242453
18 años,Hombres,1 July,2003,1 de julio de 2003,253835
19 años,Hombres,1 July,2003,1 de julio de 2003,265228
2 años,Hombres,1 July,2003,1 de julio de 2003,213308
20 años,Hombres,1 July,2003,1 de julio de 2003,280862
21 años,Hombres,1 July,2003,1 de julio de 2003,300210
22 años,Hombres,1 July,2003,1 de julio de 2003,319042
23 años,Hombres,1 July,2003,1 de julio de 2003,335758
24 años,Hombres,1 July,2003,1 de julio de 2003,353900
25 años,Hombres,1 July,2003,1 de julio de 2003,369170
26 años,Hombres,1 July,2003,1 de julio de 2003,378650
27 años,Hombres,1 July,2003,1 de julio de 2003,384204
28 años,Hombres,1 July,2003,1 de julio de 2003,383161
29 años,Hombres,1 July,2003,1 de julio de 2003,378213
3 años,Hombres,1 July,2003,1 de julio de 2003,207701
30 años,Hombres,1 July,2003,1 de julio de 2003,374167
31 años,Hombres,1 July,2003,1 de julio de 2003,370541
32 años,Hombres,1 July,2003,1 de julio de 2003,365533
33 años,Hombres,1 July,2003,1 de julio de 2003,361249
34 años,Hombres,1 July,2003,1 de julio de 2003,357527
35 años,Hombres,1 July,2003,1 de julio de 2003,356965
36 años,Hombres,1 July,2003,1 de julio de 2003,354740
37 años,Hombres,1 July,2003,1 de julio de 2003,350255
38 años,Hombres,1 July,2003,1 de julio de 2003,351320
39 años,Hombres,1 July,2003,1 de julio de 2003,345959
4 años,Hombres,1 July,2003,1 de julio de 2003,201614
40 años,Hombres,1 July,2003,1 de julio de 2003,332093
41 años,Hombres,1 July,2003,1 de julio de 2003,322267
42 años,Hombres,1 July,2003,1 de julio de 2003,319876
43 años,Hombres,1 July,2003,1 de julio de 2003,316864
44 años,Hombres,1 July,2003,1 de julio de 2003,309280
45 años,Hombres,1 July,2003,1 de julio de 2003,302556
46 años,Hombres,1 July,2003,1 de julio de 2003,289080
47 años,Hombres,1 July,2003,1 de julio de 2003,275146
48 años,Hombres,1 July,2003,1 de julio de 2003,264593
49 años,Hombres,1 July,2003,1 de julio de 2003,259067
5 años,Hombres,1 July,2003,1 de julio de 2003,198033
50 años,Hombres,1 July,2003,1 de julio de 2003,259885
51 años,Hombres,1 July,2003,1 de julio de 2003,250843
52 años,Hombres,1 July,2003,1 de julio de 2003,239452
53 años,Hombres,1 July,2003,1 de julio de 2003,240932
54 años,Hombres,1 July,2003,1 de julio de 2003,251039
55 años,Hombres,1 July,2003,1 de julio de 2003,245910
56 años,Hombres,1 July,2003,1 de julio de 2003,229064
57 años,Hombres,1 July,2003,1 de julio de 2003,229274
58 años,Hombres,1 July,2003,1 de julio de 2003,228739
59 años,Hombres,1 July,2003,1 de julio de 2003,221501
6 años,Hombres,1 July,2003,1 de julio de 2003,195813
60 años,Hombres,1 July,2003,1 de julio de 2003,205411
61 años,Hombres,1 July,2003,1 de julio de 2003,183167
62 años,Hombres,1 July,2003,1 de julio de 2003,196216
63 años,Hombres,1 July,2003,1 de julio de 2003,179047
64 años,Hombres,1 July,2003,1 de julio de 2003,151815
65 años,Hombres,1 July,2003,1 de julio de 2003,171804
66 años,Hombres,1 July,2003,1 de julio de 2003,189349
67 años,Hombres,1 July,2003,1 de julio de 2003,194240
68 años,Hombres,1 July,2003,1 de julio de 2003,189850
69 años,Hombres,1 July,2003,1 de julio de 2003,189935
7 años,Hombres,1 July,2003,1 de julio de 2003,195577
70 años,Hombres,1 July,2003,1 de julio de 2003,188958
71 años,Hombres,1 July,2003,1 de julio de 2003,180538
72 años,Hombres,1 July,2003,1 de julio de 2003,172623
73 años,Hombres,1 July,2003,1 de julio de 2003,163790
74 años,Hombres,1 July,2003,1 de julio de 2003,154029
75 años,Hombres,1 July,2003,1 de julio de 2003,143765
76 años,Hombres,1 July,2003,1 de julio de 2003,134172
77 años,Hombres,1 July,2003,1 de julio de 2003,125184
78 años,Hombres,1 July,2003,1 de julio de 2003,114595
79 años,Hombres,1 July,2003,1 de julio de 2003,106045
8 años,Hombres,1 July,2003,1 de julio de 2003,197819
80 años,Hombres,1 July,2003,1 de julio de 2003,96709
81 años,Hombres,1 July,2003,1 de julio de 2003,86431
82 años,Hombres,1 July,2003,1 de julio de 2003,73461
83 años,Hombres,1 July,2003,1 de julio de 2003,58625
84 años,Hombres,1 July,2003,1 de julio de 2003,47883
85 años,Hombres,1 July,2003,1 de julio de 2003,41190
85 y más años,Hombres,1 July,2003,1 de julio de 2003,219150
86 años,Hombres,1 July,2003,1 de julio de 2003,35191
87 años,Hombres,1 July,2003,1 de julio de 2003,30260
88 años,Hombres,1 July,2003,1 de julio de 2003,25666
89 años,Hombres,1 July,2003,1 de julio de 2003,21235
9 años,Hombres,1 July,2003,1 de julio de 2003,203296
90 años,Hombres,1 July,2003,1 de julio de 2003,17354
91 años,Hombres,1 July,2003,1 de julio de 2003,13603
92 años,Hombres,1 July,2003,1 de julio de 2003,10315
93 años,Hombres,1 July,2003,1 de julio de 2003,7698
94 años,Hombres,1 July,2003,1 de julio de 2003,5527
95 años,Hombres,1 July,2003,1 de julio de 2003,3869
96 años,Hombres,1 July,2003,1 de julio de 2003,2611
97 años,Hombres,1 July,2003,1 de julio de 2003,1701
98 años,Hombres,1 July,2003,1 de julio de 2003,1096
99 años,Hombres,1 July,2003,1 de julio de 2003,701
Todas las edades,Hombres,1 July,2003,1 de julio de 2003,20737999
0 años,Mujeres,1 July,2003,1 de julio de 2003,207687
1 año,Mujeres,1 July,2003,1 de julio de 2003,205394
10 años,Mujeres,1 July,2003,1 de julio de 2003,200205
100 años,Mujeres,1 July,2003,1 de julio de 2003,
100 y más años,Mujeres,1 July,2003,1 de julio de 2003,3814
101 años,Mujeres,1 July,2003,1 de julio de 2003,
102 años,Mujeres,1 July,2003,1 de julio de 2003,
103 años,Mujeres,1 July,2003,1 de julio de 2003,
104 años,Mujeres,1 July,2003,1 de julio de 2003,
105 y más años,Mujeres,1 July,2003,1 de julio de 2003,
11 años,Mujeres,1 July,2003,1 de julio de 2003,203406
12 años,Mujeres,1 July,2003,1 de julio de 2003,204478
13 años,Mujeres,1 July,2003,1 de julio de 2003,208592
14 años,Mujeres,1 July,2003,1 de julio de 2003,212481
15 años,Mujeres,1 July,2003,1 de julio de 2003,216052
16 años,Mujeres,1 July,2003,1 de julio de 2003,221267
17 años,Mujeres,1 July,2003,1 de julio de 2003,229818
18 años,Mujeres,1 July,2003,1 de julio de 2003,240744
19 años,Mujeres,1 July,2003,1 de julio de 2003,252638
2 años,Mujeres,1 July,2003,1 de julio de 2003,202727
20 años,Mujeres,1 July,2003,1 de julio de 2003,268320
21 años,Mujeres,1 July,2003,1 de julio de 2003,285993
22 años,Mujeres,1 July,2003,1 de julio de 2003,303903
23 años,Mujeres,1 July,2003,1 de julio de 2003,320332
24 años,Mujeres,1 July,2003,1 de julio de 2003,336238
25 años,Mujeres,1 July,2003,1 de julio de 2003,348911
26 años,Mujeres,1 July,2003,1 de julio de 2003,358036
27 años,Mujeres,1 July,2003,1 de julio de 2003,363149
28 años,Mujeres,1 July,2003,1 de julio de 2003,362038
29 años,Mujeres,1 July,2003,1 de julio de 2003,357731
3 años,Mujeres,1 July,2003,1 de julio de 2003,196890
30 años,Mujeres,1 July,2003,1 de julio de 2003,353696
31 años,Mujeres,1 July,2003,1 de julio de 2003,351161
32 años,Mujeres,1 July,2003,1 de julio de 2003,347069
33 años,Mujeres,1 July,2003,1 de julio de 2003,344249
34 años,Mujeres,1 July,2003,1 de julio de 2003,342892
35 años,Mujeres,1 July,2003,1 de julio de 2003,344743
36 años,Mujeres,1 July,2003,1 de julio de 2003,344138
37 años,Mujeres,1 July,2003,1 de julio de 2003,341394
38 años,Mujeres,1 July,2003,1 de julio de 2003,344564
39 años,Mujeres,1 July,2003,1 de julio de 2003,339755
4 años,Mujeres,1 July,2003,1 de julio de 2003,190990
40 años,Mujeres,1 July,2003,1 de julio de 2003,327118
41 años,Mujeres,1 July,2003,1 de julio de 2003,319556
42 años,Mujeres,1 July,2003,1 de julio de 2003,318276
43 años,Mujeres,1 July,2003,1 de julio de 2003,316039
44 años,Mujeres,1 July,2003,1 de julio de 2003,309294
45 años,Mujeres,1 July,2003,1 de julio de 2003,303347
46 años,Mujeres,1 July,2003,1 de julio de 2003,290529
47 años,Mujeres,1 July,2003,1 de julio de 2003,276917
48 años,Mujeres,1 July,2003,1 de julio de 2003,267673
49 años,Mujeres,1 July,2003,1 de julio de 2003,262257
5 años,Mujeres,1 July,2003,1 de julio de 2003,187436
50 años,Mujeres,1 July,2003,1 de julio de 2003,261834
51 años,Mujeres,1 July,2003,1 de julio de 2003,253590
52 años,Mujeres,1 July,2003,1 de julio de 2003,243385
53 años,Mujeres,1 July,2003,1 de julio de 2003,247029
54 años,Mujeres,1 July,2003,1 de julio de 2003,259347
55 años,Mujeres,1 July,2003,1 de julio de 2003,254164
56 años,Mujeres,1 July,2003,1 de julio de 2003,238329
57 años,Mujeres,1 July,2003,1 de julio de 2003,240481
58 años,Mujeres,1 July,2003,1 de julio de 2003,241095
59 años,Mujeres,1 July,2003,1 de julio de 2003,233838
6 años,Mujeres,1 July,2003,1 de julio de 2003,186163
60 años,Mujeres,1 July,2003,1 de julio de 2003,217140
61 años,Mujeres,1 July,2003,1 de julio de 2003,194224
62 años,Mujeres,1 July,2003,1 de julio de 2003,209748
63 años,Mujeres,1 July,2003,1 de julio de 2003,195441
64 años,Mujeres,1 July,2003,1 de julio de 2003,169085
65 años,Mujeres,1 July,2003,1 de julio de 2003,191501
66 años,Mujeres,1 July,2003,1 de julio de 2003,215145
67 años,Mujeres,1 July,2003,1 de julio de 2003,223074
68 años,Mujeres,1 July,2003,1 de julio de 2003,218432
69 años,Mujeres,1 July,2003,1 de julio de 2003,221533
7 años,Mujeres,1 July,2003,1 de julio de 2003,185718
70 años,Mujeres,1 July,2003,1 de julio de 2003,223442
71 años,Mujeres,1 July,2003,1 de julio de 2003,216059
72 años,Mujeres,1 July,2003,1 de julio de 2003,211686
73 años,Mujeres,1 July,2003,1 de julio de 2003,206520
74 años,Mujeres,1 July,2003,1 de julio de 2003,198628
75 años,Mujeres,1 July,2003,1 de julio de 2003,189787
76 años,Mujeres,1 July,2003,1 de julio de 2003,181322
77 años,Mujeres,1 July,2003,1 de julio de 2003,174912
78 años,Mujeres,1 July,2003,1 de julio de 2003,165808
79 años,Mujeres,1 July,2003,1 de julio de 2003,156958
8 años,Mujeres,1 July,2003,1 de julio de 2003,187229
80 años,Mujeres,1 July,2003,1 de julio de 2003,149492
81 años,Mujeres,1 July,2003,1 de julio de 2003,137728
82 años,Mujeres,1 July,2003,1 de julio de 2003,123209
83 años,Mujeres,1 July,2003,1 de julio de 2003,107324
84 años,Mujeres,1 July,2003,1 de julio de 2003,93463
85 años,Mujeres,1 July,2003,1 de julio de 2003,84928
85 y más años,Mujeres,1 July,2003,1 de julio de 2003,512085
86 años,Mujeres,1 July,2003,1 de julio de 2003,74612
87 años,Mujeres,1 July,2003,1 de julio de 2003,66244
88 años,Mujeres,1 July,2003,1 de julio de 2003,58881
89 años,Mujeres,1 July,2003,1 de julio de 2003,50785
9 años,Mujeres,1 July,2003,1 de julio de 2003,192159
90 años,Mujeres,1 July,2003,1 de julio de 2003,42666
91 años,Mujeres,1 July,2003,1 de julio de 2003,34608
92 años,Mujeres,1 July,2003,1 de julio de 2003,27379
93 años,Mujeres,1 July,2003,1 de julio de 2003,21243
94 años,Mujeres,1 July,2003,1 de julio de 2003,15464
95 años,Mujeres,1 July,2003,1 de julio de 2003,11286
96 años,Mujeres,1 July,2003,1 de julio de 2003,8158
97 años,Mujeres,1 July,2003,1 de julio de 2003,5738
98 años,Mujeres,1 July,2003,1 de julio de 2003,3856
99 años,Mujeres,1 July,2003,1 de julio de 2003,2423
Todas las edades,Mujeres,1 July,2003,1 de julio de 2003,21458232
0 años,Total,1 July,2003,1 de julio de 2003,429164
1 año,Total,1 July,2003,1 de julio de 2003,421912
10 años,Total,1 July,2003,1 de julio de 2003,411459
100 años,Total,1 July,2003,1 de julio de 2003,
100 y más años,Total,1 July,2003,1 de julio de 2003,4949
101 años,Total,1 July,2003,1 de julio de 2003,
102 años,Total,1 July,2003,1 de julio de 2003,
103 años,Total,1 July,2003,1 de julio de 2003,
104 años,Total,1 July,2003,1 de julio de 2003,
105 y más años,Total,1 July,2003,1 de julio de 2003,
11 años,Total,1 July,2003,1 de julio de 2003,418317
12 años,Total,1 July,2003,1 de julio de 2003,420875
13 años,Total,1 July,2003,1 de julio de 2003,429027
14 años,Total,1 July,2003,1 de julio de 2003,437103
15 años,Total,1 July,2003,1 de julio de 2003,444445
16 años,Total,1 July,2003,1 de julio de 2003,454904
17 años,Total,1 July,2003,1 de julio de 2003,472270
18 años,Total,1 July,2003,1 de julio de 2003,494580
19 años,Total,1 July,2003,1 de julio de 2003,517866
2 años,Total,1 July,2003,1 de julio de 2003,416035
20 años,Total,1 July,2003,1 de julio de 2003,549182
21 años,Total,1 July,2003,1 de julio de 2003,586203
22 años,Total,1 July,2003,1 de julio de 2003,622944
23 años,Total,1 July,2003,1 de julio de 2003,656090
24 años,Total,1 July,2003,1 de julio de 2003,690138
25 años,Total,1 July,2003,1 de julio de 2003,718080
26 años,Total,1 July,2003,1 de julio de 2003,736686
27 años,Total,1 July,2003,1 de julio de 2003,747353
28 años,Total,1 July,2003,1 de julio de 2003,745199
29 años,Total,1 July,2003,1 de julio de 2003,735944
3 años,Total,1 July,2003,1 de julio de 2003,404591
30 años,Total,1 July,2003,1 de julio de 2003,727863
31 años,Total,1 July,2003,1 de julio de 2003,721702
32 años,Total,1 July,2003,1 de julio de 2003,712603
33 años,Total,1 July,2003,1 de julio de 2003,705498
34 años,Total,1 July,2003,1 de julio de 2003,700419
35 años,Total,1 July,2003,1 de julio de 2003,701708
36 años,Total,1 July,2003,1 de julio de 2003,698878
37 años,Total,1 July,2003,1 de julio de 2003,691649
38 años,Total,1 July,2003,1 de julio de 2003,695885
39 años,Total,1 July,2003,1 de julio de 2003,685714
4 años,Total,1 July,2003,1 de julio de 2003,392604
40 años,Total,1 July,2003,1 de julio de 2003,659211
41 años,Total,1 July,2003,1 de julio de 2003,641823
42 años,Total,1 July,2003,1 de julio de 2003,638152
43 años,Total,1 July,2003,1 de julio de 2003,632902
44 años,Total,1 July,2003,1 de julio de 2003,618574
45 años,Total,1 July,2003,1 de julio de 2003,605903
46 años,Total,1 July,2003,1 de julio de 2003,579609
47 años,Total,1 July,2003,1 de julio de 2003,552063
48 años,Total,1 July,2003,1 de julio de 2003,532266
49 años,Total,1 July,2003,1 de julio de 2003,521324
5 años,Total,1 July,2003,1 de julio de 2003,385468
50 años,Total,1 July,2003,1 de julio de 2003,521720
51 años,Total,1 July,2003,1 de julio de 2003,504433
52 años,Total,1 July,2003,1 de julio de 2003,482837
53 años,Total,1 July,2003,1 de julio de 2003,487961
54 años,Total,1 July,2003,1 de julio de 2003,510385
55 años,Total,1 July,2003,1 de julio de 2003,500074
56 años,Total,1 July,2003,1 de julio de 2003,467393
57 años,Total,1 July,2003,1 de julio de 2003,469755
58 años,Total,1 July,2003,1 de julio de 2003,469834
59 años,Total,1 July,2003,1 de julio de 2003,455339
6 años,Total,1 July,2003,1 de julio de 2003,381975
60 años,Total,1 July,2003,1 de julio de 2003,422552
61 años,Total,1 July,2003,1 de julio de 2003,377391
62 años,Total,1 July,2003,1 de julio de 2003,405964
63 años,Total,1 July,2003,1 de julio de 2003,374488
64 años,Total,1 July,2003,1 de julio de 2003,320900
65 años,Total,1 July,2003,1 de julio de 2003,363306
66 años,Total,1 July,2003,1 de julio de 2003,404494
67 años,Total,1 July,2003,1 de julio de 2003,417315
68 años,Total,1 July,2003,1 de julio de 2003,408282
69 años,Total,1 July,2003,1 de julio de 2003,411468
7 años,Total,1 July,2003,1 de julio de 2003,381295
70 años,Total,1 July,2003,1 de julio de 2003,412400
71 años,Total,1 July,2003,1 de julio de 2003,396597
72 años,Total,1 July,2003,1 de julio de 2003,384309
73 años,Total,1 July,2003,1 de julio de 2003,370310
74 años,Total,1 July,2003,1 de julio de 2003,352657
75 años,Total,1 July,2003,1 de julio de 2003,333552
76 años,Total,1 July,2003,1 de julio de 2003,315494
77 años,Total,1 July,2003,1 de julio de 2003,300097
78 años,Total,1 July,2003,1 de julio de 2003,280403
79 años,Total,1 July,2003,1 de julio de 2003,263003
8 años,Total,1 July,2003,1 de julio de 2003,385048
80 años,Total,1 July,2003,1 de julio de 2003,246200
81 años,Total,1 July,2003,1 de julio de 2003,224159
82 años,Total,1 July,2003,1 de julio de 2003,196670
83 años,Total,1 July,2003,1 de julio de 2003,165948
84 años,Total,1 July,2003,1 de julio de 2003,141346
85 años,Total,1 July,2003,1 de julio de 2003,126118
85 y más años,Total,1 July,2003,1 de julio de 2003,731235
86 años,Total,1 July,2003,1 de julio de 2003,109803
87 años,Total,1 July,2003,1 de julio de 2003,96504
88 años,Total,1 July,2003,1 de julio de 2003,84546
89 años,Total,1 July,2003,1 de julio de 2003,72020
9 años,Total,1 July,2003,1 de julio de 2003,395455
90 años,Total,1 July,2003,1 de julio de 2003,60020
91 años,Total,1 July,2003,1 de julio de 2003,48211
92 años,Total,1 July,2003,1 de julio de 2003,37693
93 años,Total,1 July,2003,1 de julio de 2003,28940
94 años,Total,1 July,2003,1 de julio de 2003,20991
95 años,Total,1 July,2003,1 de julio de 2003,15155
96 años,Total,1 July,2003,1 de julio de 2003,10769
97 años,Total,1 July,2003,1 de julio de 2003,7439
98 años,Total,1 July,2003,1 de julio de 2003,4952
99 años,Total,1 July,2003,1 de julio de 2003,3124
Todas las edades,Total,1 July,2003,1 de julio de 2003,42196231
0 años,Hombres,1 July,2004,1 de julio de 2004,228309
1 año,Hombres,1 July,2004,1 de julio de 2004,224753
10 años,Hombres,1 July,2004,1 de julio de 2004,206477
100 años,Hombres,1 July,2004,1 de julio de 2004,
100 y más años,Hombres,1 July,2004,1 de julio de 2004,1151
101 años,Hombres,1 July,2004,1 de julio de 2004,
102 años,Hombres,1 July,2004,1 de julio de 2004,
103 años,Hombres,1 July,2004,1 de julio de 2004,
104 años,Hombres,1 July,2004,1 de julio de 2004,
105 y más años,Hombres,1 July,2004,1 de julio de 2004,
11 años,Hombres,1 July,2004,1 de julio de 2004,214469
12 años,Hombres,1 July,2004,1 de julio de 2004,218163
13 años,Hombres,1 July,2004,1 de julio de 2004,219623
14 años,Hombres,1 July,2004,1 de julio de 2004,223719
15 años,Hombres,1 July,2004,1 de julio de 2004,228108
16 años,Hombres,1 July,2004,1 de julio de 2004,232045
17 años,Hombres,1 July,2004,1 de julio de 2004,237576
18 años,Hombres,1 July,2004,1 de julio de 2004,246923
19 años,Hombres,1 July,2004,1 de julio de 2004,259025
2 años,Hombres,1 July,2004,1 de julio de 2004,219223
20 años,Hombres,1 July,2004,1 de julio de 2004,271382
21 años,Hombres,1 July,2004,1 de julio de 2004,288118
22 años,Hombres,1 July,2004,1 de julio de 2004,308354
23 años,Hombres,1 July,2004,1 de julio de 2004,327959
24 años,Hombres,1 July,2004,1 de julio de 2004,345453
25 años,Hombres,1 July,2004,1 de julio de 2004,364215
26 años,Hombres,1 July,2004,1 de julio de 2004,379737
27 años,Hombres,1 July,2004,1 de julio de 2004,388964
28 años,Hombres,1 July,2004,1 de julio de 2004,394078
29 años,Hombres,1 July,2004,1 de julio de 2004,392760
3 años,Hombres,1 July,2004,1 de julio de 2004,216277
30 años,Hombres,1 July,2004,1 de julio de 2004,387356
31 años,Hombres,1 July,2004,1 de julio de 2004,382723
32 años,Hombres,1 July,2004,1 de julio de 2004,378684
33 años,Hombres,1 July,2004,1 de julio de 2004,373300
34 años,Hombres,1 July,2004,1 de julio de 2004,368616
35 años,Hombres,1 July,2004,1 de julio de 2004,364641
36 años,Hombres,1 July,2004,1 de julio de 2004,363750
37 años,Hombres,1 July,2004,1 de julio de 2004,360796
38 años,Hombres,1 July,2004,1 de julio de 2004,355689
39 años,Hombres,1 July,2004,1 de julio de 2004,356490
4 años,Hombres,1 July,2004,1 de julio de 2004,210925
40 años,Hombres,1 July,2004,1 de julio de 2004,350734
41 años,Hombres,1 July,2004,1 de julio de 2004,336454
42 años,Hombres,1 July,2004,1 de julio de 2004,326260
43 años,Hombres,1 July,2004,1 de julio de 2004,323485
44 años,Hombres,1 July,2004,1 de julio de 2004,320265
45 años,Hombres,1 July,2004,1 de julio de 2004,312379
46 años,Hombres,1 July,2004,1 de julio de 2004,305351
47 años,Hombres,1 July,2004,1 de julio de 2004,291511
48 años,Hombres,1 July,2004,1 de julio de 2004,277197
49 años,Hombres,1 July,2004,1 de julio de 2004,266355
5 años,Hombres,1 July,2004,1 de julio de 2004,204924
50 años,Hombres,1 July,2004,1 de julio de 2004,260552
51 años,Hombres,1 July,2004,1 de julio de 2004,261145
52 años,Hombres,1 July,2004,1 de julio de 2004,251948
53 años,Hombres,1 July,2004,1 de julio de 2004,240416
54 años,Hombres,1 July,2004,1 de julio de 2004,241707
55 años,Hombres,1 July,2004,1 de julio de 2004,251621
56 años,Hombres,1 July,2004,1 de julio de 2004,246357
57 años,Hombres,1 July,2004,1 de julio de 2004,229364
58 años,Hombres,1 July,2004,1 de julio de 2004,229319
59 años,Hombres,1 July,2004,1 de julio de 2004,228617
6 años,Hombres,1 July,2004,1 de julio de 2004,201423
60 años,Hombres,1 July,2004,1 de julio de 2004,221309
61 años,Hombres,1 July,2004,1 de julio de 2004,205159
62 años,Hombres,1 July,2004,1 de julio de 2004,182813
63 años,Hombres,1 July,2004,1 de julio de 2004,195441
64 años,Hombres,1 July,2004,1 de julio de 2004,178197
65 años,Hombres,1 July,2004,1 de julio de 2004,151096
66 años,Hombres,1 July,2004,1 de julio de 2004,170575
67 años,Hombres,1 July,2004,1 de julio de 2004,187349
68 años,Hombres,1 July,2004,1 de julio de 2004,191654
69 años,Hombres,1 July,2004,1 de julio de 2004,186892
7 años,Hombres,1 July,2004,1 de julio de 2004,199156
70 años,Hombres,1 July,2004,1 de julio de 2004,186412
71 años,Hombres,1 July,2004,1 de julio de 2004,184930
72 años,Hombres,1 July,2004,1 de julio de 2004,176198
73 años,Hombres,1 July,2004,1 de julio de 2004,167846
74 años,Hombres,1 July,2004,1 de julio de 2004,158714
75 años,Hombres,1 July,2004,1 de julio de 2004,148601
76 años,Hombres,1 July,2004,1 de julio de 2004,138029
77 años,Hombres,1 July,2004,1 de julio de 2004,128142
78 años,Hombres,1 July,2004,1 de julio de 2004,118858
79 años,Hombres,1 July,2004,1 de julio de 2004,108107
8 años,Hombres,1 July,2004,1 de julio de 2004,198735
80 años,Hombres,1 July,2004,1 de julio de 2004,99265
81 años,Hombres,1 July,2004,1 de julio de 2004,89752
82 años,Hombres,1 July,2004,1 de julio de 2004,79523
83 años,Hombres,1 July,2004,1 de julio de 2004,66888
84 años,Hombres,1 July,2004,1 de julio de 2004,52742
85 años,Hombres,1 July,2004,1 de julio de 2004,42578
85 y más años,Hombres,1 July,2004,1 de julio de 2004,223686
86 años,Hombres,1 July,2004,1 de julio de 2004,36140
87 años,Hombres,1 July,2004,1 de julio de 2004,30411
88 años,Hombres,1 July,2004,1 de julio de 2004,25751
89 años,Hombres,1 July,2004,1 de julio de 2004,21514
9 años,Hombres,1 July,2004,1 de julio de 2004,200919
90 años,Hombres,1 July,2004,1 de julio de 2004,17465
91 años,Hombres,1 July,2004,1 de julio de 2004,13940
92 años,Hombres,1 July,2004,1 de julio de 2004,10701
93 años,Hombres,1 July,2004,1 de julio de 2004,7927
94 años,Hombres,1 July,2004,1 de julio de 2004,5755
95 años,Hombres,1 July,2004,1 de julio de 2004,4002
96 años,Hombres,1 July,2004,1 de julio de 2004,2721
97 años,Hombres,1 July,2004,1 de julio de 2004,1786
98 años,Hombres,1 July,2004,1 de julio de 2004,1133
99 años,Hombres,1 July,2004,1 de julio de 2004,711
Todas las edades,Hombres,1 July,2004,1 de julio de 2004,21093052
0 años,Mujeres,1 July,2004,1 de julio de 2004,214458
1 año,Mujeres,1 July,2004,1 de julio de 2004,212060
10 años,Mujeres,1 July,2004,1 de julio de 2004,195092
100 años,Mujeres,1 July,2004,1 de julio de 2004,
100 y más años,Mujeres,1 July,2004,1 de julio de 2004,3916
101 años,Mujeres,1 July,2004,1 de julio de 2004,
102 años,Mujeres,1 July,2004,1 de julio de 2004,
103 años,Mujeres,1 July,2004,1 de julio de 2004,
104 años,Mujeres,1 July,2004,1 de julio de 2004,
105 y más años,Mujeres,1 July,2004,1 de julio de 2004,
11 años,Mujeres,1 July,2004,1 de julio de 2004,203096
12 años,Mujeres,1 July,2004,1 de julio de 2004,206311
13 años,Mujeres,1 July,2004,1 de julio de 2004,207347
14 años,Mujeres,1 July,2004,1 de julio de 2004,211511
15 años,Mujeres,1 July,2004,1 de julio de 2004,215614
16 años,Mujeres,1 July,2004,1 de julio de 2004,219342
17 años,Mujeres,1 July,2004,1 de julio de 2004,224905
18 años,Mujeres,1 July,2004,1 de julio de 2004,234267
19 años,Mujeres,1 July,2004,1 de julio de 2004,246312
2 años,Mujeres,1 July,2004,1 de julio de 2004,208141
20 años,Mujeres,1 July,2004,1 de julio de 2004,259183
21 años,Mujeres,1 July,2004,1 de julio de 2004,275614
22 años,Mujeres,1 July,2004,1 de julio de 2004,293935
23 años,Mujeres,1 July,2004,1 de julio de 2004,312349
24 años,Mujeres,1 July,2004,1 de julio de 2004,329191
25 años,Mujeres,1 July,2004,1 de julio de 2004,345209
26 años,Mujeres,1 July,2004,1 de julio de 2004,357730
27 años,Mujeres,1 July,2004,1 de julio de 2004,366332
28 años,Mujeres,1 July,2004,1 de julio de 2004,370867
29 años,Mujeres,1 July,2004,1 de julio de 2004,369329
3 años,Mujeres,1 July,2004,1 de julio de 2004,205489
30 años,Mujeres,1 July,2004,1 de julio de 2004,364463
31 años,Mujeres,1 July,2004,1 de julio de 2004,359984
32 años,Mujeres,1 July,2004,1 de julio de 2004,357121
33 años,Mujeres,1 July,2004,1 de julio de 2004,352732
34 años,Mujeres,1 July,2004,1 de julio de 2004,349871
35 años,Mujeres,1 July,2004,1 de julio de 2004,348389
36 años,Mujeres,1 July,2004,1 de julio de 2004,349840
37 años,Mujeres,1 July,2004,1 de julio de 2004,348769
38 años,Mujeres,1 July,2004,1 de julio de 2004,345625
39 años,Mujeres,1 July,2004,1 de julio de 2004,348598
4 años,Mujeres,1 July,2004,1 de julio de 2004,199874
40 años,Mujeres,1 July,2004,1 de julio de 2004,343544
41 años,Mujeres,1 July,2004,1 de julio de 2004,330585
42 años,Mujeres,1 July,2004,1 de julio de 2004,322835
43 años,Mujeres,1 July,2004,1 de julio de 2004,321366
44 años,Mujeres,1 July,2004,1 de julio de 2004,318863
45 años,Mujeres,1 July,2004,1 de julio de 2004,311883
46 años,Mujeres,1 July,2004,1 de julio de 2004,305748
47 años,Mujeres,1 July,2004,1 de julio de 2004,292779
48 años,Mujeres,1 July,2004,1 de julio de 2004,279057
49 años,Mujeres,1 July,2004,1 de julio de 2004,269671
5 años,Mujeres,1 July,2004,1 de julio de 2004,194010
50 años,Mujeres,1 July,2004,1 de julio de 2004,264104
51 años,Mujeres,1 July,2004,1 de julio de 2004,263614
52 años,Mujeres,1 July,2004,1 de julio de 2004,255246
53 años,Mujeres,1 July,2004,1 de julio de 2004,244942
54 años,Mujeres,1 July,2004,1 de julio de 2004,248483
55 años,Mujeres,1 July,2004,1 de julio de 2004,260663
56 años,Mujeres,1 July,2004,1 de julio de 2004,255472
57 años,Mujeres,1 July,2004,1 de julio de 2004,239577
58 años,Mujeres,1 July,2004,1 de julio de 2004,241523
59 años,Mujeres,1 July,2004,1 de julio de 2004,242004
6 años,Mujeres,1 July,2004,1 de julio de 2004,190552
60 años,Mujeres,1 July,2004,1 de julio de 2004,234776
61 años,Mujeres,1 July,2004,1 de julio de 2004,217993
62 años,Mujeres,1 July,2004,1 de julio de 2004,194880
63 años,Mujeres,1 July,2004,1 de julio de 2004,210155
64 años,Mujeres,1 July,2004,1 de julio de 2004,195689
65 años,Mujeres,1 July,2004,1 de julio de 2004,169264
66 años,Mujeres,1 July,2004,1 de julio de 2004,191425
67 años,Mujeres,1 July,2004,1 de julio de 2004,214577
68 años,Mujeres,1 July,2004,1 de julio de 2004,222109
69 años,Mujeres,1 July,2004,1 de julio de 2004,217292
7 años,Mujeres,1 July,2004,1 de julio de 2004,189315
70 años,Mujeres,1 July,2004,1 de julio de 2004,220032
71 años,Mujeres,1 July,2004,1 de julio de 2004,221557
72 años,Mujeres,1 July,2004,1 de julio de 2004,213949
73 años,Mujeres,1 July,2004,1 de julio de 2004,209196
74 años,Mujeres,1 July,2004,1 de julio de 2004,203558
75 años,Mujeres,1 July,2004,1 de julio de 2004,195214
76 años,Mujeres,1 July,2004,1 de julio de 2004,186058
77 años,Mujeres,1 July,2004,1 de julio de 2004,177203
78 años,Mujeres,1 July,2004,1 de julio de 2004,170257
79 años,Mujeres,1 July,2004,1 de julio de 2004,160752
8 años,Mujeres,1 July,2004,1 de julio de 2004,188692
80 años,Mujeres,1 July,2004,1 de julio de 2004,151432
81 años,Mujeres,1 July,2004,1 de julio de 2004,143315
82 años,Mujeres,1 July,2004,1 de julio de 2004,131067
83 años,Mujeres,1 July,2004,1 de julio de 2004,116213
84 años,Mujeres,1 July,2004,1 de julio de 2004,100258
85 años,Mujeres,1 July,2004,1 de julio de 2004,86345
85 y más años,Mujeres,1 July,2004,1 de julio de 2004,524272
86 años,Mujeres,1 July,2004,1 de julio de 2004,77539
87 años,Mujeres,1 July,2004,1 de julio de 2004,67213
88 años,Mujeres,1 July,2004,1 de julio de 2004,58821
89 años,Mujeres,1 July,2004,1 de julio de 2004,51420
9 años,Mujeres,1 July,2004,1 de julio de 2004,190149
90 años,Mujeres,1 July,2004,1 de julio de 2004,43550
91 años,Mujeres,1 July,2004,1 de julio de 2004,35855
92 años,Mujeres,1 July,2004,1 de julio de 2004,28403
93 años,Mujeres,1 July,2004,1 de julio de 2004,21870
94 años,Mujeres,1 July,2004,1 de julio de 2004,16571
95 años,Mujeres,1 July,2004,1 de julio de 2004,11776
96 años,Mujeres,1 July,2004,1 de julio de 2004,8402
97 años,Mujeres,1 July,2004,1 de julio de 2004,5937
98 años,Mujeres,1 July,2004,1 de julio de 2004,4054
99 años,Mujeres,1 July,2004,1 de julio de 2004,2601
Todas las edades,Mujeres,1 July,2004,1 de julio de 2004,21766121
0 años,Total,1 July,2004,1 de julio de 2004,442767
1 año,Total,1 July,2004,1 de julio de 2004,436813
10 años,Total,1 July,2004,1 de julio de 2004,401569
100 años,Total,1 July,2004,1 de julio de 2004,
100 y más años,Total,1 July,2004,1 de julio de 2004,5066
101 años,Total,1 July,2004,1 de julio de 2004,
102 años,Total,1 July,2004,1 de julio de 2004,
103 años,Total,1 July,2004,1 de julio de 2004,
104 años,Total,1 July,2004,1 de julio de 2004,
105 y más años,Total,1 July,2004,1 de julio de 2004,
11 años,Total,1 July,2004,1 de julio de 2004,417565
12 años,Total,1 July,2004,1 de julio de 2004,424474
13 años,Total,1 July,2004,1 de julio de 2004,426970
14 años,Total,1 July,2004,1 de julio de 2004,435230
15 años,Total,1 July,2004,1 de julio de 2004,443722
16 años,Total,1 July,2004,1 de julio de 2004,451388
17 años,Total,1 July,2004,1 de julio de 2004,462480
18 años,Total,1 July,2004,1 de julio de 2004,481190
19 años,Total,1 July,2004,1 de julio de 2004,505337
2 años,Total,1 July,2004,1 de julio de 2004,427364
20 años,Total,1 July,2004,1 de julio de 2004,530565
21 años,Total,1 July,2004,1 de julio de 2004,563731
22 años,Total,1 July,2004,1 de julio de 2004,602288
23 años,Total,1 July,2004,1 de julio de 2004,640308
24 años,Total,1 July,2004,1 de julio de 2004,674644
25 años,Total,1 July,2004,1 de julio de 2004,709424
26 años,Total,1 July,2004,1 de julio de 2004,737468
27 años,Total,1 July,2004,1 de julio de 2004,755296
28 años,Total,1 July,2004,1 de julio de 2004,764945
29 años,Total,1 July,2004,1 de julio de 2004,762090
3 años,Total,1 July,2004,1 de julio de 2004,421766
30 años,Total,1 July,2004,1 de julio de 2004,751819
31 años,Total,1 July,2004,1 de julio de 2004,742707
32 años,Total,1 July,2004,1 de julio de 2004,735805
33 años,Total,1 July,2004,1 de julio de 2004,726032
34 años,Total,1 July,2004,1 de julio de 2004,718487
35 años,Total,1 July,2004,1 de julio de 2004,713031
36 años,Total,1 July,2004,1 de julio de 2004,713590
37 años,Total,1 July,2004,1 de julio de 2004,709565
38 años,Total,1 July,2004,1 de julio de 2004,701313
39 años,Total,1 July,2004,1 de julio de 2004,705088
4 años,Total,1 July,2004,1 de julio de 2004,410799
40 años,Total,1 July,2004,1 de julio de 2004,694277
41 años,Total,1 July,2004,1 de julio de 2004,667039
42 años,Total,1 July,2004,1 de julio de 2004,649095
43 años,Total,1 July,2004,1 de julio de 2004,644851
44 años,Total,1 July,2004,1 de julio de 2004,639128
45 años,Total,1 July,2004,1 de julio de 2004,624263
46 años,Total,1 July,2004,1 de julio de 2004,611099
47 años,Total,1 July,2004,1 de julio de 2004,584290
48 años,Total,1 July,2004,1 de julio de 2004,556255
49 años,Total,1 July,2004,1 de julio de 2004,536026
5 años,Total,1 July,2004,1 de julio de 2004,398934
50 años,Total,1 July,2004,1 de julio de 2004,524656
51 años,Total,1 July,2004,1 de julio de 2004,524759
52 años,Total,1 July,2004,1 de julio de 2004,507193
53 años,Total,1 July,2004,1 de julio de 2004,485358
54 años,Total,1 July,2004,1 de julio de 2004,490190
55 años,Total,1 July,2004,1 de julio de 2004,512285
56 años,Total,1 July,2004,1 de julio de 2004,501829
57 años,Total,1 July,2004,1 de julio de 2004,468941
58 años,Total,1 July,2004,1 de julio de 2004,470842
59 años,Total,1 July,2004,1 de julio de 2004,470622
6 años,Total,1 July,2004,1 de julio de 2004,391975
60 años,Total,1 July,2004,1 de julio de 2004,456085
61 años,Total,1 July,2004,1 de julio de 2004,423152
62 años,Total,1 July,2004,1 de julio de 2004,377693
63 años,Total,1 July,2004,1 de julio de 2004,405595
64 años,Total,1 July,2004,1 de julio de 2004,373886
65 años,Total,1 July,2004,1 de julio de 2004,320360
66 años,Total,1 July,2004,1 de julio de 2004,362000
67 años,Total,1 July,2004,1 de julio de 2004,401926
68 años,Total,1 July,2004,1 de julio de 2004,413763
69 años,Total,1 July,2004,1 de julio de 2004,404184
7 años,Total,1 July,2004,1 de julio de 2004,388472
70 años,Total,1 July,2004,1 de julio de 2004,406444
71 años,Total,1 July,2004,1 de julio de 2004,406487
72 años,Total,1 July,2004,1 de julio de 2004,390147
73 años,Total,1 July,2004,1 de julio de 2004,377042
74 años,Total,1 July,2004,1 de julio de 2004,362272
75 años,Total,1 July,2004,1 de julio de 2004,343815
76 años,Total,1 July,2004,1 de julio de 2004,324086
77 años,Total,1 July,2004,1 de julio de 2004,305345
78 años,Total,1 July,2004,1 de julio de 2004,289115
79 años,Total,1 July,2004,1 de julio de 2004,268859
8 años,Total,1 July,2004,1 de julio de 2004,387427
80 años,Total,1 July,2004,1 de julio de 2004,250698
81 años,Total,1 July,2004,1 de julio de 2004,233068
82 años,Total,1 July,2004,1 de julio de 2004,210589
83 años,Total,1 July,2004,1 de julio de 2004,183101
84 años,Total,1 July,2004,1 de julio de 2004,153001
85 años,Total,1 July,2004,1 de julio de 2004,128923
85 y más años,Total,1 July,2004,1 de julio de 2004,747958
86 años,Total,1 July,2004,1 de julio de 2004,113679
87 años,Total,1 July,2004,1 de julio de 2004,97624
88 años,Total,1 July,2004,1 de julio de 2004,84572
89 años,Total,1 July,2004,1 de julio de 2004,72934
9 años,Total,1 July,2004,1 de julio de 2004,391068
90 años,Total,1 July,2004,1 de julio de 2004,61015
91 años,Total,1 July,2004,1 de julio de 2004,49795
92 años,Total,1 July,2004,1 de julio de 2004,39104
93 años,Total,1 July,2004,1 de julio de 2004,29796
94 años,Total,1 July,2004,1 de julio de 2004,22326
95 años,Total,1 July,2004,1 de julio de 2004,15778
96 años,Total,1 July,2004,1 de julio de 2004,11123
97 años,Total,1 July,2004,1 de julio de 2004,7723
98 años,Total,1 July,2004,1 de julio de 2004,5187
99 años,Total,1 July,2004,1 de julio de 2004,3313
Todas las edades,Total,1 July,2004,1 de julio de 2004,42859172
0 años,Hombres,1 July,2005,1 de julio de 2005,235216
1 año,Hombres,1 July,2005,1 de julio de 2005,234150
10 años,Hombres,1 July,2005,1 de julio de 2005,203942
100 años,Hombres,1 July,2005,1 de julio de 2005,
100 y más años,Hombres,1 July,2005,1 de julio de 2005,1176
101 años,Hombres,1 July,2005,1 de julio de 2005,
102 años,Hombres,1 July,2005,1 de julio de 2005,
103 años,Hombres,1 July,2005,1 de julio de 2005,
104 años,Hombres,1 July,2005,1 de julio de 2005,
105 y más años,Hombres,1 July,2005,1 de julio de 2005,
11 años,Hombres,1 July,2005,1 de julio de 2005,209568
12 años,Hombres,1 July,2005,1 de julio de 2005,217518
13 años,Hombres,1 July,2005,1 de julio de 2005,221237
14 años,Hombres,1 July,2005,1 de julio de 2005,222723
15 años,Hombres,1 July,2005,1 de julio de 2005,226983
16 años,Hombres,1 July,2005,1 de julio de 2005,231794
17 años,Hombres,1 July,2005,1 de julio de 2005,236515
18 años,Hombres,1 July,2005,1 de julio de 2005,243299
19 años,Hombres,1 July,2005,1 de julio de 2005,254296
2 años,Hombres,1 July,2005,1 de julio de 2005,227434
20 años,Hombres,1 July,2005,1 de julio de 2005,268255
21 años,Hombres,1 July,2005,1 de julio de 2005,282284
22 años,Hombres,1 July,2005,1 de julio de 2005,300645
23 años,Hombres,1 July,2005,1 de julio de 2005,322111
24 años,Hombres,1 July,2005,1 de julio de 2005,342877
25 años,Hombres,1 July,2005,1 de julio de 2005,361149
26 años,Hombres,1 July,2005,1 de julio de 2005,379887
27 años,Hombres,1 July,2005,1 de julio de 2005,395190
28 años,Hombres,1 July,2005,1 de julio de 2005,403801
29 años,Hombres,1 July,2005,1 de julio de 2005,408062
3 años,Hombres,1 July,2005,1 de julio de 2005,221812
30 años,Hombres,1 July,2005,1 de julio de 2005,406090
31 años,Hombres,1 July,2005,1 de julio de 2005,399738
32 años,Hombres,1 July,2005,1 de julio de 2005,394149
33 años,Hombres,1 July,2005,1 de julio de 2005,389358
34 años,Hombres,1 July,2005,1 de julio de 2005,383685
35 años,Hombres,1 July,2005,1 de julio de 2005,378557
36 años,Hombres,1 July,2005,1 de julio de 2005,373799
37 años,Hombres,1 July,2005,1 de julio de 2005,372383
38 años,Hombres,1 July,2005,1 de julio de 2005,368415
39 años,Hombres,1 July,2005,1 de julio de 2005,362419
4 años,Hombres,1 July,2005,1 de julio de 2005,219126
40 años,Hombres,1 July,2005,1 de julio de 2005,362776
41 años,Hombres,1 July,2005,1 de julio de 2005,356545
42 años,Hombres,1 July,2005,1 de julio de 2005,341731
43 años,Hombres,1 July,2005,1 de julio de 2005,331069
44 años,Hombres,1 July,2005,1 de julio de 2005,327928
45 años,Hombres,1 July,2005,1 de julio de 2005,324383
46 años,Hombres,1 July,2005,1 de julio de 2005,316112
47 años,Hombres,1 July,2005,1 de julio de 2005,308581
48 años,Hombres,1 July,2005,1 de julio de 2005,294271
49 años,Hombres,1 July,2005,1 de julio de 2005,279643
5 años,Hombres,1 July,2005,1 de julio de 2005,214128
50 años,Hombres,1 July,2005,1 de julio de 2005,268402
51 años,Hombres,1 July,2005,1 de julio de 2005,262274
52 años,Hombres,1 July,2005,1 de julio de 2005,262608
53 años,Hombres,1 July,2005,1 de julio de 2005,253110
54 años,Hombres,1 July,2005,1 de julio de 2005,241358
55 años,Hombres,1 July,2005,1 de julio de 2005,242460
56 años,Hombres,1 July,2005,1 de julio de 2005,252199
57 años,Hombres,1 July,2005,1 de julio de 2005,246812
58 años,Hombres,1 July,2005,1 de julio de 2005,229674
59 años,Hombres,1 July,2005,1 de julio de 2005,229376
6 años,Hombres,1 July,2005,1 de julio de 2005,208064
60 años,Hombres,1 July,2005,1 de julio de 2005,228616
61 años,Hombres,1 July,2005,1 de julio de 2005,221164
62 años,Hombres,1 July,2005,1 de julio de 2005,204756
63 años,Hombres,1 July,2005,1 de julio de 2005,182306
64 años,Hombres,1 July,2005,1 de julio de 2005,194510
65 años,Hombres,1 July,2005,1 de julio de 2005,177185
66 años,Hombres,1 July,2005,1 de julio de 2005,150062
67 años,Hombres,1 July,2005,1 de julio de 2005,168821
68 años,Hombres,1 July,2005,1 de julio de 2005,184808
69 años,Hombres,1 July,2005,1 de julio de 2005,188647
7 años,Hombres,1 July,2005,1 de julio de 2005,204549
70 años,Hombres,1 July,2005,1 de julio de 2005,183574
71 años,Hombres,1 July,2005,1 de julio de 2005,182502
72 años,Hombres,1 July,2005,1 de julio de 2005,180410
73 años,Hombres,1 July,2005,1 de julio de 2005,171281
74 años,Hombres,1 July,2005,1 de julio de 2005,162495
75 años,Hombres,1 July,2005,1 de julio de 2005,153080
76 años,Hombres,1 July,2005,1 de julio de 2005,142632
77 años,Hombres,1 July,2005,1 de julio de 2005,131764
78 años,Hombres,1 July,2005,1 de julio de 2005,121537
79 años,Hombres,1 July,2005,1 de julio de 2005,111933
8 años,Hombres,1 July,2005,1 de julio de 2005,202385
80 años,Hombres,1 July,2005,1 de julio de 2005,101049
81 años,Hombres,1 July,2005,1 de julio de 2005,92087
82 años,Hombres,1 July,2005,1 de julio de 2005,82534
83 años,Hombres,1 July,2005,1 de julio de 2005,72286
84 años,Hombres,1 July,2005,1 de julio de 2005,60114
85 años,Hombres,1 July,2005,1 de julio de 2005,46848
85 y más años,Hombres,1 July,2005,1 de julio de 2005,231066
86 años,Hombres,1 July,2005,1 de julio de 2005,37319
87 años,Hombres,1 July,2005,1 de julio de 2005,31148
88 años,Hombres,1 July,2005,1 de julio de 2005,25800
89 años,Hombres,1 July,2005,1 de julio de 2005,21521
9 años,Hombres,1 July,2005,1 de julio de 2005,201845
90 años,Hombres,1 July,2005,1 de julio de 2005,17605
91 años,Hombres,1 July,2005,1 de julio de 2005,13993
92 años,Hombres,1 July,2005,1 de julio de 2005,10941
93 años,Hombres,1 July,2005,1 de julio de 2005,8171
94 años,Hombres,1 July,2005,1 de julio de 2005,5847
95 años,Hombres,1 July,2005,1 de julio de 2005,4124
96 años,Hombres,1 July,2005,1 de julio de 2005,2792
97 años,Hombres,1 July,2005,1 de julio de 2005,1861
98 años,Hombres,1 July,2005,1 de julio de 2005,1193
99 años,Hombres,1 July,2005,1 de julio de 2005,727
Todas las edades,Hombres,1 July,2005,1 de julio de 2005,21541965
0 años,Mujeres,1 July,2005,1 de julio de 2005,221161
1 año,Mujeres,1 July,2005,1 de julio de 2005,220729
10 años,Mujeres,1 July,2005,1 de julio de 2005,192873
100 años,Mujeres,1 July,2005,1 de julio de 2005,
100 y más años,Mujeres,1 July,2005,1 de julio de 2005,4020
101 años,Mujeres,1 July,2005,1 de julio de 2005,
102 años,Mujeres,1 July,2005,1 de julio de 2005,
103 años,Mujeres,1 July,2005,1 de julio de 2005,
104 años,Mujeres,1 July,2005,1 de julio de 2005,
105 y más años,Mujeres,1 July,2005,1 de julio de 2005,
11 años,Mujeres,1 July,2005,1 de julio de 2005,197882
12 años,Mujeres,1 July,2005,1 de julio de 2005,205907
13 años,Mujeres,1 July,2005,1 de julio de 2005,209066
14 años,Mujeres,1 July,2005,1 de julio de 2005,210036
15 años,Mujeres,1 July,2005,1 de julio de 2005,214249
16 años,Mujeres,1 July,2005,1 de julio de 2005,218731
17 años,Mujeres,1 July,2005,1 de julio de 2005,223234
18 años,Mujeres,1 July,2005,1 de julio de 2005,230217
19 años,Mujeres,1 July,2005,1 de julio de 2005,241420
2 años,Mujeres,1 July,2005,1 de julio de 2005,215137
20 años,Mujeres,1 July,2005,1 de julio de 2005,255031
21 años,Mujeres,1 July,2005,1 de julio de 2005,268792
22 años,Mujeres,1 July,2005,1 de julio de 2005,285965
23 años,Mujeres,1 July,2005,1 de julio de 2005,305015
24 años,Mujeres,1 July,2005,1 de julio de 2005,323763
25 años,Mujeres,1 July,2005,1 de julio de 2005,340510
26 años,Mujeres,1 July,2005,1 de julio de 2005,356078
27 años,Mujeres,1 July,2005,1 de julio de 2005,368054
28 años,Mujeres,1 July,2005,1 de julio de 2005,375995
29 años,Mujeres,1 July,2005,1 de julio de 2005,379769
3 años,Mujeres,1 July,2005,1 de julio de 2005,210616
30 años,Mujeres,1 July,2005,1 de julio de 2005,377667
31 años,Mujeres,1 July,2005,1 de julio de 2005,372255
32 años,Mujeres,1 July,2005,1 de julio de 2005,367341
33 años,Mujeres,1 July,2005,1 de julio de 2005,364196
34 años,Mujeres,1 July,2005,1 de julio de 2005,359477
35 años,Mujeres,1 July,2005,1 de julio de 2005,356422
36 años,Mujeres,1 July,2005,1 de julio de 2005,354710
37 años,Mujeres,1 July,2005,1 de julio de 2005,355850
38 años,Mujeres,1 July,2005,1 de julio de 2005,354112
39 años,Mujeres,1 July,2005,1 de julio de 2005,350393
4 años,Mujeres,1 July,2005,1 de julio de 2005,208022
40 años,Mujeres,1 July,2005,1 de julio de 2005,353221
41 años,Mujeres,1 July,2005,1 de julio de 2005,347948
42 años,Mujeres,1 July,2005,1 de julio de 2005,334663
43 años,Mujeres,1 July,2005,1 de julio de 2005,326586
44 años,Mujeres,1 July,2005,1 de julio de 2005,324900
45 años,Mujeres,1 July,2005,1 de julio de 2005,322177
46 años,Mujeres,1 July,2005,1 de julio de 2005,315069
47 años,Mujeres,1 July,2005,1 de julio de 2005,308788
48 años,Mujeres,1 July,2005,1 de julio de 2005,295496
49 años,Mujeres,1 July,2005,1 de julio de 2005,281506
5 años,Mujeres,1 July,2005,1 de julio de 2005,202758
50 años,Mujeres,1 July,2005,1 de julio de 2005,271922
51 años,Mujeres,1 July,2005,1 de julio de 2005,266161
52 años,Mujeres,1 July,2005,1 de julio de 2005,265471
53 años,Mujeres,1 July,2005,1 de julio de 2005,256920
54 años,Mujeres,1 July,2005,1 de julio de 2005,246523
55 años,Mujeres,1 July,2005,1 de julio de 2005,250004
56 años,Mujeres,1 July,2005,1 de julio de 2005,262069
57 años,Mujeres,1 July,2005,1 de julio de 2005,256805
58 años,Mujeres,1 July,2005,1 de julio de 2005,240844
59 años,Mujeres,1 July,2005,1 de julio de 2005,242518
6 años,Mujeres,1 July,2005,1 de julio de 2005,196876
60 años,Mujeres,1 July,2005,1 de julio de 2005,242889
61 años,Mujeres,1 July,2005,1 de julio de 2005,235623
62 años,Mujeres,1 July,2005,1 de julio de 2005,218636
63 años,Mujeres,1 July,2005,1 de julio de 2005,195366
64 años,Mujeres,1 July,2005,1 de julio de 2005,210434
65 años,Mujeres,1 July,2005,1 de julio de 2005,195814
66 años,Mujeres,1 July,2005,1 de julio de 2005,169203
67 años,Mujeres,1 July,2005,1 de julio de 2005,191068
68 años,Mujeres,1 July,2005,1 de julio de 2005,213773
69 años,Mujeres,1 July,2005,1 de julio de 2005,220892
7 años,Mujeres,1 July,2005,1 de julio de 2005,193482
70 años,Mujeres,1 July,2005,1 de julio de 2005,215792
71 años,Mujeres,1 July,2005,1 de julio de 2005,218123
72 años,Mujeres,1 July,2005,1 de julio de 2005,219251
73 años,Mujeres,1 July,2005,1 de julio de 2005,211365
74 años,Mujeres,1 July,2005,1 de julio de 2005,206181
75 años,Mujeres,1 July,2005,1 de julio de 2005,200093
76 años,Mujeres,1 July,2005,1 de julio de 2005,191390
77 años,Mujeres,1 July,2005,1 de julio de 2005,181864
78 años,Mujeres,1 July,2005,1 de julio de 2005,172478
79 años,Mujeres,1 July,2005,1 de julio de 2005,164922
8 años,Mujeres,1 July,2005,1 de julio de 2005,192322
80 años,Mujeres,1 July,2005,1 de julio de 2005,154930
81 años,Mujeres,1 July,2005,1 de julio de 2005,145078
82 años,Mujeres,1 July,2005,1 de julio de 2005,136241
83 años,Mujeres,1 July,2005,1 de julio de 2005,123622
84 años,Mujeres,1 July,2005,1 de julio de 2005,108666
85 años,Mujeres,1 July,2005,1 de julio de 2005,92750
85 y más años,Mujeres,1 July,2005,1 de julio de 2005,539715
86 años,Mujeres,1 July,2005,1 de julio de 2005,78779
87 años,Mujeres,1 July,2005,1 de julio de 2005,69744
88 años,Mujeres,1 July,2005,1 de julio de 2005,59559
89 años,Mujeres,1 July,2005,1 de julio de 2005,51213
9 años,Mujeres,1 July,2005,1 de julio de 2005,191535
90 años,Mujeres,1 July,2005,1 de julio de 2005,43939
91 años,Mujeres,1 July,2005,1 de julio de 2005,36553
92 años,Mujeres,1 July,2005,1 de julio de 2005,29438
93 años,Mujeres,1 July,2005,1 de julio de 2005,22723
94 años,Mujeres,1 July,2005,1 de julio de 2005,17001
95 años,Mujeres,1 July,2005,1 de julio de 2005,12588
96 años,Mujeres,1 July,2005,1 de julio de 2005,8680
97 años,Mujeres,1 July,2005,1 de julio de 2005,5971
98 años,Mujeres,1 July,2005,1 de julio de 2005,4070
99 años,Mujeres,1 July,2005,1 de julio de 2005,2687
Todas las edades,Mujeres,1 July,2005,1 de julio de 2005,22120648
0 años,Total,1 July,2005,1 de julio de 2005,456377
1 año,Total,1 July,2005,1 de julio de 2005,454879
10 años,Total,1 July,2005,1 de julio de 2005,396815
100 años,Total,1 July,2005,1 de julio de 2005,
100 y más años,Total,1 July,2005,1 de julio de 2005,5196
101 años,Total,1 July,2005,1 de julio de 2005,
102 años,Total,1 July,2005,1 de julio de 2005,
103 años,Total,1 July,2005,1 de julio de 2005,
104 años,Total,1 July,2005,1 de julio de 2005,
105 y más años,Total,1 July,2005,1 de julio de 2005,
11 años,Total,1 July,2005,1 de julio de 2005,407450
12 años,Total,1 July,2005,1 de julio de 2005,423425
13 años,Total,1 July,2005,1 de julio de 2005,430302
14 años,Total,1 July,2005,1 de julio de 2005,432759
15 años,Total,1 July,2005,1 de julio de 2005,441233
16 años,Total,1 July,2005,1 de julio de 2005,450525
17 años,Total,1 July,2005,1 de julio de 2005,459749
18 años,Total,1 July,2005,1 de julio de 2005,473516
19 años,Total,1 July,2005,1 de julio de 2005,495715
2 años,Total,1 July,2005,1 de julio de 2005,442571
20 años,Total,1 July,2005,1 de julio de 2005,523286
21 años,Total,1 July,2005,1 de julio de 2005,551075
22 años,Total,1 July,2005,1 de julio de 2005,586610
23 años,Total,1 July,2005,1 de julio de 2005,627125
24 años,Total,1 July,2005,1 de julio de 2005,666641
25 años,Total,1 July,2005,1 de julio de 2005,701659
26 años,Total,1 July,2005,1 de julio de 2005,735965
27 años,Total,1 July,2005,1 de julio de 2005,763245
28 años,Total,1 July,2005,1 de julio de 2005,779796
29 años,Total,1 July,2005,1 de julio de 2005,787830
3 años,Total,1 July,2005,1 de julio de 2005,432428
30 años,Total,1 July,2005,1 de julio de 2005,783757
31 años,Total,1 July,2005,1 de julio de 2005,771993
32 años,Total,1 July,2005,1 de julio de 2005,761490
33 años,Total,1 July,2005,1 de julio de 2005,753554
34 años,Total,1 July,2005,1 de julio de 2005,743162
35 años,Total,1 July,2005,1 de julio de 2005,734980
36 años,Total,1 July,2005,1 de julio de 2005,728509
37 años,Total,1 July,2005,1 de julio de 2005,728234
38 años,Total,1 July,2005,1 de julio de 2005,722527
39 años,Total,1 July,2005,1 de julio de 2005,712812
4 años,Total,1 July,2005,1 de julio de 2005,427148
40 años,Total,1 July,2005,1 de julio de 2005,715997
41 años,Total,1 July,2005,1 de julio de 2005,704493
42 años,Total,1 July,2005,1 de julio de 2005,676395
43 años,Total,1 July,2005,1 de julio de 2005,657655
44 años,Total,1 July,2005,1 de julio de 2005,652828
45 años,Total,1 July,2005,1 de julio de 2005,646560
46 años,Total,1 July,2005,1 de julio de 2005,631181
47 años,Total,1 July,2005,1 de julio de 2005,617369
48 años,Total,1 July,2005,1 de julio de 2005,589766
49 años,Total,1 July,2005,1 de julio de 2005,561150
5 años,Total,1 July,2005,1 de julio de 2005,416886
50 años,Total,1 July,2005,1 de julio de 2005,540324
51 años,Total,1 July,2005,1 de julio de 2005,528434
52 años,Total,1 July,2005,1 de julio de 2005,528079
53 años,Total,1 July,2005,1 de julio de 2005,510030
54 años,Total,1 July,2005,1 de julio de 2005,487881
55 años,Total,1 July,2005,1 de julio de 2005,492463
56 años,Total,1 July,2005,1 de julio de 2005,514267
57 años,Total,1 July,2005,1 de julio de 2005,503617
58 años,Total,1 July,2005,1 de julio de 2005,470517
59 años,Total,1 July,2005,1 de julio de 2005,471894
6 años,Total,1 July,2005,1 de julio de 2005,404940
60 años,Total,1 July,2005,1 de julio de 2005,471505
61 años,Total,1 July,2005,1 de julio de 2005,456787
62 años,Total,1 July,2005,1 de julio de 2005,423392
63 años,Total,1 July,2005,1 de julio de 2005,377673
64 años,Total,1 July,2005,1 de julio de 2005,404944
65 años,Total,1 July,2005,1 de julio de 2005,373000
66 años,Total,1 July,2005,1 de julio de 2005,319265
67 años,Total,1 July,2005,1 de julio de 2005,359889
68 años,Total,1 July,2005,1 de julio de 2005,398581
69 años,Total,1 July,2005,1 de julio de 2005,409540
7 años,Total,1 July,2005,1 de julio de 2005,398030
70 años,Total,1 July,2005,1 de julio de 2005,399366
71 años,Total,1 July,2005,1 de julio de 2005,400625
72 años,Total,1 July,2005,1 de julio de 2005,399661
73 años,Total,1 July,2005,1 de julio de 2005,382646
74 años,Total,1 July,2005,1 de julio de 2005,368676
75 años,Total,1 July,2005,1 de julio de 2005,353173
76 años,Total,1 July,2005,1 de julio de 2005,334022
77 años,Total,1 July,2005,1 de julio de 2005,313627
78 años,Total,1 July,2005,1 de julio de 2005,294015
79 años,Total,1 July,2005,1 de julio de 2005,276855
8 años,Total,1 July,2005,1 de julio de 2005,394706
80 años,Total,1 July,2005,1 de julio de 2005,255979
81 años,Total,1 July,2005,1 de julio de 2005,237165
82 años,Total,1 July,2005,1 de julio de 2005,218775
83 años,Total,1 July,2005,1 de julio de 2005,195908
84 años,Total,1 July,2005,1 de julio de 2005,168780
85 años,Total,1 July,2005,1 de julio de 2005,139599
85 y más años,Total,1 July,2005,1 de julio de 2005,770781
86 años,Total,1 July,2005,1 de julio de 2005,116098
87 años,Total,1 July,2005,1 de julio de 2005,100892
88 años,Total,1 July,2005,1 de julio de 2005,85358
89 años,Total,1 July,2005,1 de julio de 2005,72734
9 años,Total,1 July,2005,1 de julio de 2005,393379
90 años,Total,1 July,2005,1 de julio de 2005,61544
91 años,Total,1 July,2005,1 de julio de 2005,50545
92 años,Total,1 July,2005,1 de julio de 2005,40379
93 años,Total,1 July,2005,1 de julio de 2005,30894
94 años,Total,1 July,2005,1 de julio de 2005,22848
95 años,Total,1 July,2005,1 de julio de 2005,16712
96 años,Total,1 July,2005,1 de julio de 2005,11472
97 años,Total,1 July,2005,1 de julio de 2005,7832
98 años,Total,1 July,2005,1 de julio de 2005,5263
99 años,Total,1 July,2005,1 de julio de 2005,3414
Todas las edades,Total,1 July,2005,1 de julio de 2005,43662613
0 años,Hombres,1 July,2006,1 de julio de 2006,243305
1 año,Hombres,1 July,2006,1 de julio de 2006,240609
10 años,Hombres,1 July,2006,1 de julio de 2006,205215
100 años,Hombres,1 July,2006,1 de julio de 2006,
100 y más años,Hombres,1 July,2006,1 de julio de 2006,1271
101 años,Hombres,1 July,2006,1 de julio de 2006,
102 años,Hombres,1 July,2006,1 de julio de 2006,
103 años,Hombres,1 July,2006,1 de julio de 2006,
104 años,Hombres,1 July,2006,1 de julio de 2006,
105 y más años,Hombres,1 July,2006,1 de julio de 2006,
11 años,Hombres,1 July,2006,1 de julio de 2006,207232
12 años,Hombres,1 July,2006,1 de julio de 2006,212892
13 años,Hombres,1 July,2006,1 de julio de 2006,220826
14 años,Hombres,1 July,2006,1 de julio de 2006,224578
15 años,Hombres,1 July,2006,1 de julio de 2006,226179
16 años,Hombres,1 July,2006,1 de julio de 2006,230654
17 años,Hombres,1 July,2006,1 de julio de 2006,236169
18 años,Hombres,1 July,2006,1 de julio de 2006,241993
19 años,Hombres,1 July,2006,1 de julio de 2006,249819
2 años,Hombres,1 July,2006,1 de julio de 2006,237238
20 años,Hombres,1 July,2006,1 de julio de 2006,261498
21 años,Hombres,1 July,2006,1 de julio de 2006,275939
22 años,Hombres,1 July,2006,1 de julio de 2006,290517
23 años,Hombres,1 July,2006,1 de julio de 2006,309431
24 años,Hombres,1 July,2006,1 de julio de 2006,331199
25 años,Hombres,1 July,2006,1 de julio de 2006,352060
26 años,Hombres,1 July,2006,1 de julio de 2006,370295
27 años,Hombres,1 July,2006,1 de julio de 2006,388719
28 años,Hombres,1 July,2006,1 de julio de 2006,403737
29 años,Hombres,1 July,2006,1 de julio de 2006,411939
3 años,Hombres,1 July,2006,1 de julio de 2006,230388
30 años,Hombres,1 July,2006,1 de julio de 2006,415572
31 años,Hombres,1 July,2006,1 de julio de 2006,413117
32 años,Hombres,1 July,2006,1 de julio de 2006,406397
33 años,Hombres,1 July,2006,1 de julio de 2006,400534
34 años,Hombres,1 July,2006,1 de julio de 2006,395479
35 años,Hombres,1 July,2006,1 de julio de 2006,389504
36 años,Hombres,1 July,2006,1 de julio de 2006,384077
37 años,Hombres,1 July,2006,1 de julio de 2006,379082
38 años,Hombres,1 July,2006,1 de julio de 2006,377503
39 años,Hombres,1 July,2006,1 de julio de 2006,373005
4 años,Hombres,1 July,2006,1 de julio de 2006,224572
40 años,Hombres,1 July,2006,1 de julio de 2006,366440
41 años,Hombres,1 July,2006,1 de julio de 2006,366662
42 años,Hombres,1 July,2006,1 de julio de 2006,360131
43 años,Hombres,1 July,2006,1 de julio de 2006,344920
44 años,Hombres,1 July,2006,1 de julio de 2006,334006
45 años,Hombres,1 July,2006,1 de julio de 2006,330563
46 años,Hombres,1 July,2006,1 de julio de 2006,326810
47 años,Hombres,1 July,2006,1 de julio de 2006,318300
48 años,Hombres,1 July,2006,1 de julio de 2006,310479
49 años,Hombres,1 July,2006,1 de julio de 2006,295909
5 años,Hombres,1 July,2006,1 de julio de 2006,222277
50 años,Hombres,1 July,2006,1 de julio de 2006,281059
51 años,Hombres,1 July,2006,1 de julio de 2006,269589
52 años,Hombres,1 July,2006,1 de julio de 2006,263257
53 años,Hombres,1 July,2006,1 de julio de 2006,263399
54 años,Hombres,1 July,2006,1 de julio de 2006,253699
55 años,Hombres,1 July,2006,1 de julio de 2006,241754
56 años,Hombres,1 July,2006,1 de julio de 2006,242734
57 años,Hombres,1 July,2006,1 de julio de 2006,252349
58 años,Hombres,1 July,2006,1 de julio de 2006,246834
59 años,Hombres,1 July,2006,1 de julio de 2006,229622
6 años,Hombres,1 July,2006,1 de julio de 2006,217621
60 años,Hombres,1 July,2006,1 de julio de 2006,229084
61 años,Hombres,1 July,2006,1 de julio de 2006,228192
62 años,Hombres,1 July,2006,1 de julio de 2006,220594
63 años,Hombres,1 July,2006,1 de julio de 2006,204050
64 años,Hombres,1 July,2006,1 de julio de 2006,181573
65 años,Hombres,1 July,2006,1 de julio de 2006,193383
66 años,Hombres,1 July,2006,1 de julio de 2006,176004
67 años,Hombres,1 July,2006,1 de julio de 2006,148812
68 años,Hombres,1 July,2006,1 de julio de 2006,166890
69 años,Hombres,1 July,2006,1 de julio de 2006,182131
7 años,Hombres,1 July,2006,1 de julio de 2006,211426
70 años,Hombres,1 July,2006,1 de julio de 2006,185425
71 años,Hombres,1 July,2006,1 de julio de 2006,179995
72 años,Hombres,1 July,2006,1 de julio de 2006,178368
73 años,Hombres,1 July,2006,1 de julio de 2006,175861
74 años,Hombres,1 July,2006,1 de julio de 2006,166489
75 años,Hombres,1 July,2006,1 de julio de 2006,157318
76 años,Hombres,1 July,2006,1 de julio de 2006,147593
77 años,Hombres,1 July,2006,1 de julio de 2006,136823
78 años,Hombres,1 July,2006,1 de julio de 2006,125719
79 años,Hombres,1 July,2006,1 de julio de 2006,115245
8 años,Hombres,1 July,2006,1 de julio de 2006,208003
80 años,Hombres,1 July,2006,1 de julio de 2006,105433
81 años,Hombres,1 July,2006,1 de julio de 2006,94479
82 años,Hombres,1 July,2006,1 de julio de 2006,85439
83 años,Hombres,1 July,2006,1 de julio de 2006,75903
84 años,Hombres,1 July,2006,1 de julio de 2006,65870
85 años,Hombres,1 July,2006,1 de julio de 2006,54188
85 y más años,Hombres,1 July,2006,1 de julio de 2006,248975
86 años,Hombres,1 July,2006,1 de julio de 2006,41685
87 años,Hombres,1 July,2006,1 de julio de 2006,32749
88 años,Hombres,1 July,2006,1 de julio de 2006,26929
89 años,Hombres,1 July,2006,1 de julio de 2006,22004
9 años,Hombres,1 July,2006,1 de julio de 2006,205943
90 años,Hombres,1 July,2006,1 de julio de 2006,18055
91 años,Hombres,1 July,2006,1 de julio de 2006,14474
92 años,Hombres,1 July,2006,1 de julio de 2006,11257
93 años,Hombres,1 July,2006,1 de julio de 2006,8582
94 años,Hombres,1 July,2006,1 de julio de 2006,6247
95 años,Hombres,1 July,2006,1 de julio de 2006,4385
96 años,Hombres,1 July,2006,1 de julio de 2006,3056
97 años,Hombres,1 July,2006,1 de julio de 2006,2010
98 años,Hombres,1 July,2006,1 de julio de 2006,1284
99 años,Hombres,1 July,2006,1 de julio de 2006,799
Todas las edades,Hombres,1 July,2006,1 de julio de 2006,21900709
0 años,Mujeres,1 July,2006,1 de julio de 2006,228704
1 año,Mujeres,1 July,2006,1 de julio de 2006,226825
10 años,Mujeres,1 July,2006,1 de julio de 2006,194790
100 años,Mujeres,1 July,2006,1 de julio de 2006,
100 y más años,Mujeres,1 July,2006,1 de julio de 2006,4424
101 años,Mujeres,1 July,2006,1 de julio de 2006,
102 años,Mujeres,1 July,2006,1 de julio de 2006,
103 años,Mujeres,1 July,2006,1 de julio de 2006,
104 años,Mujeres,1 July,2006,1 de julio de 2006,
105 y más años,Mujeres,1 July,2006,1 de julio de 2006,
11 años,Mujeres,1 July,2006,1 de julio de 2006,195903
12 años,Mujeres,1 July,2006,1 de julio de 2006,200869
13 años,Mujeres,1 July,2006,1 de julio de 2006,208818
14 años,Mujeres,1 July,2006,1 de julio de 2006,211977
15 años,Mujeres,1 July,2006,1 de julio de 2006,213009
16 años,Mujeres,1 July,2006,1 de julio de 2006,217461
17 años,Mujeres,1 July,2006,1 de julio de 2006,222719
18 años,Mujeres,1 July,2006,1 de julio de 2006,228614
19 años,Mujeres,1 July,2006,1 de julio de 2006,237371
2 años,Mujeres,1 July,2006,1 de julio de 2006,224271
20 años,Mujeres,1 July,2006,1 de julio de 2006,249672
21 años,Mujeres,1 July,2006,1 de julio de 2006,263663
22 años,Mujeres,1 July,2006,1 de julio de 2006,277752
23 años,Mujeres,1 July,2006,1 de julio de 2006,295130
24 años,Mujeres,1 July,2006,1 de julio de 2006,314375
25 años,Mujeres,1 July,2006,1 de julio de 2006,333029
26 años,Mujeres,1 July,2006,1 de julio de 2006,349457
27 años,Mujeres,1 July,2006,1 de julio de 2006,364497
28 años,Mujeres,1 July,2006,1 de julio de 2006,375713
29 años,Mujeres,1 July,2006,1 de julio de 2006,383178
3 años,Mujeres,1 July,2006,1 de julio de 2006,218135
30 años,Mujeres,1 July,2006,1 de julio de 2006,386444
31 años,Mujeres,1 July,2006,1 de julio de 2006,383799
32 años,Mujeres,1 July,2006,1 de julio de 2006,378083
33 años,Mujeres,1 July,2006,1 de julio de 2006,372892
34 años,Mujeres,1 July,2006,1 de julio de 2006,369509
35 años,Mujeres,1 July,2006,1 de julio de 2006,364574
36 años,Mujeres,1 July,2006,1 de julio de 2006,361353
37 años,Mujeres,1 July,2006,1 de julio de 2006,359443
38 años,Mujeres,1 July,2006,1 de julio de 2006,360311
39 años,Mujeres,1 July,2006,1 de julio de 2006,358209
4 años,Mujeres,1 July,2006,1 de julio de 2006,213206
40 años,Mujeres,1 July,2006,1 de julio de 2006,354162
41 años,Mujeres,1 July,2006,1 de julio de 2006,356791
42 años,Mujeres,1 July,2006,1 de julio de 2006,351206
43 años,Mujeres,1 July,2006,1 de julio de 2006,337641
44 años,Mujeres,1 July,2006,1 de julio de 2006,329428
45 años,Mujeres,1 July,2006,1 de julio de 2006,327628
46 años,Mujeres,1 July,2006,1 de julio de 2006,324796
47 años,Mujeres,1 July,2006,1 de julio de 2006,317513
48 años,Mujeres,1 July,2006,1 de julio de 2006,310926
49 años,Mujeres,1 July,2006,1 de julio de 2006,297450
5 años,Mujeres,1 July,2006,1 de julio de 2006,210804
50 años,Mujeres,1 July,2006,1 de julio de 2006,283366
51 años,Mujeres,1 July,2006,1 de julio de 2006,273626
52 años,Mujeres,1 July,2006,1 de julio de 2006,267717
53 años,Mujeres,1 July,2006,1 de julio de 2006,266896
54 años,Mujeres,1 July,2006,1 de julio de 2006,258271
55 años,Mujeres,1 July,2006,1 de julio de 2006,247766
56 años,Mujeres,1 July,2006,1 de julio de 2006,251107
57 años,Mujeres,1 July,2006,1 de julio de 2006,263034
58 años,Mujeres,1 July,2006,1 de julio de 2006,257777
59 años,Mujeres,1 July,2006,1 de julio de 2006,241830
6 años,Mujeres,1 July,2006,1 de julio de 2006,205888
60 años,Mujeres,1 July,2006,1 de julio de 2006,243367
61 años,Mujeres,1 July,2006,1 de julio de 2006,243646
62 años,Mujeres,1 July,2006,1 de julio de 2006,236229
63 años,Mujeres,1 July,2006,1 de julio de 2006,219009
64 años,Mujeres,1 July,2006,1 de julio de 2006,195562
65 años,Mujeres,1 July,2006,1 de julio de 2006,210446
66 años,Mujeres,1 July,2006,1 de julio de 2006,195713
67 años,Mujeres,1 July,2006,1 de julio de 2006,168897
68 años,Mujeres,1 July,2006,1 de julio de 2006,190429
69 años,Mujeres,1 July,2006,1 de julio de 2006,212616
7 años,Mujeres,1 July,2006,1 de julio de 2006,199991
70 años,Mujeres,1 July,2006,1 de julio de 2006,219312
71 años,Mujeres,1 July,2006,1 de julio de 2006,214056
72 años,Mujeres,1 July,2006,1 de julio de 2006,216005
73 años,Mujeres,1 July,2006,1 de julio de 2006,216749
74 años,Mujeres,1 July,2006,1 de julio de 2006,208565
75 años,Mujeres,1 July,2006,1 de julio de 2006,202960
76 años,Mujeres,1 July,2006,1 de julio de 2006,196522
77 años,Mujeres,1 July,2006,1 de julio de 2006,187394
78 años,Mujeres,1 July,2006,1 de julio de 2006,177474
79 años,Mujeres,1 July,2006,1 de julio de 2006,167704
8 años,Mujeres,1 July,2006,1 de julio de 2006,196704
80 años,Mujeres,1 July,2006,1 de julio de 2006,159563
81 años,Mujeres,1 July,2006,1 de julio de 2006,149075
82 años,Mujeres,1 July,2006,1 de julio de 2006,138820
83 años,Mujeres,1 July,2006,1 de julio de 2006,129423
84 años,Mujeres,1 July,2006,1 de julio de 2006,116527
85 años,Mujeres,1 July,2006,1 de julio de 2006,101436
85 y más años,Mujeres,1 July,2006,1 de julio de 2006,571916
86 años,Mujeres,1 July,2006,1 de julio de 2006,85722
87 años,Mujeres,1 July,2006,1 de julio de 2006,71932
88 años,Mujeres,1 July,2006,1 de julio de 2006,62804
89 años,Mujeres,1 July,2006,1 de julio de 2006,52866
9 años,Mujeres,1 July,2006,1 de julio de 2006,195767
90 años,Mujeres,1 July,2006,1 de julio de 2006,44764
91 años,Mujeres,1 July,2006,1 de julio de 2006,37821
92 años,Mujeres,1 July,2006,1 de julio de 2006,30829
93 años,Mujeres,1 July,2006,1 de julio de 2006,24285
94 años,Mujeres,1 July,2006,1 de julio de 2006,18371
95 años,Mujeres,1 July,2006,1 de julio de 2006,13371
96 años,Mujeres,1 July,2006,1 de julio de 2006,9647
97 años,Mujeres,1 July,2006,1 de julio de 2006,6493
98 años,Mujeres,1 July,2006,1 de julio de 2006,4308
99 años,Mujeres,1 July,2006,1 de julio de 2006,2842
Todas las edades,Mujeres,1 July,2006,1 de julio de 2006,22459813
0 años,Total,1 July,2006,1 de julio de 2006,472009
1 año,Total,1 July,2006,1 de julio de 2006,467434
10 años,Total,1 July,2006,1 de julio de 2006,400005
100 años,Total,1 July,2006,1 de julio de 2006,
100 y más años,Total,1 July,2006,1 de julio de 2006,5695
101 años,Total,1 July,2006,1 de julio de 2006,
102 años,Total,1 July,2006,1 de julio de 2006,
103 años,Total,1 July,2006,1 de julio de 2006,
104 años,Total,1 July,2006,1 de julio de 2006,
105 y más años,Total,1 July,2006,1 de julio de 2006,
11 años,Total,1 July,2006,1 de julio de 2006,403135
12 años,Total,1 July,2006,1 de julio de 2006,413762
13 años,Total,1 July,2006,1 de julio de 2006,429644
14 años,Total,1 July,2006,1 de julio de 2006,436555
15 años,Total,1 July,2006,1 de julio de 2006,439188
16 años,Total,1 July,2006,1 de julio de 2006,448115
17 años,Total,1 July,2006,1 de julio de 2006,458888
18 años,Total,1 July,2006,1 de julio de 2006,470606
19 años,Total,1 July,2006,1 de julio de 2006,487191
2 años,Total,1 July,2006,1 de julio de 2006,461508
20 años,Total,1 July,2006,1 de julio de 2006,511170
21 años,Total,1 July,2006,1 de julio de 2006,539602
22 años,Total,1 July,2006,1 de julio de 2006,568269
23 años,Total,1 July,2006,1 de julio de 2006,604561
24 años,Total,1 July,2006,1 de julio de 2006,645574
25 años,Total,1 July,2006,1 de julio de 2006,685089
26 años,Total,1 July,2006,1 de julio de 2006,719752
27 años,Total,1 July,2006,1 de julio de 2006,753216
28 años,Total,1 July,2006,1 de julio de 2006,779450
29 años,Total,1 July,2006,1 de julio de 2006,795118
3 años,Total,1 July,2006,1 de julio de 2006,448523
30 años,Total,1 July,2006,1 de julio de 2006,802016
31 años,Total,1 July,2006,1 de julio de 2006,796916
32 años,Total,1 July,2006,1 de julio de 2006,784480
33 años,Total,1 July,2006,1 de julio de 2006,773425
34 años,Total,1 July,2006,1 de julio de 2006,764989
35 años,Total,1 July,2006,1 de julio de 2006,754078
36 años,Total,1 July,2006,1 de julio de 2006,745430
37 años,Total,1 July,2006,1 de julio de 2006,738525
38 años,Total,1 July,2006,1 de julio de 2006,737813
39 años,Total,1 July,2006,1 de julio de 2006,731214
4 años,Total,1 July,2006,1 de julio de 2006,437777
40 años,Total,1 July,2006,1 de julio de 2006,720602
41 años,Total,1 July,2006,1 de julio de 2006,723454
42 años,Total,1 July,2006,1 de julio de 2006,711337
43 años,Total,1 July,2006,1 de julio de 2006,682561
44 años,Total,1 July,2006,1 de julio de 2006,663434
45 años,Total,1 July,2006,1 de julio de 2006,658191
46 años,Total,1 July,2006,1 de julio de 2006,651605
47 años,Total,1 July,2006,1 de julio de 2006,635812
48 años,Total,1 July,2006,1 de julio de 2006,621404
49 años,Total,1 July,2006,1 de julio de 2006,593359
5 años,Total,1 July,2006,1 de julio de 2006,433081
50 años,Total,1 July,2006,1 de julio de 2006,564424
51 años,Total,1 July,2006,1 de julio de 2006,543214
52 años,Total,1 July,2006,1 de julio de 2006,530975
53 años,Total,1 July,2006,1 de julio de 2006,530295
54 años,Total,1 July,2006,1 de julio de 2006,511970
55 años,Total,1 July,2006,1 de julio de 2006,489519
56 años,Total,1 July,2006,1 de julio de 2006,493840
57 años,Total,1 July,2006,1 de julio de 2006,515383
58 años,Total,1 July,2006,1 de julio de 2006,504610
59 años,Total,1 July,2006,1 de julio de 2006,471452
6 años,Total,1 July,2006,1 de julio de 2006,423509
60 años,Total,1 July,2006,1 de julio de 2006,472450
61 años,Total,1 July,2006,1 de julio de 2006,471838
62 años,Total,1 July,2006,1 de julio de 2006,456823
63 años,Total,1 July,2006,1 de julio de 2006,423059
64 años,Total,1 July,2006,1 de julio de 2006,377136
65 años,Total,1 July,2006,1 de julio de 2006,403829
66 años,Total,1 July,2006,1 de julio de 2006,371716
67 años,Total,1 July,2006,1 de julio de 2006,317709
68 años,Total,1 July,2006,1 de julio de 2006,357319
69 años,Total,1 July,2006,1 de julio de 2006,394747
7 años,Total,1 July,2006,1 de julio de 2006,411417
70 años,Total,1 July,2006,1 de julio de 2006,404738
71 años,Total,1 July,2006,1 de julio de 2006,394051
72 años,Total,1 July,2006,1 de julio de 2006,394373
73 años,Total,1 July,2006,1 de julio de 2006,392610
74 años,Total,1 July,2006,1 de julio de 2006,375054
75 años,Total,1 July,2006,1 de julio de 2006,360278
76 años,Total,1 July,2006,1 de julio de 2006,344116
77 años,Total,1 July,2006,1 de julio de 2006,324218
78 años,Total,1 July,2006,1 de julio de 2006,303193
79 años,Total,1 July,2006,1 de julio de 2006,282949
8 años,Total,1 July,2006,1 de julio de 2006,404707
80 años,Total,1 July,2006,1 de julio de 2006,264995
81 años,Total,1 July,2006,1 de julio de 2006,243554
82 años,Total,1 July,2006,1 de julio de 2006,224259
83 años,Total,1 July,2006,1 de julio de 2006,205326
84 años,Total,1 July,2006,1 de julio de 2006,182396
85 años,Total,1 July,2006,1 de julio de 2006,155624
85 y más años,Total,1 July,2006,1 de julio de 2006,820891
86 años,Total,1 July,2006,1 de julio de 2006,127407
87 años,Total,1 July,2006,1 de julio de 2006,104681
88 años,Total,1 July,2006,1 de julio de 2006,89733
89 años,Total,1 July,2006,1 de julio de 2006,74870
9 años,Total,1 July,2006,1 de julio de 2006,401710
90 años,Total,1 July,2006,1 de julio de 2006,62819
91 años,Total,1 July,2006,1 de julio de 2006,52296
92 años,Total,1 July,2006,1 de julio de 2006,42085
93 años,Total,1 July,2006,1 de julio de 2006,32867
94 años,Total,1 July,2006,1 de julio de 2006,24618
95 años,Total,1 July,2006,1 de julio de 2006,17757
96 años,Total,1 July,2006,1 de julio de 2006,12702
97 años,Total,1 July,2006,1 de julio de 2006,8503
98 años,Total,1 July,2006,1 de julio de 2006,5593
99 años,Total,1 July,2006,1 de julio de 2006,3641
Todas las edades,Total,1 July,2006,1 de julio de 2006,44360521
0 años,Hombres,1 July,2007,1 de julio de 2007,249251
1 año,Hombres,1 July,2007,1 de julio de 2007,248125
10 años,Hombres,1 July,2007,1 de julio de 2007,210086
100 años,Hombres,1 July,2007,1 de julio de 2007,
100 y más años,Hombres,1 July,2007,1 de julio de 2007,1382
101 años,Hombres,1 July,2007,1 de julio de 2007,
102 años,Hombres,1 July,2007,1 de julio de 2007,
103 años,Hombres,1 July,2007,1 de julio de 2007,
104 años,Hombres,1 July,2007,1 de julio de 2007,
105 y más años,Hombres,1 July,2007,1 de julio de 2007,
11 años,Hombres,1 July,2007,1 de julio de 2007,209205
12 años,Hombres,1 July,2007,1 de julio de 2007,211137
13 años,Hombres,1 July,2007,1 de julio de 2007,216752
14 años,Hombres,1 July,2007,1 de julio de 2007,224705
15 años,Hombres,1 July,2007,1 de julio de 2007,228690
16 años,Hombres,1 July,2007,1 de julio de 2007,230600
17 años,Hombres,1 July,2007,1 de julio de 2007,236087
18 años,Hombres,1 July,2007,1 de julio de 2007,243564
19 años,Hombres,1 July,2007,1 de julio de 2007,251422
2 años,Hombres,1 July,2007,1 de julio de 2007,244085
20 años,Hombres,1 July,2007,1 de julio de 2007,260798
21 años,Hombres,1 July,2007,1 de julio de 2007,273384
22 años,Hombres,1 July,2007,1 de julio de 2007,288523
23 años,Hombres,1 July,2007,1 de julio de 2007,303522
24 años,Hombres,1 July,2007,1 de julio de 2007,322839
25 años,Hombres,1 July,2007,1 de julio de 2007,345162
26 años,Hombres,1 July,2007,1 de julio de 2007,366269
27 años,Hombres,1 July,2007,1 de julio de 2007,384066
28 años,Hombres,1 July,2007,1 de julio de 2007,401827
29 años,Hombres,1 July,2007,1 de julio de 2007,416214
3 años,Hombres,1 July,2007,1 de julio de 2007,240709
30 años,Hombres,1 July,2007,1 de julio de 2007,423657
31 años,Hombres,1 July,2007,1 de julio de 2007,426437
32 años,Hombres,1 July,2007,1 de julio de 2007,423293
33 años,Hombres,1 July,2007,1 de julio de 2007,415897
34 años,Hombres,1 July,2007,1 de julio de 2007,409337
35 años,Hombres,1 July,2007,1 de julio de 2007,403903
36 años,Hombres,1 July,2007,1 de julio de 2007,397545
37 años,Hombres,1 July,2007,1 de julio de 2007,391736
38 años,Hombres,1 July,2007,1 de julio de 2007,386511
39 años,Hombres,1 July,2007,1 de julio de 2007,384559
4 años,Hombres,1 July,2007,1 de julio de 2007,233747
40 años,Hombres,1 July,2007,1 de julio de 2007,379006
41 años,Hombres,1 July,2007,1 de julio de 2007,371650
42 años,Hombres,1 July,2007,1 de julio de 2007,371643
43 años,Hombres,1 July,2007,1 de julio de 2007,364660
44 años,Hombres,1 July,2007,1 de julio de 2007,349068
45 años,Hombres,1 July,2007,1 de julio de 2007,337944
46 años,Hombres,1 July,2007,1 de julio de 2007,334209
47 años,Hombres,1 July,2007,1 de julio de 2007,330075
48 años,Hombres,1 July,2007,1 de julio de 2007,321173
49 años,Hombres,1 July,2007,1 de julio de 2007,313008
5 años,Hombres,1 July,2007,1 de julio de 2007,227859
50 años,Hombres,1 July,2007,1 de julio de 2007,298101
51 años,Hombres,1 July,2007,1 de julio de 2007,282948
52 años,Hombres,1 July,2007,1 de julio de 2007,271165
53 años,Hombres,1 July,2007,1 de julio de 2007,264448
54 años,Hombres,1 July,2007,1 de julio de 2007,264354
55 años,Hombres,1 July,2007,1 de julio de 2007,254500
56 años,Hombres,1 July,2007,1 de julio de 2007,242319
57 años,Hombres,1 July,2007,1 de julio de 2007,243090
58 años,Hombres,1 July,2007,1 de julio de 2007,252465
59 años,Hombres,1 July,2007,1 de julio de 2007,246835
6 años,Hombres,1 July,2007,1 de julio de 2007,225918
60 años,Hombres,1 July,2007,1 de julio de 2007,229556
61 años,Hombres,1 July,2007,1 de julio de 2007,228658
62 años,Hombres,1 July,2007,1 de julio de 2007,227539
63 años,Hombres,1 July,2007,1 de julio de 2007,219791
64 años,Hombres,1 July,2007,1 de julio de 2007,203120
65 años,Hombres,1 July,2007,1 de julio de 2007,180600
66 años,Hombres,1 July,2007,1 de julio de 2007,191890
67 años,Hombres,1 July,2007,1 de julio de 2007,174311
68 años,Hombres,1 July,2007,1 de julio de 2007,147105
69 años,Hombres,1 July,2007,1 de julio de 2007,164596
7 años,Hombres,1 July,2007,1 de julio de 2007,221598
70 años,Hombres,1 July,2007,1 de julio de 2007,179061
71 años,Hombres,1 July,2007,1 de julio de 2007,181821
72 años,Hombres,1 July,2007,1 de julio de 2007,175990
73 años,Hombres,1 July,2007,1 de julio de 2007,173861
74 años,Hombres,1 July,2007,1 de julio de 2007,170825
75 años,Hombres,1 July,2007,1 de julio de 2007,161072
76 años,Hombres,1 July,2007,1 de julio de 2007,151588
77 años,Hombres,1 July,2007,1 de julio de 2007,141578
78 años,Hombres,1 July,2007,1 de julio de 2007,130566
79 años,Hombres,1 July,2007,1 de julio de 2007,119244
8 años,Hombres,1 July,2007,1 de julio de 2007,215314
80 años,Hombres,1 July,2007,1 de julio de 2007,108469
81 años,Hombres,1 July,2007,1 de julio de 2007,98424
82 años,Hombres,1 July,2007,1 de julio de 2007,87487
83 años,Hombres,1 July,2007,1 de julio de 2007,78401
84 años,Hombres,1 July,2007,1 de julio de 2007,68892
85 años,Hombres,1 July,2007,1 de julio de 2007,59148
85 y más años,Hombres,1 July,2007,1 de julio de 2007,268584
86 años,Hombres,1 July,2007,1 de julio de 2007,48159
87 años,Hombres,1 July,2007,1 de julio de 2007,36491
88 años,Hombres,1 July,2007,1 de julio de 2007,28179
89 años,Hombres,1 July,2007,1 de julio de 2007,22857
9 años,Hombres,1 July,2007,1 de julio de 2007,212052
90 años,Hombres,1 July,2007,1 de julio de 2007,18362
91 años,Hombres,1 July,2007,1 de julio de 2007,14775
92 años,Hombres,1 July,2007,1 de julio de 2007,11617
93 años,Hombres,1 July,2007,1 de julio de 2007,8824
94 años,Hombres,1 July,2007,1 de julio de 2007,6591
95 años,Hombres,1 July,2007,1 de julio de 2007,4667
96 años,Hombres,1 July,2007,1 de julio de 2007,3161
97 años,Hombres,1 July,2007,1 de julio de 2007,2155
98 años,Hombres,1 July,2007,1 de julio de 2007,1366
99 años,Hombres,1 July,2007,1 de julio de 2007,850
Todas las edades,Hombres,1 July,2007,1 de julio de 2007,22362074
0 años,Mujeres,1 July,2007,1 de julio de 2007,233246
1 año,Mujeres,1 July,2007,1 de julio de 2007,233897
10 años,Mujeres,1 July,2007,1 de julio de 2007,199718
100 años,Mujeres,1 July,2007,1 de julio de 2007,
100 y más años,Mujeres,1 July,2007,1 de julio de 2007,4797
101 años,Mujeres,1 July,2007,1 de julio de 2007,
102 años,Mujeres,1 July,2007,1 de julio de 2007,
103 años,Mujeres,1 July,2007,1 de julio de 2007,
104 años,Mujeres,1 July,2007,1 de julio de 2007,
105 y más años,Mujeres,1 July,2007,1 de julio de 2007,
11 años,Mujeres,1 July,2007,1 de julio de 2007,198626
12 años,Mujeres,1 July,2007,1 de julio de 2007,199536
13 años,Mujeres,1 July,2007,1 de julio de 2007,204452
14 años,Mujeres,1 July,2007,1 de julio de 2007,212386
15 años,Mujeres,1 July,2007,1 de julio de 2007,215683
16 años,Mujeres,1 July,2007,1 de julio de 2007,216960
17 años,Mujeres,1 July,2007,1 de julio de 2007,222241
18 años,Mujeres,1 July,2007,1 de julio de 2007,229625
19 años,Mujeres,1 July,2007,1 de julio de 2007,238240
2 años,Mujeres,1 July,2007,1 de julio de 2007,230433
20 años,Mujeres,1 July,2007,1 de julio de 2007,248722
21 años,Mujeres,1 July,2007,1 de julio de 2007,261429
22 años,Mujeres,1 July,2007,1 de julio de 2007,275801
23 años,Mujeres,1 July,2007,1 de julio de 2007,290341
24 años,Mujeres,1 July,2007,1 de julio de 2007,307840
25 años,Mujeres,1 July,2007,1 de julio de 2007,326949
26 años,Mujeres,1 July,2007,1 de julio de 2007,345130
27 años,Mujeres,1 July,2007,1 de julio de 2007,360967
28 años,Mujeres,1 July,2007,1 de julio de 2007,375348
29 años,Mujeres,1 July,2007,1 de julio de 2007,385773
3 años,Mujeres,1 July,2007,1 de julio de 2007,227593
30 años,Mujeres,1 July,2007,1 de julio de 2007,392475
31 años,Mujeres,1 July,2007,1 de julio de 2007,395049
32 años,Mujeres,1 July,2007,1 de julio de 2007,391950
33 años,Mujeres,1 July,2007,1 de julio de 2007,385690
34 años,Mujeres,1 July,2007,1 de julio de 2007,379909
35 años,Mujeres,1 July,2007,1 de julio de 2007,376239
36 años,Mujeres,1 July,2007,1 de julio de 2007,371211
37 años,Mujeres,1 July,2007,1 de julio de 2007,367831
38 años,Mujeres,1 July,2007,1 de julio de 2007,365680
39 años,Mujeres,1 July,2007,1 de julio de 2007,366355
4 años,Mujeres,1 July,2007,1 de julio de 2007,221440
40 años,Mujeres,1 July,2007,1 de julio de 2007,363539
41 años,Mujeres,1 July,2007,1 de julio de 2007,358821
42 años,Mujeres,1 July,2007,1 de julio de 2007,361224
43 años,Mujeres,1 July,2007,1 de julio de 2007,355410
44 años,Mujeres,1 July,2007,1 de julio de 2007,341696
45 años,Mujeres,1 July,2007,1 de julio de 2007,333144
46 años,Mujeres,1 July,2007,1 de julio de 2007,330998
47 años,Mujeres,1 July,2007,1 de julio de 2007,327987
48 años,Mujeres,1 July,2007,1 de julio de 2007,320533
49 años,Mujeres,1 July,2007,1 de julio de 2007,313702
5 años,Mujeres,1 July,2007,1 de julio de 2007,216316
50 años,Mujeres,1 July,2007,1 de julio de 2007,299954
51 años,Mujeres,1 July,2007,1 de julio de 2007,285673
52 años,Mujeres,1 July,2007,1 de julio de 2007,275698
53 años,Mujeres,1 July,2007,1 de julio de 2007,269567
54 años,Mujeres,1 July,2007,1 de julio de 2007,268506
55 años,Mujeres,1 July,2007,1 de julio de 2007,259712
56 años,Mujeres,1 July,2007,1 de julio de 2007,249120
57 años,Mujeres,1 July,2007,1 de julio de 2007,252378
58 años,Mujeres,1 July,2007,1 de julio de 2007,264171
59 años,Mujeres,1 July,2007,1 de julio de 2007,258828
6 años,Mujeres,1 July,2007,1 de julio de 2007,214096
60 años,Mujeres,1 July,2007,1 de julio de 2007,242849
61 años,Mujeres,1 July,2007,1 de julio de 2007,244149
62 años,Mujeres,1 July,2007,1 de julio de 2007,244236
63 años,Mujeres,1 July,2007,1 de julio de 2007,236699
64 años,Mujeres,1 July,2007,1 de julio de 2007,219238
65 años,Mujeres,1 July,2007,1 de julio de 2007,195625
66 años,Mujeres,1 July,2007,1 de julio de 2007,210197
67 años,Mujeres,1 July,2007,1 de julio de 2007,195277
68 años,Mujeres,1 July,2007,1 de julio de 2007,168347
69 años,Mujeres,1 July,2007,1 de julio de 2007,189499
7 años,Mujeres,1 July,2007,1 de julio de 2007,209629
70 años,Mujeres,1 July,2007,1 de julio de 2007,211193
71 años,Mujeres,1 July,2007,1 de julio de 2007,217566
72 años,Mujeres,1 July,2007,1 de julio de 2007,212154
73 años,Mujeres,1 July,2007,1 de julio de 2007,213644
74 años,Mujeres,1 July,2007,1 de julio de 2007,213967
75 años,Mujeres,1 July,2007,1 de julio de 2007,205415
76 años,Mujeres,1 July,2007,1 de julio de 2007,199331
77 años,Mujeres,1 July,2007,1 de julio de 2007,192507
78 años,Mujeres,1 July,2007,1 de julio de 2007,182821
79 años,Mujeres,1 July,2007,1 de julio de 2007,172420
8 años,Mujeres,1 July,2007,1 de julio de 2007,203722
80 años,Mujeres,1 July,2007,1 de julio de 2007,162106
81 años,Mujeres,1 July,2007,1 de julio de 2007,153437
82 años,Mujeres,1 July,2007,1 de julio de 2007,142530
83 años,Mujeres,1 July,2007,1 de julio de 2007,131778
84 años,Mujeres,1 July,2007,1 de julio de 2007,121784
85 años,Mujeres,1 July,2007,1 de julio de 2007,108622
85 y más años,Mujeres,1 July,2007,1 de julio de 2007,605470
86 años,Mujeres,1 July,2007,1 de julio de 2007,93562
87 años,Mujeres,1 July,2007,1 de julio de 2007,78098
88 años,Mujeres,1 July,2007,1 de julio de 2007,64537
89 años,Mujeres,1 July,2007,1 de julio de 2007,55505
9 años,Mujeres,1 July,2007,1 de julio de 2007,200502
90 años,Mujeres,1 July,2007,1 de julio de 2007,46005
91 años,Mujeres,1 July,2007,1 de julio de 2007,38254
92 años,Mujeres,1 July,2007,1 de julio de 2007,31733
93 años,Mujeres,1 July,2007,1 de julio de 2007,25359
94 años,Mujeres,1 July,2007,1 de julio de 2007,19536
95 años,Mujeres,1 July,2007,1 de julio de 2007,14443
96 años,Mujeres,1 July,2007,1 de julio de 2007,10191
97 años,Mujeres,1 July,2007,1 de julio de 2007,7125
98 años,Mujeres,1 July,2007,1 de julio de 2007,4670
99 años,Mujeres,1 July,2007,1 de julio de 2007,3030
Todas las edades,Mujeres,1 July,2007,1 de julio de 2007,22873931
0 años,Total,1 July,2007,1 de julio de 2007,482498
1 año,Total,1 July,2007,1 de julio de 2007,482022
10 años,Total,1 July,2007,1 de julio de 2007,409804
100 años,Total,1 July,2007,1 de julio de 2007,
100 y más años,Total,1 July,2007,1 de julio de 2007,6180
101 años,Total,1 July,2007,1 de julio de 2007,
102 años,Total,1 July,2007,1 de julio de 2007,
103 años,Total,1 July,2007,1 de julio de 2007,
104 años,Total,1 July,2007,1 de julio de 2007,
105 y más años,Total,1 July,2007,1 de julio de 2007,
11 años,Total,1 July,2007,1 de julio de 2007,407831
12 años,Total,1 July,2007,1 de julio de 2007,410673
13 años,Total,1 July,2007,1 de julio de 2007,421204
14 años,Total,1 July,2007,1 de julio de 2007,437091
15 años,Total,1 July,2007,1 de julio de 2007,444373
16 años,Total,1 July,2007,1 de julio de 2007,447560
17 años,Total,1 July,2007,1 de julio de 2007,458329
18 años,Total,1 July,2007,1 de julio de 2007,473189
19 años,Total,1 July,2007,1 de julio de 2007,489661
2 años,Total,1 July,2007,1 de julio de 2007,474519
20 años,Total,1 July,2007,1 de julio de 2007,509519
21 años,Total,1 July,2007,1 de julio de 2007,534813
22 años,Total,1 July,2007,1 de julio de 2007,564324
23 años,Total,1 July,2007,1 de julio de 2007,593863
24 años,Total,1 July,2007,1 de julio de 2007,630679
25 años,Total,1 July,2007,1 de julio de 2007,672111
26 años,Total,1 July,2007,1 de julio de 2007,711399
27 años,Total,1 July,2007,1 de julio de 2007,745033
28 años,Total,1 July,2007,1 de julio de 2007,777175
29 años,Total,1 July,2007,1 de julio de 2007,801987
3 años,Total,1 July,2007,1 de julio de 2007,468302
30 años,Total,1 July,2007,1 de julio de 2007,816132
31 años,Total,1 July,2007,1 de julio de 2007,821486
32 años,Total,1 July,2007,1 de julio de 2007,815242
33 años,Total,1 July,2007,1 de julio de 2007,801587
34 años,Total,1 July,2007,1 de julio de 2007,789246
35 años,Total,1 July,2007,1 de julio de 2007,780142
36 años,Total,1 July,2007,1 de julio de 2007,768756
37 años,Total,1 July,2007,1 de julio de 2007,759566
38 años,Total,1 July,2007,1 de julio de 2007,752191
39 años,Total,1 July,2007,1 de julio de 2007,750915
4 años,Total,1 July,2007,1 de julio de 2007,455187
40 años,Total,1 July,2007,1 de julio de 2007,742545
41 años,Total,1 July,2007,1 de julio de 2007,730471
42 años,Total,1 July,2007,1 de julio de 2007,732867
43 años,Total,1 July,2007,1 de julio de 2007,720071
44 años,Total,1 July,2007,1 de julio de 2007,690764
45 años,Total,1 July,2007,1 de julio de 2007,671087
46 años,Total,1 July,2007,1 de julio de 2007,665207
47 años,Total,1 July,2007,1 de julio de 2007,658062
48 años,Total,1 July,2007,1 de julio de 2007,641706
49 años,Total,1 July,2007,1 de julio de 2007,626711
5 años,Total,1 July,2007,1 de julio de 2007,444175
50 años,Total,1 July,2007,1 de julio de 2007,598055
51 años,Total,1 July,2007,1 de julio de 2007,568621
52 años,Total,1 July,2007,1 de julio de 2007,546863
53 años,Total,1 July,2007,1 de julio de 2007,534015
54 años,Total,1 July,2007,1 de julio de 2007,532861
55 años,Total,1 July,2007,1 de julio de 2007,514212
56 años,Total,1 July,2007,1 de julio de 2007,491439
57 años,Total,1 July,2007,1 de julio de 2007,495468
58 años,Total,1 July,2007,1 de julio de 2007,516636
59 años,Total,1 July,2007,1 de julio de 2007,505663
6 años,Total,1 July,2007,1 de julio de 2007,440014
60 años,Total,1 July,2007,1 de julio de 2007,472405
61 años,Total,1 July,2007,1 de julio de 2007,472807
62 años,Total,1 July,2007,1 de julio de 2007,471776
63 años,Total,1 July,2007,1 de julio de 2007,456490
64 años,Total,1 July,2007,1 de julio de 2007,422358
65 años,Total,1 July,2007,1 de julio de 2007,376225
66 años,Total,1 July,2007,1 de julio de 2007,402088
67 años,Total,1 July,2007,1 de julio de 2007,369588
68 años,Total,1 July,2007,1 de julio de 2007,315452
69 años,Total,1 July,2007,1 de julio de 2007,354095
7 años,Total,1 July,2007,1 de julio de 2007,431226
70 años,Total,1 July,2007,1 de julio de 2007,390254
71 años,Total,1 July,2007,1 de julio de 2007,399387
72 años,Total,1 July,2007,1 de julio de 2007,388144
73 años,Total,1 July,2007,1 de julio de 2007,387504
74 años,Total,1 July,2007,1 de julio de 2007,384792
75 años,Total,1 July,2007,1 de julio de 2007,366487
76 años,Total,1 July,2007,1 de julio de 2007,350919
77 años,Total,1 July,2007,1 de julio de 2007,334085
78 años,Total,1 July,2007,1 de julio de 2007,313387
79 años,Total,1 July,2007,1 de julio de 2007,291665
8 años,Total,1 July,2007,1 de julio de 2007,419036
80 años,Total,1 July,2007,1 de julio de 2007,270575
81 años,Total,1 July,2007,1 de julio de 2007,251861
82 años,Total,1 July,2007,1 de julio de 2007,230017
83 años,Total,1 July,2007,1 de julio de 2007,210178
84 años,Total,1 July,2007,1 de julio de 2007,190676
85 años,Total,1 July,2007,1 de julio de 2007,167770
85 y más años,Total,1 July,2007,1 de julio de 2007,874054
86 años,Total,1 July,2007,1 de julio de 2007,141722
87 años,Total,1 July,2007,1 de julio de 2007,114589
88 años,Total,1 July,2007,1 de julio de 2007,92716
89 años,Total,1 July,2007,1 de julio de 2007,78363
9 años,Total,1 July,2007,1 de julio de 2007,412553
90 años,Total,1 July,2007,1 de julio de 2007,64367
91 años,Total,1 July,2007,1 de julio de 2007,53029
92 años,Total,1 July,2007,1 de julio de 2007,43351
93 años,Total,1 July,2007,1 de julio de 2007,34184
94 años,Total,1 July,2007,1 de julio de 2007,26127
95 años,Total,1 July,2007,1 de julio de 2007,19110
96 años,Total,1 July,2007,1 de julio de 2007,13352
97 años,Total,1 July,2007,1 de julio de 2007,9280
98 años,Total,1 July,2007,1 de julio de 2007,6036
99 años,Total,1 July,2007,1 de julio de 2007,3880
Todas las edades,Total,1 July,2007,1 de julio de 2007,45236004
0 años,Hombres,1 July,2008,1 de julio de 2008,259819
1 año,Hombres,1 July,2008,1 de julio de 2008,254832
10 años,Hombres,1 July,2008,1 de julio de 2008,215891
100 años,Hombres,1 July,2008,1 de julio de 2008,
100 y más años,Hombres,1 July,2008,1 de julio de 2008,1520
101 años,Hombres,1 July,2008,1 de julio de 2008,
102 años,Hombres,1 July,2008,1 de julio de 2008,
103 años,Hombres,1 July,2008,1 de julio de 2008,
104 años,Hombres,1 July,2008,1 de julio de 2008,
105 y más años,Hombres,1 July,2008,1 de julio de 2008,
11 años,Hombres,1 July,2008,1 de julio de 2008,214065
12 años,Hombres,1 July,2008,1 de julio de 2008,213082
13 años,Hombres,1 July,2008,1 de julio de 2008,214944
14 años,Hombres,1 July,2008,1 de julio de 2008,220648
15 años,Hombres,1 July,2008,1 de julio de 2008,228869
16 años,Hombres,1 July,2008,1 de julio de 2008,233244
17 años,Hombres,1 July,2008,1 de julio de 2008,235894
18 años,Hombres,1 July,2008,1 de julio de 2008,242646
19 años,Hombres,1 July,2008,1 de julio de 2008,251329
2 años,Hombres,1 July,2008,1 de julio de 2008,250905
20 años,Hombres,1 July,2008,1 de julio de 2008,260031
21 años,Hombres,1 July,2008,1 de julio de 2008,270054
22 años,Hombres,1 July,2008,1 de julio de 2008,283253
23 años,Hombres,1 July,2008,1 de julio de 2008,298930
24 años,Hombres,1 July,2008,1 de julio de 2008,314416
25 años,Hombres,1 July,2008,1 de julio de 2008,334018
26 años,Hombres,1 July,2008,1 de julio de 2008,356182
27 años,Hombres,1 July,2008,1 de julio de 2008,377130
28 años,Hombres,1 July,2008,1 de julio de 2008,394474
29 años,Hombres,1 July,2008,1 de julio de 2008,411371
3 años,Hombres,1 July,2008,1 de julio de 2008,246916
30 años,Hombres,1 July,2008,1 de julio de 2008,425247
31 años,Hombres,1 July,2008,1 de julio de 2008,432108
32 años,Hombres,1 July,2008,1 de julio de 2008,434285
33 años,Hombres,1 July,2008,1 de julio de 2008,430714
34 años,Hombres,1 July,2008,1 de julio de 2008,422636
35 años,Hombres,1 July,2008,1 de julio de 2008,415691
36 años,Hombres,1 July,2008,1 de julio de 2008,409958
37 años,Hombres,1 July,2008,1 de julio de 2008,403271
38 años,Hombres,1 July,2008,1 de julio de 2008,397209
39 años,Hombres,1 July,2008,1 de julio de 2008,391733
4 años,Hombres,1 July,2008,1 de julio de 2008,243543
40 años,Hombres,1 July,2008,1 de julio de 2008,389516
41 años,Hombres,1 July,2008,1 de julio de 2008,383411
42 años,Hombres,1 July,2008,1 de julio de 2008,375552
43 años,Hombres,1 July,2008,1 de julio de 2008,375208
44 años,Hombres,1 July,2008,1 de julio de 2008,367877
45 años,Hombres,1 July,2008,1 de julio de 2008,351917
46 años,Hombres,1 July,2008,1 de julio de 2008,340557
47 años,Hombres,1 July,2008,1 de julio de 2008,336569
48 años,Hombres,1 July,2008,1 de julio de 2008,332110
49 años,Hombres,1 July,2008,1 de julio de 2008,322813
5 años,Hombres,1 July,2008,1 de julio de 2008,236466
50 años,Hombres,1 July,2008,1 de julio de 2008,314259
51 años,Hombres,1 July,2008,1 de julio de 2008,299179
52 años,Hombres,1 July,2008,1 de julio de 2008,283885
53 años,Hombres,1 July,2008,1 de julio de 2008,271846
54 años,Hombres,1 July,2008,1 de julio de 2008,264878
55 años,Hombres,1 July,2008,1 de julio de 2008,264596
56 años,Hombres,1 July,2008,1 de julio de 2008,254592
57 años,Hombres,1 July,2008,1 de julio de 2008,242195
58 años,Hombres,1 July,2008,1 de julio de 2008,242700
59 años,Hombres,1 July,2008,1 de julio de 2008,251907
6 años,Hombres,1 July,2008,1 de julio de 2008,230599
60 años,Hombres,1 July,2008,1 de julio de 2008,246237
61 años,Hombres,1 July,2008,1 de julio de 2008,228872
62 años,Hombres,1 July,2008,1 de julio de 2008,227607
63 años,Hombres,1 July,2008,1 de julio de 2008,226328
64 años,Hombres,1 July,2008,1 de julio de 2008,218470
65 años,Hombres,1 July,2008,1 de julio de 2008,201722
66 años,Hombres,1 July,2008,1 de julio de 2008,179131
67 años,Hombres,1 July,2008,1 de julio de 2008,189737
68 años,Hombres,1 July,2008,1 de julio de 2008,172062
69 años,Hombres,1 July,2008,1 de julio de 2008,144936
7 años,Hombres,1 July,2008,1 de julio de 2008,229101
70 años,Hombres,1 July,2008,1 de julio de 2008,161796
71 años,Hombres,1 July,2008,1 de julio de 2008,175514
72 años,Hombres,1 July,2008,1 de julio de 2008,177746
73 años,Hombres,1 July,2008,1 de julio de 2008,171609
74 años,Hombres,1 July,2008,1 de julio de 2008,168843
75 años,Hombres,1 July,2008,1 de julio de 2008,165226
76 años,Hombres,1 July,2008,1 de julio de 2008,155289
77 años,Hombres,1 July,2008,1 de julio de 2008,145515
78 años,Hombres,1 July,2008,1 de julio de 2008,135219
79 años,Hombres,1 July,2008,1 de julio de 2008,123898
8 años,Hombres,1 July,2008,1 de julio de 2008,225218
80 años,Hombres,1 July,2008,1 de julio de 2008,112467
81 años,Hombres,1 July,2008,1 de julio de 2008,101562
82 años,Hombres,1 July,2008,1 de julio de 2008,91288
83 años,Hombres,1 July,2008,1 de julio de 2008,80345
84 años,Hombres,1 July,2008,1 de julio de 2008,71310
85 años,Hombres,1 July,2008,1 de julio de 2008,61997
85 y más años,Hombres,1 July,2008,1 de julio de 2008,288858
86 años,Hombres,1 July,2008,1 de julio de 2008,52532
87 años,Hombres,1 July,2008,1 de julio de 2008,42272
88 años,Hombres,1 July,2008,1 de julio de 2008,31617
89 años,Hombres,1 July,2008,1 de julio de 2008,24003
9 años,Hombres,1 July,2008,1 de julio de 2008,218985
90 años,Hombres,1 July,2008,1 de julio de 2008,19111
91 años,Hombres,1 July,2008,1 de julio de 2008,15059
92 años,Hombres,1 July,2008,1 de julio de 2008,11857
93 años,Hombres,1 July,2008,1 de julio de 2008,9100
94 años,Hombres,1 July,2008,1 de julio de 2008,6781
95 años,Hombres,1 July,2008,1 de julio de 2008,4969
96 años,Hombres,1 July,2008,1 de julio de 2008,3404
97 años,Hombres,1 July,2008,1 de julio de 2008,2218
98 años,Hombres,1 July,2008,1 de julio de 2008,1491
99 años,Hombres,1 July,2008,1 de julio de 2008,927
Todas las edades,Hombres,1 July,2008,1 de julio de 2008,22756864
0 años,Mujeres,1 July,2008,1 de julio de 2008,243316
1 año,Mujeres,1 July,2008,1 de julio de 2008,239560
10 años,Mujeres,1 July,2008,1 de julio de 2008,203931
100 años,Mujeres,1 July,2008,1 de julio de 2008,
100 y más años,Mujeres,1 July,2008,1 de julio de 2008,5204
101 años,Mujeres,1 July,2008,1 de julio de 2008,
102 años,Mujeres,1 July,2008,1 de julio de 2008,
103 años,Mujeres,1 July,2008,1 de julio de 2008,
104 años,Mujeres,1 July,2008,1 de julio de 2008,
105 y más años,Mujeres,1 July,2008,1 de julio de 2008,
11 años,Mujeres,1 July,2008,1 de julio de 2008,203436
12 años,Mujeres,1 July,2008,1 de julio de 2008,202247
13 años,Mujeres,1 July,2008,1 de julio de 2008,202980
14 años,Mujeres,1 July,2008,1 de julio de 2008,207860
15 años,Mujeres,1 July,2008,1 de julio de 2008,215823
16 años,Mujeres,1 July,2008,1 de julio de 2008,219377
17 años,Mujeres,1 July,2008,1 de julio de 2008,221444
18 años,Mujeres,1 July,2008,1 de julio de 2008,228267
19 años,Mujeres,1 July,2008,1 de julio de 2008,237410
2 años,Mujeres,1 July,2008,1 de julio de 2008,236675
20 años,Mujeres,1 July,2008,1 de julio de 2008,247081
21 años,Mujeres,1 July,2008,1 de julio de 2008,258057
22 años,Mujeres,1 July,2008,1 de julio de 2008,271068
23 años,Mujeres,1 July,2008,1 de julio de 2008,285790
24 años,Mujeres,1 July,2008,1 de julio de 2008,300384
25 años,Mujeres,1 July,2008,1 de julio de 2008,317630
26 años,Mujeres,1 July,2008,1 de julio de 2008,336478
27 años,Mujeres,1 July,2008,1 de julio de 2008,354175
28 años,Mujeres,1 July,2008,1 de julio de 2008,369420
29 años,Mujeres,1 July,2008,1 de julio de 2008,383146
3 años,Mujeres,1 July,2008,1 de julio de 2008,233173
30 años,Mujeres,1 July,2008,1 de julio de 2008,393084
31 años,Mujeres,1 July,2008,1 de julio de 2008,399258
32 años,Mujeres,1 July,2008,1 de julio de 2008,401248
33 años,Mujeres,1 July,2008,1 de julio de 2008,397941
34 años,Mujeres,1 July,2008,1 de julio de 2008,391423
35 años,Mujeres,1 July,2008,1 de julio de 2008,385234
36 años,Mujeres,1 July,2008,1 de julio de 2008,381417
37 años,Mujeres,1 July,2008,1 de julio de 2008,376266
38 años,Mujeres,1 July,2008,1 de julio de 2008,372701
39 años,Mujeres,1 July,2008,1 de julio de 2008,370346
4 años,Mujeres,1 July,2008,1 de julio de 2008,230144
40 años,Mujeres,1 July,2008,1 de julio de 2008,370815
41 años,Mujeres,1 July,2008,1 de julio de 2008,367487
42 años,Mujeres,1 July,2008,1 de julio de 2008,362225
43 años,Mujeres,1 July,2008,1 de julio de 2008,364400
44 años,Mujeres,1 July,2008,1 de julio de 2008,358381
45 años,Mujeres,1 July,2008,1 de julio de 2008,344539
46 años,Mujeres,1 July,2008,1 de julio de 2008,335722
47 años,Mujeres,1 July,2008,1 de julio de 2008,333299
48 años,Mujeres,1 July,2008,1 de julio de 2008,330187
49 años,Mujeres,1 July,2008,1 de julio de 2008,322515
5 años,Mujeres,1 July,2008,1 de julio de 2008,223912
50 años,Mujeres,1 July,2008,1 de julio de 2008,315423
51 años,Mujeres,1 July,2008,1 de julio de 2008,301518
52 años,Mujeres,1 July,2008,1 de julio de 2008,287086
53 años,Mujeres,1 July,2008,1 de julio de 2008,276939
54 años,Mujeres,1 July,2008,1 de julio de 2008,270603
55 años,Mujeres,1 July,2008,1 de julio de 2008,269393
56 años,Mujeres,1 July,2008,1 de julio de 2008,260513
57 años,Mujeres,1 July,2008,1 de julio de 2008,249826
58 años,Mujeres,1 July,2008,1 de julio de 2008,252922
59 años,Mujeres,1 July,2008,1 de julio de 2008,264564
6 años,Mujeres,1 July,2008,1 de julio de 2008,218853
60 años,Mujeres,1 July,2008,1 de julio de 2008,259216
61 años,Mujeres,1 July,2008,1 de julio de 2008,243228
62 años,Mujeres,1 July,2008,1 de julio de 2008,244226
63 años,Mujeres,1 July,2008,1 de julio de 2008,244121
64 años,Mujeres,1 July,2008,1 de julio de 2008,236571
65 años,Mujeres,1 July,2008,1 de julio de 2008,218992
66 años,Mujeres,1 July,2008,1 de julio de 2008,195321
67 años,Mujeres,1 July,2008,1 de julio de 2008,209531
68 años,Mujeres,1 July,2008,1 de julio de 2008,194399
69 años,Mujeres,1 July,2008,1 de julio de 2008,167421
7 años,Mujeres,1 July,2008,1 de julio de 2008,216857
70 años,Mujeres,1 July,2008,1 de julio de 2008,188236
71 años,Mujeres,1 July,2008,1 de julio de 2008,209451
72 años,Mujeres,1 July,2008,1 de julio de 2008,215412
73 años,Mujeres,1 July,2008,1 de julio de 2008,209831
74 años,Mujeres,1 July,2008,1 de julio de 2008,210875
75 años,Mujeres,1 July,2008,1 de julio de 2008,210679
76 años,Mujeres,1 July,2008,1 de julio de 2008,201830
77 años,Mujeres,1 July,2008,1 de julio de 2008,195281
78 años,Mujeres,1 July,2008,1 de julio de 2008,187945
79 años,Mujeres,1 July,2008,1 de julio de 2008,177768
8 años,Mujeres,1 July,2008,1 de julio de 2008,212845
80 años,Mujeres,1 July,2008,1 de julio de 2008,166898
81 años,Mujeres,1 July,2008,1 de julio de 2008,156057
82 años,Mujeres,1 July,2008,1 de julio de 2008,146790
83 años,Mujeres,1 July,2008,1 de julio de 2008,135405
84 años,Mujeres,1 July,2008,1 de julio de 2008,124205
85 años,Mujeres,1 July,2008,1 de julio de 2008,113652
85 y más años,Mujeres,1 July,2008,1 de julio de 2008,640991
86 años,Mujeres,1 July,2008,1 de julio de 2008,100227
87 años,Mujeres,1 July,2008,1 de julio de 2008,85260
88 años,Mujeres,1 July,2008,1 de julio de 2008,70260
89 años,Mujeres,1 July,2008,1 de julio de 2008,57193
9 años,Mujeres,1 July,2008,1 de julio de 2008,207012
90 años,Mujeres,1 July,2008,1 de julio de 2008,48456
91 años,Mujeres,1 July,2008,1 de julio de 2008,39371
92 años,Mujeres,1 July,2008,1 de julio de 2008,32064
93 años,Mujeres,1 July,2008,1 de julio de 2008,26087
94 años,Mujeres,1 July,2008,1 de julio de 2008,20524
95 años,Mujeres,1 July,2008,1 de julio de 2008,15518
96 años,Mujeres,1 July,2008,1 de julio de 2008,11113
97 años,Mujeres,1 July,2008,1 de julio de 2008,7605
98 años,Mujeres,1 July,2008,1 de julio de 2008,5176
99 años,Mujeres,1 July,2008,1 de julio de 2008,3281
Todas las edades,Mujeres,1 July,2008,1 de julio de 2008,23226305
0 años,Total,1 July,2008,1 de julio de 2008,503135
1 año,Total,1 July,2008,1 de julio de 2008,494392
10 años,Total,1 July,2008,1 de julio de 2008,419822
100 años,Total,1 July,2008,1 de julio de 2008,
100 y más años,Total,1 July,2008,1 de julio de 2008,6724
101 años,Total,1 July,2008,1 de julio de 2008,
102 años,Total,1 July,2008,1 de julio de 2008,
103 años,Total,1 July,2008,1 de julio de 2008,
104 años,Total,1 July,2008,1 de julio de 2008,
105 y más años,Total,1 July,2008,1 de julio de 2008,
11 años,Total,1 July,2008,1 de julio de 2008,417501
12 años,Total,1 July,2008,1 de julio de 2008,415328
13 años,Total,1 July,2008,1 de julio de 2008,417924
14 años,Total,1 July,2008,1 de julio de 2008,428508
15 años,Total,1 July,2008,1 de julio de 2008,444691
16 años,Total,1 July,2008,1 de julio de 2008,452621
17 años,Total,1 July,2008,1 de julio de 2008,457338
18 años,Total,1 July,2008,1 de julio de 2008,470913
19 años,Total,1 July,2008,1 de julio de 2008,488739
2 años,Total,1 July,2008,1 de julio de 2008,487580
20 años,Total,1 July,2008,1 de julio de 2008,507111
21 años,Total,1 July,2008,1 de julio de 2008,528111
22 años,Total,1 July,2008,1 de julio de 2008,554321
23 años,Total,1 July,2008,1 de julio de 2008,584721
24 años,Total,1 July,2008,1 de julio de 2008,614800
25 años,Total,1 July,2008,1 de julio de 2008,651648
26 años,Total,1 July,2008,1 de julio de 2008,692660
27 años,Total,1 July,2008,1 de julio de 2008,731305
28 años,Total,1 July,2008,1 de julio de 2008,763894
29 años,Total,1 July,2008,1 de julio de 2008,794517
3 años,Total,1 July,2008,1 de julio de 2008,480089
30 años,Total,1 July,2008,1 de julio de 2008,818331
31 años,Total,1 July,2008,1 de julio de 2008,831366
32 años,Total,1 July,2008,1 de julio de 2008,835533
33 años,Total,1 July,2008,1 de julio de 2008,828655
34 años,Total,1 July,2008,1 de julio de 2008,814059
35 años,Total,1 July,2008,1 de julio de 2008,800926
36 años,Total,1 July,2008,1 de julio de 2008,791376
37 años,Total,1 July,2008,1 de julio de 2008,779537
38 años,Total,1 July,2008,1 de julio de 2008,769910
39 años,Total,1 July,2008,1 de julio de 2008,762078
4 años,Total,1 July,2008,1 de julio de 2008,473687
40 años,Total,1 July,2008,1 de julio de 2008,760332
41 años,Total,1 July,2008,1 de julio de 2008,750898
42 años,Total,1 July,2008,1 de julio de 2008,737777
43 años,Total,1 July,2008,1 de julio de 2008,739608
44 años,Total,1 July,2008,1 de julio de 2008,726258
45 años,Total,1 July,2008,1 de julio de 2008,696456
46 años,Total,1 July,2008,1 de julio de 2008,676278
47 años,Total,1 July,2008,1 de julio de 2008,669868
48 años,Total,1 July,2008,1 de julio de 2008,662297
49 años,Total,1 July,2008,1 de julio de 2008,645328
5 años,Total,1 July,2008,1 de julio de 2008,460378
50 años,Total,1 July,2008,1 de julio de 2008,629682
51 años,Total,1 July,2008,1 de julio de 2008,600696
52 años,Total,1 July,2008,1 de julio de 2008,570971
53 años,Total,1 July,2008,1 de julio de 2008,548784
54 años,Total,1 July,2008,1 de julio de 2008,535481
55 años,Total,1 July,2008,1 de julio de 2008,533989
56 años,Total,1 July,2008,1 de julio de 2008,515106
57 años,Total,1 July,2008,1 de julio de 2008,492020
58 años,Total,1 July,2008,1 de julio de 2008,495622
59 años,Total,1 July,2008,1 de julio de 2008,516471
6 años,Total,1 July,2008,1 de julio de 2008,449452
60 años,Total,1 July,2008,1 de julio de 2008,505454
61 años,Total,1 July,2008,1 de julio de 2008,472099
62 años,Total,1 July,2008,1 de julio de 2008,471833
63 años,Total,1 July,2008,1 de julio de 2008,470449
64 años,Total,1 July,2008,1 de julio de 2008,455041
65 años,Total,1 July,2008,1 de julio de 2008,420714
66 años,Total,1 July,2008,1 de julio de 2008,374452
67 años,Total,1 July,2008,1 de julio de 2008,399268
68 años,Total,1 July,2008,1 de julio de 2008,366461
69 años,Total,1 July,2008,1 de julio de 2008,312357
7 años,Total,1 July,2008,1 de julio de 2008,445958
70 años,Total,1 July,2008,1 de julio de 2008,350032
71 años,Total,1 July,2008,1 de julio de 2008,384965
72 años,Total,1 July,2008,1 de julio de 2008,393159
73 años,Total,1 July,2008,1 de julio de 2008,381440
74 años,Total,1 July,2008,1 de julio de 2008,379718
75 años,Total,1 July,2008,1 de julio de 2008,375905
76 años,Total,1 July,2008,1 de julio de 2008,357119
77 años,Total,1 July,2008,1 de julio de 2008,340796
78 años,Total,1 July,2008,1 de julio de 2008,323165
79 años,Total,1 July,2008,1 de julio de 2008,301666
8 años,Total,1 July,2008,1 de julio de 2008,438062
80 años,Total,1 July,2008,1 de julio de 2008,279366
81 años,Total,1 July,2008,1 de julio de 2008,257619
82 años,Total,1 July,2008,1 de julio de 2008,238079
83 años,Total,1 July,2008,1 de julio de 2008,215750
84 años,Total,1 July,2008,1 de julio de 2008,195515
85 años,Total,1 July,2008,1 de julio de 2008,175650
85 y más años,Total,1 July,2008,1 de julio de 2008,929849
86 años,Total,1 July,2008,1 de julio de 2008,152759
87 años,Total,1 July,2008,1 de julio de 2008,127532
88 años,Total,1 July,2008,1 de julio de 2008,101877
89 años,Total,1 July,2008,1 de julio de 2008,81196
9 años,Total,1 July,2008,1 de julio de 2008,425997
90 años,Total,1 July,2008,1 de julio de 2008,67567
91 años,Total,1 July,2008,1 de julio de 2008,54430
92 años,Total,1 July,2008,1 de julio de 2008,43920
93 años,Total,1 July,2008,1 de julio de 2008,35187
94 años,Total,1 July,2008,1 de julio de 2008,27305
95 años,Total,1 July,2008,1 de julio de 2008,20487
96 años,Total,1 July,2008,1 de julio de 2008,14517
97 años,Total,1 July,2008,1 de julio de 2008,9823
98 años,Total,1 July,2008,1 de julio de 2008,6667
99 años,Total,1 July,2008,1 de julio de 2008,4208
Todas las edades,Total,1 July,2008,1 de julio de 2008,45983169
0 años,Hombres,1 July,2009,1 de julio de 2009,260612
1 año,Hombres,1 July,2009,1 de julio de 2009,262969
10 años,Hombres,1 July,2009,1 de julio de 2009,221173
100 años,Hombres,1 July,2009,1 de julio de 2009,
100 y más años,Hombres,1 July,2009,1 de julio de 2009,1630
101 años,Hombres,1 July,2009,1 de julio de 2009,
102 años,Hombres,1 July,2009,1 de julio de 2009,
103 años,Hombres,1 July,2009,1 de julio de 2009,
104 años,Hombres,1 July,2009,1 de julio de 2009,
105 y más años,Hombres,1 July,2009,1 de julio de 2009,
11 años,Hombres,1 July,2009,1 de julio de 2009,218146
12 años,Hombres,1 July,2009,1 de julio de 2009,216474
13 años,Hombres,1 July,2009,1 de julio de 2009,215464
14 años,Hombres,1 July,2009,1 de julio de 2009,217267
15 años,Hombres,1 July,2009,1 de julio de 2009,223153
16 años,Hombres,1 July,2009,1 de julio de 2009,231783
17 años,Hombres,1 July,2009,1 de julio de 2009,236751
18 años,Hombres,1 July,2009,1 de julio de 2009,239683
19 años,Hombres,1 July,2009,1 de julio de 2009,245982
2 años,Hombres,1 July,2009,1 de julio de 2009,256325
20 años,Hombres,1 July,2009,1 de julio de 2009,254405
21 años,Hombres,1 July,2009,1 de julio de 2009,263090
22 años,Hombres,1 July,2009,1 de julio de 2009,273012
23 años,Hombres,1 July,2009,1 de julio de 2009,286320
24 años,Hombres,1 July,2009,1 de julio de 2009,301984
25 años,Hombres,1 July,2009,1 de julio de 2009,317449
26 años,Hombres,1 July,2009,1 de julio de 2009,336953
27 años,Hombres,1 July,2009,1 de julio de 2009,358634
28 años,Hombres,1 July,2009,1 de julio de 2009,379153
29 años,Hombres,1 July,2009,1 de julio de 2009,395977
3 años,Hombres,1 July,2009,1 de julio de 2009,252374
30 años,Hombres,1 July,2009,1 de julio de 2009,412456
31 años,Hombres,1 July,2009,1 de julio de 2009,426366
32 años,Hombres,1 July,2009,1 de julio de 2009,433198
33 años,Hombres,1 July,2009,1 de julio de 2009,435186
34 años,Hombres,1 July,2009,1 de julio de 2009,431496
35 años,Hombres,1 July,2009,1 de julio de 2009,423305
36 años,Hombres,1 July,2009,1 de julio de 2009,416427
37 años,Hombres,1 July,2009,1 de julio de 2009,410760
38 años,Hombres,1 July,2009,1 de julio de 2009,403822
39 años,Hombres,1 July,2009,1 de julio de 2009,397720
4 años,Hombres,1 July,2009,1 de julio de 2009,248399
40 años,Hombres,1 July,2009,1 de julio de 2009,392172
41 años,Hombres,1 July,2009,1 de julio de 2009,389846
42 años,Hombres,1 July,2009,1 de julio de 2009,383900
43 años,Hombres,1 July,2009,1 de julio de 2009,376014
44 años,Hombres,1 July,2009,1 de julio de 2009,375524
45 años,Hombres,1 July,2009,1 de julio de 2009,368017
46 años,Hombres,1 July,2009,1 de julio de 2009,351912
47 años,Hombres,1 July,2009,1 de julio de 2009,340481
48 años,Hombres,1 July,2009,1 de julio de 2009,336332
49 años,Hombres,1 July,2009,1 de julio de 2009,331759
5 años,Hombres,1 July,2009,1 de julio de 2009,244796
50 años,Hombres,1 July,2009,1 de julio de 2009,322435
51 años,Hombres,1 July,2009,1 de julio de 2009,313838
52 años,Hombres,1 July,2009,1 de julio de 2009,298574
53 años,Hombres,1 July,2009,1 de julio de 2009,283155
54 años,Hombres,1 July,2009,1 de julio de 2009,271049
55 años,Hombres,1 July,2009,1 de julio de 2009,263986
56 años,Hombres,1 July,2009,1 de julio de 2009,263637
57 años,Hombres,1 July,2009,1 de julio de 2009,253543
58 años,Hombres,1 July,2009,1 de julio de 2009,241100
59 años,Hombres,1 July,2009,1 de julio de 2009,241558
6 años,Hombres,1 July,2009,1 de julio de 2009,237646
60 años,Hombres,1 July,2009,1 de julio de 2009,250668
61 años,Hombres,1 July,2009,1 de julio de 2009,244864
62 años,Hombres,1 July,2009,1 de julio de 2009,227372
63 años,Hombres,1 July,2009,1 de julio de 2009,225953
64 años,Hombres,1 July,2009,1 de julio de 2009,224576
65 años,Hombres,1 July,2009,1 de julio de 2009,216622
66 años,Hombres,1 July,2009,1 de julio de 2009,199738
67 años,Hombres,1 July,2009,1 de julio de 2009,177047
68 años,Hombres,1 July,2009,1 de julio de 2009,187100
69 años,Hombres,1 July,2009,1 de julio de 2009,169320
7 años,Hombres,1 July,2009,1 de julio de 2009,231908
70 años,Hombres,1 July,2009,1 de julio de 2009,142375
71 años,Hombres,1 July,2009,1 de julio de 2009,158624
72 años,Hombres,1 July,2009,1 de julio de 2009,171532
73 años,Hombres,1 July,2009,1 de julio de 2009,173289
74 años,Hombres,1 July,2009,1 de julio de 2009,166912
75 años,Hombres,1 July,2009,1 de julio de 2009,163573
76 años,Hombres,1 July,2009,1 de julio de 2009,159380
77 años,Hombres,1 July,2009,1 de julio de 2009,149197
78 años,Hombres,1 July,2009,1 de julio de 2009,139081
79 años,Hombres,1 July,2009,1 de julio de 2009,128506
8 años,Hombres,1 July,2009,1 de julio de 2009,230779
80 años,Hombres,1 July,2009,1 de julio de 2009,117011
81 años,Hombres,1 July,2009,1 de julio de 2009,105370
82 años,Hombres,1 July,2009,1 de julio de 2009,94258
83 años,Hombres,1 July,2009,1 de julio de 2009,84105
84 años,Hombres,1 July,2009,1 de julio de 2009,73402
85 años,Hombres,1 July,2009,1 de julio de 2009,64416
85 y más años,Hombres,1 July,2009,1 de julio de 2009,309033
86 años,Hombres,1 July,2009,1 de julio de 2009,55209
87 años,Hombres,1 July,2009,1 de julio de 2009,46156
88 años,Hombres,1 July,2009,1 de julio de 2009,36669
89 años,Hombres,1 July,2009,1 de julio de 2009,26889
9 años,Hombres,1 July,2009,1 de julio de 2009,227360
90 años,Hombres,1 July,2009,1 de julio de 2009,20067
91 años,Hombres,1 July,2009,1 de julio de 2009,15695
92 años,Hombres,1 July,2009,1 de julio de 2009,12104
93 años,Hombres,1 July,2009,1 de julio de 2009,9314
94 años,Hombres,1 July,2009,1 de julio de 2009,6993
95 años,Hombres,1 July,2009,1 de julio de 2009,5141
96 años,Hombres,1 July,2009,1 de julio de 2009,3710
97 años,Hombres,1 July,2009,1 de julio de 2009,2467
98 años,Hombres,1 July,2009,1 de julio de 2009,1552
99 años,Hombres,1 July,2009,1 de julio de 2009,1021
Todas las edades,Hombres,1 July,2009,1 de julio de 2009,22934502
0 años,Mujeres,1 July,2009,1 de julio de 2009,242850
1 año,Mujeres,1 July,2009,1 de julio de 2009,246823
10 años,Mujeres,1 July,2009,1 de julio de 2009,208925
100 años,Mujeres,1 July,2009,1 de julio de 2009,
100 y más años,Mujeres,1 July,2009,1 de julio de 2009,5797
101 años,Mujeres,1 July,2009,1 de julio de 2009,
102 años,Mujeres,1 July,2009,1 de julio de 2009,
103 años,Mujeres,1 July,2009,1 de julio de 2009,
104 años,Mujeres,1 July,2009,1 de julio de 2009,
105 y más años,Mujeres,1 July,2009,1 de julio de 2009,
11 años,Mujeres,1 July,2009,1 de julio de 2009,205933
12 años,Mujeres,1 July,2009,1 de julio de 2009,205665
13 años,Mujeres,1 July,2009,1 de julio de 2009,204294
14 años,Mujeres,1 July,2009,1 de julio de 2009,204846
15 años,Mujeres,1 July,2009,1 de julio de 2009,209924
16 años,Mujeres,1 July,2009,1 de julio de 2009,218158
17 años,Mujeres,1 July,2009,1 de julio de 2009,222150
18 años,Mujeres,1 July,2009,1 de julio de 2009,224978
19 años,Mujeres,1 July,2009,1 de julio de 2009,232548
2 años,Mujeres,1 July,2009,1 de julio de 2009,241040
20 años,Mujeres,1 July,2009,1 de julio de 2009,242272
21 años,Mujeres,1 July,2009,1 de julio de 2009,252173
22 años,Mujeres,1 July,2009,1 de julio de 2009,263208
23 años,Mujeres,1 July,2009,1 de julio de 2009,276327
24 años,Mujeres,1 July,2009,1 de julio de 2009,290973
25 años,Mujeres,1 July,2009,1 de julio de 2009,305220
26 años,Mujeres,1 July,2009,1 de julio de 2009,322146
27 años,Mujeres,1 July,2009,1 de julio de 2009,340666
28 años,Mujeres,1 July,2009,1 de julio de 2009,357943
29 años,Mujeres,1 July,2009,1 de julio de 2009,372842
3 años,Mujeres,1 July,2009,1 de julio de 2009,237994
30 años,Mujeres,1 July,2009,1 de julio de 2009,386283
31 años,Mujeres,1 July,2009,1 de julio de 2009,396011
32 años,Mujeres,1 July,2009,1 de julio de 2009,401977
33 años,Mujeres,1 July,2009,1 de julio de 2009,403700
34 años,Mujeres,1 July,2009,1 de julio de 2009,400287
35 años,Mujeres,1 July,2009,1 de julio de 2009,393767
36 años,Mujeres,1 July,2009,1 de julio de 2009,387516
37 años,Mujeres,1 July,2009,1 de julio de 2009,383622
38 años,Mujeres,1 July,2009,1 de julio de 2009,378319
39 años,Mujeres,1 July,2009,1 de julio de 2009,374772
4 años,Mujeres,1 July,2009,1 de julio de 2009,234318
40 años,Mujeres,1 July,2009,1 de julio de 2009,372379
41 años,Mujeres,1 July,2009,1 de julio de 2009,372611
42 años,Mujeres,1 July,2009,1 de julio de 2009,369108
43 años,Mujeres,1 July,2009,1 de julio de 2009,363758
44 años,Mujeres,1 July,2009,1 de julio de 2009,365816
45 años,Mujeres,1 July,2009,1 de julio de 2009,359630
46 años,Mujeres,1 July,2009,1 de julio de 2009,345625
47 años,Mujeres,1 July,2009,1 de julio de 2009,336687
48 años,Mujeres,1 July,2009,1 de julio de 2009,334060
49 años,Mujeres,1 July,2009,1 de julio de 2009,330745
5 años,Mujeres,1 July,2009,1 de julio de 2009,231312
50 años,Mujeres,1 July,2009,1 de julio de 2009,323012
51 años,Mujeres,1 July,2009,1 de julio de 2009,315811
52 años,Mujeres,1 July,2009,1 de julio de 2009,301751
53 años,Mujeres,1 July,2009,1 de julio de 2009,287216
54 años,Mujeres,1 July,2009,1 de julio de 2009,277000
55 años,Mujeres,1 July,2009,1 de julio de 2009,270606
56 años,Mujeres,1 July,2009,1 de julio de 2009,269376
57 años,Mujeres,1 July,2009,1 de julio de 2009,260457
58 años,Mujeres,1 July,2009,1 de julio de 2009,249695
59 años,Mujeres,1 July,2009,1 de julio de 2009,252734
6 años,Mujeres,1 July,2009,1 de julio de 2009,225080
60 años,Mujeres,1 July,2009,1 de julio de 2009,264400
61 años,Mujeres,1 July,2009,1 de julio de 2009,259052
62 años,Mujeres,1 July,2009,1 de julio de 2009,242962
63 años,Mujeres,1 July,2009,1 de julio de 2009,243761
64 años,Mujeres,1 July,2009,1 de julio de 2009,243534
65 años,Mujeres,1 July,2009,1 de julio de 2009,235987
66 años,Mujeres,1 July,2009,1 de julio de 2009,218290
67 años,Mujeres,1 July,2009,1 de julio de 2009,194464
68 años,Mujeres,1 July,2009,1 de julio de 2009,208405
69 años,Mujeres,1 July,2009,1 de julio de 2009,193106
7 años,Mujeres,1 July,2009,1 de julio de 2009,219898
70 años,Mujeres,1 July,2009,1 de julio de 2009,166084
71 años,Mujeres,1 July,2009,1 de julio de 2009,186637
72 años,Mujeres,1 July,2009,1 de julio de 2009,207298
73 años,Mujeres,1 July,2009,1 de julio de 2009,212884
74 años,Mujeres,1 July,2009,1 de julio de 2009,207089
75 años,Mujeres,1 July,2009,1 de julio de 2009,207695
76 años,Mujeres,1 July,2009,1 de julio de 2009,207024
77 años,Mujeres,1 July,2009,1 de julio de 2009,197788
78 años,Mujeres,1 July,2009,1 de julio de 2009,190748
79 años,Mujeres,1 July,2009,1 de julio de 2009,182823
8 años,Mujeres,1 July,2009,1 de julio de 2009,218159
80 años,Mujeres,1 July,2009,1 de julio de 2009,172045
81 años,Mujeres,1 July,2009,1 de julio de 2009,160645
82 años,Mujeres,1 July,2009,1 de julio de 2009,149378
83 años,Mujeres,1 July,2009,1 de julio de 2009,139591
84 años,Mujeres,1 July,2009,1 de julio de 2009,127715
85 años,Mujeres,1 July,2009,1 de julio de 2009,116085
85 y más años,Mujeres,1 July,2009,1 de julio de 2009,675946
86 años,Mujeres,1 July,2009,1 de julio de 2009,105008
87 años,Mujeres,1 July,2009,1 de julio de 2009,91592
88 años,Mujeres,1 July,2009,1 de julio de 2009,76892
89 años,Mujeres,1 July,2009,1 de julio de 2009,62429
9 años,Mujeres,1 July,2009,1 de julio de 2009,214701
90 años,Mujeres,1 July,2009,1 de julio de 2009,50029
91 años,Mujeres,1 July,2009,1 de julio de 2009,41597
92 años,Mujeres,1 July,2009,1 de julio de 2009,33102
93 años,Mujeres,1 July,2009,1 de julio de 2009,26477
94 años,Mujeres,1 July,2009,1 de julio de 2009,21139
95 años,Mujeres,1 July,2009,1 de julio de 2009,16232
96 años,Mujeres,1 July,2009,1 de julio de 2009,11956
97 años,Mujeres,1 July,2009,1 de julio de 2009,8325
98 años,Mujeres,1 July,2009,1 de julio de 2009,5547
99 años,Mujeres,1 July,2009,1 de julio de 2009,3739
Todas las edades,Mujeres,1 July,2009,1 de julio de 2009,23433048
0 años,Total,1 July,2009,1 de julio de 2009,503462
1 año,Total,1 July,2009,1 de julio de 2009,509792
10 años,Total,1 July,2009,1 de julio de 2009,430098
100 años,Total,1 July,2009,1 de julio de 2009,
100 y más años,Total,1 July,2009,1 de julio de 2009,7426
101 años,Total,1 July,2009,1 de julio de 2009,
102 años,Total,1 July,2009,1 de julio de 2009,
103 años,Total,1 July,2009,1 de julio de 2009,
104 años,Total,1 July,2009,1 de julio de 2009,
105 y más años,Total,1 July,2009,1 de julio de 2009,
11 años,Total,1 July,2009,1 de julio de 2009,424080
12 años,Total,1 July,2009,1 de julio de 2009,422139
13 años,Total,1 July,2009,1 de julio de 2009,419758
14 años,Total,1 July,2009,1 de julio de 2009,422113
15 años,Total,1 July,2009,1 de julio de 2009,433077
16 años,Total,1 July,2009,1 de julio de 2009,449941
17 años,Total,1 July,2009,1 de julio de 2009,458901
18 años,Total,1 July,2009,1 de julio de 2009,464661
19 años,Total,1 July,2009,1 de julio de 2009,478530
2 años,Total,1 July,2009,1 de julio de 2009,497365
20 años,Total,1 July,2009,1 de julio de 2009,496677
21 años,Total,1 July,2009,1 de julio de 2009,515263
22 años,Total,1 July,2009,1 de julio de 2009,536219
23 años,Total,1 July,2009,1 de julio de 2009,562647
24 años,Total,1 July,2009,1 de julio de 2009,592958
25 años,Total,1 July,2009,1 de julio de 2009,622669
26 años,Total,1 July,2009,1 de julio de 2009,659099
27 años,Total,1 July,2009,1 de julio de 2009,699300
28 años,Total,1 July,2009,1 de julio de 2009,737096
29 años,Total,1 July,2009,1 de julio de 2009,768819
3 años,Total,1 July,2009,1 de julio de 2009,490368
30 años,Total,1 July,2009,1 de julio de 2009,798738
31 años,Total,1 July,2009,1 de julio de 2009,822377
32 años,Total,1 July,2009,1 de julio de 2009,835175
33 años,Total,1 July,2009,1 de julio de 2009,838886
34 años,Total,1 July,2009,1 de julio de 2009,831783
35 años,Total,1 July,2009,1 de julio de 2009,817072
36 años,Total,1 July,2009,1 de julio de 2009,803943
37 años,Total,1 July,2009,1 de julio de 2009,794383
38 años,Total,1 July,2009,1 de julio de 2009,782142
39 años,Total,1 July,2009,1 de julio de 2009,772492
4 años,Total,1 July,2009,1 de julio de 2009,482717
40 años,Total,1 July,2009,1 de julio de 2009,764551
41 años,Total,1 July,2009,1 de julio de 2009,762458
42 años,Total,1 July,2009,1 de julio de 2009,753008
43 años,Total,1 July,2009,1 de julio de 2009,739772
44 años,Total,1 July,2009,1 de julio de 2009,741340
45 años,Total,1 July,2009,1 de julio de 2009,727647
46 años,Total,1 July,2009,1 de julio de 2009,697537
47 años,Total,1 July,2009,1 de julio de 2009,677168
48 años,Total,1 July,2009,1 de julio de 2009,670392
49 años,Total,1 July,2009,1 de julio de 2009,662504
5 años,Total,1 July,2009,1 de julio de 2009,476109
50 años,Total,1 July,2009,1 de julio de 2009,645447
51 años,Total,1 July,2009,1 de julio de 2009,629649
52 años,Total,1 July,2009,1 de julio de 2009,600325
53 años,Total,1 July,2009,1 de julio de 2009,570371
54 años,Total,1 July,2009,1 de julio de 2009,548049
55 años,Total,1 July,2009,1 de julio de 2009,534592
56 años,Total,1 July,2009,1 de julio de 2009,533013
57 años,Total,1 July,2009,1 de julio de 2009,514001
58 años,Total,1 July,2009,1 de julio de 2009,490795
59 años,Total,1 July,2009,1 de julio de 2009,494292
6 años,Total,1 July,2009,1 de julio de 2009,462726
60 años,Total,1 July,2009,1 de julio de 2009,515068
61 años,Total,1 July,2009,1 de julio de 2009,503917
62 años,Total,1 July,2009,1 de julio de 2009,470334
63 años,Total,1 July,2009,1 de julio de 2009,469714
64 años,Total,1 July,2009,1 de julio de 2009,468110
65 años,Total,1 July,2009,1 de julio de 2009,452609
66 años,Total,1 July,2009,1 de julio de 2009,418029
67 años,Total,1 July,2009,1 de julio de 2009,371510
68 años,Total,1 July,2009,1 de julio de 2009,395504
69 años,Total,1 July,2009,1 de julio de 2009,362426
7 años,Total,1 July,2009,1 de julio de 2009,451806
70 años,Total,1 July,2009,1 de julio de 2009,308459
71 años,Total,1 July,2009,1 de julio de 2009,345261
72 años,Total,1 July,2009,1 de julio de 2009,378830
73 años,Total,1 July,2009,1 de julio de 2009,386173
74 años,Total,1 July,2009,1 de julio de 2009,374001
75 años,Total,1 July,2009,1 de julio de 2009,371268
76 años,Total,1 July,2009,1 de julio de 2009,366404
77 años,Total,1 July,2009,1 de julio de 2009,346985
78 años,Total,1 July,2009,1 de julio de 2009,329829
79 años,Total,1 July,2009,1 de julio de 2009,311329
8 años,Total,1 July,2009,1 de julio de 2009,448938
80 años,Total,1 July,2009,1 de julio de 2009,289056
81 años,Total,1 July,2009,1 de julio de 2009,266015
82 años,Total,1 July,2009,1 de julio de 2009,243636
83 años,Total,1 July,2009,1 de julio de 2009,223696
84 años,Total,1 July,2009,1 de julio de 2009,201117
85 años,Total,1 July,2009,1 de julio de 2009,180500
85 y más años,Total,1 July,2009,1 de julio de 2009,984979
86 años,Total,1 July,2009,1 de julio de 2009,160217
87 años,Total,1 July,2009,1 de julio de 2009,137748
88 años,Total,1 July,2009,1 de julio de 2009,113560
89 años,Total,1 July,2009,1 de julio de 2009,89318
9 años,Total,1 July,2009,1 de julio de 2009,442061
90 años,Total,1 July,2009,1 de julio de 2009,70096
91 años,Total,1 July,2009,1 de julio de 2009,57292
92 años,Total,1 July,2009,1 de julio de 2009,45207
93 años,Total,1 July,2009,1 de julio de 2009,35791
94 años,Total,1 July,2009,1 de julio de 2009,28131
95 años,Total,1 July,2009,1 de julio de 2009,21374
96 años,Total,1 July,2009,1 de julio de 2009,15666
97 años,Total,1 July,2009,1 de julio de 2009,10792
98 años,Total,1 July,2009,1 de julio de 2009,7099
99 años,Total,1 July,2009,1 de julio de 2009,4760
Todas las edades,Total,1 July,2009,1 de julio de 2009,46367550
0 años,Hombres,1 July,2010,1 de julio de 2010,247827
1 año,Hombres,1 July,2010,1 de julio de 2010,262331
10 años,Hombres,1 July,2010,1 de julio de 2010,228357
100 años,Hombres,1 July,2010,1 de julio de 2010,
100 y más años,Hombres,1 July,2010,1 de julio de 2010,1855
101 años,Hombres,1 July,2010,1 de julio de 2010,
102 años,Hombres,1 July,2010,1 de julio de 2010,
103 años,Hombres,1 July,2010,1 de julio de 2010,
104 años,Hombres,1 July,2010,1 de julio de 2010,
105 y más años,Hombres,1 July,2010,1 de julio de 2010,
11 años,Hombres,1 July,2010,1 de julio de 2010,222193
12 años,Hombres,1 July,2010,1 de julio de 2010,219279
13 años,Hombres,1 July,2010,1 de julio de 2010,217753
14 años,Hombres,1 July,2010,1 de julio de 2010,216695
15 años,Hombres,1 July,2010,1 de julio de 2010,218497
16 años,Hombres,1 July,2010,1 de julio de 2010,224672
17 años,Hombres,1 July,2010,1 de julio de 2010,233807
18 años,Hombres,1 July,2010,1 de julio de 2010,238962
19 años,Hombres,1 July,2010,1 de julio de 2010,241601
2 años,Hombres,1 July,2010,1 de julio de 2010,263500
20 años,Hombres,1 July,2010,1 de julio de 2010,247648
21 años,Hombres,1 July,2010,1 de julio de 2010,255699
22 años,Hombres,1 July,2010,1 de julio de 2010,263829
23 años,Hombres,1 July,2010,1 de julio de 2010,273502
24 años,Hombres,1 July,2010,1 de julio de 2010,286501
25 años,Hombres,1 July,2010,1 de julio de 2010,301719
26 años,Hombres,1 July,2010,1 de julio de 2010,316846
27 años,Hombres,1 July,2010,1 de julio de 2010,336019
28 años,Hombres,1 July,2010,1 de julio de 2010,357136
29 años,Hombres,1 July,2010,1 de julio de 2010,377124
3 años,Hombres,1 July,2010,1 de julio de 2010,257088
30 años,Hombres,1 July,2010,1 de julio de 2010,393826
31 años,Hombres,1 July,2010,1 de julio de 2010,410309
32 años,Hombres,1 July,2010,1 de julio de 2010,424185
33 años,Hombres,1 July,2010,1 de julio de 2010,430962
34 años,Hombres,1 July,2010,1 de julio de 2010,433123
35 años,Hombres,1 July,2010,1 de julio de 2010,429696
36 años,Hombres,1 July,2010,1 de julio de 2010,421821
37 años,Hombres,1 July,2010,1 de julio de 2010,415020
38 años,Hombres,1 July,2010,1 de julio de 2010,409466
39 años,Hombres,1 July,2010,1 de julio de 2010,402648
4 años,Hombres,1 July,2010,1 de julio de 2010,253069
40 años,Hombres,1 July,2010,1 de julio de 2010,396468
41 años,Hombres,1 July,2010,1 de julio de 2010,391098
42 años,Hombres,1 July,2010,1 de julio de 2010,388948
43 años,Hombres,1 July,2010,1 de julio de 2010,383042
44 años,Hombres,1 July,2010,1 de julio de 2010,375217
45 años,Hombres,1 July,2010,1 de julio de 2010,374685
46 años,Hombres,1 July,2010,1 de julio de 2010,367066
47 años,Hombres,1 July,2010,1 de julio de 2010,350901
48 años,Hombres,1 July,2010,1 de julio de 2010,339477
49 años,Hombres,1 July,2010,1 de julio de 2010,335385
5 años,Hombres,1 July,2010,1 de julio de 2010,249007
50 años,Hombres,1 July,2010,1 de julio de 2010,330805
51 años,Hombres,1 July,2010,1 de julio de 2010,321458
52 años,Hombres,1 July,2010,1 de julio de 2010,312776
53 años,Hombres,1 July,2010,1 de julio de 2010,297461
54 años,Hombres,1 July,2010,1 de julio de 2010,282018
55 años,Hombres,1 July,2010,1 de julio de 2010,269877
56 años,Hombres,1 July,2010,1 de julio de 2010,262683
57 años,Hombres,1 July,2010,1 de julio de 2010,262214
58 años,Hombres,1 July,2010,1 de julio de 2010,252173
59 años,Hombres,1 July,2010,1 de julio de 2010,239709
6 años,Hombres,1 July,2010,1 de julio de 2010,245230
60 años,Hombres,1 July,2010,1 de julio de 2010,240104
61 años,Hombres,1 July,2010,1 de julio de 2010,249149
62 años,Hombres,1 July,2010,1 de julio de 2010,243239
63 años,Hombres,1 July,2010,1 de julio de 2010,225644
64 años,Hombres,1 July,2010,1 de julio de 2010,224029
65 años,Hombres,1 July,2010,1 de julio de 2010,222595
66 años,Hombres,1 July,2010,1 de julio de 2010,214458
67 años,Hombres,1 July,2010,1 de julio de 2010,197382
68 años,Hombres,1 July,2010,1 de julio de 2010,174648
69 años,Hombres,1 July,2010,1 de julio de 2010,184184
7 años,Hombres,1 July,2010,1 de julio de 2010,238019
70 años,Hombres,1 July,2010,1 de julio de 2010,166416
71 años,Hombres,1 July,2010,1 de julio de 2010,139604
72 años,Hombres,1 July,2010,1 de julio de 2010,155196
73 años,Hombres,1 July,2010,1 de julio de 2010,167351
74 años,Hombres,1 July,2010,1 de julio de 2010,168580
75 años,Hombres,1 July,2010,1 de julio de 2010,161821
76 años,Hombres,1 July,2010,1 de julio de 2010,157999
77 años,Hombres,1 July,2010,1 de julio de 2010,153388
78 años,Hombres,1 July,2010,1 de julio de 2010,142955
79 años,Hombres,1 July,2010,1 de julio de 2010,132525
8 años,Hombres,1 July,2010,1 de julio de 2010,232385
80 años,Hombres,1 July,2010,1 de julio de 2010,121697
81 años,Hombres,1 July,2010,1 de julio de 2010,109989
82 años,Hombres,1 July,2010,1 de julio de 2010,98238
83 años,Hombres,1 July,2010,1 de julio de 2010,87159
84 años,Hombres,1 July,2010,1 de julio de 2010,77117
85 años,Hombres,1 July,2010,1 de julio de 2010,66640
85 y más años,Hombres,1 July,2010,1 de julio de 2010,330809
86 años,Hombres,1 July,2010,1 de julio de 2010,57848
87 años,Hombres,1 July,2010,1 de julio de 2010,48953
88 años,Hombres,1 July,2010,1 de julio de 2010,40236
89 años,Hombres,1 July,2010,1 de julio de 2010,31446
9 años,Hombres,1 July,2010,1 de julio de 2010,231498
90 años,Hombres,1 July,2010,1 de julio de 2010,22699
91 años,Hombres,1 July,2010,1 de julio de 2010,16601
92 años,Hombres,1 July,2010,1 de julio de 2010,12728
93 años,Hombres,1 July,2010,1 de julio de 2010,9629
94 años,Hombres,1 July,2010,1 de julio de 2010,7292
95 años,Hombres,1 July,2010,1 de julio de 2010,5366
96 años,Hombres,1 July,2010,1 de julio de 2010,3852
97 años,Hombres,1 July,2010,1 de julio de 2010,2739
98 años,Hombres,1 July,2010,1 de julio de 2010,1807
99 años,Hombres,1 July,2010,1 de julio de 2010,1119
Todas las edades,Hombres,1 July,2010,1 de julio de 2010,23008580
0 años,Mujeres,1 July,2010,1 de julio de 2010,232001
1 año,Mujeres,1 July,2010,1 de julio de 2010,245429
10 años,Mujeres,1 July,2010,1 de julio de 2010,215535
100 años,Mujeres,1 July,2010,1 de julio de 2010,
100 y más años,Mujeres,1 July,2010,1 de julio de 2010,6845
101 años,Mujeres,1 July,2010,1 de julio de 2010,
102 años,Mujeres,1 July,2010,1 de julio de 2010,
103 años,Mujeres,1 July,2010,1 de julio de 2010,
104 años,Mujeres,1 July,2010,1 de julio de 2010,
105 y más años,Mujeres,1 July,2010,1 de julio de 2010,
11 años,Mujeres,1 July,2010,1 de julio de 2010,209734
12 años,Mujeres,1 July,2010,1 de julio de 2010,206904
13 años,Mujeres,1 July,2010,1 de julio de 2010,206804
14 años,Mujeres,1 July,2010,1 de julio de 2010,205226
15 años,Mujeres,1 July,2010,1 de julio de 2010,205668
16 años,Mujeres,1 July,2010,1 de julio de 2010,210993
17 años,Mujeres,1 July,2010,1 de julio de 2010,219680
18 años,Mujeres,1 July,2010,1 de julio de 2010,224264
19 años,Mujeres,1 July,2010,1 de julio de 2010,227737
2 años,Mujeres,1 July,2010,1 de julio de 2010,247197
20 años,Mujeres,1 July,2010,1 de julio de 2010,235745
21 años,Mujeres,1 July,2010,1 de julio de 2010,245496
22 años,Mujeres,1 July,2010,1 de julio de 2010,255256
23 años,Mujeres,1 July,2010,1 de julio de 2010,266157
24 años,Mujeres,1 July,2010,1 de julio de 2010,279032
25 años,Mujeres,1 July,2010,1 de julio de 2010,293289
26 años,Mujeres,1 July,2010,1 de julio de 2010,307215
27 años,Mujeres,1 July,2010,1 de julio de 2010,323712
28 años,Mujeres,1 July,2010,1 de julio de 2010,341687
29 años,Mujeres,1 July,2010,1 de julio de 2010,358569
3 años,Mujeres,1 July,2010,1 de julio de 2010,241596
30 años,Mujeres,1 July,2010,1 de julio de 2010,373272
31 años,Mujeres,1 July,2010,1 de julio de 2010,386633
32 años,Mujeres,1 July,2010,1 de julio de 2010,396334
33 años,Mujeres,1 July,2010,1 de julio de 2010,402258
34 años,Mujeres,1 July,2010,1 de julio de 2010,403983
35 años,Mujeres,1 July,2010,1 de julio de 2010,400713
36 años,Mujeres,1 July,2010,1 de julio de 2010,394236
37 años,Mujeres,1 July,2010,1 de julio de 2010,388003
38 años,Mujeres,1 July,2010,1 de julio de 2010,384226
39 años,Mujeres,1 July,2010,1 de julio de 2010,378955
4 años,Mujeres,1 July,2010,1 de julio de 2010,238580
40 años,Mujeres,1 July,2010,1 de julio de 2010,375404
41 años,Mujeres,1 July,2010,1 de julio de 2010,372993
42 años,Mujeres,1 July,2010,1 de julio de 2010,373202
43 años,Mujeres,1 July,2010,1 de julio de 2010,369617
44 años,Mujeres,1 July,2010,1 de julio de 2010,364165
45 años,Mujeres,1 July,2010,1 de julio de 2010,366227
46 años,Mujeres,1 July,2010,1 de julio de 2010,360001
47 años,Mujeres,1 July,2010,1 de julio de 2010,345913
48 años,Mujeres,1 July,2010,1 de julio de 2010,336891
49 años,Mujeres,1 July,2010,1 de julio de 2010,334194
5 años,Mujeres,1 July,2010,1 de julio de 2010,234773
50 años,Mujeres,1 July,2010,1 de julio de 2010,330729
51 años,Mujeres,1 July,2010,1 de julio de 2010,322895
52 años,Mujeres,1 July,2010,1 de julio de 2010,315621
53 años,Mujeres,1 July,2010,1 de julio de 2010,301499
54 años,Mujeres,1 July,2010,1 de julio de 2010,286958
55 años,Mujeres,1 July,2010,1 de julio de 2010,276753
56 años,Mujeres,1 July,2010,1 de julio de 2010,270318
57 años,Mujeres,1 July,2010,1 de julio de 2010,268971
58 años,Mujeres,1 July,2010,1 de julio de 2010,260073
59 años,Mujeres,1 July,2010,1 de julio de 2010,249292
6 años,Mujeres,1 July,2010,1 de julio de 2010,231695
60 años,Mujeres,1 July,2010,1 de julio de 2010,252283
61 años,Mujeres,1 July,2010,1 de julio de 2010,263995
62 años,Mujeres,1 July,2010,1 de julio de 2010,258608
63 años,Mujeres,1 July,2010,1 de julio de 2010,242410
64 años,Mujeres,1 July,2010,1 de julio de 2010,243065
65 años,Mujeres,1 July,2010,1 de julio de 2010,242722
66 años,Mujeres,1 July,2010,1 de julio de 2010,235062
67 años,Mujeres,1 July,2010,1 de julio de 2010,217251
68 años,Mujeres,1 July,2010,1 de julio de 2010,193396
69 años,Mujeres,1 July,2010,1 de julio de 2010,207089
7 años,Mujeres,1 July,2010,1 de julio de 2010,225483
70 años,Mujeres,1 July,2010,1 de julio de 2010,191658
71 años,Mujeres,1 July,2010,1 de julio de 2010,164566
72 años,Mujeres,1 July,2010,1 de julio de 2010,184756
73 años,Mujeres,1 July,2010,1 de julio de 2010,204807
74 años,Mujeres,1 July,2010,1 de julio de 2010,210014
75 años,Mujeres,1 July,2010,1 de julio de 2010,204060
76 años,Mujeres,1 July,2010,1 de julio de 2010,204159
77 años,Mujeres,1 July,2010,1 de julio de 2010,202987
78 años,Mujeres,1 July,2010,1 de julio de 2010,193414
79 años,Mujeres,1 July,2010,1 de julio de 2010,185825
8 años,Mujeres,1 July,2010,1 de julio de 2010,220317
80 años,Mujeres,1 July,2010,1 de julio de 2010,177249
81 años,Mujeres,1 July,2010,1 de julio de 2010,165938
82 años,Mujeres,1 July,2010,1 de julio de 2010,154097
83 años,Mujeres,1 July,2010,1 de julio de 2010,142365
84 años,Mujeres,1 July,2010,1 de julio de 2010,132034
85 años,Mujeres,1 July,2010,1 de julio de 2010,119758
85 y más años,Mujeres,1 July,2010,1 de julio de 2010,715230
86 años,Mujeres,1 July,2010,1 de julio de 2010,107909
87 años,Mujeres,1 July,2010,1 de julio de 2010,96526
88 años,Mujeres,1 July,2010,1 de julio de 2010,83105
89 años,Mujeres,1 July,2010,1 de julio de 2010,68700
9 años,Mujeres,1 July,2010,1 de julio de 2010,218756
90 años,Mujeres,1 July,2010,1 de julio de 2010,54905
91 años,Mujeres,1 July,2010,1 de julio de 2010,43275
92 años,Mujeres,1 July,2010,1 de julio de 2010,35353
93 años,Mujeres,1 July,2010,1 de julio de 2010,27631
94 años,Mujeres,1 July,2010,1 de julio de 2010,21722
95 años,Mujeres,1 July,2010,1 de julio de 2010,17017
96 años,Mujeres,1 July,2010,1 de julio de 2010,12779
97 años,Mujeres,1 July,2010,1 de julio de 2010,9240
98 años,Mujeres,1 July,2010,1 de julio de 2010,6332
99 años,Mujeres,1 July,2010,1 de julio de 2010,4133
Todas las edades,Mujeres,1 July,2010,1 de julio de 2010,23553902
0 años,Total,1 July,2010,1 de julio de 2010,479828
1 año,Total,1 July,2010,1 de julio de 2010,507760
10 años,Total,1 July,2010,1 de julio de 2010,443892
100 años,Total,1 July,2010,1 de julio de 2010,
100 y más años,Total,1 July,2010,1 de julio de 2010,8700
101 años,Total,1 July,2010,1 de julio de 2010,
102 años,Total,1 July,2010,1 de julio de 2010,
103 años,Total,1 July,2010,1 de julio de 2010,
104 años,Total,1 July,2010,1 de julio de 2010,
105 y más años,Total,1 July,2010,1 de julio de 2010,
11 años,Total,1 July,2010,1 de julio de 2010,431927
12 años,Total,1 July,2010,1 de julio de 2010,426184
13 años,Total,1 July,2010,1 de julio de 2010,424557
14 años,Total,1 July,2010,1 de julio de 2010,421920
15 años,Total,1 July,2010,1 de julio de 2010,424165
16 años,Total,1 July,2010,1 de julio de 2010,435665
17 años,Total,1 July,2010,1 de julio de 2010,453488
18 años,Total,1 July,2010,1 de julio de 2010,463226
19 años,Total,1 July,2010,1 de julio de 2010,469338
2 años,Total,1 July,2010,1 de julio de 2010,510697
20 años,Total,1 July,2010,1 de julio de 2010,483393
21 años,Total,1 July,2010,1 de julio de 2010,501195
22 años,Total,1 July,2010,1 de julio de 2010,519085
23 años,Total,1 July,2010,1 de julio de 2010,539659
24 años,Total,1 July,2010,1 de julio de 2010,565533
25 años,Total,1 July,2010,1 de julio de 2010,595007
26 años,Total,1 July,2010,1 de julio de 2010,624062
27 años,Total,1 July,2010,1 de julio de 2010,659731
28 años,Total,1 July,2010,1 de julio de 2010,698824
29 años,Total,1 July,2010,1 de julio de 2010,735693
3 años,Total,1 July,2010,1 de julio de 2010,498684
30 años,Total,1 July,2010,1 de julio de 2010,767098
31 años,Total,1 July,2010,1 de julio de 2010,796942
32 años,Total,1 July,2010,1 de julio de 2010,820519
33 años,Total,1 July,2010,1 de julio de 2010,833220
34 años,Total,1 July,2010,1 de julio de 2010,837106
35 años,Total,1 July,2010,1 de julio de 2010,830409
36 años,Total,1 July,2010,1 de julio de 2010,816057
37 años,Total,1 July,2010,1 de julio de 2010,803023
38 años,Total,1 July,2010,1 de julio de 2010,793693
39 años,Total,1 July,2010,1 de julio de 2010,781603
4 años,Total,1 July,2010,1 de julio de 2010,491649
40 años,Total,1 July,2010,1 de julio de 2010,771872
41 años,Total,1 July,2010,1 de julio de 2010,764091
42 años,Total,1 July,2010,1 de julio de 2010,762150
43 años,Total,1 July,2010,1 de julio de 2010,752658
44 años,Total,1 July,2010,1 de julio de 2010,739382
45 años,Total,1 July,2010,1 de julio de 2010,740912
46 años,Total,1 July,2010,1 de julio de 2010,727068
47 años,Total,1 July,2010,1 de julio de 2010,696814
48 años,Total,1 July,2010,1 de julio de 2010,676368
49 años,Total,1 July,2010,1 de julio de 2010,669580
5 años,Total,1 July,2010,1 de julio de 2010,483779
50 años,Total,1 July,2010,1 de julio de 2010,661534
51 años,Total,1 July,2010,1 de julio de 2010,644353
52 años,Total,1 July,2010,1 de julio de 2010,628397
53 años,Total,1 July,2010,1 de julio de 2010,598960
54 años,Total,1 July,2010,1 de julio de 2010,568975
55 años,Total,1 July,2010,1 de julio de 2010,546631
56 años,Total,1 July,2010,1 de julio de 2010,533001
57 años,Total,1 July,2010,1 de julio de 2010,531185
58 años,Total,1 July,2010,1 de julio de 2010,512246
59 años,Total,1 July,2010,1 de julio de 2010,489002
6 años,Total,1 July,2010,1 de julio de 2010,476924
60 años,Total,1 July,2010,1 de julio de 2010,492387
61 años,Total,1 July,2010,1 de julio de 2010,513144
62 años,Total,1 July,2010,1 de julio de 2010,501847
63 años,Total,1 July,2010,1 de julio de 2010,468054
64 años,Total,1 July,2010,1 de julio de 2010,467094
65 años,Total,1 July,2010,1 de julio de 2010,465317
66 años,Total,1 July,2010,1 de julio de 2010,449520
67 años,Total,1 July,2010,1 de julio de 2010,414633
68 años,Total,1 July,2010,1 de julio de 2010,368044
69 años,Total,1 July,2010,1 de julio de 2010,391273
7 años,Total,1 July,2010,1 de julio de 2010,463502
70 años,Total,1 July,2010,1 de julio de 2010,358074
71 años,Total,1 July,2010,1 de julio de 2010,304170
72 años,Total,1 July,2010,1 de julio de 2010,339952
73 años,Total,1 July,2010,1 de julio de 2010,372158
74 años,Total,1 July,2010,1 de julio de 2010,378593
75 años,Total,1 July,2010,1 de julio de 2010,365881
76 años,Total,1 July,2010,1 de julio de 2010,362157
77 años,Total,1 July,2010,1 de julio de 2010,356375
78 años,Total,1 July,2010,1 de julio de 2010,336369
79 años,Total,1 July,2010,1 de julio de 2010,318350
8 años,Total,1 July,2010,1 de julio de 2010,452702
80 años,Total,1 July,2010,1 de julio de 2010,298946
81 años,Total,1 July,2010,1 de julio de 2010,275927
82 años,Total,1 July,2010,1 de julio de 2010,252335
83 años,Total,1 July,2010,1 de julio de 2010,229524
84 años,Total,1 July,2010,1 de julio de 2010,209151
85 años,Total,1 July,2010,1 de julio de 2010,186398
85 y más años,Total,1 July,2010,1 de julio de 2010,1046039
86 años,Total,1 July,2010,1 de julio de 2010,165757
87 años,Total,1 July,2010,1 de julio de 2010,145479
88 años,Total,1 July,2010,1 de julio de 2010,123341
89 años,Total,1 July,2010,1 de julio de 2010,100146
9 años,Total,1 July,2010,1 de julio de 2010,450255
90 años,Total,1 July,2010,1 de julio de 2010,77604
91 años,Total,1 July,2010,1 de julio de 2010,59876
92 años,Total,1 July,2010,1 de julio de 2010,48080
93 años,Total,1 July,2010,1 de julio de 2010,37260
94 años,Total,1 July,2010,1 de julio de 2010,29015
95 años,Total,1 July,2010,1 de julio de 2010,22383
96 años,Total,1 July,2010,1 de julio de 2010,16631
97 años,Total,1 July,2010,1 de julio de 2010,11980
98 años,Total,1 July,2010,1 de julio de 2010,8139
99 años,Total,1 July,2010,1 de julio de 2010,5252
Todas las edades,Total,1 July,2010,1 de julio de 2010,46562483
0 años,Hombres,1 July,2011,1 de julio de 2011,244986
1 año,Hombres,1 July,2011,1 de julio de 2011,252595
10 años,Hombres,1 July,2011,1 de julio de 2011,232079
100 años,Hombres,1 July,2011,1 de julio de 2011,
100 y más años,Hombres,1 July,2011,1 de julio de 2011,2114
101 años,Hombres,1 July,2011,1 de julio de 2011,
102 años,Hombres,1 July,2011,1 de julio de 2011,
103 años,Hombres,1 July,2011,1 de julio de 2011,
104 años,Hombres,1 July,2011,1 de julio de 2011,
105 y más años,Hombres,1 July,2011,1 de julio de 2011,
11 años,Hombres,1 July,2011,1 de julio de 2011,229257
12 años,Hombres,1 July,2011,1 de julio de 2011,223203
13 años,Hombres,1 July,2011,1 de julio de 2011,220343
14 años,Hombres,1 July,2011,1 de julio de 2011,218822
15 años,Hombres,1 July,2011,1 de julio de 2011,217789
16 años,Hombres,1 July,2011,1 de julio de 2011,219729
17 años,Hombres,1 July,2011,1 de julio de 2011,226273
18 años,Hombres,1 July,2011,1 de julio de 2011,235602
19 años,Hombres,1 July,2011,1 de julio de 2011,240624
2 años,Hombres,1 July,2011,1 de julio de 2011,262394
20 años,Hombres,1 July,2011,1 de julio de 2011,243254
21 años,Hombres,1 July,2011,1 de julio de 2011,249242
22 años,Hombres,1 July,2011,1 de julio de 2011,256983
23 años,Hombres,1 July,2011,1 de julio de 2011,264769
24 años,Hombres,1 July,2011,1 de julio de 2011,274061
25 años,Hombres,1 July,2011,1 de julio de 2011,286511
26 años,Hombres,1 July,2011,1 de julio de 2011,301078
27 años,Hombres,1 July,2011,1 de julio de 2011,315846
28 años,Hombres,1 July,2011,1 de julio de 2011,334583
29 años,Hombres,1 July,2011,1 de julio de 2011,355222
3 años,Hombres,1 July,2011,1 de julio de 2011,264015
30 años,Hombres,1 July,2011,1 de julio de 2011,374718
31 años,Hombres,1 July,2011,1 de julio de 2011,391206
32 años,Hombres,1 July,2011,1 de julio de 2011,407707
33 años,Hombres,1 July,2011,1 de julio de 2011,421591
34 años,Hombres,1 July,2011,1 de julio de 2011,428606
35 años,Hombres,1 July,2011,1 de julio de 2011,430970
36 años,Hombres,1 July,2011,1 de julio de 2011,427705
37 años,Hombres,1 July,2011,1 de julio de 2011,420007
38 años,Hombres,1 July,2011,1 de julio de 2011,413430
39 años,Hombres,1 July,2011,1 de julio de 2011,408079
4 años,Hombres,1 July,2011,1 de julio de 2011,257807
40 años,Hombres,1 July,2011,1 de julio de 2011,401243
41 años,Hombres,1 July,2011,1 de julio de 2011,395203
42 años,Hombres,1 July,2011,1 de julio de 2011,389981
43 años,Hombres,1 July,2011,1 de julio de 2011,387899
44 años,Hombres,1 July,2011,1 de julio de 2011,382052
45 años,Hombres,1 July,2011,1 de julio de 2011,374247
46 años,Hombres,1 July,2011,1 de julio de 2011,373699
47 años,Hombres,1 July,2011,1 de julio de 2011,366062
48 años,Hombres,1 July,2011,1 de julio de 2011,350116
49 años,Hombres,1 July,2011,1 de julio de 2011,338653
5 años,Hombres,1 July,2011,1 de julio de 2011,253590
50 años,Hombres,1 July,2011,1 de julio de 2011,334316
51 años,Hombres,1 July,2011,1 de julio de 2011,329744
52 años,Hombres,1 July,2011,1 de julio de 2011,320423
53 años,Hombres,1 July,2011,1 de julio de 2011,311558
54 años,Hombres,1 July,2011,1 de julio de 2011,296160
55 años,Hombres,1 July,2011,1 de julio de 2011,280737
56 años,Hombres,1 July,2011,1 de julio de 2011,268622
57 años,Hombres,1 July,2011,1 de julio de 2011,261359
58 años,Hombres,1 July,2011,1 de julio de 2011,260817
59 años,Hombres,1 July,2011,1 de julio de 2011,250779
6 años,Hombres,1 July,2011,1 de julio de 2011,249495
60 años,Hombres,1 July,2011,1 de julio de 2011,238344
61 años,Hombres,1 July,2011,1 de julio de 2011,238644
62 años,Hombres,1 July,2011,1 de julio de 2011,247434
63 años,Hombres,1 July,2011,1 de julio de 2011,241338
64 años,Hombres,1 July,2011,1 de julio de 2011,223747
65 años,Hombres,1 July,2011,1 de julio de 2011,222074
66 años,Hombres,1 July,2011,1 de julio de 2011,220426
67 años,Hombres,1 July,2011,1 de julio de 2011,211994
68 años,Hombres,1 July,2011,1 de julio de 2011,194778
69 años,Hombres,1 July,2011,1 de julio de 2011,172063
7 años,Hombres,1 July,2011,1 de julio de 2011,245647
70 años,Hombres,1 July,2011,1 de julio de 2011,181094
71 años,Hombres,1 July,2011,1 de julio de 2011,163289
72 años,Hombres,1 July,2011,1 de julio de 2011,136562
73 años,Hombres,1 July,2011,1 de julio de 2011,151462
74 años,Hombres,1 July,2011,1 de julio de 2011,162826
75 años,Hombres,1 July,2011,1 de julio de 2011,163537
76 años,Hombres,1 July,2011,1 de julio de 2011,156564
77 años,Hombres,1 July,2011,1 de julio de 2011,152214
78 años,Hombres,1 July,2011,1 de julio de 2011,147081
79 años,Hombres,1 July,2011,1 de julio de 2011,136372
8 años,Hombres,1 July,2011,1 de julio de 2011,238331
80 años,Hombres,1 July,2011,1 de julio de 2011,125593
81 años,Hombres,1 July,2011,1 de julio de 2011,114479
82 años,Hombres,1 July,2011,1 de julio de 2011,102700
83 años,Hombres,1 July,2011,1 de julio de 2011,90973
84 años,Hombres,1 July,2011,1 de julio de 2011,79893
85 años,Hombres,1 July,2011,1 de julio de 2011,69997
85 y más años,Hombres,1 July,2011,1 de julio de 2011,353291
86 años,Hombres,1 July,2011,1 de julio de 2011,59773
87 años,Hombres,1 July,2011,1 de julio de 2011,51268
88 años,Hombres,1 July,2011,1 de julio de 2011,42827
89 años,Hombres,1 July,2011,1 de julio de 2011,34623
9 años,Hombres,1 July,2011,1 de julio de 2011,232683
90 años,Hombres,1 July,2011,1 de julio de 2011,26561
91 años,Hombres,1 July,2011,1 de julio de 2011,18854
92 años,Hombres,1 July,2011,1 de julio de 2011,13593
93 años,Hombres,1 July,2011,1 de julio de 2011,10193
94 años,Hombres,1 July,2011,1 de julio de 2011,7576
95 años,Hombres,1 July,2011,1 de julio de 2011,5632
96 años,Hombres,1 July,2011,1 de julio de 2011,4061
97 años,Hombres,1 July,2011,1 de julio de 2011,2885
98 años,Hombres,1 July,2011,1 de julio de 2011,2026
99 años,Hombres,1 July,2011,1 de julio de 2011,1308
Todas las edades,Hombres,1 July,2011,1 de julio de 2011,23073274
0 años,Mujeres,1 July,2011,1 de julio de 2011,229738
1 año,Mujeres,1 July,2011,1 de julio de 2011,236570
10 años,Mujeres,1 July,2011,1 de julio de 2011,219124
100 años,Mujeres,1 July,2011,1 de julio de 2011,
100 y más años,Mujeres,1 July,2011,1 de julio de 2011,8152
101 años,Mujeres,1 July,2011,1 de julio de 2011,
102 años,Mujeres,1 July,2011,1 de julio de 2011,
103 años,Mujeres,1 July,2011,1 de julio de 2011,
104 años,Mujeres,1 July,2011,1 de julio de 2011,
105 y más años,Mujeres,1 July,2011,1 de julio de 2011,
11 años,Mujeres,1 July,2011,1 de julio de 2011,216160
12 años,Mujeres,1 July,2011,1 de julio de 2011,210367
13 años,Mujeres,1 July,2011,1 de julio de 2011,207651
14 años,Mujeres,1 July,2011,1 de julio de 2011,207742
15 años,Mujeres,1 July,2011,1 de julio de 2011,206002
16 años,Mujeres,1 July,2011,1 de julio de 2011,206509
17 años,Mujeres,1 July,2011,1 de julio de 2011,212253
18 años,Mujeres,1 July,2011,1 de julio de 2011,221477
19 años,Mujeres,1 July,2011,1 de julio de 2011,226795
2 años,Mujeres,1 July,2011,1 de julio de 2011,245399
20 años,Mujeres,1 July,2011,1 de julio de 2011,230761
21 años,Mujeres,1 July,2011,1 de julio de 2011,238919
22 años,Mujeres,1 July,2011,1 de julio de 2011,248702
23 años,Mujeres,1 July,2011,1 de julio de 2011,258374
24 años,Mujeres,1 July,2011,1 de julio de 2011,268929
25 años,Mujeres,1 July,2011,1 de julio de 2011,281334
26 años,Mujeres,1 July,2011,1 de julio de 2011,295143
27 años,Mujeres,1 July,2011,1 de julio de 2011,308480
28 años,Mujeres,1 July,2011,1 de julio de 2011,324532
29 años,Mujeres,1 July,2011,1 de julio de 2011,342174
3 años,Mujeres,1 July,2011,1 de julio de 2011,247411
30 años,Mujeres,1 July,2011,1 de julio de 2011,358768
31 años,Mujeres,1 July,2011,1 de julio de 2011,373225
32 años,Mujeres,1 July,2011,1 de julio de 2011,386412
33 años,Mujeres,1 July,2011,1 de julio de 2011,396200
34 años,Mujeres,1 July,2011,1 de julio de 2011,402203
35 años,Mujeres,1 July,2011,1 de julio de 2011,403959
36 años,Mujeres,1 July,2011,1 de julio de 2011,400807
37 años,Mujeres,1 July,2011,1 de julio de 2011,394418
38 años,Mujeres,1 July,2011,1 de julio de 2011,388264
39 años,Mujeres,1 July,2011,1 de julio de 2011,384634
4 años,Mujeres,1 July,2011,1 de julio de 2011,241985
40 años,Mujeres,1 July,2011,1 de julio de 2011,379354
41 años,Mujeres,1 July,2011,1 de julio de 2011,375746
42 años,Mujeres,1 July,2011,1 de julio de 2011,373380
43 años,Mujeres,1 July,2011,1 de julio de 2011,373585
44 años,Mujeres,1 July,2011,1 de julio de 2011,369998
45 años,Mujeres,1 July,2011,1 de julio de 2011,364546
46 años,Mujeres,1 July,2011,1 de julio de 2011,366493
47 años,Mujeres,1 July,2011,1 de julio de 2011,360165
48 años,Mujeres,1 July,2011,1 de julio de 2011,346055
49 años,Mujeres,1 July,2011,1 de julio de 2011,337027
5 años,Mujeres,1 July,2011,1 de julio de 2011,238964
50 años,Mujeres,1 July,2011,1 de julio de 2011,334307
51 años,Mujeres,1 July,2011,1 de julio de 2011,330702
52 años,Mujeres,1 July,2011,1 de julio de 2011,322692
53 años,Mujeres,1 July,2011,1 de julio de 2011,315515
54 años,Mujeres,1 July,2011,1 de julio de 2011,301369
55 años,Mujeres,1 July,2011,1 de julio de 2011,286650
56 años,Mujeres,1 July,2011,1 de julio de 2011,276422
57 años,Mujeres,1 July,2011,1 de julio de 2011,269964
58 años,Mujeres,1 July,2011,1 de julio de 2011,268548
59 años,Mujeres,1 July,2011,1 de julio de 2011,259596
6 años,Mujeres,1 July,2011,1 de julio de 2011,235164
60 años,Mujeres,1 July,2011,1 de julio de 2011,248893
61 años,Mujeres,1 July,2011,1 de julio de 2011,251915
62 años,Mujeres,1 July,2011,1 de julio de 2011,263448
63 años,Mujeres,1 July,2011,1 de julio de 2011,257934
64 años,Mujeres,1 July,2011,1 de julio de 2011,241716
65 años,Mujeres,1 July,2011,1 de julio de 2011,242303
66 años,Mujeres,1 July,2011,1 de julio de 2011,241837
67 años,Mujeres,1 July,2011,1 de julio de 2011,234021
68 años,Mujeres,1 July,2011,1 de julio de 2011,216082
69 años,Mujeres,1 July,2011,1 de julio de 2011,192139
7 años,Mujeres,1 July,2011,1 de julio de 2011,232029
70 años,Mujeres,1 July,2011,1 de julio de 2011,205561
71 años,Mujeres,1 July,2011,1 de julio de 2011,190009
72 años,Mujeres,1 July,2011,1 de julio de 2011,162885
73 años,Mujeres,1 July,2011,1 de julio de 2011,182701
74 años,Mujeres,1 July,2011,1 de julio de 2011,202139
75 años,Mujeres,1 July,2011,1 de julio de 2011,206906
76 años,Mujeres,1 July,2011,1 de julio de 2011,200700
77 años,Mujeres,1 July,2011,1 de julio de 2011,200312
78 años,Mujeres,1 July,2011,1 de julio de 2011,198635
79 años,Mujeres,1 July,2011,1 de julio de 2011,188546
8 años,Mujeres,1 July,2011,1 de julio de 2011,225835
80 años,Mujeres,1 July,2011,1 de julio de 2011,180333
81 años,Mujeres,1 July,2011,1 de julio de 2011,171264
82 años,Mujeres,1 July,2011,1 de julio de 2011,159421
83 años,Mujeres,1 July,2011,1 de julio de 2011,147041
84 años,Mujeres,1 July,2011,1 de julio de 2011,134811
85 años,Mujeres,1 July,2011,1 de julio de 2011,123974
85 y más años,Mujeres,1 July,2011,1 de julio de 2011,755287
86 años,Mujeres,1 July,2011,1 de julio de 2011,111358
87 años,Mujeres,1 July,2011,1 de julio de 2011,99351
88 años,Mujeres,1 July,2011,1 de julio de 2011,87710
89 años,Mujeres,1 July,2011,1 de julio de 2011,74418
9 años,Mujeres,1 July,2011,1 de julio de 2011,220613
90 años,Mujeres,1 July,2011,1 de julio de 2011,60589
91 años,Mujeres,1 July,2011,1 de julio de 2011,47638
92 años,Mujeres,1 July,2011,1 de julio de 2011,36923
93 años,Mujeres,1 July,2011,1 de julio de 2011,29650
94 años,Mujeres,1 July,2011,1 de julio de 2011,22712
95 años,Mujeres,1 July,2011,1 de julio de 2011,17531
96 años,Mujeres,1 July,2011,1 de julio de 2011,13523
97 años,Mujeres,1 July,2011,1 de julio de 2011,9986
98 años,Mujeres,1 July,2011,1 de julio de 2011,7058
99 años,Mujeres,1 July,2011,1 de julio de 2011,4716
Todas las edades,Mujeres,1 July,2011,1 de julio de 2011,23662983
0 años,Total,1 July,2011,1 de julio de 2011,474723
1 año,Total,1 July,2011,1 de julio de 2011,489165
10 años,Total,1 July,2011,1 de julio de 2011,451203
100 años,Total,1 July,2011,1 de julio de 2011,
100 y más años,Total,1 July,2011,1 de julio de 2011,10266
101 años,Total,1 July,2011,1 de julio de 2011,
102 años,Total,1 July,2011,1 de julio de 2011,
103 años,Total,1 July,2011,1 de julio de 2011,
104 años,Total,1 July,2011,1 de julio de 2011,
105 y más años,Total,1 July,2011,1 de julio de 2011,
11 años,Total,1 July,2011,1 de julio de 2011,445417
12 años,Total,1 July,2011,1 de julio de 2011,433570
13 años,Total,1 July,2011,1 de julio de 2011,427994
14 años,Total,1 July,2011,1 de julio de 2011,426564
15 años,Total,1 July,2011,1 de julio de 2011,423792
16 años,Total,1 July,2011,1 de julio de 2011,426238
17 años,Total,1 July,2011,1 de julio de 2011,438526
18 años,Total,1 July,2011,1 de julio de 2011,457079
19 años,Total,1 July,2011,1 de julio de 2011,467419
2 años,Total,1 July,2011,1 de julio de 2011,507794
20 años,Total,1 July,2011,1 de julio de 2011,474015
21 años,Total,1 July,2011,1 de julio de 2011,488161
22 años,Total,1 July,2011,1 de julio de 2011,505685
23 años,Total,1 July,2011,1 de julio de 2011,523143
24 años,Total,1 July,2011,1 de julio de 2011,542990
25 años,Total,1 July,2011,1 de julio de 2011,567845
26 años,Total,1 July,2011,1 de julio de 2011,596221
27 años,Total,1 July,2011,1 de julio de 2011,624326
28 años,Total,1 July,2011,1 de julio de 2011,659115
29 años,Total,1 July,2011,1 de julio de 2011,697395
3 años,Total,1 July,2011,1 de julio de 2011,511427
30 años,Total,1 July,2011,1 de julio de 2011,733487
31 años,Total,1 July,2011,1 de julio de 2011,764431
32 años,Total,1 July,2011,1 de julio de 2011,794119
33 años,Total,1 July,2011,1 de julio de 2011,817792
34 años,Total,1 July,2011,1 de julio de 2011,830809
35 años,Total,1 July,2011,1 de julio de 2011,834929
36 años,Total,1 July,2011,1 de julio de 2011,828513
37 años,Total,1 July,2011,1 de julio de 2011,814425
38 años,Total,1 July,2011,1 de julio de 2011,801695
39 años,Total,1 July,2011,1 de julio de 2011,792712
4 años,Total,1 July,2011,1 de julio de 2011,499792
40 años,Total,1 July,2011,1 de julio de 2011,780597
41 años,Total,1 July,2011,1 de julio de 2011,770948
42 años,Total,1 July,2011,1 de julio de 2011,763361
43 años,Total,1 July,2011,1 de julio de 2011,761484
44 años,Total,1 July,2011,1 de julio de 2011,752050
45 años,Total,1 July,2011,1 de julio de 2011,738792
46 años,Total,1 July,2011,1 de julio de 2011,740192
47 años,Total,1 July,2011,1 de julio de 2011,726227
48 años,Total,1 July,2011,1 de julio de 2011,696171
49 años,Total,1 July,2011,1 de julio de 2011,675681
5 años,Total,1 July,2011,1 de julio de 2011,492554
50 años,Total,1 July,2011,1 de julio de 2011,668623
51 años,Total,1 July,2011,1 de julio de 2011,660446
52 años,Total,1 July,2011,1 de julio de 2011,643115
53 años,Total,1 July,2011,1 de julio de 2011,627072
54 años,Total,1 July,2011,1 de julio de 2011,597529
55 años,Total,1 July,2011,1 de julio de 2011,567387
56 años,Total,1 July,2011,1 de julio de 2011,545044
57 años,Total,1 July,2011,1 de julio de 2011,531323
58 años,Total,1 July,2011,1 de julio de 2011,529365
59 años,Total,1 July,2011,1 de julio de 2011,510375
6 años,Total,1 July,2011,1 de julio de 2011,484659
60 años,Total,1 July,2011,1 de julio de 2011,487237
61 años,Total,1 July,2011,1 de julio de 2011,490559
62 años,Total,1 July,2011,1 de julio de 2011,510882
63 años,Total,1 July,2011,1 de julio de 2011,499272
64 años,Total,1 July,2011,1 de julio de 2011,465463
65 años,Total,1 July,2011,1 de julio de 2011,464377
66 años,Total,1 July,2011,1 de julio de 2011,462264
67 años,Total,1 July,2011,1 de julio de 2011,446015
68 años,Total,1 July,2011,1 de julio de 2011,410860
69 años,Total,1 July,2011,1 de julio de 2011,364202
7 años,Total,1 July,2011,1 de julio de 2011,477676
70 años,Total,1 July,2011,1 de julio de 2011,386655
71 años,Total,1 July,2011,1 de julio de 2011,353298
72 años,Total,1 July,2011,1 de julio de 2011,299448
73 años,Total,1 July,2011,1 de julio de 2011,334163
74 años,Total,1 July,2011,1 de julio de 2011,364966
75 años,Total,1 July,2011,1 de julio de 2011,370444
76 años,Total,1 July,2011,1 de julio de 2011,357264
77 años,Total,1 July,2011,1 de julio de 2011,352526
78 años,Total,1 July,2011,1 de julio de 2011,345716
79 años,Total,1 July,2011,1 de julio de 2011,324918
8 años,Total,1 July,2011,1 de julio de 2011,464166
80 años,Total,1 July,2011,1 de julio de 2011,305926
81 años,Total,1 July,2011,1 de julio de 2011,285744
82 años,Total,1 July,2011,1 de julio de 2011,262121
83 años,Total,1 July,2011,1 de julio de 2011,238015
84 años,Total,1 July,2011,1 de julio de 2011,214704
85 años,Total,1 July,2011,1 de julio de 2011,193970
85 y más años,Total,1 July,2011,1 de julio de 2011,1108578
86 años,Total,1 July,2011,1 de julio de 2011,171131
87 años,Total,1 July,2011,1 de julio de 2011,150619
88 años,Total,1 July,2011,1 de julio de 2011,130537
89 años,Total,1 July,2011,1 de julio de 2011,109040
9 años,Total,1 July,2011,1 de julio de 2011,453296
90 años,Total,1 July,2011,1 de julio de 2011,87150
91 años,Total,1 July,2011,1 de julio de 2011,66493
92 años,Total,1 July,2011,1 de julio de 2011,50516
93 años,Total,1 July,2011,1 de julio de 2011,39842
94 años,Total,1 July,2011,1 de julio de 2011,30288
95 años,Total,1 July,2011,1 de julio de 2011,23163
96 años,Total,1 July,2011,1 de julio de 2011,17584
97 años,Total,1 July,2011,1 de julio de 2011,12871
98 años,Total,1 July,2011,1 de julio de 2011,9084
99 años,Total,1 July,2011,1 de julio de 2011,6024
Todas las edades,Total,1 July,2011,1 de julio de 2011,46736257
0 años,Hombres,1 July,2012,1 de julio de 2012,238025
1 año,Hombres,1 July,2012,1 de julio de 2012,246794
10 años,Hombres,1 July,2012,1 de julio de 2012,232665
100 años,Hombres,1 July,2012,1 de julio de 2012,842
100 y más años,Hombres,1 July,2012,1 de julio de 2012,2154
101 años,Hombres,1 July,2012,1 de julio de 2012,477
102 años,Hombres,1 July,2012,1 de julio de 2012,311
103 años,Hombres,1 July,2012,1 de julio de 2012,190
104 años,Hombres,1 July,2012,1 de julio de 2012,117
105 y más años,Hombres,1 July,2012,1 de julio de 2012,217
11 años,Hombres,1 July,2012,1 de julio de 2012,232227
12 años,Hombres,1 July,2012,1 de julio de 2012,229421
13 años,Hombres,1 July,2012,1 de julio de 2012,223442
14 años,Hombres,1 July,2012,1 de julio de 2012,220742
15 años,Hombres,1 July,2012,1 de julio de 2012,219496
16 años,Hombres,1 July,2012,1 de julio de 2012,218504
17 años,Hombres,1 July,2012,1 de julio de 2012,220803
18 años,Hombres,1 July,2012,1 de julio de 2012,227627
19 años,Hombres,1 July,2012,1 de julio de 2012,236674
2 años,Hombres,1 July,2012,1 de julio de 2012,251936
20 años,Hombres,1 July,2012,1 de julio de 2012,241413
21 años,Hombres,1 July,2012,1 de julio de 2012,244069
22 años,Hombres,1 July,2012,1 de julio de 2012,249712
23 años,Hombres,1 July,2012,1 de julio de 2012,257163
24 años,Hombres,1 July,2012,1 de julio de 2012,264952
25 años,Hombres,1 July,2012,1 de julio de 2012,273685
26 años,Hombres,1 July,2012,1 de julio de 2012,285325
27 años,Hombres,1 July,2012,1 de julio de 2012,299489
28 años,Hombres,1 July,2012,1 de julio de 2012,313464
29 años,Hombres,1 July,2012,1 de julio de 2012,331509
3 años,Hombres,1 July,2012,1 de julio de 2012,261825
30 años,Hombres,1 July,2012,1 de julio de 2012,351513
31 años,Hombres,1 July,2012,1 de julio de 2012,370647
32 años,Hombres,1 July,2012,1 de julio de 2012,387100
33 años,Hombres,1 July,2012,1 de julio de 2012,403500
34 años,Hombres,1 July,2012,1 de julio de 2012,417501
35 años,Hombres,1 July,2012,1 de julio de 2012,424670
36 años,Hombres,1 July,2012,1 de julio de 2012,426968
37 años,Hombres,1 July,2012,1 de julio de 2012,423872
38 años,Hombres,1 July,2012,1 de julio de 2012,416397
39 años,Hombres,1 July,2012,1 de julio de 2012,410128
4 años,Hombres,1 July,2012,1 de julio de 2012,263524
40 años,Hombres,1 July,2012,1 de julio de 2012,404933
41 años,Hombres,1 July,2012,1 de julio de 2012,397939
42 años,Hombres,1 July,2012,1 de julio de 2012,392172
43 años,Hombres,1 July,2012,1 de julio de 2012,387214
44 años,Hombres,1 July,2012,1 de julio de 2012,385275
45 años,Hombres,1 July,2012,1 de julio de 2012,379604
46 años,Hombres,1 July,2012,1 de julio de 2012,371766
47 años,Hombres,1 July,2012,1 de julio de 2012,371349
48 años,Hombres,1 July,2012,1 de julio de 2012,363916
49 años,Hombres,1 July,2012,1 de julio de 2012,348125
5 años,Hombres,1 July,2012,1 de julio de 2012,257492
50 años,Hombres,1 July,2012,1 de julio de 2012,336466
51 años,Hombres,1 July,2012,1 de julio de 2012,332280
52 años,Hombres,1 July,2012,1 de julio de 2012,327631
53 años,Hombres,1 July,2012,1 de julio de 2012,318202
54 años,Hombres,1 July,2012,1 de julio de 2012,309450
55 años,Hombres,1 July,2012,1 de julio de 2012,294094
56 años,Hombres,1 July,2012,1 de julio de 2012,278795
57 años,Hombres,1 July,2012,1 de julio de 2012,266579
58 años,Hombres,1 July,2012,1 de julio de 2012,259448
59 años,Hombres,1 July,2012,1 de julio de 2012,258729
6 años,Hombres,1 July,2012,1 de julio de 2012,253201
60 años,Hombres,1 July,2012,1 de julio de 2012,248657
61 años,Hombres,1 July,2012,1 de julio de 2012,236335
62 años,Hombres,1 July,2012,1 de julio de 2012,236402
63 años,Hombres,1 July,2012,1 de julio de 2012,245071
64 años,Hombres,1 July,2012,1 de julio de 2012,239007
65 años,Hombres,1 July,2012,1 de julio de 2012,221464
66 años,Hombres,1 July,2012,1 de julio de 2012,219503
67 años,Hombres,1 July,2012,1 de julio de 2012,217618
68 años,Hombres,1 July,2012,1 de julio de 2012,208957
69 años,Hombres,1 July,2012,1 de julio de 2012,191567
7 años,Hombres,1 July,2012,1 de julio de 2012,249380
70 años,Hombres,1 July,2012,1 de julio de 2012,168899
71 años,Hombres,1 July,2012,1 de julio de 2012,177464
72 años,Hombres,1 July,2012,1 de julio de 2012,159568
73 años,Hombres,1 July,2012,1 de julio de 2012,132999
74 años,Hombres,1 July,2012,1 de julio de 2012,147118
75 años,Hombres,1 July,2012,1 de julio de 2012,157676
76 años,Hombres,1 July,2012,1 de julio de 2012,157879
77 años,Hombres,1 July,2012,1 de julio de 2012,150489
78 años,Hombres,1 July,2012,1 de julio de 2012,145556
79 años,Hombres,1 July,2012,1 de julio de 2012,139966
8 años,Hombres,1 July,2012,1 de julio de 2012,245534
80 años,Hombres,1 July,2012,1 de julio de 2012,129129
81 años,Hombres,1 July,2012,1 de julio de 2012,117944
82 años,Hombres,1 July,2012,1 de julio de 2012,106662
83 años,Hombres,1 July,2012,1 de julio de 2012,94740
84 años,Hombres,1 July,2012,1 de julio de 2012,83085
85 años,Hombres,1 July,2012,1 de julio de 2012,72097
85 y más años,Hombres,1 July,2012,1 de julio de 2012,370486
86 años,Hombres,1 July,2012,1 de julio de 2012,62420
87 años,Hombres,1 July,2012,1 de julio de 2012,52529
88 años,Hombres,1 July,2012,1 de julio de 2012,44362
89 años,Hombres,1 July,2012,1 de julio de 2012,36476
9 años,Hombres,1 July,2012,1 de julio de 2012,238333
90 años,Hombres,1 July,2012,1 de julio de 2012,28971
91 años,Hombres,1 July,2012,1 de julio de 2012,21697
92 años,Hombres,1 July,2012,1 de julio de 2012,15053
93 años,Hombres,1 July,2012,1 de julio de 2012,10654
94 años,Hombres,1 July,2012,1 de julio de 2012,7837
95 años,Hombres,1 July,2012,1 de julio de 2012,5719
96 años,Hombres,1 July,2012,1 de julio de 2012,4125
97 años,Hombres,1 July,2012,1 de julio de 2012,2914
98 años,Hombres,1 July,2012,1 de julio de 2012,2048
99 años,Hombres,1 July,2012,1 de julio de 2012,1430
Todas las edades,Hombres,1 July,2012,1 de julio de 2012,23048930
0 años,Mujeres,1 July,2012,1 de julio de 2012,223718
1 año,Mujeres,1 July,2012,1 de julio de 2012,231962
10 años,Mujeres,1 July,2012,1 de julio de 2012,220530
100 años,Mujeres,1 July,2012,1 de julio de 2012,3209
100 y más años,Mujeres,1 July,2012,1 de julio de 2012,8563
101 años,Mujeres,1 July,2012,1 de julio de 2012,2024
102 años,Mujeres,1 July,2012,1 de julio de 2012,1334
103 años,Mujeres,1 July,2012,1 de julio de 2012,806
104 años,Mujeres,1 July,2012,1 de julio de 2012,487
105 y más años,Mujeres,1 July,2012,1 de julio de 2012,703
11 años,Mujeres,1 July,2012,1 de julio de 2012,219087
12 años,Mujeres,1 July,2012,1 de julio de 2012,216273
13 años,Mujeres,1 July,2012,1 de julio de 2012,210553
14 años,Mujeres,1 July,2012,1 de julio de 2012,207987
15 años,Mujeres,1 July,2012,1 de julio de 2012,208183
16 años,Mujeres,1 July,2012,1 de julio de 2012,206577
17 años,Mujeres,1 July,2012,1 de julio de 2012,207164
18 años,Mujeres,1 July,2012,1 de julio de 2012,213609
19 años,Mujeres,1 July,2012,1 de julio de 2012,223536
2 años,Mujeres,1 July,2012,1 de julio de 2012,235880
20 años,Mujeres,1 July,2012,1 de julio de 2012,229239
21 años,Mujeres,1 July,2012,1 de julio de 2012,233303
22 años,Mujeres,1 July,2012,1 de julio de 2012,241687
23 años,Mujeres,1 July,2012,1 de julio de 2012,251293
24 años,Mujeres,1 July,2012,1 de julio de 2012,260725
25 años,Mujeres,1 July,2012,1 de julio de 2012,270735
26 años,Mujeres,1 July,2012,1 de julio de 2012,282540
27 años,Mujeres,1 July,2012,1 de julio de 2012,295760
28 años,Mujeres,1 July,2012,1 de julio de 2012,308425
29 años,Mujeres,1 July,2012,1 de julio de 2012,324008
3 años,Mujeres,1 July,2012,1 de julio de 2012,244844
30 años,Mujeres,1 July,2012,1 de julio de 2012,341278
31 años,Mujeres,1 July,2012,1 de julio de 2012,357558
32 años,Mujeres,1 July,2012,1 de julio de 2012,372054
33 años,Mujeres,1 July,2012,1 de julio de 2012,385064
34 años,Mujeres,1 July,2012,1 de julio de 2012,394830
35 años,Mujeres,1 July,2012,1 de julio de 2012,400771
36 años,Mujeres,1 July,2012,1 de julio de 2012,402883
37 años,Mujeres,1 July,2012,1 de julio de 2012,399821
38 años,Mujeres,1 July,2012,1 de julio de 2012,393452
39 años,Mujeres,1 July,2012,1 de julio de 2012,387627
4 años,Mujeres,1 July,2012,1 de julio de 2012,247051
40 años,Mujeres,1 July,2012,1 de julio de 2012,383963
41 años,Mujeres,1 July,2012,1 de julio de 2012,378568
42 años,Mujeres,1 July,2012,1 de julio de 2012,375057
43 años,Mujeres,1 July,2012,1 de julio de 2012,372761
44 años,Mujeres,1 July,2012,1 de julio de 2012,372986
45 años,Mujeres,1 July,2012,1 de julio de 2012,369513
46 años,Mujeres,1 July,2012,1 de julio de 2012,364013
47 años,Mujeres,1 July,2012,1 de julio de 2012,366024
48 años,Mujeres,1 July,2012,1 de julio de 2012,359600
49 años,Mujeres,1 July,2012,1 de julio de 2012,345302
5 años,Mujeres,1 July,2012,1 de julio de 2012,241739
50 años,Mujeres,1 July,2012,1 de julio de 2012,336416
51 años,Mujeres,1 July,2012,1 de julio de 2012,333563
52 años,Mujeres,1 July,2012,1 de julio de 2012,329950
53 años,Mujeres,1 July,2012,1 de julio de 2012,321961
54 años,Mujeres,1 July,2012,1 de julio de 2012,314771
55 años,Mujeres,1 July,2012,1 de julio de 2012,300653
56 años,Mujeres,1 July,2012,1 de julio de 2012,285892
57 años,Mujeres,1 July,2012,1 de julio de 2012,275643
58 años,Mujeres,1 July,2012,1 de julio de 2012,269239
59 años,Mujeres,1 July,2012,1 de julio de 2012,267810
6 años,Mujeres,1 July,2012,1 de julio de 2012,238813
60 años,Mujeres,1 July,2012,1 de julio de 2012,258857
61 años,Mujeres,1 July,2012,1 de julio de 2012,248200
62 años,Mujeres,1 July,2012,1 de julio de 2012,251151
63 años,Mujeres,1 July,2012,1 de julio de 2012,262524
64 años,Mujeres,1 July,2012,1 de julio de 2012,256959
65 años,Mujeres,1 July,2012,1 de julio de 2012,240777
66 años,Mujeres,1 July,2012,1 de julio de 2012,241180
67 años,Mujeres,1 July,2012,1 de julio de 2012,240455
68 años,Mujeres,1 July,2012,1 de julio de 2012,232584
69 años,Mujeres,1 July,2012,1 de julio de 2012,214528
7 años,Mujeres,1 July,2012,1 de julio de 2012,235090
70 años,Mujeres,1 July,2012,1 de julio de 2012,190654
71 años,Mujeres,1 July,2012,1 de julio de 2012,203749
72 años,Mujeres,1 July,2012,1 de julio de 2012,188093
73 años,Mujeres,1 July,2012,1 de julio de 2012,160891
74 años,Mujeres,1 July,2012,1 de julio de 2012,180271
75 años,Mujeres,1 July,2012,1 de julio de 2012,199028
76 años,Mujeres,1 July,2012,1 de julio de 2012,203311
77 años,Mujeres,1 July,2012,1 de julio de 2012,196672
78 años,Mujeres,1 July,2012,1 de julio de 2012,195709
79 años,Mujeres,1 July,2012,1 de julio de 2012,193342
8 años,Mujeres,1 July,2012,1 de julio de 2012,232006
80 años,Mujeres,1 July,2012,1 de julio de 2012,182681
81 años,Mujeres,1 July,2012,1 de julio de 2012,173860
82 años,Mujeres,1 July,2012,1 de julio de 2012,164113
83 años,Mujeres,1 July,2012,1 de julio de 2012,151719
84 años,Mujeres,1 July,2012,1 de julio de 2012,138818
85 años,Mujeres,1 July,2012,1 de julio de 2012,125922
85 y más años,Mujeres,1 July,2012,1 de julio de 2012,783187
86 años,Mujeres,1 July,2012,1 de julio de 2012,114654
87 años,Mujeres,1 July,2012,1 de julio de 2012,101788
88 años,Mujeres,1 July,2012,1 de julio de 2012,89637
89 años,Mujeres,1 July,2012,1 de julio de 2012,77835
9 años,Mujeres,1 July,2012,1 de julio de 2012,225720
90 años,Mujeres,1 July,2012,1 de julio de 2012,64939
91 años,Mujeres,1 July,2012,1 de julio de 2012,51886
92 años,Mujeres,1 July,2012,1 de julio de 2012,39967
93 años,Mujeres,1 July,2012,1 de julio de 2012,30367
94 años,Mujeres,1 July,2012,1 de julio de 2012,23850
95 años,Mujeres,1 July,2012,1 de julio de 2012,17796
96 años,Mujeres,1 July,2012,1 de julio de 2012,13398
97 años,Mujeres,1 July,2012,1 de julio de 2012,10122
98 años,Mujeres,1 July,2012,1 de julio de 2012,7342
99 años,Mujeres,1 July,2012,1 de julio de 2012,5121
Todas las edades,Mujeres,1 July,2012,1 de julio de 2012,23700373
0 años,Total,1 July,2012,1 de julio de 2012,461743
1 año,Total,1 July,2012,1 de julio de 2012,478756
10 años,Total,1 July,2012,1 de julio de 2012,453195
100 años,Total,1 July,2012,1 de julio de 2012,4051
100 y más años,Total,1 July,2012,1 de julio de 2012,10717
101 años,Total,1 July,2012,1 de julio de 2012,2501
102 años,Total,1 July,2012,1 de julio de 2012,1645
103 años,Total,1 July,2012,1 de julio de 2012,996
104 años,Total,1 July,2012,1 de julio de 2012,604
105 y más años,Total,1 July,2012,1 de julio de 2012,920
11 años,Total,1 July,2012,1 de julio de 2012,451314
12 años,Total,1 July,2012,1 de julio de 2012,445694
13 años,Total,1 July,2012,1 de julio de 2012,433995
14 años,Total,1 July,2012,1 de julio de 2012,428729
15 años,Total,1 July,2012,1 de julio de 2012,427679
16 años,Total,1 July,2012,1 de julio de 2012,425081
17 años,Total,1 July,2012,1 de julio de 2012,427967
18 años,Total,1 July,2012,1 de julio de 2012,441236
19 años,Total,1 July,2012,1 de julio de 2012,460210
2 años,Total,1 July,2012,1 de julio de 2012,487816
20 años,Total,1 July,2012,1 de julio de 2012,470652
21 años,Total,1 July,2012,1 de julio de 2012,477372
22 años,Total,1 July,2012,1 de julio de 2012,491399
23 años,Total,1 July,2012,1 de julio de 2012,508456
24 años,Total,1 July,2012,1 de julio de 2012,525677
25 años,Total,1 July,2012,1 de julio de 2012,544420
26 años,Total,1 July,2012,1 de julio de 2012,567865
27 años,Total,1 July,2012,1 de julio de 2012,595249
28 años,Total,1 July,2012,1 de julio de 2012,621889
29 años,Total,1 July,2012,1 de julio de 2012,655517
3 años,Total,1 July,2012,1 de julio de 2012,506669
30 años,Total,1 July,2012,1 de julio de 2012,692791
31 años,Total,1 July,2012,1 de julio de 2012,728205
32 años,Total,1 July,2012,1 de julio de 2012,759154
33 años,Total,1 July,2012,1 de julio de 2012,788564
34 años,Total,1 July,2012,1 de julio de 2012,812331
35 años,Total,1 July,2012,1 de julio de 2012,825441
36 años,Total,1 July,2012,1 de julio de 2012,829851
37 años,Total,1 July,2012,1 de julio de 2012,823693
38 años,Total,1 July,2012,1 de julio de 2012,809849
39 años,Total,1 July,2012,1 de julio de 2012,797755
4 años,Total,1 July,2012,1 de julio de 2012,510575
40 años,Total,1 July,2012,1 de julio de 2012,788896
41 años,Total,1 July,2012,1 de julio de 2012,776507
42 años,Total,1 July,2012,1 de julio de 2012,767229
43 años,Total,1 July,2012,1 de julio de 2012,759975
44 años,Total,1 July,2012,1 de julio de 2012,758261
45 años,Total,1 July,2012,1 de julio de 2012,749117
46 años,Total,1 July,2012,1 de julio de 2012,735779
47 años,Total,1 July,2012,1 de julio de 2012,737373
48 años,Total,1 July,2012,1 de julio de 2012,723516
49 años,Total,1 July,2012,1 de julio de 2012,693427
5 años,Total,1 July,2012,1 de julio de 2012,499231
50 años,Total,1 July,2012,1 de julio de 2012,672882
51 años,Total,1 July,2012,1 de julio de 2012,665843
52 años,Total,1 July,2012,1 de julio de 2012,657581
53 años,Total,1 July,2012,1 de julio de 2012,640163
54 años,Total,1 July,2012,1 de julio de 2012,624221
55 años,Total,1 July,2012,1 de julio de 2012,594747
56 años,Total,1 July,2012,1 de julio de 2012,564687
57 años,Total,1 July,2012,1 de julio de 2012,542222
58 años,Total,1 July,2012,1 de julio de 2012,528687
59 años,Total,1 July,2012,1 de julio de 2012,526539
6 años,Total,1 July,2012,1 de julio de 2012,492014
60 años,Total,1 July,2012,1 de julio de 2012,507514
61 años,Total,1 July,2012,1 de julio de 2012,484535
62 años,Total,1 July,2012,1 de julio de 2012,487553
63 años,Total,1 July,2012,1 de julio de 2012,507595
64 años,Total,1 July,2012,1 de julio de 2012,495966
65 años,Total,1 July,2012,1 de julio de 2012,462241
66 años,Total,1 July,2012,1 de julio de 2012,460683
67 años,Total,1 July,2012,1 de julio de 2012,458073
68 años,Total,1 July,2012,1 de julio de 2012,441541
69 años,Total,1 July,2012,1 de julio de 2012,406095
7 años,Total,1 July,2012,1 de julio de 2012,484470
70 años,Total,1 July,2012,1 de julio de 2012,359553
71 años,Total,1 July,2012,1 de julio de 2012,381213
72 años,Total,1 July,2012,1 de julio de 2012,347661
73 años,Total,1 July,2012,1 de julio de 2012,293890
74 años,Total,1 July,2012,1 de julio de 2012,327389
75 años,Total,1 July,2012,1 de julio de 2012,356704
76 años,Total,1 July,2012,1 de julio de 2012,361190
77 años,Total,1 July,2012,1 de julio de 2012,347161
78 años,Total,1 July,2012,1 de julio de 2012,341265
79 años,Total,1 July,2012,1 de julio de 2012,333308
8 años,Total,1 July,2012,1 de julio de 2012,477540
80 años,Total,1 July,2012,1 de julio de 2012,311810
81 años,Total,1 July,2012,1 de julio de 2012,291804
82 años,Total,1 July,2012,1 de julio de 2012,270775
83 años,Total,1 July,2012,1 de julio de 2012,246459
84 años,Total,1 July,2012,1 de julio de 2012,221903
85 años,Total,1 July,2012,1 de julio de 2012,198019
85 y más años,Total,1 July,2012,1 de julio de 2012,1153673
86 años,Total,1 July,2012,1 de julio de 2012,177074
87 años,Total,1 July,2012,1 de julio de 2012,154317
88 años,Total,1 July,2012,1 de julio de 2012,133999
89 años,Total,1 July,2012,1 de julio de 2012,114311
9 años,Total,1 July,2012,1 de julio de 2012,464053
90 años,Total,1 July,2012,1 de julio de 2012,93910
91 años,Total,1 July,2012,1 de julio de 2012,73583
92 años,Total,1 July,2012,1 de julio de 2012,55020
93 años,Total,1 July,2012,1 de julio de 2012,41021
94 años,Total,1 July,2012,1 de julio de 2012,31687
95 años,Total,1 July,2012,1 de julio de 2012,23515
96 años,Total,1 July,2012,1 de julio de 2012,17523
97 años,Total,1 July,2012,1 de julio de 2012,13036
98 años,Total,1 July,2012,1 de julio de 2012,9390
99 años,Total,1 July,2012,1 de julio de 2012,6551
Todas las edades,Total,1 July,2012,1 de julio de 2012,46749303
0 años,Hombres,1 July,2013,1 de julio de 2013,222745
1 año,Hombres,1 July,2013,1 de julio de 2013,238270
10 años,Hombres,1 July,2013,1 de julio de 2013,237484
100 años,Hombres,1 July,2013,1 de julio de 2013,841
100 y más años,Hombres,1 July,2013,1 de julio de 2013,1957
101 años,Hombres,1 July,2013,1 de julio de 2013,476
102 años,Hombres,1 July,2013,1 de julio de 2013,264
103 años,Hombres,1 July,2013,1 de julio de 2013,160
104 años,Hombres,1 July,2013,1 de julio de 2013,100
105 y más años,Hombres,1 July,2013,1 de julio de 2013,116
11 años,Hombres,1 July,2013,1 de julio de 2013,231990
12 años,Hombres,1 July,2013,1 de julio de 2013,231614
13 años,Hombres,1 July,2013,1 de julio de 2013,228970
14 años,Hombres,1 July,2013,1 de julio de 2013,223004
15 años,Hombres,1 July,2013,1 de julio de 2013,220483
16 años,Hombres,1 July,2013,1 de julio de 2013,219658
17 años,Hombres,1 July,2013,1 de julio de 2013,218835
18 años,Hombres,1 July,2013,1 de julio de 2013,221188
19 años,Hombres,1 July,2013,1 de julio de 2013,227532
2 años,Hombres,1 July,2013,1 de julio de 2013,245702
20 años,Hombres,1 July,2013,1 de julio de 2013,236448
21 años,Hombres,1 July,2013,1 de julio de 2013,240820
22 años,Hombres,1 July,2013,1 de julio de 2013,243289
23 años,Hombres,1 July,2013,1 de julio de 2013,248682
24 años,Hombres,1 July,2013,1 de julio de 2013,255641
25 años,Hombres,1 July,2013,1 de julio de 2013,262659
26 años,Hombres,1 July,2013,1 de julio de 2013,270652
27 años,Hombres,1 July,2013,1 de julio de 2013,281592
28 años,Hombres,1 July,2013,1 de julio de 2013,295283
29 años,Hombres,1 July,2013,1 de julio de 2013,308754
3 años,Hombres,1 July,2013,1 de julio de 2013,250873
30 años,Hombres,1 July,2013,1 de julio de 2013,325929
31 años,Hombres,1 July,2013,1 de julio de 2013,345622
32 años,Hombres,1 July,2013,1 de julio de 2013,364638
33 años,Hombres,1 July,2013,1 de julio de 2013,380656
34 años,Hombres,1 July,2013,1 de julio de 2013,397013
35 años,Hombres,1 July,2013,1 de julio de 2013,411320
36 años,Hombres,1 July,2013,1 de julio de 2013,418788
37 años,Hombres,1 July,2013,1 de julio de 2013,421262
38 años,Hombres,1 July,2013,1 de julio de 2013,418397
39 años,Hombres,1 July,2013,1 de julio de 2013,411200
4 años,Hombres,1 July,2013,1 de julio de 2013,260716
40 años,Hombres,1 July,2013,1 de julio de 2013,405176
41 años,Hombres,1 July,2013,1 de julio de 2013,400180
42 años,Hombres,1 July,2013,1 de julio de 2013,393220
43 años,Hombres,1 July,2013,1 de julio de 2013,387601
44 años,Hombres,1 July,2013,1 de julio de 2013,382923
45 años,Hombres,1 July,2013,1 de julio de 2013,381064
46 años,Hombres,1 July,2013,1 de julio de 2013,375920
47 años,Hombres,1 July,2013,1 de julio de 2013,368279
48 años,Hombres,1 July,2013,1 de julio de 2013,367955
49 años,Hombres,1 July,2013,1 de julio de 2013,360647
5 años,Hombres,1 July,2013,1 de julio de 2013,262446
50 años,Hombres,1 July,2013,1 de julio de 2013,344795
51 años,Hombres,1 July,2013,1 de julio de 2013,333383
52 años,Hombres,1 July,2013,1 de julio de 2013,329092
53 años,Hombres,1 July,2013,1 de julio de 2013,324459
54 años,Hombres,1 July,2013,1 de julio de 2013,315275
55 años,Hombres,1 July,2013,1 de julio de 2013,306523
56 años,Hombres,1 July,2013,1 de julio de 2013,291202
57 años,Hombres,1 July,2013,1 de julio de 2013,276008
58 años,Hombres,1 July,2013,1 de julio de 2013,263813
59 años,Hombres,1 July,2013,1 de julio de 2013,256794
6 años,Hombres,1 July,2013,1 de julio de 2013,256363
60 años,Hombres,1 July,2013,1 de julio de 2013,256096
61 años,Hombres,1 July,2013,1 de julio de 2013,246113
62 años,Hombres,1 July,2013,1 de julio de 2013,233609
63 años,Hombres,1 July,2013,1 de julio de 2013,233705
64 años,Hombres,1 July,2013,1 de julio de 2013,242139
65 años,Hombres,1 July,2013,1 de julio de 2013,235996
66 años,Hombres,1 July,2013,1 de julio de 2013,218567
67 años,Hombres,1 July,2013,1 de julio de 2013,216323
68 años,Hombres,1 July,2013,1 de julio de 2013,214171
69 años,Hombres,1 July,2013,1 de julio de 2013,205372
7 años,Hombres,1 July,2013,1 de julio de 2013,252262
70 años,Hombres,1 July,2013,1 de julio de 2013,187883
71 años,Hombres,1 July,2013,1 de julio de 2013,165378
72 años,Hombres,1 July,2013,1 de julio de 2013,173336
73 años,Hombres,1 July,2013,1 de julio de 2013,155582
74 años,Hombres,1 July,2013,1 de julio de 2013,129106
75 años,Hombres,1 July,2013,1 de julio de 2013,142416
76 años,Hombres,1 July,2013,1 de julio de 2013,152281
77 años,Hombres,1 July,2013,1 de julio de 2013,151919
78 años,Hombres,1 July,2013,1 de julio de 2013,144141
79 años,Hombres,1 July,2013,1 de julio de 2013,138833
8 años,Hombres,1 July,2013,1 de julio de 2013,248358
80 años,Hombres,1 July,2013,1 de julio de 2013,132816
81 años,Hombres,1 July,2013,1 de julio de 2013,121769
82 años,Hombres,1 July,2013,1 de julio de 2013,110373
83 años,Hombres,1 July,2013,1 de julio de 2013,98958
84 años,Hombres,1 July,2013,1 de julio de 2013,87131
85 años,Hombres,1 July,2013,1 de julio de 2013,75629
85 y más años,Hombres,1 July,2013,1 de julio de 2013,392074
86 años,Hombres,1 July,2013,1 de julio de 2013,64863
87 años,Hombres,1 July,2013,1 de julio de 2013,55367
88 años,Hombres,1 July,2013,1 de julio de 2013,45933
89 años,Hombres,1 July,2013,1 de julio de 2013,38160
9 años,Hombres,1 July,2013,1 de julio de 2013,244714
90 años,Hombres,1 July,2013,1 de julio de 2013,30950
91 años,Hombres,1 July,2013,1 de julio de 2013,24070
92 años,Hombres,1 July,2013,1 de julio de 2013,17693
93 años,Hombres,1 July,2013,1 de julio de 2013,12097
94 años,Hombres,1 July,2013,1 de julio de 2013,8383
95 años,Hombres,1 July,2013,1 de julio de 2013,6021
96 años,Hombres,1 July,2013,1 de julio de 2013,4342
97 años,Hombres,1 July,2013,1 de julio de 2013,3044
98 años,Hombres,1 July,2013,1 de julio de 2013,2087
99 años,Hombres,1 July,2013,1 de julio de 2013,1478
Todas las edades,Hombres,1 July,2013,1 de julio de 2013,22932248
0 años,Mujeres,1 July,2013,1 de julio de 2013,209883
1 año,Mujeres,1 July,2013,1 de julio de 2013,224142
10 años,Mujeres,1 July,2013,1 de julio de 2013,225240
100 años,Mujeres,1 July,2013,1 de julio de 2013,3420
100 y más años,Mujeres,1 July,2013,1 de julio de 2013,8638
101 años,Mujeres,1 July,2013,1 de julio de 2013,2113
102 años,Mujeres,1 July,2013,1 de julio de 2013,1243
103 años,Mujeres,1 July,2013,1 de julio de 2013,800
104 años,Mujeres,1 July,2013,1 de julio de 2013,460
105 y más años,Mujeres,1 July,2013,1 de julio de 2013,602
11 años,Mujeres,1 July,2013,1 de julio de 2013,219895
12 años,Mujeres,1 July,2013,1 de julio de 2013,218564
13 años,Mujeres,1 July,2013,1 de julio de 2013,215903
14 años,Mujeres,1 July,2013,1 de julio de 2013,210134
15 años,Mujeres,1 July,2013,1 de julio de 2013,207346
16 años,Mujeres,1 July,2013,1 de julio de 2013,207944
17 años,Mujeres,1 July,2013,1 de julio de 2013,206441
18 años,Mujeres,1 July,2013,1 de julio de 2013,207645
19 años,Mujeres,1 July,2013,1 de julio de 2013,214538
2 años,Mujeres,1 July,2013,1 de julio de 2013,230930
20 años,Mujeres,1 July,2013,1 de julio de 2013,224491
21 años,Mujeres,1 July,2013,1 de julio de 2013,230192
22 años,Mujeres,1 July,2013,1 de julio de 2013,234426
23 años,Mujeres,1 July,2013,1 de julio de 2013,242402
24 años,Mujeres,1 July,2013,1 de julio de 2013,251379
25 años,Mujeres,1 July,2013,1 de julio de 2013,260030
26 años,Mujeres,1 July,2013,1 de julio de 2013,269376
27 años,Mujeres,1 July,2013,1 de julio de 2013,280331
28 años,Mujeres,1 July,2013,1 de julio de 2013,292972
29 años,Mujeres,1 July,2013,1 de julio de 2013,305543
3 años,Mujeres,1 July,2013,1 de julio de 2013,234976
30 años,Mujeres,1 July,2013,1 de julio de 2013,320941
31 años,Mujeres,1 July,2013,1 de julio de 2013,337724
32 años,Mujeres,1 July,2013,1 de julio de 2013,353796
33 años,Mujeres,1 July,2013,1 de julio de 2013,368281
34 años,Mujeres,1 July,2013,1 de julio de 2013,381675
35 años,Mujeres,1 July,2013,1 de julio de 2013,391450
36 años,Mujeres,1 July,2013,1 de julio de 2013,397686
37 años,Mujeres,1 July,2013,1 de julio de 2013,399787
38 años,Mujeres,1 July,2013,1 de julio de 2013,397037
39 años,Mujeres,1 July,2013,1 de julio de 2013,391159
4 años,Mujeres,1 July,2013,1 de julio de 2013,243812
40 años,Mujeres,1 July,2013,1 de julio de 2013,385309
41 años,Mujeres,1 July,2013,1 de julio de 2013,381645
42 años,Mujeres,1 July,2013,1 de julio de 2013,376366
43 años,Mujeres,1 July,2013,1 de julio de 2013,373065
44 años,Mujeres,1 July,2013,1 de julio de 2013,370877
45 años,Mujeres,1 July,2013,1 de julio de 2013,371053
46 años,Mujeres,1 July,2013,1 de julio de 2013,367906
47 años,Mujeres,1 July,2013,1 de julio de 2013,362392
48 años,Mujeres,1 July,2013,1 de julio de 2013,364342
49 años,Mujeres,1 July,2013,1 de julio de 2013,358015
5 años,Mujeres,1 July,2013,1 de julio de 2013,246090
50 años,Mujeres,1 July,2013,1 de julio de 2013,343807
51 años,Mujeres,1 July,2013,1 de julio de 2013,334922
52 años,Mujeres,1 July,2013,1 de julio de 2013,332044
53 años,Mujeres,1 July,2013,1 de julio de 2013,328427
54 años,Mujeres,1 July,2013,1 de julio de 2013,320400
55 años,Mujeres,1 July,2013,1 de julio de 2013,313281
56 años,Mujeres,1 July,2013,1 de julio de 2013,299200
57 años,Mujeres,1 July,2013,1 de julio de 2013,284531
58 años,Mujeres,1 July,2013,1 de julio de 2013,274192
59 años,Mujeres,1 July,2013,1 de julio de 2013,267965
6 años,Mujeres,1 July,2013,1 de julio de 2013,240716
60 años,Mujeres,1 July,2013,1 de julio de 2013,266461
61 años,Mujeres,1 July,2013,1 de julio de 2013,257643
62 años,Mujeres,1 July,2013,1 de julio de 2013,247012
63 años,Mujeres,1 July,2013,1 de julio de 2013,249836
64 años,Mujeres,1 July,2013,1 de julio de 2013,261125
65 años,Mujeres,1 July,2013,1 de julio de 2013,255554
66 años,Mujeres,1 July,2013,1 de julio de 2013,239402
67 años,Mujeres,1 July,2013,1 de julio de 2013,239638
68 años,Mujeres,1 July,2013,1 de julio de 2013,238724
69 años,Mujeres,1 July,2013,1 de julio de 2013,230693
7 años,Mujeres,1 July,2013,1 de julio de 2013,237878
70 años,Mujeres,1 July,2013,1 de julio de 2013,212682
71 años,Mujeres,1 July,2013,1 de julio de 2013,188681
72 años,Mujeres,1 July,2013,1 de julio de 2013,201496
73 años,Mujeres,1 July,2013,1 de julio de 2013,185776
74 años,Mujeres,1 July,2013,1 de julio de 2013,158656
75 años,Mujeres,1 July,2013,1 de julio de 2013,177455
76 años,Mujeres,1 July,2013,1 de julio de 2013,195510
77 años,Mujeres,1 July,2013,1 de julio de 2013,199407
78 años,Mujeres,1 July,2013,1 de julio de 2013,192417
79 años,Mujeres,1 July,2013,1 de julio de 2013,190728
8 años,Mujeres,1 July,2013,1 de julio de 2013,234286
80 años,Mujeres,1 July,2013,1 de julio de 2013,187839
81 años,Mujeres,1 July,2013,1 de julio de 2013,176718
82 años,Mujeres,1 July,2013,1 de julio de 2013,167176
83 años,Mujeres,1 July,2013,1 de julio de 2013,156801
84 años,Mujeres,1 July,2013,1 de julio de 2013,143934
85 años,Mujeres,1 July,2013,1 de julio de 2013,130651
85 y más años,Mujeres,1 July,2013,1 de julio de 2013,819276
86 años,Mujeres,1 July,2013,1 de julio de 2013,117353
87 años,Mujeres,1 July,2013,1 de julio de 2013,105450
88 años,Mujeres,1 July,2013,1 de julio de 2013,92529
89 años,Mujeres,1 July,2013,1 de julio de 2013,80420
9 años,Mujeres,1 July,2013,1 de julio de 2013,231456
90 años,Mujeres,1 July,2013,1 de julio de 2013,68628
91 años,Mujeres,1 July,2013,1 de julio de 2013,56305
92 años,Mujeres,1 July,2013,1 de julio de 2013,44252
93 años,Mujeres,1 July,2013,1 de julio de 2013,33501
94 años,Mujeres,1 July,2013,1 de julio de 2013,24882
95 años,Mujeres,1 July,2013,1 de julio de 2013,19120
96 años,Mujeres,1 July,2013,1 de julio de 2013,14015
97 años,Mujeres,1 July,2013,1 de julio de 2013,10371
98 años,Mujeres,1 July,2013,1 de julio de 2013,7689
99 años,Mujeres,1 July,2013,1 de julio de 2013,5472
Todas las edades,Mujeres,1 July,2013,1 de julio de 2013,23648876
0 años,Total,1 July,2013,1 de julio de 2013,432628
1 año,Total,1 July,2013,1 de julio de 2013,462412
10 años,Total,1 July,2013,1 de julio de 2013,462724
100 años,Total,1 July,2013,1 de julio de 2013,4261
100 y más años,Total,1 July,2013,1 de julio de 2013,10595
101 años,Total,1 July,2013,1 de julio de 2013,2589
102 años,Total,1 July,2013,1 de julio de 2013,1507
103 años,Total,1 July,2013,1 de julio de 2013,960
104 años,Total,1 July,2013,1 de julio de 2013,560
105 y más años,Total,1 July,2013,1 de julio de 2013,718
11 años,Total,1 July,2013,1 de julio de 2013,451885
12 años,Total,1 July,2013,1 de julio de 2013,450178
13 años,Total,1 July,2013,1 de julio de 2013,444873
14 años,Total,1 July,2013,1 de julio de 2013,433138
15 años,Total,1 July,2013,1 de julio de 2013,427829
16 años,Total,1 July,2013,1 de julio de 2013,427602
17 años,Total,1 July,2013,1 de julio de 2013,425276
18 años,Total,1 July,2013,1 de julio de 2013,428833
19 años,Total,1 July,2013,1 de julio de 2013,442070
2 años,Total,1 July,2013,1 de julio de 2013,476632
20 años,Total,1 July,2013,1 de julio de 2013,460939
21 años,Total,1 July,2013,1 de julio de 2013,471012
22 años,Total,1 July,2013,1 de julio de 2013,477715
23 años,Total,1 July,2013,1 de julio de 2013,491084
24 años,Total,1 July,2013,1 de julio de 2013,507020
25 años,Total,1 July,2013,1 de julio de 2013,522689
26 años,Total,1 July,2013,1 de julio de 2013,540028
27 años,Total,1 July,2013,1 de julio de 2013,561923
28 años,Total,1 July,2013,1 de julio de 2013,588255
29 años,Total,1 July,2013,1 de julio de 2013,614297
3 años,Total,1 July,2013,1 de julio de 2013,485849
30 años,Total,1 July,2013,1 de julio de 2013,646870
31 años,Total,1 July,2013,1 de julio de 2013,683346
32 años,Total,1 July,2013,1 de julio de 2013,718434
33 años,Total,1 July,2013,1 de julio de 2013,748937
34 años,Total,1 July,2013,1 de julio de 2013,778688
35 años,Total,1 July,2013,1 de julio de 2013,802770
36 años,Total,1 July,2013,1 de julio de 2013,816474
37 años,Total,1 July,2013,1 de julio de 2013,821049
38 años,Total,1 July,2013,1 de julio de 2013,815434
39 años,Total,1 July,2013,1 de julio de 2013,802359
4 años,Total,1 July,2013,1 de julio de 2013,504528
40 años,Total,1 July,2013,1 de julio de 2013,790485
41 años,Total,1 July,2013,1 de julio de 2013,781825
42 años,Total,1 July,2013,1 de julio de 2013,769586
43 años,Total,1 July,2013,1 de julio de 2013,760666
44 años,Total,1 July,2013,1 de julio de 2013,753800
45 años,Total,1 July,2013,1 de julio de 2013,752117
46 años,Total,1 July,2013,1 de julio de 2013,743826
47 años,Total,1 July,2013,1 de julio de 2013,730671
48 años,Total,1 July,2013,1 de julio de 2013,732297
49 años,Total,1 July,2013,1 de julio de 2013,718662
5 años,Total,1 July,2013,1 de julio de 2013,508536
50 años,Total,1 July,2013,1 de julio de 2013,688602
51 años,Total,1 July,2013,1 de julio de 2013,668305
52 años,Total,1 July,2013,1 de julio de 2013,661136
53 años,Total,1 July,2013,1 de julio de 2013,652886
54 años,Total,1 July,2013,1 de julio de 2013,635675
55 años,Total,1 July,2013,1 de julio de 2013,619804
56 años,Total,1 July,2013,1 de julio de 2013,590402
57 años,Total,1 July,2013,1 de julio de 2013,560539
58 años,Total,1 July,2013,1 de julio de 2013,538005
59 años,Total,1 July,2013,1 de julio de 2013,524759
6 años,Total,1 July,2013,1 de julio de 2013,497079
60 años,Total,1 July,2013,1 de julio de 2013,522557
61 años,Total,1 July,2013,1 de julio de 2013,503756
62 años,Total,1 July,2013,1 de julio de 2013,480621
63 años,Total,1 July,2013,1 de julio de 2013,483541
64 años,Total,1 July,2013,1 de julio de 2013,503264
65 años,Total,1 July,2013,1 de julio de 2013,491550
66 años,Total,1 July,2013,1 de julio de 2013,457969
67 años,Total,1 July,2013,1 de julio de 2013,455961
68 años,Total,1 July,2013,1 de julio de 2013,452895
69 años,Total,1 July,2013,1 de julio de 2013,436065
7 años,Total,1 July,2013,1 de julio de 2013,490140
70 años,Total,1 July,2013,1 de julio de 2013,400565
71 años,Total,1 July,2013,1 de julio de 2013,354059
72 años,Total,1 July,2013,1 de julio de 2013,374832
73 años,Total,1 July,2013,1 de julio de 2013,341358
74 años,Total,1 July,2013,1 de julio de 2013,287762
75 años,Total,1 July,2013,1 de julio de 2013,319871
76 años,Total,1 July,2013,1 de julio de 2013,347791
77 años,Total,1 July,2013,1 de julio de 2013,351326
78 años,Total,1 July,2013,1 de julio de 2013,336558
79 años,Total,1 July,2013,1 de julio de 2013,329561
8 años,Total,1 July,2013,1 de julio de 2013,482644
80 años,Total,1 July,2013,1 de julio de 2013,320655
81 años,Total,1 July,2013,1 de julio de 2013,298487
82 años,Total,1 July,2013,1 de julio de 2013,277549
83 años,Total,1 July,2013,1 de julio de 2013,255759
84 años,Total,1 July,2013,1 de julio de 2013,231065
85 años,Total,1 July,2013,1 de julio de 2013,206280
85 y más años,Total,1 July,2013,1 de julio de 2013,1211350
86 años,Total,1 July,2013,1 de julio de 2013,182216
87 años,Total,1 July,2013,1 de julio de 2013,160817
88 años,Total,1 July,2013,1 de julio de 2013,138462
89 años,Total,1 July,2013,1 de julio de 2013,118580
9 años,Total,1 July,2013,1 de julio de 2013,476170
90 años,Total,1 July,2013,1 de julio de 2013,99578
91 años,Total,1 July,2013,1 de julio de 2013,80375
92 años,Total,1 July,2013,1 de julio de 2013,61945
93 años,Total,1 July,2013,1 de julio de 2013,45598
94 años,Total,1 July,2013,1 de julio de 2013,33265
95 años,Total,1 July,2013,1 de julio de 2013,25141
96 años,Total,1 July,2013,1 de julio de 2013,18357
97 años,Total,1 July,2013,1 de julio de 2013,13415
98 años,Total,1 July,2013,1 de julio de 2013,9776
99 años,Total,1 July,2013,1 de julio de 2013,6950
Todas las edades,Total,1 July,2013,1 de julio de 2013,46581124
0 años,Hombres,1 July,2014,1 de julio de 2014,216225
1 año,Hombres,1 July,2014,1 de julio de 2014,225329
10 años,Hombres,1 July,2014,1 de julio de 2014,243967
100 años,Hombres,1 July,2014,1 de julio de 2014,857
100 y más años,Hombres,1 July,2014,1 de julio de 2014,1851
101 años,Hombres,1 July,2014,1 de julio de 2014,463
102 años,Hombres,1 July,2014,1 de julio de 2014,248
103 años,Hombres,1 July,2014,1 de julio de 2014,127
104 años,Hombres,1 July,2014,1 de julio de 2014,75
105 y más años,Hombres,1 July,2014,1 de julio de 2014,81
11 años,Hombres,1 July,2014,1 de julio de 2014,236839
12 años,Hombres,1 July,2014,1 de julio de 2014,231568
13 años,Hombres,1 July,2014,1 de julio de 2014,231361
14 años,Hombres,1 July,2014,1 de julio de 2014,228684
15 años,Hombres,1 July,2014,1 de julio de 2014,222741
16 años,Hombres,1 July,2014,1 de julio de 2014,220432
17 años,Hombres,1 July,2014,1 de julio de 2014,219620
18 años,Hombres,1 July,2014,1 de julio de 2014,219219
19 años,Hombres,1 July,2014,1 de julio de 2014,221494
2 años,Hombres,1 July,2014,1 de julio de 2014,237480
20 años,Hombres,1 July,2014,1 de julio de 2014,227856
21 años,Hombres,1 July,2014,1 de julio de 2014,236248
22 años,Hombres,1 July,2014,1 de julio de 2014,240407
23 años,Hombres,1 July,2014,1 de julio de 2014,242845
24 años,Hombres,1 July,2014,1 de julio de 2014,248043
25 años,Hombres,1 July,2014,1 de julio de 2014,254472
26 años,Hombres,1 July,2014,1 de julio de 2014,261014
27 años,Hombres,1 July,2014,1 de julio de 2014,268535
28 años,Hombres,1 July,2014,1 de julio de 2014,278944
29 años,Hombres,1 July,2014,1 de julio de 2014,291724
3 años,Hombres,1 July,2014,1 de julio de 2014,244644
30 años,Hombres,1 July,2014,1 de julio de 2014,304855
31 años,Hombres,1 July,2014,1 de julio de 2014,321720
32 años,Hombres,1 July,2014,1 de julio de 2014,341252
33 años,Hombres,1 July,2014,1 de julio de 2014,359820
34 años,Hombres,1 July,2014,1 de julio de 2014,375736
35 años,Hombres,1 July,2014,1 de julio de 2014,392239
36 años,Hombres,1 July,2014,1 de julio de 2014,406554
37 años,Hombres,1 July,2014,1 de julio de 2014,413917
38 años,Hombres,1 July,2014,1 de julio de 2014,416602
39 años,Hombres,1 July,2014,1 de julio de 2014,414065
4 años,Hombres,1 July,2014,1 de julio de 2014,249958
40 años,Hombres,1 July,2014,1 de julio de 2014,406993
41 años,Hombres,1 July,2014,1 de julio de 2014,401027
42 años,Hombres,1 July,2014,1 de julio de 2014,395986
43 años,Hombres,1 July,2014,1 de julio de 2014,389285
44 años,Hombres,1 July,2014,1 de julio de 2014,383965
45 años,Hombres,1 July,2014,1 de julio de 2014,379193
46 años,Hombres,1 July,2014,1 de julio de 2014,377525
47 años,Hombres,1 July,2014,1 de julio de 2014,372634
48 años,Hombres,1 July,2014,1 de julio de 2014,365111
49 años,Hombres,1 July,2014,1 de julio de 2014,364712
5 años,Hombres,1 July,2014,1 de julio de 2014,259709
50 años,Hombres,1 July,2014,1 de julio de 2014,357546
51 años,Hombres,1 July,2014,1 de julio de 2014,341700
52 años,Hombres,1 July,2014,1 de julio de 2014,330606
53 años,Hombres,1 July,2014,1 de julio de 2014,326161
54 años,Hombres,1 July,2014,1 de julio de 2014,321516
55 años,Hombres,1 July,2014,1 de julio de 2014,312394
56 años,Hombres,1 July,2014,1 de julio de 2014,303696
57 años,Hombres,1 July,2014,1 de julio de 2014,288453
58 años,Hombres,1 July,2014,1 de julio de 2014,273265
59 años,Hombres,1 July,2014,1 de julio de 2014,261231
6 años,Hombres,1 July,2014,1 de julio de 2014,261147
60 años,Hombres,1 July,2014,1 de julio de 2014,254120
61 años,Hombres,1 July,2014,1 de julio de 2014,253533
62 años,Hombres,1 July,2014,1 de julio de 2014,243538
63 años,Hombres,1 July,2014,1 de julio de 2014,230991
64 años,Hombres,1 July,2014,1 de julio de 2014,230920
65 años,Hombres,1 July,2014,1 de julio de 2014,239123
66 años,Hombres,1 July,2014,1 de julio de 2014,232838
67 años,Hombres,1 July,2014,1 de julio de 2014,215411
68 años,Hombres,1 July,2014,1 de julio de 2014,212861
69 años,Hombres,1 July,2014,1 de julio de 2014,210440
7 años,Hombres,1 July,2014,1 de julio de 2014,255181
70 años,Hombres,1 July,2014,1 de julio de 2014,201357
71 años,Hombres,1 July,2014,1 de julio de 2014,183841
72 años,Hombres,1 July,2014,1 de julio de 2014,161527
73 años,Hombres,1 July,2014,1 de julio de 2014,168995
74 años,Hombres,1 July,2014,1 de julio de 2014,151147
75 años,Hombres,1 July,2014,1 de julio de 2014,124933
76 años,Hombres,1 July,2014,1 de julio de 2014,137445
77 años,Hombres,1 July,2014,1 de julio de 2014,146558
78 años,Hombres,1 July,2014,1 de julio de 2014,145492
79 años,Hombres,1 July,2014,1 de julio de 2014,137443
8 años,Hombres,1 July,2014,1 de julio de 2014,251398
80 años,Hombres,1 July,2014,1 de julio de 2014,131695
81 años,Hombres,1 July,2014,1 de julio de 2014,125220
82 años,Hombres,1 July,2014,1 de julio de 2014,114010
83 años,Hombres,1 July,2014,1 de julio de 2014,102546
84 años,Hombres,1 July,2014,1 de julio de 2014,90983
85 años,Hombres,1 July,2014,1 de julio de 2014,79289
85 y más años,Hombres,1 July,2014,1 de julio de 2014,414102
86 años,Hombres,1 July,2014,1 de julio de 2014,68044
87 años,Hombres,1 July,2014,1 de julio de 2014,57573
88 años,Hombres,1 July,2014,1 de julio de 2014,48488
89 años,Hombres,1 July,2014,1 de julio de 2014,39578
9 años,Hombres,1 July,2014,1 de julio de 2014,247665
90 años,Hombres,1 July,2014,1 de julio de 2014,32333
91 años,Hombres,1 July,2014,1 de julio de 2014,25726
92 años,Hombres,1 July,2014,1 de julio de 2014,19593
93 años,Hombres,1 July,2014,1 de julio de 2014,14107
94 años,Hombres,1 July,2014,1 de julio de 2014,9578
95 años,Hombres,1 July,2014,1 de julio de 2014,6463
96 años,Hombres,1 July,2014,1 de julio de 2014,4523
97 años,Hombres,1 July,2014,1 de julio de 2014,3191
98 años,Hombres,1 July,2014,1 de julio de 2014,2225
99 años,Hombres,1 July,2014,1 de julio de 2014,1540
Todas las edades,Hombres,1 July,2014,1 de julio de 2014,22835577
0 años,Mujeres,1 July,2014,1 de julio de 2014,203196
1 año,Mujeres,1 July,2014,1 de julio de 2014,212195
10 años,Mujeres,1 July,2014,1 de julio de 2014,230774
100 años,Mujeres,1 July,2014,1 de julio de 2014,3568
100 y más años,Mujeres,1 July,2014,1 de julio de 2014,8673
101 años,Mujeres,1 July,2014,1 de julio de 2014,2155
102 años,Mujeres,1 July,2014,1 de julio de 2014,1258
103 años,Mujeres,1 July,2014,1 de julio de 2014,729
104 años,Mujeres,1 July,2014,1 de julio de 2014,429
105 y más años,Mujeres,1 July,2014,1 de julio de 2014,534
11 años,Mujeres,1 July,2014,1 de julio de 2014,224606
12 años,Mujeres,1 July,2014,1 de julio de 2014,219452
13 años,Mujeres,1 July,2014,1 de julio de 2014,218243
14 años,Mujeres,1 July,2014,1 de julio de 2014,215585
15 años,Mujeres,1 July,2014,1 de julio de 2014,209783
16 años,Mujeres,1 July,2014,1 de julio de 2014,207155
17 años,Mujeres,1 July,2014,1 de julio de 2014,207783
18 años,Mujeres,1 July,2014,1 de julio de 2014,206759
19 años,Mujeres,1 July,2014,1 de julio de 2014,208716
2 años,Mujeres,1 July,2014,1 de julio de 2014,223284
20 años,Mujeres,1 July,2014,1 de julio de 2014,215690
21 años,Mujeres,1 July,2014,1 de julio de 2014,225697
22 años,Mujeres,1 July,2014,1 de julio de 2014,231363
23 años,Mujeres,1 July,2014,1 de julio de 2014,235288
24 años,Mujeres,1 July,2014,1 de julio de 2014,242900
25 años,Mujeres,1 July,2014,1 de julio de 2014,251174
26 años,Mujeres,1 July,2014,1 de julio de 2014,259062
27 años,Mujeres,1 July,2014,1 de julio de 2014,267892
28 años,Mujeres,1 July,2014,1 de julio de 2014,278365
29 años,Mujeres,1 July,2014,1 de julio de 2014,290537
3 años,Mujeres,1 July,2014,1 de julio de 2014,230046
30 años,Mujeres,1 July,2014,1 de julio de 2014,302768
31 años,Mujeres,1 July,2014,1 de julio de 2014,317973
32 años,Mujeres,1 July,2014,1 de julio de 2014,334531
33 años,Mujeres,1 July,2014,1 de julio de 2014,350493
34 años,Mujeres,1 July,2014,1 de julio de 2014,365159
35 años,Mujeres,1 July,2014,1 de julio de 2014,378549
36 años,Mujeres,1 July,2014,1 de julio de 2014,388684
37 años,Mujeres,1 July,2014,1 de julio de 2014,395044
38 años,Mujeres,1 July,2014,1 de julio de 2014,397365
39 años,Mujeres,1 July,2014,1 de julio de 2014,394757
4 años,Mujeres,1 July,2014,1 de julio de 2014,234323
40 años,Mujeres,1 July,2014,1 de julio de 2014,388970
41 años,Mujeres,1 July,2014,1 de julio de 2014,383105
42 años,Mujeres,1 July,2014,1 de julio de 2014,379690
43 años,Mujeres,1 July,2014,1 de julio de 2014,374525
44 años,Mujeres,1 July,2014,1 de julio de 2014,371293
45 años,Mujeres,1 July,2014,1 de julio de 2014,369052
46 años,Mujeres,1 July,2014,1 de julio de 2014,369427
47 años,Mujeres,1 July,2014,1 de julio de 2014,366349
48 años,Mujeres,1 July,2014,1 de julio de 2014,360863
49 años,Mujeres,1 July,2014,1 de julio de 2014,362793
5 años,Mujeres,1 July,2014,1 de julio de 2014,243014
50 años,Mujeres,1 July,2014,1 de julio de 2014,356561
51 años,Mujeres,1 July,2014,1 de julio de 2014,342311
52 años,Mujeres,1 July,2014,1 de julio de 2014,333587
53 años,Mujeres,1 July,2014,1 de julio de 2014,330679
54 años,Mujeres,1 July,2014,1 de julio de 2014,326945
55 años,Mujeres,1 July,2014,1 de julio de 2014,318970
56 años,Mujeres,1 July,2014,1 de julio de 2014,311783
57 años,Mujeres,1 July,2014,1 de julio de 2014,297784
58 años,Mujeres,1 July,2014,1 de julio de 2014,283252
59 años,Mujeres,1 July,2014,1 de julio de 2014,272912
6 años,Mujeres,1 July,2014,1 de julio de 2014,244998
60 años,Mujeres,1 July,2014,1 de julio de 2014,266539
61 años,Mujeres,1 July,2014,1 de julio de 2014,265174
62 años,Mujeres,1 July,2014,1 de julio de 2014,256396
63 años,Mujeres,1 July,2014,1 de julio de 2014,245852
64 años,Mujeres,1 July,2014,1 de julio de 2014,248526
65 años,Mujeres,1 July,2014,1 de julio de 2014,259727
66 años,Mujeres,1 July,2014,1 de julio de 2014,254094
67 años,Mujeres,1 July,2014,1 de julio de 2014,237840
68 años,Mujeres,1 July,2014,1 de julio de 2014,237855
69 años,Mujeres,1 July,2014,1 de julio de 2014,236691
7 años,Mujeres,1 July,2014,1 de julio de 2014,240050
70 años,Mujeres,1 July,2014,1 de julio de 2014,228559
71 años,Mujeres,1 July,2014,1 de julio de 2014,210494
72 años,Mujeres,1 July,2014,1 de julio de 2014,186647
73 años,Mujeres,1 July,2014,1 de julio de 2014,199002
74 años,Mujeres,1 July,2014,1 de julio de 2014,183213
75 años,Mujeres,1 July,2014,1 de julio de 2014,156163
76 años,Mujeres,1 July,2014,1 de julio de 2014,174474
77 años,Mujeres,1 July,2014,1 de julio de 2014,191793
78 años,Mujeres,1 July,2014,1 de julio de 2014,195005
79 años,Mujeres,1 July,2014,1 de julio de 2014,187710
8 años,Mujeres,1 July,2014,1 de julio de 2014,237319
80 años,Mujeres,1 July,2014,1 de julio de 2014,185331
81 años,Mujeres,1 July,2014,1 de julio de 2014,181633
82 años,Mujeres,1 July,2014,1 de julio de 2014,170034
83 años,Mujeres,1 July,2014,1 de julio de 2014,159655
84 años,Mujeres,1 July,2014,1 de julio de 2014,148739
85 años,Mujeres,1 July,2014,1 de julio de 2014,135487
85 y más años,Mujeres,1 July,2014,1 de julio de 2014,855155
86 años,Mujeres,1 July,2014,1 de julio de 2014,121723
87 años,Mujeres,1 July,2014,1 de julio de 2014,108139
88 años,Mujeres,1 July,2014,1 de julio de 2014,95961
89 años,Mujeres,1 July,2014,1 de julio de 2014,82928
9 años,Mujeres,1 July,2014,1 de julio de 2014,233749
90 años,Mujeres,1 July,2014,1 de julio de 2014,70966
91 años,Mujeres,1 July,2014,1 de julio de 2014,59578
92 años,Mujeres,1 July,2014,1 de julio de 2014,48110
93 años,Mujeres,1 July,2014,1 de julio de 2014,37070
94 años,Mujeres,1 July,2014,1 de julio de 2014,27477
95 años,Mujeres,1 July,2014,1 de julio de 2014,19848
96 años,Mujeres,1 July,2014,1 de julio de 2014,14958
97 años,Mujeres,1 July,2014,1 de julio de 2014,10762
98 años,Mujeres,1 July,2014,1 de julio de 2014,7804
99 años,Mujeres,1 July,2014,1 de julio de 2014,5671
Todas las edades,Mujeres,1 July,2014,1 de julio de 2014,23597473
0 años,Total,1 July,2014,1 de julio de 2014,419421
1 año,Total,1 July,2014,1 de julio de 2014,437524
10 años,Total,1 July,2014,1 de julio de 2014,474741
100 años,Total,1 July,2014,1 de julio de 2014,4425
100 y más años,Total,1 July,2014,1 de julio de 2014,10524
101 años,Total,1 July,2014,1 de julio de 2014,2618
102 años,Total,1 July,2014,1 de julio de 2014,1506
103 años,Total,1 July,2014,1 de julio de 2014,856
104 años,Total,1 July,2014,1 de julio de 2014,504
105 y más años,Total,1 July,2014,1 de julio de 2014,615
11 años,Total,1 July,2014,1 de julio de 2014,461445
12 años,Total,1 July,2014,1 de julio de 2014,451020
13 años,Total,1 July,2014,1 de julio de 2014,449604
14 años,Total,1 July,2014,1 de julio de 2014,444269
15 años,Total,1 July,2014,1 de julio de 2014,432524
16 años,Total,1 July,2014,1 de julio de 2014,427587
17 años,Total,1 July,2014,1 de julio de 2014,427403
18 años,Total,1 July,2014,1 de julio de 2014,425978
19 años,Total,1 July,2014,1 de julio de 2014,430210
2 años,Total,1 July,2014,1 de julio de 2014,460764
20 años,Total,1 July,2014,1 de julio de 2014,443546
21 años,Total,1 July,2014,1 de julio de 2014,461945
22 años,Total,1 July,2014,1 de julio de 2014,471770
23 años,Total,1 July,2014,1 de julio de 2014,478133
24 años,Total,1 July,2014,1 de julio de 2014,490943
25 años,Total,1 July,2014,1 de julio de 2014,505646
26 años,Total,1 July,2014,1 de julio de 2014,520076
27 años,Total,1 July,2014,1 de julio de 2014,536427
28 años,Total,1 July,2014,1 de julio de 2014,557309
29 años,Total,1 July,2014,1 de julio de 2014,582261
3 años,Total,1 July,2014,1 de julio de 2014,474690
30 años,Total,1 July,2014,1 de julio de 2014,607623
31 años,Total,1 July,2014,1 de julio de 2014,639693
32 años,Total,1 July,2014,1 de julio de 2014,675783
33 años,Total,1 July,2014,1 de julio de 2014,710313
34 años,Total,1 July,2014,1 de julio de 2014,740895
35 años,Total,1 July,2014,1 de julio de 2014,770788
36 años,Total,1 July,2014,1 de julio de 2014,795238
37 años,Total,1 July,2014,1 de julio de 2014,808961
38 años,Total,1 July,2014,1 de julio de 2014,813967
39 años,Total,1 July,2014,1 de julio de 2014,808822
4 años,Total,1 July,2014,1 de julio de 2014,484281
40 años,Total,1 July,2014,1 de julio de 2014,795963
41 años,Total,1 July,2014,1 de julio de 2014,784132
42 años,Total,1 July,2014,1 de julio de 2014,775676
43 años,Total,1 July,2014,1 de julio de 2014,763810
44 años,Total,1 July,2014,1 de julio de 2014,755258
45 años,Total,1 July,2014,1 de julio de 2014,748245
46 años,Total,1 July,2014,1 de julio de 2014,746952
47 años,Total,1 July,2014,1 de julio de 2014,738983
48 años,Total,1 July,2014,1 de julio de 2014,725974
49 años,Total,1 July,2014,1 de julio de 2014,727505
5 años,Total,1 July,2014,1 de julio de 2014,502723
50 años,Total,1 July,2014,1 de julio de 2014,714107
51 años,Total,1 July,2014,1 de julio de 2014,684011
52 años,Total,1 July,2014,1 de julio de 2014,664193
53 años,Total,1 July,2014,1 de julio de 2014,656840
54 años,Total,1 July,2014,1 de julio de 2014,648461
55 años,Total,1 July,2014,1 de julio de 2014,631364
56 años,Total,1 July,2014,1 de julio de 2014,615479
57 años,Total,1 July,2014,1 de julio de 2014,586237
58 años,Total,1 July,2014,1 de julio de 2014,556517
59 años,Total,1 July,2014,1 de julio de 2014,534143
6 años,Total,1 July,2014,1 de julio de 2014,506145
60 años,Total,1 July,2014,1 de julio de 2014,520659
61 años,Total,1 July,2014,1 de julio de 2014,518707
62 años,Total,1 July,2014,1 de julio de 2014,499934
63 años,Total,1 July,2014,1 de julio de 2014,476843
64 años,Total,1 July,2014,1 de julio de 2014,479446
65 años,Total,1 July,2014,1 de julio de 2014,498850
66 años,Total,1 July,2014,1 de julio de 2014,486932
67 años,Total,1 July,2014,1 de julio de 2014,453251
68 años,Total,1 July,2014,1 de julio de 2014,450716
69 años,Total,1 July,2014,1 de julio de 2014,447131
7 años,Total,1 July,2014,1 de julio de 2014,495231
70 años,Total,1 July,2014,1 de julio de 2014,429916
71 años,Total,1 July,2014,1 de julio de 2014,394335
72 años,Total,1 July,2014,1 de julio de 2014,348174
73 años,Total,1 July,2014,1 de julio de 2014,367997
74 años,Total,1 July,2014,1 de julio de 2014,334360
75 años,Total,1 July,2014,1 de julio de 2014,281096
76 años,Total,1 July,2014,1 de julio de 2014,311919
77 años,Total,1 July,2014,1 de julio de 2014,338351
78 años,Total,1 July,2014,1 de julio de 2014,340497
79 años,Total,1 July,2014,1 de julio de 2014,325153
8 años,Total,1 July,2014,1 de julio de 2014,488717
80 años,Total,1 July,2014,1 de julio de 2014,317026
81 años,Total,1 July,2014,1 de julio de 2014,306853
82 años,Total,1 July,2014,1 de julio de 2014,284044
83 años,Total,1 July,2014,1 de julio de 2014,262201
84 años,Total,1 July,2014,1 de julio de 2014,239722
85 años,Total,1 July,2014,1 de julio de 2014,214776
85 y más años,Total,1 July,2014,1 de julio de 2014,1269257
86 años,Total,1 July,2014,1 de julio de 2014,189767
87 años,Total,1 July,2014,1 de julio de 2014,165712
88 años,Total,1 July,2014,1 de julio de 2014,144449
89 años,Total,1 July,2014,1 de julio de 2014,122506
9 años,Total,1 July,2014,1 de julio de 2014,481414
90 años,Total,1 July,2014,1 de julio de 2014,103299
91 años,Total,1 July,2014,1 de julio de 2014,85304
92 años,Total,1 July,2014,1 de julio de 2014,67703
93 años,Total,1 July,2014,1 de julio de 2014,51177
94 años,Total,1 July,2014,1 de julio de 2014,37055
95 años,Total,1 July,2014,1 de julio de 2014,26311
96 años,Total,1 July,2014,1 de julio de 2014,19481
97 años,Total,1 July,2014,1 de julio de 2014,13953
98 años,Total,1 July,2014,1 de julio de 2014,10029
99 años,Total,1 July,2014,1 de julio de 2014,7211
Todas las edades,Total,1 July,2014,1 de julio de 2014,46433050
0 años,Hombres,1 July,2015,1 de julio de 2015,215101
1 año,Hombres,1 July,2015,1 de julio de 2015,219106
10 años,Hombres,1 July,2015,1 de julio de 2015,247169
100 años,Hombres,1 July,2015,1 de julio de 2015,798
100 y más años,Hombres,1 July,2015,1 de julio de 2015,1756
101 años,Hombres,1 July,2015,1 de julio de 2015,455
102 años,Hombres,1 July,2015,1 de julio de 2015,254
103 años,Hombres,1 July,2015,1 de julio de 2015,136
104 años,Hombres,1 July,2015,1 de julio de 2015,70
105 y más años,Hombres,1 July,2015,1 de julio de 2015,43
11 años,Hombres,1 July,2015,1 de julio de 2015,243622
12 años,Hombres,1 July,2015,1 de julio de 2015,236706
13 años,Hombres,1 July,2015,1 de julio de 2015,231465
14 años,Hombres,1 July,2015,1 de julio de 2015,231269
15 años,Hombres,1 July,2015,1 de julio de 2015,228720
16 años,Hombres,1 July,2015,1 de julio de 2015,222793
17 años,Hombres,1 July,2015,1 de julio de 2015,220859
18 años,Hombres,1 July,2015,1 de julio de 2015,220656
19 años,Hombres,1 July,2015,1 de julio de 2015,220451
2 años,Hombres,1 July,2015,1 de julio de 2015,225555
20 años,Hombres,1 July,2015,1 de julio de 2015,222736
21 años,Hombres,1 July,2015,1 de julio de 2015,228914
22 años,Hombres,1 July,2015,1 de julio de 2015,237161
23 años,Hombres,1 July,2015,1 de julio de 2015,241410
24 años,Hombres,1 July,2015,1 de julio de 2015,243533
25 años,Hombres,1 July,2015,1 de julio de 2015,248595
26 años,Hombres,1 July,2015,1 de julio de 2015,254776
27 años,Hombres,1 July,2015,1 de julio de 2015,260702
28 años,Hombres,1 July,2015,1 de julio de 2015,267776
29 años,Hombres,1 July,2015,1 de julio de 2015,277938
3 años,Hombres,1 July,2015,1 de julio de 2015,237367
30 años,Hombres,1 July,2015,1 de julio de 2015,290635
31 años,Hombres,1 July,2015,1 de julio de 2015,303347
32 años,Hombres,1 July,2015,1 de julio de 2015,320009
33 años,Hombres,1 July,2015,1 de julio de 2015,339107
34 años,Hombres,1 July,2015,1 de julio de 2015,357602
35 años,Hombres,1 July,2015,1 de julio de 2015,373594
36 años,Hombres,1 July,2015,1 de julio de 2015,389822
37 años,Hombres,1 July,2015,1 de julio de 2015,403991
38 años,Hombres,1 July,2015,1 de julio de 2015,411168
39 años,Hombres,1 July,2015,1 de julio de 2015,413894
4 años,Hombres,1 July,2015,1 de julio de 2015,244329
40 años,Hombres,1 July,2015,1 de julio de 2015,411235
41 años,Hombres,1 July,2015,1 de julio de 2015,404338
42 años,Hombres,1 July,2015,1 de julio de 2015,398442
43 años,Hombres,1 July,2015,1 de julio de 2015,393434
44 años,Hombres,1 July,2015,1 de julio de 2015,387024
45 años,Hombres,1 July,2015,1 de julio de 2015,381559
46 años,Hombres,1 July,2015,1 de julio de 2015,376835
47 años,Hombres,1 July,2015,1 de julio de 2015,375255
48 años,Hombres,1 July,2015,1 de julio de 2015,370510
49 años,Hombres,1 July,2015,1 de julio de 2015,362913
5 años,Hombres,1 July,2015,1 de julio de 2015,249606
50 años,Hombres,1 July,2015,1 de julio de 2015,362324
51 años,Hombres,1 July,2015,1 de julio de 2015,355207
52 años,Hombres,1 July,2015,1 de julio de 2015,339558
53 años,Hombres,1 July,2015,1 de julio de 2015,328250
54 años,Hombres,1 July,2015,1 de julio de 2015,323786
55 años,Hombres,1 July,2015,1 de julio de 2015,319090
56 años,Hombres,1 July,2015,1 de julio de 2015,309942
57 años,Hombres,1 July,2015,1 de julio de 2015,301149
58 años,Hombres,1 July,2015,1 de julio de 2015,286021
59 años,Hombres,1 July,2015,1 de julio de 2015,270781
6 años,Hombres,1 July,2015,1 de julio de 2015,259015
60 años,Hombres,1 July,2015,1 de julio de 2015,258830
61 años,Hombres,1 July,2015,1 de julio de 2015,251654
62 años,Hombres,1 July,2015,1 de julio de 2015,250922
63 años,Hombres,1 July,2015,1 de julio de 2015,240995
64 años,Hombres,1 July,2015,1 de julio de 2015,228466
65 años,Hombres,1 July,2015,1 de julio de 2015,228084
66 años,Hombres,1 July,2015,1 de julio de 2015,235977
67 años,Hombres,1 July,2015,1 de julio de 2015,229508
68 años,Hombres,1 July,2015,1 de julio de 2015,211896
69 años,Hombres,1 July,2015,1 de julio de 2015,209123
7 años,Hombres,1 July,2015,1 de julio de 2015,260463
70 años,Hombres,1 July,2015,1 de julio de 2015,206266
71 años,Hombres,1 July,2015,1 de julio de 2015,197126
72 años,Hombres,1 July,2015,1 de julio de 2015,179702
73 años,Hombres,1 July,2015,1 de julio de 2015,157458
74 años,Hombres,1 July,2015,1 de julio de 2015,164159
75 años,Hombres,1 July,2015,1 de julio de 2015,146544
76 años,Hombres,1 July,2015,1 de julio de 2015,120456
77 años,Hombres,1 July,2015,1 de julio de 2015,132068
78 años,Hombres,1 July,2015,1 de julio de 2015,140254
79 años,Hombres,1 July,2015,1 de julio de 2015,138616
8 años,Hombres,1 July,2015,1 de julio de 2015,254742
80 años,Hombres,1 July,2015,1 de julio de 2015,130363
81 años,Hombres,1 July,2015,1 de julio de 2015,123999
82 años,Hombres,1 July,2015,1 de julio de 2015,117141
83 años,Hombres,1 July,2015,1 de julio de 2015,105975
84 años,Hombres,1 July,2015,1 de julio de 2015,94296
85 años,Hombres,1 July,2015,1 de julio de 2015,82642
85 y más años,Hombres,1 July,2015,1 de julio de 2015,433284
86 años,Hombres,1 July,2015,1 de julio de 2015,71070
87 años,Hombres,1 July,2015,1 de julio de 2015,60197
88 años,Hombres,1 July,2015,1 de julio de 2015,50234
89 años,Hombres,1 July,2015,1 de julio de 2015,41521
9 años,Hombres,1 July,2015,1 de julio de 2015,250915
90 años,Hombres,1 July,2015,1 de julio de 2015,33222
91 años,Hombres,1 July,2015,1 de julio de 2015,26591
92 años,Hombres,1 July,2015,1 de julio de 2015,20703
93 años,Hombres,1 July,2015,1 de julio de 2015,15362
94 años,Hombres,1 July,2015,1 de julio de 2015,10873
95 años,Hombres,1 July,2015,1 de julio de 2015,7237
96 años,Hombres,1 July,2015,1 de julio de 2015,4782
97 años,Hombres,1 July,2015,1 de julio de 2015,3285
98 años,Hombres,1 July,2015,1 de julio de 2015,2250
99 años,Hombres,1 July,2015,1 de julio de 2015,1559
Todas las edades,Hombres,1 July,2015,1 de julio de 2015,22797434
0 años,Mujeres,1 July,2015,1 de julio de 2015,201672
1 año,Mujeres,1 July,2015,1 de julio de 2015,206180
10 años,Mujeres,1 July,2015,1 de julio de 2015,233528
100 años,Mujeres,1 July,2015,1 de julio de 2015,3493
100 y más años,Mujeres,1 July,2015,1 de julio de 2015,8604
101 años,Mujeres,1 July,2015,1 de julio de 2015,2205
102 años,Mujeres,1 July,2015,1 de julio de 2015,1307
103 años,Mujeres,1 July,2015,1 de julio de 2015,757
104 años,Mujeres,1 July,2015,1 de julio de 2015,405
105 y más años,Mujeres,1 July,2015,1 de julio de 2015,437
11 años,Mujeres,1 July,2015,1 de julio de 2015,230590
12 años,Mujeres,1 July,2015,1 de julio de 2015,224511
13 años,Mujeres,1 July,2015,1 de julio de 2015,219475
14 años,Mujeres,1 July,2015,1 de julio de 2015,218361
15 años,Mujeres,1 July,2015,1 de julio de 2015,215656
16 años,Mujeres,1 July,2015,1 de julio de 2015,209761
17 años,Mujeres,1 July,2015,1 de julio de 2015,207483
18 años,Mujeres,1 July,2015,1 de julio de 2015,208661
19 años,Mujeres,1 July,2015,1 de julio de 2015,208383
2 años,Mujeres,1 July,2015,1 de julio de 2015,212528
20 años,Mujeres,1 July,2015,1 de julio de 2015,210576
21 años,Mujeres,1 July,2015,1 de julio de 2015,217828
22 años,Mujeres,1 July,2015,1 de julio de 2015,227766
23 años,Mujeres,1 July,2015,1 de julio de 2015,233317
24 años,Mujeres,1 July,2015,1 de julio de 2015,237067
25 años,Mujeres,1 July,2015,1 de julio de 2015,244206
26 años,Mujeres,1 July,2015,1 de julio de 2015,252057
27 años,Mujeres,1 July,2015,1 de julio de 2015,259460
28 años,Mujeres,1 July,2015,1 de julio de 2015,267947
29 años,Mujeres,1 July,2015,1 de julio de 2015,278141
3 años,Mujeres,1 July,2015,1 de julio de 2015,223169
30 años,Mujeres,1 July,2015,1 de julio de 2015,289861
31 años,Mujeres,1 July,2015,1 de julio de 2015,301915
32 años,Mujeres,1 July,2015,1 de julio de 2015,316765
33 años,Mujeres,1 July,2015,1 de julio de 2015,333297
34 años,Mujeres,1 July,2015,1 de julio de 2015,349271
35 años,Mujeres,1 July,2015,1 de julio de 2015,363705
36 años,Mujeres,1 July,2015,1 de julio de 2015,377313
37 años,Mujeres,1 July,2015,1 de julio de 2015,387362
38 años,Mujeres,1 July,2015,1 de julio de 2015,393765
39 años,Mujeres,1 July,2015,1 de julio de 2015,396183
4 años,Mujeres,1 July,2015,1 de julio de 2015,229814
40 años,Mujeres,1 July,2015,1 de julio de 2015,393526
41 años,Mujeres,1 July,2015,1 de julio de 2015,387741
42 años,Mujeres,1 July,2015,1 de julio de 2015,382053
43 años,Mujeres,1 July,2015,1 de julio de 2015,378624
44 años,Mujeres,1 July,2015,1 de julio de 2015,373560
45 años,Mujeres,1 July,2015,1 de julio de 2015,370203
46 años,Mujeres,1 July,2015,1 de julio de 2015,368055
47 años,Mujeres,1 July,2015,1 de julio de 2015,368549
48 años,Mujeres,1 July,2015,1 de julio de 2015,365386
49 años,Mujeres,1 July,2015,1 de julio de 2015,360145
5 años,Mujeres,1 July,2015,1 de julio de 2015,234106
50 años,Mujeres,1 July,2015,1 de julio de 2015,362051
51 años,Mujeres,1 July,2015,1 de julio de 2015,355577
52 años,Mujeres,1 July,2015,1 de julio de 2015,341363
53 años,Mujeres,1 July,2015,1 de julio de 2015,332522
54 años,Mujeres,1 July,2015,1 de julio de 2015,329779
55 años,Mujeres,1 July,2015,1 de julio de 2015,325988
56 años,Mujeres,1 July,2015,1 de julio de 2015,317998
57 años,Mujeres,1 July,2015,1 de julio de 2015,310730
58 años,Mujeres,1 July,2015,1 de julio de 2015,296692
59 años,Mujeres,1 July,2015,1 de julio de 2015,282141
6 años,Mujeres,1 July,2015,1 de julio de 2015,242378
60 años,Mujeres,1 July,2015,1 de julio de 2015,271763
61 años,Mujeres,1 July,2015,1 de julio de 2015,265517
62 años,Mujeres,1 July,2015,1 de julio de 2015,264161
63 años,Mujeres,1 July,2015,1 de julio de 2015,255287
64 años,Mujeres,1 July,2015,1 de julio de 2015,244840
65 años,Mujeres,1 July,2015,1 de julio de 2015,247357
66 años,Mujeres,1 July,2015,1 de julio de 2015,258292
67 años,Mujeres,1 July,2015,1 de julio de 2015,252645
68 años,Mujeres,1 July,2015,1 de julio de 2015,236227
69 años,Mujeres,1 July,2015,1 de julio de 2015,235977
7 años,Mujeres,1 July,2015,1 de julio de 2015,244486
70 años,Mujeres,1 July,2015,1 de julio de 2015,234714
71 años,Mujeres,1 July,2015,1 de julio de 2015,226357
72 años,Mujeres,1 July,2015,1 de julio de 2015,208311
73 años,Mujeres,1 July,2015,1 de julio de 2015,184533
74 años,Mujeres,1 July,2015,1 de julio de 2015,196495
75 años,Mujeres,1 July,2015,1 de julio de 2015,180516
76 años,Mujeres,1 July,2015,1 de julio de 2015,153423
77 años,Mujeres,1 July,2015,1 de julio de 2015,171078
78 años,Mujeres,1 July,2015,1 de julio de 2015,187616
79 años,Mujeres,1 July,2015,1 de julio de 2015,190171
8 años,Mujeres,1 July,2015,1 de julio de 2015,239557
80 años,Mujeres,1 July,2015,1 de julio de 2015,182301
81 años,Mujeres,1 July,2015,1 de julio de 2015,179013
82 años,Mujeres,1 July,2015,1 de julio de 2015,174578
83 años,Mujeres,1 July,2015,1 de julio de 2015,162448
84 años,Mujeres,1 July,2015,1 de julio de 2015,151309
85 años,Mujeres,1 July,2015,1 de julio de 2015,139679
85 y más años,Mujeres,1 July,2015,1 de julio de 2015,884196
86 años,Mujeres,1 July,2015,1 de julio de 2015,125789
87 años,Mujeres,1 July,2015,1 de julio de 2015,111778
88 años,Mujeres,1 July,2015,1 de julio de 2015,97875
89 años,Mujeres,1 July,2015,1 de julio de 2015,85525
9 años,Mujeres,1 July,2015,1 de julio de 2015,237036
90 años,Mujeres,1 July,2015,1 de julio de 2015,72632
91 años,Mujeres,1 July,2015,1 de julio de 2015,60908
92 años,Mujeres,1 July,2015,1 de julio de 2015,50145
93 años,Mujeres,1 July,2015,1 de julio de 2015,39718
94 años,Mujeres,1 July,2015,1 de julio de 2015,29868
95 años,Mujeres,1 July,2015,1 de julio de 2015,21606
96 años,Mujeres,1 July,2015,1 de julio de 2015,15265
97 años,Mujeres,1 July,2015,1 de julio de 2015,11213
98 años,Mujeres,1 July,2015,1 de julio de 2015,7882
99 años,Mujeres,1 July,2015,1 de julio de 2015,5709
Todas las edades,Mujeres,1 July,2015,1 de julio de 2015,23586945
0 años,Total,1 July,2015,1 de julio de 2015,416773
1 año,Total,1 July,2015,1 de julio de 2015,425286
10 años,Total,1 July,2015,1 de julio de 2015,480697
100 años,Total,1 July,2015,1 de julio de 2015,4291
100 y más años,Total,1 July,2015,1 de julio de 2015,10360
101 años,Total,1 July,2015,1 de julio de 2015,2660
102 años,Total,1 July,2015,1 de julio de 2015,1561
103 años,Total,1 July,2015,1 de julio de 2015,893
104 años,Total,1 July,2015,1 de julio de 2015,475
105 y más años,Total,1 July,2015,1 de julio de 2015,480
11 años,Total,1 July,2015,1 de julio de 2015,474212
12 años,Total,1 July,2015,1 de julio de 2015,461217
13 años,Total,1 July,2015,1 de julio de 2015,450940
14 años,Total,1 July,2015,1 de julio de 2015,449630
15 años,Total,1 July,2015,1 de julio de 2015,444376
16 años,Total,1 July,2015,1 de julio de 2015,432554
17 años,Total,1 July,2015,1 de julio de 2015,428342
18 años,Total,1 July,2015,1 de julio de 2015,429317
19 años,Total,1 July,2015,1 de julio de 2015,428834
2 años,Total,1 July,2015,1 de julio de 2015,438083
20 años,Total,1 July,2015,1 de julio de 2015,433312
21 años,Total,1 July,2015,1 de julio de 2015,446742
22 años,Total,1 July,2015,1 de julio de 2015,464927
23 años,Total,1 July,2015,1 de julio de 2015,474727
24 años,Total,1 July,2015,1 de julio de 2015,480600
25 años,Total,1 July,2015,1 de julio de 2015,492801
26 años,Total,1 July,2015,1 de julio de 2015,506833
27 años,Total,1 July,2015,1 de julio de 2015,520162
28 años,Total,1 July,2015,1 de julio de 2015,535723
29 años,Total,1 July,2015,1 de julio de 2015,556079
3 años,Total,1 July,2015,1 de julio de 2015,460536
30 años,Total,1 July,2015,1 de julio de 2015,580496
31 años,Total,1 July,2015,1 de julio de 2015,605262
32 años,Total,1 July,2015,1 de julio de 2015,636774
33 años,Total,1 July,2015,1 de julio de 2015,672404
34 años,Total,1 July,2015,1 de julio de 2015,706873
35 años,Total,1 July,2015,1 de julio de 2015,737299
36 años,Total,1 July,2015,1 de julio de 2015,767135
37 años,Total,1 July,2015,1 de julio de 2015,791353
38 años,Total,1 July,2015,1 de julio de 2015,804933
39 años,Total,1 July,2015,1 de julio de 2015,810077
4 años,Total,1 July,2015,1 de julio de 2015,474143
40 años,Total,1 July,2015,1 de julio de 2015,804761
41 años,Total,1 July,2015,1 de julio de 2015,792079
42 años,Total,1 July,2015,1 de julio de 2015,780495
43 años,Total,1 July,2015,1 de julio de 2015,772058
44 años,Total,1 July,2015,1 de julio de 2015,760584
45 años,Total,1 July,2015,1 de julio de 2015,751762
46 años,Total,1 July,2015,1 de julio de 2015,744890
47 años,Total,1 July,2015,1 de julio de 2015,743804
48 años,Total,1 July,2015,1 de julio de 2015,735896
49 años,Total,1 July,2015,1 de julio de 2015,723058
5 años,Total,1 July,2015,1 de julio de 2015,483712
50 años,Total,1 July,2015,1 de julio de 2015,724375
51 años,Total,1 July,2015,1 de julio de 2015,710784
52 años,Total,1 July,2015,1 de julio de 2015,680921
53 años,Total,1 July,2015,1 de julio de 2015,660772
54 años,Total,1 July,2015,1 de julio de 2015,653565
55 años,Total,1 July,2015,1 de julio de 2015,645078
56 años,Total,1 July,2015,1 de julio de 2015,627940
57 años,Total,1 July,2015,1 de julio de 2015,611879
58 años,Total,1 July,2015,1 de julio de 2015,582713
59 años,Total,1 July,2015,1 de julio de 2015,552922
6 años,Total,1 July,2015,1 de julio de 2015,501393
60 años,Total,1 July,2015,1 de julio de 2015,530593
61 años,Total,1 July,2015,1 de julio de 2015,517171
62 años,Total,1 July,2015,1 de julio de 2015,515083
63 años,Total,1 July,2015,1 de julio de 2015,496282
64 años,Total,1 July,2015,1 de julio de 2015,473306
65 años,Total,1 July,2015,1 de julio de 2015,475441
66 años,Total,1 July,2015,1 de julio de 2015,494269
67 años,Total,1 July,2015,1 de julio de 2015,482153
68 años,Total,1 July,2015,1 de julio de 2015,448123
69 años,Total,1 July,2015,1 de julio de 2015,445100
7 años,Total,1 July,2015,1 de julio de 2015,504949
70 años,Total,1 July,2015,1 de julio de 2015,440980
71 años,Total,1 July,2015,1 de julio de 2015,423483
72 años,Total,1 July,2015,1 de julio de 2015,388013
73 años,Total,1 July,2015,1 de julio de 2015,341991
74 años,Total,1 July,2015,1 de julio de 2015,360654
75 años,Total,1 July,2015,1 de julio de 2015,327060
76 años,Total,1 July,2015,1 de julio de 2015,273879
77 años,Total,1 July,2015,1 de julio de 2015,303146
78 años,Total,1 July,2015,1 de julio de 2015,327870
79 años,Total,1 July,2015,1 de julio de 2015,328787
8 años,Total,1 July,2015,1 de julio de 2015,494299
80 años,Total,1 July,2015,1 de julio de 2015,312664
81 años,Total,1 July,2015,1 de julio de 2015,303012
82 años,Total,1 July,2015,1 de julio de 2015,291719
83 años,Total,1 July,2015,1 de julio de 2015,268423
84 años,Total,1 July,2015,1 de julio de 2015,245605
85 años,Total,1 July,2015,1 de julio de 2015,222321
85 y más años,Total,1 July,2015,1 de julio de 2015,1317480
86 años,Total,1 July,2015,1 de julio de 2015,196859
87 años,Total,1 July,2015,1 de julio de 2015,171975
88 años,Total,1 July,2015,1 de julio de 2015,148109
89 años,Total,1 July,2015,1 de julio de 2015,127046
9 años,Total,1 July,2015,1 de julio de 2015,487951
90 años,Total,1 July,2015,1 de julio de 2015,105854
91 años,Total,1 July,2015,1 de julio de 2015,87499
92 años,Total,1 July,2015,1 de julio de 2015,70848
93 años,Total,1 July,2015,1 de julio de 2015,55080
94 años,Total,1 July,2015,1 de julio de 2015,40741
95 años,Total,1 July,2015,1 de julio de 2015,28843
96 años,Total,1 July,2015,1 de julio de 2015,20047
97 años,Total,1 July,2015,1 de julio de 2015,14498
98 años,Total,1 July,2015,1 de julio de 2015,10132
99 años,Total,1 July,2015,1 de julio de 2015,7268
Todas las edades,Total,1 July,2015,1 de julio de 2015,46384379
0 años,Hombres,1 July,2016,1 de julio de 2016,210497
1 año,Hombres,1 July,2016,1 de julio de 2016,218316
10 años,Hombres,1 July,2016,1 de julio de 2016,250994
100 años,Hombres,1 July,2016,1 de julio de 2016,771
100 y más años,Hombres,1 July,2016,1 de julio de 2016,1799
101 años,Hombres,1 July,2016,1 de julio de 2016,470
102 años,Hombres,1 July,2016,1 de julio de 2016,269
103 años,Hombres,1 July,2016,1 de julio de 2016,143
104 años,Hombres,1 July,2016,1 de julio de 2016,88
105 y más años,Hombres,1 July,2016,1 de julio de 2016,58
11 años,Hombres,1 July,2016,1 de julio de 2016,247159
12 años,Hombres,1 July,2016,1 de julio de 2016,243827
13 años,Hombres,1 July,2016,1 de julio de 2016,237023
14 años,Hombres,1 July,2016,1 de julio de 2016,231948
15 años,Hombres,1 July,2016,1 de julio de 2016,231937
16 años,Hombres,1 July,2016,1 de julio de 2016,229595
17 años,Hombres,1 July,2016,1 de julio de 2016,223792
18 años,Hombres,1 July,2016,1 de julio de 2016,222281
19 años,Hombres,1 July,2016,1 de julio de 2016,222403
2 años,Hombres,1 July,2016,1 de julio de 2016,219879
20 años,Hombres,1 July,2016,1 de julio de 2016,222184
21 años,Hombres,1 July,2016,1 de julio de 2016,224397
22 años,Hombres,1 July,2016,1 de julio de 2016,230480
23 años,Hombres,1 July,2016,1 de julio de 2016,238891
24 años,Hombres,1 July,2016,1 de julio de 2016,243062
25 años,Hombres,1 July,2016,1 de julio de 2016,245171
26 años,Hombres,1 July,2016,1 de julio de 2016,250143
27 años,Hombres,1 July,2016,1 de julio de 2016,256154
28 años,Hombres,1 July,2016,1 de julio de 2016,261697
29 años,Hombres,1 July,2016,1 de julio de 2016,268405
3 años,Hombres,1 July,2016,1 de julio de 2016,226071
30 años,Hombres,1 July,2016,1 de julio de 2016,278365
31 años,Hombres,1 July,2016,1 de julio de 2016,290596
32 años,Hombres,1 July,2016,1 de julio de 2016,303118
33 años,Hombres,1 July,2016,1 de julio de 2016,319632
34 años,Hombres,1 July,2016,1 de julio de 2016,338432
35 años,Hombres,1 July,2016,1 de julio de 2016,356750
36 años,Hombres,1 July,2016,1 de julio de 2016,372500
37 años,Hombres,1 July,2016,1 de julio de 2016,388594
38 años,Hombres,1 July,2016,1 de julio de 2016,402458
39 años,Hombres,1 July,2016,1 de julio de 2016,409704
4 años,Hombres,1 July,2016,1 de julio de 2016,237665
40 años,Hombres,1 July,2016,1 de julio de 2016,412345
41 años,Hombres,1 July,2016,1 de julio de 2016,409518
42 años,Hombres,1 July,2016,1 de julio de 2016,402567
43 años,Hombres,1 July,2016,1 de julio de 2016,396584
44 años,Hombres,1 July,2016,1 de julio de 2016,391768
45 años,Hombres,1 July,2016,1 de julio de 2016,385234
46 años,Hombres,1 July,2016,1 de julio de 2016,379707
47 años,Hombres,1 July,2016,1 de julio de 2016,375052
48 años,Hombres,1 July,2016,1 de julio de 2016,373477
49 años,Hombres,1 July,2016,1 de julio de 2016,368751
5 años,Hombres,1 July,2016,1 de julio de 2016,244363
50 años,Hombres,1 July,2016,1 de julio de 2016,361287
51 años,Hombres,1 July,2016,1 de julio de 2016,360534
52 años,Hombres,1 July,2016,1 de julio de 2016,353113
53 años,Hombres,1 July,2016,1 de julio de 2016,337468
54 años,Hombres,1 July,2016,1 de julio de 2016,326211
55 años,Hombres,1 July,2016,1 de julio de 2016,321759
56 años,Hombres,1 July,2016,1 de julio de 2016,317045
57 años,Hombres,1 July,2016,1 de julio de 2016,307794
58 años,Hombres,1 July,2016,1 de julio de 2016,298872
59 años,Hombres,1 July,2016,1 de julio de 2016,283639
6 años,Hombres,1 July,2016,1 de julio de 2016,249469
60 años,Hombres,1 July,2016,1 de julio de 2016,268555
61 años,Hombres,1 July,2016,1 de julio de 2016,256534
62 años,Hombres,1 July,2016,1 de julio de 2016,249228
63 años,Hombres,1 July,2016,1 de julio de 2016,248396
64 años,Hombres,1 July,2016,1 de julio de 2016,238424
65 años,Hombres,1 July,2016,1 de julio de 2016,225960
66 años,Hombres,1 July,2016,1 de julio de 2016,225363
67 años,Hombres,1 July,2016,1 de julio de 2016,232752
68 años,Hombres,1 July,2016,1 de julio de 2016,225878
69 años,Hombres,1 July,2016,1 de julio de 2016,208244
7 años,Hombres,1 July,2016,1 de julio de 2016,258693
70 años,Hombres,1 July,2016,1 de julio de 2016,205215
71 años,Hombres,1 July,2016,1 de julio de 2016,202127
72 años,Hombres,1 July,2016,1 de julio de 2016,192604
73 años,Hombres,1 July,2016,1 de julio de 2016,175294
74 años,Hombres,1 July,2016,1 de julio de 2016,153204
75 años,Hombres,1 July,2016,1 de julio de 2016,159278
76 años,Hombres,1 July,2016,1 de julio de 2016,141655
77 años,Hombres,1 July,2016,1 de julio de 2016,115980
78 años,Hombres,1 July,2016,1 de julio de 2016,126656
79 años,Hombres,1 July,2016,1 de julio de 2016,133798
8 años,Hombres,1 July,2016,1 de julio de 2016,260209
80 años,Hombres,1 July,2016,1 de julio de 2016,131701
81 años,Hombres,1 July,2016,1 de julio de 2016,123176
82 años,Hombres,1 July,2016,1 de julio de 2016,116406
83 años,Hombres,1 July,2016,1 de julio de 2016,109140
84 años,Hombres,1 July,2016,1 de julio de 2016,97820
85 años,Hombres,1 July,2016,1 de julio de 2016,86028
85 y más años,Hombres,1 July,2016,1 de julio de 2016,456981
86 años,Hombres,1 July,2016,1 de julio de 2016,74691
87 años,Hombres,1 July,2016,1 de julio de 2016,63514
88 años,Hombres,1 July,2016,1 de julio de 2016,52901
89 años,Hombres,1 July,2016,1 de julio de 2016,43360
9 años,Hombres,1 July,2016,1 de julio de 2016,254704
90 años,Hombres,1 July,2016,1 de julio de 2016,35226
91 años,Hombres,1 July,2016,1 de julio de 2016,27730
92 años,Hombres,1 July,2016,1 de julio de 2016,21696
93 años,Hombres,1 July,2016,1 de julio de 2016,16571
94 años,Hombres,1 July,2016,1 de julio de 2016,12024
95 años,Hombres,1 July,2016,1 de julio de 2016,8368
96 años,Hombres,1 July,2016,1 de julio de 2016,5546
97 años,Hombres,1 July,2016,1 de julio de 2016,3571
98 años,Hombres,1 July,2016,1 de julio de 2016,2391
99 años,Hombres,1 July,2016,1 de julio de 2016,1565
Todas las edades,Hombres,1 July,2016,1 de julio de 2016,22804652
0 años,Mujeres,1 July,2016,1 de julio de 2016,198436
1 año,Mujeres,1 July,2016,1 de julio de 2016,205182
10 años,Mujeres,1 July,2016,1 de julio de 2016,237173
100 años,Mujeres,1 July,2016,1 de julio de 2016,3389
100 y más años,Mujeres,1 July,2016,1 de julio de 2016,9048
101 años,Mujeres,1 July,2016,1 de julio de 2016,2354
102 años,Mujeres,1 July,2016,1 de julio de 2016,1496
103 años,Mujeres,1 July,2016,1 de julio de 2016,865
104 años,Mujeres,1 July,2016,1 de julio de 2016,496
105 y más años,Mujeres,1 July,2016,1 de julio de 2016,448
11 años,Mujeres,1 July,2016,1 de julio de 2016,233616
12 años,Mujeres,1 July,2016,1 de julio de 2016,230772
13 años,Mujeres,1 July,2016,1 de julio de 2016,224788
14 años,Mujeres,1 July,2016,1 de julio de 2016,219981
15 años,Mujeres,1 July,2016,1 de julio de 2016,218837
16 años,Mujeres,1 July,2016,1 de julio de 2016,216265
17 años,Mujeres,1 July,2016,1 de julio de 2016,210452
18 años,Mujeres,1 July,2016,1 de julio de 2016,208844
19 años,Mujeres,1 July,2016,1 de julio de 2016,210731
2 años,Mujeres,1 July,2016,1 de julio de 2016,206931
20 años,Mujeres,1 July,2016,1 de julio de 2016,210529
21 años,Mujeres,1 July,2016,1 de julio de 2016,213084
22 años,Mujeres,1 July,2016,1 de julio de 2016,220324
23 años,Mujeres,1 July,2016,1 de julio de 2016,230292
24 años,Mujeres,1 July,2016,1 de julio de 2016,235779
25 años,Mujeres,1 July,2016,1 de julio de 2016,239437
26 años,Mujeres,1 July,2016,1 de julio de 2016,246405
27 años,Mujeres,1 July,2016,1 de julio de 2016,253726
28 años,Mujeres,1 July,2016,1 de julio de 2016,260922
29 años,Mujeres,1 July,2016,1 de julio de 2016,268961
3 años,Mujeres,1 July,2016,1 de julio de 2016,212985
30 años,Mujeres,1 July,2016,1 de julio de 2016,278884
31 años,Mujeres,1 July,2016,1 de julio de 2016,290379
32 años,Mujeres,1 July,2016,1 de julio de 2016,302273
33 años,Mujeres,1 July,2016,1 de julio de 2016,316998
34 años,Mujeres,1 July,2016,1 de julio de 2016,333241
35 años,Mujeres,1 July,2016,1 de julio de 2016,349207
36 años,Mujeres,1 July,2016,1 de julio de 2016,363652
37 años,Mujeres,1 July,2016,1 de julio de 2016,377014
38 años,Mujeres,1 July,2016,1 de julio de 2016,387087
39 años,Mujeres,1 July,2016,1 de julio de 2016,393329
4 años,Mujeres,1 July,2016,1 de julio de 2016,223414
40 años,Mujeres,1 July,2016,1 de julio de 2016,395799
41 años,Mujeres,1 July,2016,1 de julio de 2016,393106
42 años,Mujeres,1 July,2016,1 de julio de 2016,387281
43 años,Mujeres,1 July,2016,1 de julio de 2016,381769
44 años,Mujeres,1 July,2016,1 de julio de 2016,378202
45 años,Mujeres,1 July,2016,1 de julio de 2016,373189
46 años,Mujeres,1 July,2016,1 de julio de 2016,369877
47 años,Mujeres,1 July,2016,1 de julio de 2016,367613
48 años,Mujeres,1 July,2016,1 de julio de 2016,368162
49 años,Mujeres,1 July,2016,1 de julio de 2016,364997
5 años,Mujeres,1 July,2016,1 de julio de 2016,229792
50 años,Mujeres,1 July,2016,1 de julio de 2016,359832
51 años,Mujeres,1 July,2016,1 de julio de 2016,361662
52 años,Mujeres,1 July,2016,1 de julio de 2016,354989
53 años,Mujeres,1 July,2016,1 de julio de 2016,340925
54 años,Mujeres,1 July,2016,1 de julio de 2016,332060
55 años,Mujeres,1 July,2016,1 de julio de 2016,329119
56 años,Mujeres,1 July,2016,1 de julio de 2016,325348
57 años,Mujeres,1 July,2016,1 de julio de 2016,317268
58 años,Mujeres,1 July,2016,1 de julio de 2016,309910
59 años,Mujeres,1 July,2016,1 de julio de 2016,295950
6 años,Mujeres,1 July,2016,1 de julio de 2016,234029
60 años,Mujeres,1 July,2016,1 de julio de 2016,281282
61 años,Mujeres,1 July,2016,1 de julio de 2016,271020
62 años,Mujeres,1 July,2016,1 de julio de 2016,264727
63 años,Mujeres,1 July,2016,1 de julio de 2016,263311
64 años,Mujeres,1 July,2016,1 de julio de 2016,254415
65 años,Mujeres,1 July,2016,1 de julio de 2016,243892
66 años,Mujeres,1 July,2016,1 de julio de 2016,246283
67 años,Mujeres,1 July,2016,1 de julio de 2016,256788
68 años,Mujeres,1 July,2016,1 de julio de 2016,250978
69 años,Mujeres,1 July,2016,1 de julio de 2016,234515
7 años,Mujeres,1 July,2016,1 de julio de 2016,242297
70 años,Mujeres,1 July,2016,1 de julio de 2016,234177
71 años,Mujeres,1 July,2016,1 de julio de 2016,232607
72 años,Mujeres,1 July,2016,1 de julio de 2016,224047
73 años,Mujeres,1 July,2016,1 de julio de 2016,205999
74 años,Mujeres,1 July,2016,1 de julio de 2016,182245
75 años,Mujeres,1 July,2016,1 de julio de 2016,193792
76 años,Mujeres,1 July,2016,1 de julio de 2016,177697
77 años,Mujeres,1 July,2016,1 de julio de 2016,150626
78 años,Mujeres,1 July,2016,1 de julio de 2016,167458
79 años,Mujeres,1 July,2016,1 de julio de 2016,183098
8 años,Mujeres,1 July,2016,1 de julio de 2016,244323
80 años,Mujeres,1 July,2016,1 de julio de 2016,185008
81 años,Mujeres,1 July,2016,1 de julio de 2016,176592
82 años,Mujeres,1 July,2016,1 de julio de 2016,172453
83 años,Mujeres,1 July,2016,1 de julio de 2016,167089
84 años,Mujeres,1 July,2016,1 de julio de 2016,154422
85 años,Mujeres,1 July,2016,1 de julio de 2016,142520
85 y más años,Mujeres,1 July,2016,1 de julio de 2016,920921
86 años,Mujeres,1 July,2016,1 de julio de 2016,130512
87 años,Mujeres,1 July,2016,1 de julio de 2016,116193
88 años,Mujeres,1 July,2016,1 de julio de 2016,101990
89 años,Mujeres,1 July,2016,1 de julio de 2016,88158
9 años,Mujeres,1 July,2016,1 de julio de 2016,239577
90 años,Mujeres,1 July,2016,1 de julio de 2016,75808
91 años,Mujeres,1 July,2016,1 de julio de 2016,63173
92 años,Mujeres,1 July,2016,1 de julio de 2016,52083
93 años,Mujeres,1 July,2016,1 de julio de 2016,41946
94 años,Mujeres,1 July,2016,1 de julio de 2016,32540
95 años,Mujeres,1 July,2016,1 de julio de 2016,23986
96 años,Mujeres,1 July,2016,1 de julio de 2016,16934
97 años,Mujeres,1 July,2016,1 de julio de 2016,11734
98 años,Mujeres,1 July,2016,1 de julio de 2016,8431
99 años,Mujeres,1 July,2016,1 de julio de 2016,5865
Todas las edades,Mujeres,1 July,2016,1 de julio de 2016,23622448
0 años,Total,1 July,2016,1 de julio de 2016,408933
1 año,Total,1 July,2016,1 de julio de 2016,423498
10 años,Total,1 July,2016,1 de julio de 2016,488167
100 años,Total,1 July,2016,1 de julio de 2016,4160
100 y más años,Total,1 July,2016,1 de julio de 2016,10847
101 años,Total,1 July,2016,1 de julio de 2016,2824
102 años,Total,1 July,2016,1 de julio de 2016,1765
103 años,Total,1 July,2016,1 de julio de 2016,1008
104 años,Total,1 July,2016,1 de julio de 2016,584
105 y más años,Total,1 July,2016,1 de julio de 2016,506
11 años,Total,1 July,2016,1 de julio de 2016,480775
12 años,Total,1 July,2016,1 de julio de 2016,474599
13 años,Total,1 July,2016,1 de julio de 2016,461811
14 años,Total,1 July,2016,1 de julio de 2016,451929
15 años,Total,1 July,2016,1 de julio de 2016,450774
16 años,Total,1 July,2016,1 de julio de 2016,445860
17 años,Total,1 July,2016,1 de julio de 2016,434244
18 años,Total,1 July,2016,1 de julio de 2016,431125
19 años,Total,1 July,2016,1 de julio de 2016,433134
2 años,Total,1 July,2016,1 de julio de 2016,426810
20 años,Total,1 July,2016,1 de julio de 2016,432713
21 años,Total,1 July,2016,1 de julio de 2016,437481
22 años,Total,1 July,2016,1 de julio de 2016,450804
23 años,Total,1 July,2016,1 de julio de 2016,469183
24 años,Total,1 July,2016,1 de julio de 2016,478841
25 años,Total,1 July,2016,1 de julio de 2016,484608
26 años,Total,1 July,2016,1 de julio de 2016,496548
27 años,Total,1 July,2016,1 de julio de 2016,509880
28 años,Total,1 July,2016,1 de julio de 2016,522619
29 años,Total,1 July,2016,1 de julio de 2016,537366
3 años,Total,1 July,2016,1 de julio de 2016,439056
30 años,Total,1 July,2016,1 de julio de 2016,557249
31 años,Total,1 July,2016,1 de julio de 2016,580975
32 años,Total,1 July,2016,1 de julio de 2016,605391
33 años,Total,1 July,2016,1 de julio de 2016,636630
34 años,Total,1 July,2016,1 de julio de 2016,671673
35 años,Total,1 July,2016,1 de julio de 2016,705957
36 años,Total,1 July,2016,1 de julio de 2016,736152
37 años,Total,1 July,2016,1 de julio de 2016,765608
38 años,Total,1 July,2016,1 de julio de 2016,789545
39 años,Total,1 July,2016,1 de julio de 2016,803033
4 años,Total,1 July,2016,1 de julio de 2016,461079
40 años,Total,1 July,2016,1 de julio de 2016,808144
41 años,Total,1 July,2016,1 de julio de 2016,802624
42 años,Total,1 July,2016,1 de julio de 2016,789848
43 años,Total,1 July,2016,1 de julio de 2016,778353
44 años,Total,1 July,2016,1 de julio de 2016,769970
45 años,Total,1 July,2016,1 de julio de 2016,758423
46 años,Total,1 July,2016,1 de julio de 2016,749584
47 años,Total,1 July,2016,1 de julio de 2016,742665
48 años,Total,1 July,2016,1 de julio de 2016,741639
49 años,Total,1 July,2016,1 de julio de 2016,733748
5 años,Total,1 July,2016,1 de julio de 2016,474155
50 años,Total,1 July,2016,1 de julio de 2016,721119
51 años,Total,1 July,2016,1 de julio de 2016,722196
52 años,Total,1 July,2016,1 de julio de 2016,708102
53 años,Total,1 July,2016,1 de julio de 2016,678393
54 años,Total,1 July,2016,1 de julio de 2016,658271
55 años,Total,1 July,2016,1 de julio de 2016,650878
56 años,Total,1 July,2016,1 de julio de 2016,642393
57 años,Total,1 July,2016,1 de julio de 2016,625062
58 años,Total,1 July,2016,1 de julio de 2016,608782
59 años,Total,1 July,2016,1 de julio de 2016,579589
6 años,Total,1 July,2016,1 de julio de 2016,483498
60 años,Total,1 July,2016,1 de julio de 2016,549837
61 años,Total,1 July,2016,1 de julio de 2016,527554
62 años,Total,1 July,2016,1 de julio de 2016,513955
63 años,Total,1 July,2016,1 de julio de 2016,511707
64 años,Total,1 July,2016,1 de julio de 2016,492839
65 años,Total,1 July,2016,1 de julio de 2016,469852
66 años,Total,1 July,2016,1 de julio de 2016,471646
67 años,Total,1 July,2016,1 de julio de 2016,489540
68 años,Total,1 July,2016,1 de julio de 2016,476856
69 años,Total,1 July,2016,1 de julio de 2016,442759
7 años,Total,1 July,2016,1 de julio de 2016,500990
70 años,Total,1 July,2016,1 de julio de 2016,439392
71 años,Total,1 July,2016,1 de julio de 2016,434734
72 años,Total,1 July,2016,1 de julio de 2016,416651
73 años,Total,1 July,2016,1 de julio de 2016,381293
74 años,Total,1 July,2016,1 de julio de 2016,335449
75 años,Total,1 July,2016,1 de julio de 2016,353070
76 años,Total,1 July,2016,1 de julio de 2016,319352
77 años,Total,1 July,2016,1 de julio de 2016,266606
78 años,Total,1 July,2016,1 de julio de 2016,294114
79 años,Total,1 July,2016,1 de julio de 2016,316896
8 años,Total,1 July,2016,1 de julio de 2016,504532
80 años,Total,1 July,2016,1 de julio de 2016,316709
81 años,Total,1 July,2016,1 de julio de 2016,299768
82 años,Total,1 July,2016,1 de julio de 2016,288859
83 años,Total,1 July,2016,1 de julio de 2016,276229
84 años,Total,1 July,2016,1 de julio de 2016,252242
85 años,Total,1 July,2016,1 de julio de 2016,228548
85 y más años,Total,1 July,2016,1 de julio de 2016,1377902
86 años,Total,1 July,2016,1 de julio de 2016,205203
87 años,Total,1 July,2016,1 de julio de 2016,179707
88 años,Total,1 July,2016,1 de julio de 2016,154891
89 años,Total,1 July,2016,1 de julio de 2016,131518
9 años,Total,1 July,2016,1 de julio de 2016,494281
90 años,Total,1 July,2016,1 de julio de 2016,111034
91 años,Total,1 July,2016,1 de julio de 2016,90903
92 años,Total,1 July,2016,1 de julio de 2016,73779
93 años,Total,1 July,2016,1 de julio de 2016,58517
94 años,Total,1 July,2016,1 de julio de 2016,44564
95 años,Total,1 July,2016,1 de julio de 2016,32354
96 años,Total,1 July,2016,1 de julio de 2016,22480
97 años,Total,1 July,2016,1 de julio de 2016,15305
98 años,Total,1 July,2016,1 de julio de 2016,10822
99 años,Total,1 July,2016,1 de julio de 2016,7430
Todas las edades,Total,1 July,2016,1 de julio de 2016,46427100
0 años,Hombres,1 July,2017,1 de julio de 2017,203095
1 año,Hombres,1 July,2017,1 de julio de 2017,214278
10 años,Hombres,1 July,2017,1 de julio de 2017,254996
100 años,Hombres,1 July,2017,1 de julio de 2017,784
100 y más años,Hombres,1 July,2017,1 de julio de 2017,1840
101 años,Hombres,1 July,2017,1 de julio de 2017,454
102 años,Hombres,1 July,2017,1 de julio de 2017,271
103 años,Hombres,1 July,2017,1 de julio de 2017,165
104 años,Hombres,1 July,2017,1 de julio de 2017,81
105 y más años,Hombres,1 July,2017,1 de julio de 2017,85
11 años,Hombres,1 July,2017,1 de julio de 2017,251332
12 años,Hombres,1 July,2017,1 de julio de 2017,247659
13 años,Hombres,1 July,2017,1 de julio de 2017,244379
14 años,Hombres,1 July,2017,1 de julio de 2017,237870
15 años,Hombres,1 July,2017,1 de julio de 2017,232944
16 años,Hombres,1 July,2017,1 de julio de 2017,233173
17 años,Hombres,1 July,2017,1 de julio de 2017,231090
18 años,Hombres,1 July,2017,1 de julio de 2017,225990
19 años,Hombres,1 July,2017,1 de julio de 2017,224733
2 años,Hombres,1 July,2017,1 de julio de 2017,219965
20 años,Hombres,1 July,2017,1 de julio de 2017,224879
21 años,Hombres,1 July,2017,1 de julio de 2017,224645
22 años,Hombres,1 July,2017,1 de julio de 2017,227031
23 años,Hombres,1 July,2017,1 de julio de 2017,233304
24 años,Hombres,1 July,2017,1 de julio de 2017,241734
25 años,Hombres,1 July,2017,1 de julio de 2017,246091
26 años,Hombres,1 July,2017,1 de julio de 2017,248213
27 años,Hombres,1 July,2017,1 de julio de 2017,252902
28 años,Hombres,1 July,2017,1 de julio de 2017,258502
29 años,Hombres,1 July,2017,1 de julio de 2017,263762
3 años,Hombres,1 July,2017,1 de julio de 2017,221156
30 años,Hombres,1 July,2017,1 de julio de 2017,270118
31 años,Hombres,1 July,2017,1 de julio de 2017,279574
32 años,Hombres,1 July,2017,1 de julio de 2017,291590
33 años,Hombres,1 July,2017,1 de julio de 2017,303927
34 años,Hombres,1 July,2017,1 de julio de 2017,320093
35 años,Hombres,1 July,2017,1 de julio de 2017,338719
36 años,Hombres,1 July,2017,1 de julio de 2017,356666
37 años,Hombres,1 July,2017,1 de julio de 2017,372067
38 años,Hombres,1 July,2017,1 de julio de 2017,387966
39 años,Hombres,1 July,2017,1 de julio de 2017,401673
4 años,Hombres,1 July,2017,1 de julio de 2017,227182
40 años,Hombres,1 July,2017,1 de julio de 2017,408626
41 años,Hombres,1 July,2017,1 de julio de 2017,410960
42 años,Hombres,1 July,2017,1 de julio de 2017,408187
43 años,Hombres,1 July,2017,1 de julio de 2017,401249
44 años,Hombres,1 July,2017,1 de julio de 2017,395174
45 años,Hombres,1 July,2017,1 de julio de 2017,390302
46 años,Hombres,1 July,2017,1 de julio de 2017,383770
47 años,Hombres,1 July,2017,1 de julio de 2017,378060
48 años,Hombres,1 July,2017,1 de julio de 2017,373357
49 años,Hombres,1 July,2017,1 de julio de 2017,371574
5 años,Hombres,1 July,2017,1 de julio de 2017,238361
50 años,Hombres,1 July,2017,1 de julio de 2017,366992
51 años,Hombres,1 July,2017,1 de julio de 2017,359537
52 años,Hombres,1 July,2017,1 de julio de 2017,358589
53 años,Hombres,1 July,2017,1 de julio de 2017,351256
54 años,Hombres,1 July,2017,1 de julio de 2017,335543
55 años,Hombres,1 July,2017,1 de julio de 2017,324171
56 años,Hombres,1 July,2017,1 de julio de 2017,319654
57 años,Hombres,1 July,2017,1 de julio de 2017,314816
58 años,Hombres,1 July,2017,1 de julio de 2017,305478
59 años,Hombres,1 July,2017,1 de julio de 2017,296686
6 años,Hombres,1 July,2017,1 de julio de 2017,244748
60 años,Hombres,1 July,2017,1 de julio de 2017,281355
61 años,Hombres,1 July,2017,1 de julio de 2017,266167
62 años,Hombres,1 July,2017,1 de julio de 2017,254148
63 años,Hombres,1 July,2017,1 de julio de 2017,246840
64 años,Hombres,1 July,2017,1 de julio de 2017,245817
65 años,Hombres,1 July,2017,1 de julio de 2017,235873
66 años,Hombres,1 July,2017,1 de julio de 2017,223282
67 años,Hombres,1 July,2017,1 de julio de 2017,222329
68 años,Hombres,1 July,2017,1 de julio de 2017,229196
69 años,Hombres,1 July,2017,1 de julio de 2017,222160
7 años,Hombres,1 July,2017,1 de julio de 2017,249890
70 años,Hombres,1 July,2017,1 de julio de 2017,204540
71 años,Hombres,1 July,2017,1 de julio de 2017,201028
72 años,Hombres,1 July,2017,1 de julio de 2017,197545
73 años,Hombres,1 July,2017,1 de julio de 2017,187932
74 años,Hombres,1 July,2017,1 de julio de 2017,170473
75 años,Hombres,1 July,2017,1 de julio de 2017,148531
76 años,Hombres,1 July,2017,1 de julio de 2017,153910
77 años,Hombres,1 July,2017,1 de julio de 2017,136384
78 años,Hombres,1 July,2017,1 de julio de 2017,111101
79 años,Hombres,1 July,2017,1 de julio de 2017,120838
8 años,Hombres,1 July,2017,1 de julio de 2017,259022
80 años,Hombres,1 July,2017,1 de julio de 2017,126961
81 años,Hombres,1 July,2017,1 de julio de 2017,124264
82 años,Hombres,1 July,2017,1 de julio de 2017,115489
83 años,Hombres,1 July,2017,1 de julio de 2017,108223
84 años,Hombres,1 July,2017,1 de julio de 2017,100487
85 años,Hombres,1 July,2017,1 de julio de 2017,89154
85 y más años,Hombres,1 July,2017,1 de julio de 2017,477135
86 años,Hombres,1 July,2017,1 de julio de 2017,77448
87 años,Hombres,1 July,2017,1 de julio de 2017,66283
88 años,Hombres,1 July,2017,1 de julio de 2017,55570
89 años,Hombres,1 July,2017,1 de julio de 2017,45484
9 años,Hombres,1 July,2017,1 de julio de 2017,260386
90 años,Hombres,1 July,2017,1 de julio de 2017,36488
91 años,Hombres,1 July,2017,1 de julio de 2017,29108
92 años,Hombres,1 July,2017,1 de julio de 2017,22404
93 años,Hombres,1 July,2017,1 de julio de 2017,17143
94 años,Hombres,1 July,2017,1 de julio de 2017,12751
95 años,Hombres,1 July,2017,1 de julio de 2017,9019
96 años,Hombres,1 July,2017,1 de julio de 2017,6176
97 años,Hombres,1 July,2017,1 de julio de 2017,4042
98 años,Hombres,1 July,2017,1 de julio de 2017,2571
99 años,Hombres,1 July,2017,1 de julio de 2017,1654
Todas las edades,Hombres,1 July,2017,1 de julio de 2017,22831694
0 años,Mujeres,1 July,2017,1 de julio de 2017,191934
1 año,Mujeres,1 July,2017,1 de julio de 2017,202410
10 años,Mujeres,1 July,2017,1 de julio de 2017,239998
100 años,Mujeres,1 July,2017,1 de julio de 2017,3439
100 y más años,Mujeres,1 July,2017,1 de julio de 2017,9192
101 años,Mujeres,1 July,2017,1 de julio de 2017,2298
102 años,Mujeres,1 July,2017,1 de julio de 2017,1497
103 años,Mujeres,1 July,2017,1 de julio de 2017,926
104 años,Mujeres,1 July,2017,1 de julio de 2017,511
105 y más años,Mujeres,1 July,2017,1 de julio de 2017,521
11 años,Mujeres,1 July,2017,1 de julio de 2017,237611
12 años,Mujeres,1 July,2017,1 de julio de 2017,234335
13 años,Mujeres,1 July,2017,1 de julio de 2017,231468
14 años,Mujeres,1 July,2017,1 de julio de 2017,225518
15 años,Mujeres,1 July,2017,1 de julio de 2017,220751
16 años,Mujeres,1 July,2017,1 de julio de 2017,219801
17 años,Mujeres,1 July,2017,1 de julio de 2017,217381
18 años,Mujeres,1 July,2017,1 de julio de 2017,212188
19 años,Mujeres,1 July,2017,1 de julio de 2017,211580
2 años,Mujeres,1 July,2017,1 de julio de 2017,206833
20 años,Mujeres,1 July,2017,1 de julio de 2017,213832
21 años,Mujeres,1 July,2017,1 de julio de 2017,214073
22 años,Mujeres,1 July,2017,1 de julio de 2017,216820
23 años,Mujeres,1 July,2017,1 de julio de 2017,224208
24 años,Mujeres,1 July,2017,1 de julio de 2017,234184
25 años,Mujeres,1 July,2017,1 de julio de 2017,239462
26 años,Mujeres,1 July,2017,1 de julio de 2017,242925
27 años,Mujeres,1 July,2017,1 de julio de 2017,249326
28 años,Mujeres,1 July,2017,1 de julio de 2017,256508
29 años,Mujeres,1 July,2017,1 de julio de 2017,263329
3 años,Mujeres,1 July,2017,1 de julio de 2017,208018
30 años,Mujeres,1 July,2017,1 de julio de 2017,270975
31 años,Mujeres,1 July,2017,1 de julio de 2017,280547
32 años,Mujeres,1 July,2017,1 de julio de 2017,291772
33 años,Mujeres,1 July,2017,1 de julio de 2017,303512
34 años,Mujeres,1 July,2017,1 de julio de 2017,318011
35 años,Mujeres,1 July,2017,1 de julio de 2017,334116
36 años,Mujeres,1 July,2017,1 de julio de 2017,350064
37 años,Mujeres,1 July,2017,1 de julio de 2017,364287
38 años,Mujeres,1 July,2017,1 de julio de 2017,377482
39 años,Mujeres,1 July,2017,1 de julio de 2017,387296
4 años,Mujeres,1 July,2017,1 de julio de 2017,214039
40 años,Mujeres,1 July,2017,1 de julio de 2017,393692
41 años,Mujeres,1 July,2017,1 de julio de 2017,395912
42 años,Mujeres,1 July,2017,1 de julio de 2017,393068
43 años,Mujeres,1 July,2017,1 de julio de 2017,387311
44 años,Mujeres,1 July,2017,1 de julio de 2017,381607
45 años,Mujeres,1 July,2017,1 de julio de 2017,378343
46 años,Mujeres,1 July,2017,1 de julio de 2017,373296
47 años,Mujeres,1 July,2017,1 de julio de 2017,369720
48 años,Mujeres,1 July,2017,1 de julio de 2017,367407
49 años,Mujeres,1 July,2017,1 de julio de 2017,367926
5 años,Mujeres,1 July,2017,1 de julio de 2017,224088
50 años,Mujeres,1 July,2017,1 de julio de 2017,364956
51 años,Mujeres,1 July,2017,1 de julio de 2017,359577
52 años,Mujeres,1 July,2017,1 de julio de 2017,361366
53 años,Mujeres,1 July,2017,1 de julio de 2017,354810
54 años,Mujeres,1 July,2017,1 de julio de 2017,340540
55 años,Mujeres,1 July,2017,1 de julio de 2017,331695
56 años,Mujeres,1 July,2017,1 de julio de 2017,328636
57 años,Mujeres,1 July,2017,1 de julio de 2017,324709
58 años,Mujeres,1 July,2017,1 de julio de 2017,316564
59 años,Mujeres,1 July,2017,1 de julio de 2017,309298
6 años,Mujeres,1 July,2017,1 de julio de 2017,230275
60 años,Mujeres,1 July,2017,1 de julio de 2017,295289
61 años,Mujeres,1 July,2017,1 de julio de 2017,280694
62 años,Mujeres,1 July,2017,1 de julio de 2017,270395
63 años,Mujeres,1 July,2017,1 de julio de 2017,263953
64 años,Mujeres,1 July,2017,1 de julio de 2017,262415
65 años,Mujeres,1 July,2017,1 de julio de 2017,253564
66 años,Mujeres,1 July,2017,1 de julio de 2017,242876
67 años,Mujeres,1 July,2017,1 de julio de 2017,245025
68 años,Mujeres,1 July,2017,1 de julio de 2017,255244
69 años,Mujeres,1 July,2017,1 de julio de 2017,249235
7 años,Mujeres,1 July,2017,1 de julio de 2017,234517
70 años,Mujeres,1 July,2017,1 de julio de 2017,232665
71 años,Mujeres,1 July,2017,1 de julio de 2017,232102
72 años,Mujeres,1 July,2017,1 de julio de 2017,230262
73 años,Mujeres,1 July,2017,1 de julio de 2017,221587
74 años,Mujeres,1 July,2017,1 de julio de 2017,203421
75 años,Mujeres,1 July,2017,1 de julio de 2017,179494
76 años,Mujeres,1 July,2017,1 de julio de 2017,190652
77 años,Mujeres,1 July,2017,1 de julio de 2017,174448
78 años,Mujeres,1 July,2017,1 de julio de 2017,147384
79 años,Mujeres,1 July,2017,1 de julio de 2017,163432
8 años,Mujeres,1 July,2017,1 de julio de 2017,242689
80 años,Mujeres,1 July,2017,1 de julio de 2017,178059
81 años,Mujeres,1 July,2017,1 de julio de 2017,179227
82 años,Mujeres,1 July,2017,1 de julio de 2017,170091
83 años,Mujeres,1 July,2017,1 de julio de 2017,165091
84 años,Mujeres,1 July,2017,1 de julio de 2017,158760
85 años,Mujeres,1 July,2017,1 de julio de 2017,145438
85 y más años,Mujeres,1 July,2017,1 de julio de 2017,950065
86 años,Mujeres,1 July,2017,1 de julio de 2017,132903
87 años,Mujeres,1 July,2017,1 de julio de 2017,120334
88 años,Mujeres,1 July,2017,1 de julio de 2017,105731
89 años,Mujeres,1 July,2017,1 de julio de 2017,91269
9 años,Mujeres,1 July,2017,1 de julio de 2017,244741
90 años,Mujeres,1 July,2017,1 de julio de 2017,77430
91 años,Mujeres,1 July,2017,1 de julio de 2017,65389
92 años,Mujeres,1 July,2017,1 de julio de 2017,53564
93 años,Mujeres,1 July,2017,1 de julio de 2017,43185
94 años,Mujeres,1 July,2017,1 de julio de 2017,33949
95 años,Mujeres,1 July,2017,1 de julio de 2017,25665
96 años,Mujeres,1 July,2017,1 de julio de 2017,18412
97 años,Mujeres,1 July,2017,1 de julio de 2017,12797
98 años,Mujeres,1 July,2017,1 de julio de 2017,8689
99 años,Mujeres,1 July,2017,1 de julio de 2017,6118
Todas las edades,Mujeres,1 July,2017,1 de julio de 2017,23678767
0 años,Total,1 July,2017,1 de julio de 2017,395029
1 año,Total,1 July,2017,1 de julio de 2017,416688
10 años,Total,1 July,2017,1 de julio de 2017,494994
100 años,Total,1 July,2017,1 de julio de 2017,4223
100 y más años,Total,1 July,2017,1 de julio de 2017,11032
101 años,Total,1 July,2017,1 de julio de 2017,2752
102 años,Total,1 July,2017,1 de julio de 2017,1768
103 años,Total,1 July,2017,1 de julio de 2017,1091
104 años,Total,1 July,2017,1 de julio de 2017,592
105 y más años,Total,1 July,2017,1 de julio de 2017,606
11 años,Total,1 July,2017,1 de julio de 2017,488943
12 años,Total,1 July,2017,1 de julio de 2017,481994
13 años,Total,1 July,2017,1 de julio de 2017,475847
14 años,Total,1 July,2017,1 de julio de 2017,463388
15 años,Total,1 July,2017,1 de julio de 2017,453695
16 años,Total,1 July,2017,1 de julio de 2017,452974
17 años,Total,1 July,2017,1 de julio de 2017,448471
18 años,Total,1 July,2017,1 de julio de 2017,438178
19 años,Total,1 July,2017,1 de julio de 2017,436313
2 años,Total,1 July,2017,1 de julio de 2017,426798
20 años,Total,1 July,2017,1 de julio de 2017,438711
21 años,Total,1 July,2017,1 de julio de 2017,438718
22 años,Total,1 July,2017,1 de julio de 2017,443851
23 años,Total,1 July,2017,1 de julio de 2017,457512
24 años,Total,1 July,2017,1 de julio de 2017,475918
25 años,Total,1 July,2017,1 de julio de 2017,485553
26 años,Total,1 July,2017,1 de julio de 2017,491138
27 años,Total,1 July,2017,1 de julio de 2017,502228
28 años,Total,1 July,2017,1 de julio de 2017,515010
29 años,Total,1 July,2017,1 de julio de 2017,527091
3 años,Total,1 July,2017,1 de julio de 2017,429174
30 años,Total,1 July,2017,1 de julio de 2017,541093
31 años,Total,1 July,2017,1 de julio de 2017,560121
32 años,Total,1 July,2017,1 de julio de 2017,583362
33 años,Total,1 July,2017,1 de julio de 2017,607439
34 años,Total,1 July,2017,1 de julio de 2017,638104
35 años,Total,1 July,2017,1 de julio de 2017,672835
36 años,Total,1 July,2017,1 de julio de 2017,706730
37 años,Total,1 July,2017,1 de julio de 2017,736354
38 años,Total,1 July,2017,1 de julio de 2017,765448
39 años,Total,1 July,2017,1 de julio de 2017,788969
4 años,Total,1 July,2017,1 de julio de 2017,441221
40 años,Total,1 July,2017,1 de julio de 2017,802318
41 años,Total,1 July,2017,1 de julio de 2017,806872
42 años,Total,1 July,2017,1 de julio de 2017,801255
43 años,Total,1 July,2017,1 de julio de 2017,788560
44 años,Total,1 July,2017,1 de julio de 2017,776781
45 años,Total,1 July,2017,1 de julio de 2017,768645
46 años,Total,1 July,2017,1 de julio de 2017,757066
47 años,Total,1 July,2017,1 de julio de 2017,747780
48 años,Total,1 July,2017,1 de julio de 2017,740764
49 años,Total,1 July,2017,1 de julio de 2017,739500
5 años,Total,1 July,2017,1 de julio de 2017,462449
50 años,Total,1 July,2017,1 de julio de 2017,731948
51 años,Total,1 July,2017,1 de julio de 2017,719114
52 años,Total,1 July,2017,1 de julio de 2017,719955
53 años,Total,1 July,2017,1 de julio de 2017,706066
54 años,Total,1 July,2017,1 de julio de 2017,676083
55 años,Total,1 July,2017,1 de julio de 2017,655866
56 años,Total,1 July,2017,1 de julio de 2017,648290
57 años,Total,1 July,2017,1 de julio de 2017,639525
58 años,Total,1 July,2017,1 de julio de 2017,622042
59 años,Total,1 July,2017,1 de julio de 2017,605984
6 años,Total,1 July,2017,1 de julio de 2017,475023
60 años,Total,1 July,2017,1 de julio de 2017,576644
61 años,Total,1 July,2017,1 de julio de 2017,546861
62 años,Total,1 July,2017,1 de julio de 2017,524543
63 años,Total,1 July,2017,1 de julio de 2017,510793
64 años,Total,1 July,2017,1 de julio de 2017,508232
65 años,Total,1 July,2017,1 de julio de 2017,489437
66 años,Total,1 July,2017,1 de julio de 2017,466158
67 años,Total,1 July,2017,1 de julio de 2017,467354
68 años,Total,1 July,2017,1 de julio de 2017,484440
69 años,Total,1 July,2017,1 de julio de 2017,471395
7 años,Total,1 July,2017,1 de julio de 2017,484407
70 años,Total,1 July,2017,1 de julio de 2017,437205
71 años,Total,1 July,2017,1 de julio de 2017,433130
72 años,Total,1 July,2017,1 de julio de 2017,427807
73 años,Total,1 July,2017,1 de julio de 2017,409519
74 años,Total,1 July,2017,1 de julio de 2017,373894
75 años,Total,1 July,2017,1 de julio de 2017,328025
76 años,Total,1 July,2017,1 de julio de 2017,344562
77 años,Total,1 July,2017,1 de julio de 2017,310832
78 años,Total,1 July,2017,1 de julio de 2017,258485
79 años,Total,1 July,2017,1 de julio de 2017,284270
8 años,Total,1 July,2017,1 de julio de 2017,501711
80 años,Total,1 July,2017,1 de julio de 2017,305020
81 años,Total,1 July,2017,1 de julio de 2017,303491
82 años,Total,1 July,2017,1 de julio de 2017,285580
83 años,Total,1 July,2017,1 de julio de 2017,273314
84 años,Total,1 July,2017,1 de julio de 2017,259247
85 años,Total,1 July,2017,1 de julio de 2017,234592
85 y más años,Total,1 July,2017,1 de julio de 2017,1427200
86 años,Total,1 July,2017,1 de julio de 2017,210351
87 años,Total,1 July,2017,1 de julio de 2017,186617
88 años,Total,1 July,2017,1 de julio de 2017,161301
89 años,Total,1 July,2017,1 de julio de 2017,136753
9 años,Total,1 July,2017,1 de julio de 2017,505127
90 años,Total,1 July,2017,1 de julio de 2017,113918
91 años,Total,1 July,2017,1 de julio de 2017,94497
92 años,Total,1 July,2017,1 de julio de 2017,75968
93 años,Total,1 July,2017,1 de julio de 2017,60328
94 años,Total,1 July,2017,1 de julio de 2017,46700
95 años,Total,1 July,2017,1 de julio de 2017,34684
96 años,Total,1 July,2017,1 de julio de 2017,24588
97 años,Total,1 July,2017,1 de julio de 2017,16839
98 años,Total,1 July,2017,1 de julio de 2017,11260
99 años,Total,1 July,2017,1 de julio de 2017,7772
Todas las edades,Total,1 July,2017,1 de julio de 2017,46510461
0 años,Hombres,1 July,2018,1 de julio de 2018,193639
1 año,Hombres,1 July,2018,1 de julio de 2018,208057
10 años,Hombres,1 July,2018,1 de julio de 2018,261405
100 años,Hombres,1 July,2018,1 de julio de 2018,838
100 y más años,Hombres,1 July,2018,1 de julio de 2018,1881
101 años,Hombres,1 July,2018,1 de julio de 2018,441
102 años,Hombres,1 July,2018,1 de julio de 2018,262
103 años,Hombres,1 July,2018,1 de julio de 2018,152
104 años,Hombres,1 July,2018,1 de julio de 2018,92
105 y más años,Hombres,1 July,2018,1 de julio de 2018,96
11 años,Hombres,1 July,2018,1 de julio de 2018,255759
12 años,Hombres,1 July,2018,1 de julio de 2018,252369
13 años,Hombres,1 July,2018,1 de julio de 2018,248708
14 años,Hombres,1 July,2018,1 de julio de 2018,245610
15 años,Hombres,1 July,2018,1 de julio de 2018,239385
16 años,Hombres,1 July,2018,1 de julio de 2018,234760
17 años,Hombres,1 July,2018,1 de julio de 2018,235747
18 años,Hombres,1 July,2018,1 de julio de 2018,234600
19 años,Hombres,1 July,2018,1 de julio de 2018,229927
2 años,Hombres,1 July,2018,1 de julio de 2018,216747
20 años,Hombres,1 July,2018,1 de julio de 2018,228750
21 años,Hombres,1 July,2018,1 de julio de 2018,229164
22 años,Hombres,1 July,2018,1 de julio de 2018,229056
23 años,Hombres,1 July,2018,1 de julio de 2018,231908
24 años,Hombres,1 July,2018,1 de julio de 2018,238441
25 años,Hombres,1 July,2018,1 de julio de 2018,247145
26 años,Hombres,1 July,2018,1 de julio de 2018,251453
27 años,Hombres,1 July,2018,1 de julio de 2018,253505
28 años,Hombres,1 July,2018,1 de julio de 2018,258003
29 años,Hombres,1 July,2018,1 de julio de 2018,263166
3 años,Hombres,1 July,2018,1 de julio de 2018,222054
30 años,Hombres,1 July,2018,1 de julio de 2018,268160
31 años,Hombres,1 July,2018,1 de julio de 2018,274119
32 años,Hombres,1 July,2018,1 de julio de 2018,282995
33 años,Hombres,1 July,2018,1 de julio de 2018,294595
34 años,Hombres,1 July,2018,1 de julio de 2018,306528
35 años,Hombres,1 July,2018,1 de julio de 2018,322130
36 años,Hombres,1 July,2018,1 de julio de 2018,340789
37 años,Hombres,1 July,2018,1 de julio de 2018,358404
38 años,Hombres,1 July,2018,1 de julio de 2018,373328
39 años,Hombres,1 July,2018,1 de julio de 2018,388654
4 años,Hombres,1 July,2018,1 de julio de 2018,223121
40 años,Hombres,1 July,2018,1 de julio de 2018,401934
41 años,Hombres,1 July,2018,1 de julio de 2018,408658
42 años,Hombres,1 July,2018,1 de julio de 2018,410775
43 años,Hombres,1 July,2018,1 de julio de 2018,407918
44 años,Hombres,1 July,2018,1 de julio de 2018,400887
45 años,Hombres,1 July,2018,1 de julio de 2018,394709
46 años,Hombres,1 July,2018,1 de julio de 2018,389837
47 años,Hombres,1 July,2018,1 de julio de 2018,382982
48 años,Hombres,1 July,2018,1 de julio de 2018,377165
49 años,Hombres,1 July,2018,1 de julio de 2018,372241
5 años,Hombres,1 July,2018,1 de julio de 2018,229015
50 años,Hombres,1 July,2018,1 de julio de 2018,370316
51 años,Hombres,1 July,2018,1 de julio de 2018,365653
52 años,Hombres,1 July,2018,1 de julio de 2018,358194
53 años,Hombres,1 July,2018,1 de julio de 2018,357047
54 años,Hombres,1 July,2018,1 de julio de 2018,349562
55 años,Hombres,1 July,2018,1 de julio de 2018,333788
56 años,Hombres,1 July,2018,1 de julio de 2018,322428
57 años,Hombres,1 July,2018,1 de julio de 2018,317771
58 años,Hombres,1 July,2018,1 de julio de 2018,312735
59 años,Hombres,1 July,2018,1 de julio de 2018,303349
6 años,Hombres,1 July,2018,1 de julio de 2018,239732
60 años,Hombres,1 July,2018,1 de julio de 2018,294389
61 años,Hombres,1 July,2018,1 de julio de 2018,279163
62 años,Hombres,1 July,2018,1 de julio de 2018,263940
63 años,Hombres,1 July,2018,1 de julio de 2018,251807
64 años,Hombres,1 July,2018,1 de julio de 2018,244350
65 años,Hombres,1 July,2018,1 de julio de 2018,243343
66 años,Hombres,1 July,2018,1 de julio de 2018,233331
67 años,Hombres,1 July,2018,1 de julio de 2018,220552
68 años,Hombres,1 July,2018,1 de julio de 2018,219319
69 años,Hombres,1 July,2018,1 de julio de 2018,225507
7 años,Hombres,1 July,2018,1 de julio de 2018,245745
70 años,Hombres,1 July,2018,1 de julio de 2018,218164
71 años,Hombres,1 July,2018,1 de julio de 2018,200516
72 años,Hombres,1 July,2018,1 de julio de 2018,196688
73 años,Hombres,1 July,2018,1 de julio de 2018,192822
74 años,Hombres,1 July,2018,1 de julio de 2018,182903
75 años,Hombres,1 July,2018,1 de julio de 2018,165439
76 años,Hombres,1 July,2018,1 de julio de 2018,143645
77 años,Hombres,1 July,2018,1 de julio de 2018,148355
78 años,Hombres,1 July,2018,1 de julio de 2018,130881
79 años,Hombres,1 July,2018,1 de julio de 2018,105856
8 años,Hombres,1 July,2018,1 de julio de 2018,251186
80 años,Hombres,1 July,2018,1 de julio de 2018,114674
81 años,Hombres,1 July,2018,1 de julio de 2018,119750
82 años,Hombres,1 July,2018,1 de julio de 2018,116368
83 años,Hombres,1 July,2018,1 de julio de 2018,107328
84 años,Hombres,1 July,2018,1 de julio de 2018,99695
85 años,Hombres,1 July,2018,1 de julio de 2018,91563
85 y más años,Hombres,1 July,2018,1 de julio de 2018,496018
86 años,Hombres,1 July,2018,1 de julio de 2018,80260
87 años,Hombres,1 July,2018,1 de julio de 2018,68753
88 años,Hombres,1 July,2018,1 de julio de 2018,57926
89 años,Hombres,1 July,2018,1 de julio de 2018,47690
9 años,Hombres,1 July,2018,1 de julio de 2018,260044
90 años,Hombres,1 July,2018,1 de julio de 2018,38357
91 años,Hombres,1 July,2018,1 de julio de 2018,30097
92 años,Hombres,1 July,2018,1 de julio de 2018,23448
93 años,Hombres,1 July,2018,1 de julio de 2018,17611
94 años,Hombres,1 July,2018,1 de julio de 2018,13112
95 años,Hombres,1 July,2018,1 de julio de 2018,9570
96 años,Hombres,1 July,2018,1 de julio de 2018,6568
97 años,Hombres,1 July,2018,1 de julio de 2018,4469
98 años,Hombres,1 July,2018,1 de julio de 2018,2927
99 años,Hombres,1 July,2018,1 de julio de 2018,1786
Todas las edades,Hombres,1 July,2018,1 de julio de 2018,22920655
0 años,Mujeres,1 July,2018,1 de julio de 2018,182664
1 año,Mujeres,1 July,2018,1 de julio de 2018,196442
10 años,Mujeres,1 July,2018,1 de julio de 2018,245704
100 años,Mujeres,1 July,2018,1 de julio de 2018,3606
100 y más años,Mujeres,1 July,2018,1 de julio de 2018,9323
101 años,Mujeres,1 July,2018,1 de julio de 2018,2293
102 años,Mujeres,1 July,2018,1 de julio de 2018,1417
103 años,Mujeres,1 July,2018,1 de julio de 2018,895
104 años,Mujeres,1 July,2018,1 de julio de 2018,536
105 y más años,Mujeres,1 July,2018,1 de julio de 2018,576
11 años,Mujeres,1 July,2018,1 de julio de 2018,241054
12 años,Mujeres,1 July,2018,1 de julio de 2018,238728
13 años,Mujeres,1 July,2018,1 de julio de 2018,235471
14 años,Mujeres,1 July,2018,1 de julio de 2018,232685
15 años,Mujeres,1 July,2018,1 de julio de 2018,226847
16 años,Mujeres,1 July,2018,1 de julio de 2018,222113
17 años,Mujeres,1 July,2018,1 de julio de 2018,221449
18 años,Mujeres,1 July,2018,1 de julio de 2018,220197
19 años,Mujeres,1 July,2018,1 de julio de 2018,216017
2 años,Mujeres,1 July,2018,1 de julio de 2018,204833
20 años,Mujeres,1 July,2018,1 de julio de 2018,215950
21 años,Mujeres,1 July,2018,1 de julio de 2018,218943
22 años,Mujeres,1 July,2018,1 de julio de 2018,219584
23 años,Mujeres,1 July,2018,1 de julio de 2018,222784
24 años,Mujeres,1 July,2018,1 de julio de 2018,230434
25 años,Mujeres,1 July,2018,1 de julio de 2018,240281
26 años,Mujeres,1 July,2018,1 de julio de 2018,245389
27 años,Mujeres,1 July,2018,1 de julio de 2018,248574
28 años,Mujeres,1 July,2018,1 de julio de 2018,254740
29 años,Mujeres,1 July,2018,1 de julio de 2018,261437
3 años,Mujeres,1 July,2018,1 de julio de 2018,208881
30 años,Mujeres,1 July,2018,1 de julio de 2018,267541
31 años,Mujeres,1 July,2018,1 de julio de 2018,274786
32 años,Mujeres,1 July,2018,1 de julio de 2018,284037
33 años,Mujeres,1 July,2018,1 de julio de 2018,295155
34 años,Mujeres,1 July,2018,1 de julio de 2018,306457
35 años,Mujeres,1 July,2018,1 de julio de 2018,320598
36 años,Mujeres,1 July,2018,1 de julio de 2018,336747
37 años,Mujeres,1 July,2018,1 de julio de 2018,352332
38 años,Mujeres,1 July,2018,1 de julio de 2018,366142
39 años,Mujeres,1 July,2018,1 de julio de 2018,379202
4 años,Mujeres,1 July,2018,1 de julio de 2018,209945
40 años,Mujeres,1 July,2018,1 de julio de 2018,389051
41 años,Mujeres,1 July,2018,1 de julio de 2018,394914
42 años,Mujeres,1 July,2018,1 de julio de 2018,397024
43 años,Mujeres,1 July,2018,1 de julio de 2018,394281
44 años,Mujeres,1 July,2018,1 de julio de 2018,388376
45 años,Mujeres,1 July,2018,1 de julio de 2018,382559
46 años,Mujeres,1 July,2018,1 de julio de 2018,379043
47 años,Mujeres,1 July,2018,1 de julio de 2018,374077
48 años,Mujeres,1 July,2018,1 de julio de 2018,370373
49 años,Mujeres,1 July,2018,1 de julio de 2018,367844
5 años,Mujeres,1 July,2018,1 de julio de 2018,215756
50 años,Mujeres,1 July,2018,1 de julio de 2018,368529
51 años,Mujeres,1 July,2018,1 de julio de 2018,365262
52 años,Mujeres,1 July,2018,1 de julio de 2018,359902
53 años,Mujeres,1 July,2018,1 de julio de 2018,361695
54 años,Mujeres,1 July,2018,1 de julio de 2018,355007
55 años,Mujeres,1 July,2018,1 de julio de 2018,340742
56 años,Mujeres,1 July,2018,1 de julio de 2018,331751
57 años,Mujeres,1 July,2018,1 de julio de 2018,328503
58 años,Mujeres,1 July,2018,1 de julio de 2018,324427
59 años,Mujeres,1 July,2018,1 de julio de 2018,316191
6 años,Mujeres,1 July,2018,1 de julio de 2018,225402
60 años,Mujeres,1 July,2018,1 de julio de 2018,308937
61 años,Mujeres,1 July,2018,1 de julio de 2018,294925
62 años,Mujeres,1 July,2018,1 de julio de 2018,280253
63 años,Mujeres,1 July,2018,1 de julio de 2018,269833
64 años,Mujeres,1 July,2018,1 de julio de 2018,263427
65 años,Mujeres,1 July,2018,1 de julio de 2018,261789
66 años,Mujeres,1 July,2018,1 de julio de 2018,252815
67 años,Mujeres,1 July,2018,1 de julio de 2018,241953
68 años,Mujeres,1 July,2018,1 de julio de 2018,243667
69 años,Mujeres,1 July,2018,1 de julio de 2018,253784
7 años,Mujeres,1 July,2018,1 de julio de 2018,231279
70 años,Mujeres,1 July,2018,1 de julio de 2018,247455
71 años,Mujeres,1 July,2018,1 de julio de 2018,230744
72 años,Mujeres,1 July,2018,1 de julio de 2018,229898
73 años,Mujeres,1 July,2018,1 de julio de 2018,227798
74 años,Mujeres,1 July,2018,1 de julio de 2018,218852
75 años,Mujeres,1 July,2018,1 de julio de 2018,200599
76 años,Mujeres,1 July,2018,1 de julio de 2018,176598
77 años,Mujeres,1 July,2018,1 de julio de 2018,187141
78 años,Mujeres,1 July,2018,1 de julio de 2018,170789
79 años,Mujeres,1 July,2018,1 de julio de 2018,143607
8 años,Mujeres,1 July,2018,1 de julio de 2018,235844
80 años,Mujeres,1 July,2018,1 de julio de 2018,158756
81 años,Mujeres,1 July,2018,1 de julio de 2018,172345
82 años,Mujeres,1 July,2018,1 de julio de 2018,172435
83 años,Mujeres,1 July,2018,1 de julio de 2018,162921
84 años,Mujeres,1 July,2018,1 de julio de 2018,156958
85 años,Mujeres,1 July,2018,1 de julio de 2018,149671
85 y más años,Mujeres,1 July,2018,1 de julio de 2018,980592
86 años,Mujeres,1 July,2018,1 de julio de 2018,135805
87 años,Mujeres,1 July,2018,1 de julio de 2018,122651
88 años,Mujeres,1 July,2018,1 de julio de 2018,109608
89 años,Mujeres,1 July,2018,1 de julio de 2018,94794
9 años,Mujeres,1 July,2018,1 de julio de 2018,243882
90 años,Mujeres,1 July,2018,1 de julio de 2018,80440
91 años,Mujeres,1 July,2018,1 de julio de 2018,66968
92 años,Mujeres,1 July,2018,1 de julio de 2018,55453
93 años,Mujeres,1 July,2018,1 de julio de 2018,44439
94 años,Mujeres,1 July,2018,1 de julio de 2018,35033
95 años,Mujeres,1 July,2018,1 de julio de 2018,26872
96 años,Mujeres,1 July,2018,1 de julio de 2018,19787
97 años,Mujeres,1 July,2018,1 de julio de 2018,13843
98 años,Mujeres,1 July,2018,1 de julio de 2018,9497
99 años,Mujeres,1 July,2018,1 de julio de 2018,6408
Todas las edades,Mujeres,1 July,2018,1 de julio de 2018,23794728
0 años,Total,1 July,2018,1 de julio de 2018,376303
1 año,Total,1 July,2018,1 de julio de 2018,404499
10 años,Total,1 July,2018,1 de julio de 2018,507109
100 años,Total,1 July,2018,1 de julio de 2018,4444
100 y más años,Total,1 July,2018,1 de julio de 2018,11204
101 años,Total,1 July,2018,1 de julio de 2018,2734
102 años,Total,1 July,2018,1 de julio de 2018,1679
103 años,Total,1 July,2018,1 de julio de 2018,1047
104 años,Total,1 July,2018,1 de julio de 2018,628
105 y más años,Total,1 July,2018,1 de julio de 2018,672
11 años,Total,1 July,2018,1 de julio de 2018,496813
12 años,Total,1 July,2018,1 de julio de 2018,491097
13 años,Total,1 July,2018,1 de julio de 2018,484179
14 años,Total,1 July,2018,1 de julio de 2018,478295
15 años,Total,1 July,2018,1 de julio de 2018,466232
16 años,Total,1 July,2018,1 de julio de 2018,456873
17 años,Total,1 July,2018,1 de julio de 2018,457196
18 años,Total,1 July,2018,1 de julio de 2018,454797
19 años,Total,1 July,2018,1 de julio de 2018,445944
2 años,Total,1 July,2018,1 de julio de 2018,421580
20 años,Total,1 July,2018,1 de julio de 2018,444700
21 años,Total,1 July,2018,1 de julio de 2018,448107
22 años,Total,1 July,2018,1 de julio de 2018,448640
23 años,Total,1 July,2018,1 de julio de 2018,454692
24 años,Total,1 July,2018,1 de julio de 2018,468875
25 años,Total,1 July,2018,1 de julio de 2018,487426
26 años,Total,1 July,2018,1 de julio de 2018,496842
27 años,Total,1 July,2018,1 de julio de 2018,502079
28 años,Total,1 July,2018,1 de julio de 2018,512743
29 años,Total,1 July,2018,1 de julio de 2018,524603
3 años,Total,1 July,2018,1 de julio de 2018,430935
30 años,Total,1 July,2018,1 de julio de 2018,535701
31 años,Total,1 July,2018,1 de julio de 2018,548905
32 años,Total,1 July,2018,1 de julio de 2018,567032
33 años,Total,1 July,2018,1 de julio de 2018,589750
34 años,Total,1 July,2018,1 de julio de 2018,612985
35 años,Total,1 July,2018,1 de julio de 2018,642728
36 años,Total,1 July,2018,1 de julio de 2018,677536
37 años,Total,1 July,2018,1 de julio de 2018,710736
38 años,Total,1 July,2018,1 de julio de 2018,739470
39 años,Total,1 July,2018,1 de julio de 2018,767856
4 años,Total,1 July,2018,1 de julio de 2018,433066
40 años,Total,1 July,2018,1 de julio de 2018,790985
41 años,Total,1 July,2018,1 de julio de 2018,803572
42 años,Total,1 July,2018,1 de julio de 2018,807799
43 años,Total,1 July,2018,1 de julio de 2018,802199
44 años,Total,1 July,2018,1 de julio de 2018,789263
45 años,Total,1 July,2018,1 de julio de 2018,777268
46 años,Total,1 July,2018,1 de julio de 2018,768880
47 años,Total,1 July,2018,1 de julio de 2018,757059
48 años,Total,1 July,2018,1 de julio de 2018,747538
49 años,Total,1 July,2018,1 de julio de 2018,740085
5 años,Total,1 July,2018,1 de julio de 2018,444771
50 años,Total,1 July,2018,1 de julio de 2018,738845
51 años,Total,1 July,2018,1 de julio de 2018,730915
52 años,Total,1 July,2018,1 de julio de 2018,718096
53 años,Total,1 July,2018,1 de julio de 2018,718742
54 años,Total,1 July,2018,1 de julio de 2018,704569
55 años,Total,1 July,2018,1 de julio de 2018,674530
56 años,Total,1 July,2018,1 de julio de 2018,654179
57 años,Total,1 July,2018,1 de julio de 2018,646274
58 años,Total,1 July,2018,1 de julio de 2018,637162
59 años,Total,1 July,2018,1 de julio de 2018,619540
6 años,Total,1 July,2018,1 de julio de 2018,465134
60 años,Total,1 July,2018,1 de julio de 2018,603326
61 años,Total,1 July,2018,1 de julio de 2018,574088
62 años,Total,1 July,2018,1 de julio de 2018,544193
63 años,Total,1 July,2018,1 de julio de 2018,521640
64 años,Total,1 July,2018,1 de julio de 2018,507777
65 años,Total,1 July,2018,1 de julio de 2018,505132
66 años,Total,1 July,2018,1 de julio de 2018,486146
67 años,Total,1 July,2018,1 de julio de 2018,462505
68 años,Total,1 July,2018,1 de julio de 2018,462986
69 años,Total,1 July,2018,1 de julio de 2018,479291
7 años,Total,1 July,2018,1 de julio de 2018,477024
70 años,Total,1 July,2018,1 de julio de 2018,465619
71 años,Total,1 July,2018,1 de julio de 2018,431260
72 años,Total,1 July,2018,1 de julio de 2018,426586
73 años,Total,1 July,2018,1 de julio de 2018,420620
74 años,Total,1 July,2018,1 de julio de 2018,401755
75 años,Total,1 July,2018,1 de julio de 2018,366038
76 años,Total,1 July,2018,1 de julio de 2018,320243
77 años,Total,1 July,2018,1 de julio de 2018,335496
78 años,Total,1 July,2018,1 de julio de 2018,301670
79 años,Total,1 July,2018,1 de julio de 2018,249463
8 años,Total,1 July,2018,1 de julio de 2018,487030
80 años,Total,1 July,2018,1 de julio de 2018,273430
81 años,Total,1 July,2018,1 de julio de 2018,292095
82 años,Total,1 July,2018,1 de julio de 2018,288803
83 años,Total,1 July,2018,1 de julio de 2018,270249
84 años,Total,1 July,2018,1 de julio de 2018,256653
85 años,Total,1 July,2018,1 de julio de 2018,241234
85 y más años,Total,1 July,2018,1 de julio de 2018,1476610
86 años,Total,1 July,2018,1 de julio de 2018,216065
87 años,Total,1 July,2018,1 de julio de 2018,191404
88 años,Total,1 July,2018,1 de julio de 2018,167534
89 años,Total,1 July,2018,1 de julio de 2018,142484
9 años,Total,1 July,2018,1 de julio de 2018,503926
90 años,Total,1 July,2018,1 de julio de 2018,118797
91 años,Total,1 July,2018,1 de julio de 2018,97065
92 años,Total,1 July,2018,1 de julio de 2018,78901
93 años,Total,1 July,2018,1 de julio de 2018,62050
94 años,Total,1 July,2018,1 de julio de 2018,48145
95 años,Total,1 July,2018,1 de julio de 2018,36442
96 años,Total,1 July,2018,1 de julio de 2018,26355
97 años,Total,1 July,2018,1 de julio de 2018,18312
98 años,Total,1 July,2018,1 de julio de 2018,12424
99 años,Total,1 July,2018,1 de julio de 2018,8194
Todas las edades,Total,1 July,2018,1 de julio de 2018,46715383
0 años,Hombres,1 July,2019,1 de julio de 2019,185277
1 año,Hombres,1 July,2019,1 de julio de 2019,198113
10 años,Hombres,1 July,2019,1 de julio de 2019,262017
100 años,Hombres,1 July,2019,1 de julio de 2019,914
100 y más años,Hombres,1 July,2019,1 de julio de 2019,2063
101 años,Hombres,1 July,2019,1 de julio de 2019,510
102 años,Hombres,1 July,2019,1 de julio de 2019,288
103 años,Hombres,1 July,2019,1 de julio de 2019,147
104 años,Hombres,1 July,2019,1 de julio de 2019,89
105 y más años,Hombres,1 July,2019,1 de julio de 2019,115
11 años,Hombres,1 July,2019,1 de julio de 2019,263162
12 años,Hombres,1 July,2019,1 de julio de 2019,257448
13 años,Hombres,1 July,2019,1 de julio de 2019,254067
14 años,Hombres,1 July,2019,1 de julio de 2019,250630
15 años,Hombres,1 July,2019,1 de julio de 2019,247861
16 años,Hombres,1 July,2019,1 de julio de 2019,242379
17 años,Hombres,1 July,2019,1 de julio de 2019,238892
18 años,Hombres,1 July,2019,1 de julio de 2019,241050
19 años,Hombres,1 July,2019,1 de julio de 2019,240555
2 años,Hombres,1 July,2019,1 de julio de 2019,211003
20 años,Hombres,1 July,2019,1 de julio de 2019,235568
21 años,Hombres,1 July,2019,1 de julio de 2019,234595
22 años,Hombres,1 July,2019,1 de julio de 2019,235370
23 años,Hombres,1 July,2019,1 de julio de 2019,235922
24 años,Hombres,1 July,2019,1 de julio de 2019,239270
25 años,Hombres,1 July,2019,1 de julio de 2019,246185
26 años,Hombres,1 July,2019,1 de julio de 2019,254771
27 años,Hombres,1 July,2019,1 de julio de 2019,258934
28 años,Hombres,1 July,2019,1 de julio de 2019,260896
29 años,Hombres,1 July,2019,1 de julio de 2019,265001
3 años,Hombres,1 July,2019,1 de julio de 2019,219555
30 años,Hombres,1 July,2019,1 de julio de 2019,270010
31 años,Hombres,1 July,2019,1 de julio de 2019,274573
32 años,Hombres,1 July,2019,1 de julio de 2019,280027
33 años,Hombres,1 July,2019,1 de julio de 2019,288384
34 años,Hombres,1 July,2019,1 de julio de 2019,299683
35 años,Hombres,1 July,2019,1 de julio de 2019,311034
36 años,Hombres,1 July,2019,1 de julio de 2019,326411
37 años,Hombres,1 July,2019,1 de julio de 2019,344419
38 años,Hombres,1 July,2019,1 de julio de 2019,361897
39 años,Hombres,1 July,2019,1 de julio de 2019,376456
4 años,Hombres,1 July,2019,1 de julio de 2019,224828
40 años,Hombres,1 July,2019,1 de julio de 2019,391185
41 años,Hombres,1 July,2019,1 de julio de 2019,403832
42 años,Hombres,1 July,2019,1 de julio de 2019,410416
43 años,Hombres,1 July,2019,1 de julio de 2019,412185
44 años,Hombres,1 July,2019,1 de julio de 2019,409097
45 años,Hombres,1 July,2019,1 de julio de 2019,401932
46 años,Hombres,1 July,2019,1 de julio de 2019,395479
47 años,Hombres,1 July,2019,1 de julio de 2019,390355
48 años,Hombres,1 July,2019,1 de julio de 2019,383485
49 años,Hombres,1 July,2019,1 de julio de 2019,377428
5 años,Hombres,1 July,2019,1 de julio de 2019,225928
50 años,Hombres,1 July,2019,1 de julio de 2019,372120
51 años,Hombres,1 July,2019,1 de julio de 2019,370126
52 años,Hombres,1 July,2019,1 de julio de 2019,365324
53 años,Hombres,1 July,2019,1 de julio de 2019,357601
54 años,Hombres,1 July,2019,1 de julio de 2019,356322
55 años,Hombres,1 July,2019,1 de julio de 2019,348710
56 años,Hombres,1 July,2019,1 de julio de 2019,332756
57 años,Hombres,1 July,2019,1 de julio de 2019,321407
58 años,Hombres,1 July,2019,1 de julio de 2019,316525
59 años,Hombres,1 July,2019,1 de julio de 2019,311267
6 años,Hombres,1 July,2019,1 de julio de 2019,231397
60 años,Hombres,1 July,2019,1 de julio de 2019,301882
61 años,Hombres,1 July,2019,1 de julio de 2019,292689
62 años,Hombres,1 July,2019,1 de julio de 2019,277354
63 años,Hombres,1 July,2019,1 de julio de 2019,261973
64 años,Hombres,1 July,2019,1 de julio de 2019,249833
65 años,Hombres,1 July,2019,1 de julio de 2019,242382
66 años,Hombres,1 July,2019,1 de julio de 2019,241068
67 años,Hombres,1 July,2019,1 de julio de 2019,230907
68 años,Hombres,1 July,2019,1 de julio de 2019,217933
69 años,Hombres,1 July,2019,1 de julio de 2019,216364
7 años,Hombres,1 July,2019,1 de julio de 2019,241810
70 años,Hombres,1 July,2019,1 de julio de 2019,222041
71 años,Hombres,1 July,2019,1 de julio de 2019,214352
72 años,Hombres,1 July,2019,1 de julio de 2019,196607
73 años,Hombres,1 July,2019,1 de julio de 2019,192346
74 años,Hombres,1 July,2019,1 de julio de 2019,188113
75 años,Hombres,1 July,2019,1 de julio de 2019,178002
76 años,Hombres,1 July,2019,1 de julio de 2019,160586
77 años,Hombres,1 July,2019,1 de julio de 2019,138935
78 años,Hombres,1 July,2019,1 de julio de 2019,142663
79 años,Hombres,1 July,2019,1 de julio de 2019,125426
8 años,Hombres,1 July,2019,1 de julio de 2019,247994
80 años,Hombres,1 July,2019,1 de julio de 2019,100809
81 años,Hombres,1 July,2019,1 de julio de 2019,108469
82 años,Hombres,1 July,2019,1 de julio de 2019,112624
83 años,Hombres,1 July,2019,1 de julio de 2019,108566
84 años,Hombres,1 July,2019,1 de julio de 2019,99268
85 años,Hombres,1 July,2019,1 de julio de 2019,91255
85 y más años,Hombres,1 July,2019,1 de julio de 2019,515275
86 años,Hombres,1 July,2019,1 de julio de 2019,82944
87 años,Hombres,1 July,2019,1 de julio de 2019,71758
88 años,Hombres,1 July,2019,1 de julio de 2019,60547
89 años,Hombres,1 July,2019,1 de julio de 2019,50176
9 años,Hombres,1 July,2019,1 de julio de 2019,253435
90 años,Hombres,1 July,2019,1 de julio de 2019,40631
91 años,Hombres,1 July,2019,1 de julio de 2019,31922
92 años,Hombres,1 July,2019,1 de julio de 2019,24453
93 años,Hombres,1 July,2019,1 de julio de 2019,18688
94 años,Hombres,1 July,2019,1 de julio de 2019,13722
95 años,Hombres,1 July,2019,1 de julio de 2019,10007
96 años,Hombres,1 July,2019,1 de julio de 2019,7096
97 años,Hombres,1 July,2019,1 de julio de 2019,4764
98 años,Hombres,1 July,2019,1 de julio de 2019,3184
99 años,Hombres,1 July,2019,1 de julio de 2019,2065
Todas las edades,Hombres,1 July,2019,1 de julio de 2019,23100826
0 años,Mujeres,1 July,2019,1 de julio de 2019,175748
1 año,Mujeres,1 July,2019,1 de julio de 2019,187098
10 años,Mujeres,1 July,2019,1 de julio de 2019,245824
100 años,Mujeres,1 July,2019,1 de julio de 2019,3838
100 y más años,Mujeres,1 July,2019,1 de julio de 2019,9847
101 años,Mujeres,1 July,2019,1 de julio de 2019,2508
102 años,Mujeres,1 July,2019,1 de julio de 2019,1501
103 años,Mujeres,1 July,2019,1 de julio de 2019,872
104 años,Mujeres,1 July,2019,1 de julio de 2019,518
105 y más años,Mujeres,1 July,2019,1 de julio de 2019,610
11 años,Mujeres,1 July,2019,1 de julio de 2019,247424
12 años,Mujeres,1 July,2019,1 de julio de 2019,242618
13 años,Mujeres,1 July,2019,1 de julio de 2019,240532
14 años,Mujeres,1 July,2019,1 de julio de 2019,237409
15 años,Mujeres,1 July,2019,1 de julio de 2019,234612
16 años,Mujeres,1 July,2019,1 de julio de 2019,228685
17 años,Mujeres,1 July,2019,1 de julio de 2019,224264
18 años,Mujeres,1 July,2019,1 de julio de 2019,225141
19 años,Mujeres,1 July,2019,1 de julio de 2019,225335
2 años,Mujeres,1 July,2019,1 de julio de 2019,198988
20 años,Mujeres,1 July,2019,1 de julio de 2019,221735
21 años,Mujeres,1 July,2019,1 de julio de 2019,221990
22 años,Mujeres,1 July,2019,1 de julio de 2019,225385
23 años,Mujeres,1 July,2019,1 de julio de 2019,226757
24 años,Mujeres,1 July,2019,1 de julio de 2019,230511
25 años,Mujeres,1 July,2019,1 de julio de 2019,238272
26 años,Mujeres,1 July,2019,1 de julio de 2019,247891
27 años,Mujeres,1 July,2019,1 de julio de 2019,252448
28 años,Mujeres,1 July,2019,1 de julio de 2019,255396
29 años,Mujeres,1 July,2019,1 de julio de 2019,261413
3 años,Mujeres,1 July,2019,1 de julio de 2019,207325
30 años,Mujeres,1 July,2019,1 de julio de 2019,267753
31 años,Mujeres,1 July,2019,1 de julio de 2019,273431
32 años,Mujeres,1 July,2019,1 de julio de 2019,280259
33 años,Mujeres,1 July,2019,1 de julio de 2019,289271
34 años,Mujeres,1 July,2019,1 de julio de 2019,299986
35 años,Mujeres,1 July,2019,1 de julio de 2019,311023
36 años,Mujeres,1 July,2019,1 de julio de 2019,325042
37 años,Mujeres,1 July,2019,1 de julio de 2019,340996
38 años,Mujeres,1 July,2019,1 de julio de 2019,356303
39 años,Mujeres,1 July,2019,1 de julio de 2019,369719
4 años,Mujeres,1 July,2019,1 de julio de 2019,211505
40 años,Mujeres,1 July,2019,1 de julio de 2019,382413
41 años,Mujeres,1 July,2019,1 de julio de 2019,392046
42 años,Mujeres,1 July,2019,1 de julio de 2019,397574
43 años,Mujeres,1 July,2019,1 de julio de 2019,399518
44 años,Mujeres,1 July,2019,1 de julio de 2019,396582
45 años,Mujeres,1 July,2019,1 de julio de 2019,390498
46 años,Mujeres,1 July,2019,1 de julio de 2019,384649
47 años,Mujeres,1 July,2019,1 de julio de 2019,381013
48 años,Mujeres,1 July,2019,1 de julio de 2019,375815
49 años,Mujeres,1 July,2019,1 de julio de 2019,372118
5 años,Mujeres,1 July,2019,1 de julio de 2019,212403
50 años,Mujeres,1 July,2019,1 de julio de 2019,369521
51 años,Mujeres,1 July,2019,1 de julio de 2019,369920
52 años,Mujeres,1 July,2019,1 de julio de 2019,366778
53 años,Mujeres,1 July,2019,1 de julio de 2019,361168
54 años,Mujeres,1 July,2019,1 de julio de 2019,362576
55 años,Mujeres,1 July,2019,1 de julio de 2019,356066
56 años,Mujeres,1 July,2019,1 de julio de 2019,341582
57 años,Mujeres,1 July,2019,1 de julio de 2019,332340
58 años,Mujeres,1 July,2019,1 de julio de 2019,329036
59 años,Mujeres,1 July,2019,1 de julio de 2019,324891
6 años,Mujeres,1 July,2019,1 de julio de 2019,217935
60 años,Mujeres,1 July,2019,1 de julio de 2019,316360
61 años,Mujeres,1 July,2019,1 de julio de 2019,309137
62 años,Mujeres,1 July,2019,1 de julio de 2019,294991
63 años,Mujeres,1 July,2019,1 de julio de 2019,280313
64 años,Mujeres,1 July,2019,1 de julio de 2019,269777
65 años,Mujeres,1 July,2019,1 de julio de 2019,263270
66 años,Mujeres,1 July,2019,1 de julio de 2019,261453
67 años,Mujeres,1 July,2019,1 de julio de 2019,252285
68 años,Mujeres,1 July,2019,1 de julio de 2019,241257
69 años,Mujeres,1 July,2019,1 de julio de 2019,242648
7 años,Mujeres,1 July,2019,1 de julio de 2019,227426
70 años,Mujeres,1 July,2019,1 de julio de 2019,252391
71 años,Mujeres,1 July,2019,1 de julio de 2019,245826
72 años,Mujeres,1 July,2019,1 de julio de 2019,228952
73 años,Mujeres,1 July,2019,1 de julio de 2019,227813
74 años,Mujeres,1 July,2019,1 de julio de 2019,225372
75 años,Mujeres,1 July,2019,1 de julio de 2019,216122
76 años,Mujeres,1 July,2019,1 de julio de 2019,197684
77 años,Mujeres,1 July,2019,1 de julio de 2019,173712
78 años,Mujeres,1 July,2019,1 de julio de 2019,183644
79 años,Mujeres,1 July,2019,1 de julio de 2019,167083
8 años,Mujeres,1 July,2019,1 de julio de 2019,233389
80 años,Mujeres,1 July,2019,1 de julio de 2019,139831
81 años,Mujeres,1 July,2019,1 de julio de 2019,153973
82 años,Mujeres,1 July,2019,1 de julio de 2019,166301
83 años,Mujeres,1 July,2019,1 de julio de 2019,165630
84 años,Mujeres,1 July,2019,1 de julio de 2019,155344
85 años,Mujeres,1 July,2019,1 de julio de 2019,148509
85 y más años,Mujeres,1 July,2019,1 de julio de 2019,1012477
86 años,Mujeres,1 July,2019,1 de julio de 2019,140293
87 años,Mujeres,1 July,2019,1 de julio de 2019,125968
88 años,Mujeres,1 July,2019,1 de julio de 2019,112270
89 años,Mujeres,1 July,2019,1 de julio de 2019,99047
9 años,Mujeres,1 July,2019,1 de julio de 2019,237960
90 años,Mujeres,1 July,2019,1 de julio de 2019,84241
91 años,Mujeres,1 July,2019,1 de julio de 2019,70192
92 años,Mujeres,1 July,2019,1 de julio de 2019,57321
93 años,Mujeres,1 July,2019,1 de julio de 2019,46605
94 años,Mujeres,1 July,2019,1 de julio de 2019,36585
95 años,Mujeres,1 July,2019,1 de julio de 2019,28120
96 años,Mujeres,1 July,2019,1 de julio de 2019,20974
97 años,Mujeres,1 July,2019,1 de julio de 2019,15069
98 años,Mujeres,1 July,2019,1 de julio de 2019,10353
99 años,Mujeres,1 July,2019,1 de julio de 2019,7083
Todas las edades,Mujeres,1 July,2019,1 de julio de 2019,23986952
0 años,Total,1 July,2019,1 de julio de 2019,361025
1 año,Total,1 July,2019,1 de julio de 2019,385211
10 años,Total,1 July,2019,1 de julio de 2019,507841
100 años,Total,1 July,2019,1 de julio de 2019,4752
100 y más años,Total,1 July,2019,1 de julio de 2019,11910
101 años,Total,1 July,2019,1 de julio de 2019,3018
102 años,Total,1 July,2019,1 de julio de 2019,1789
103 años,Total,1 July,2019,1 de julio de 2019,1019
104 años,Total,1 July,2019,1 de julio de 2019,607
105 y más años,Total,1 July,2019,1 de julio de 2019,725
11 años,Total,1 July,2019,1 de julio de 2019,510586
12 años,Total,1 July,2019,1 de julio de 2019,500066
13 años,Total,1 July,2019,1 de julio de 2019,494599
14 años,Total,1 July,2019,1 de julio de 2019,488039
15 años,Total,1 July,2019,1 de julio de 2019,482473
16 años,Total,1 July,2019,1 de julio de 2019,471064
17 años,Total,1 July,2019,1 de julio de 2019,463156
18 años,Total,1 July,2019,1 de julio de 2019,466191
19 años,Total,1 July,2019,1 de julio de 2019,465890
2 años,Total,1 July,2019,1 de julio de 2019,409991
20 años,Total,1 July,2019,1 de julio de 2019,457303
21 años,Total,1 July,2019,1 de julio de 2019,456585
22 años,Total,1 July,2019,1 de julio de 2019,460755
23 años,Total,1 July,2019,1 de julio de 2019,462679
24 años,Total,1 July,2019,1 de julio de 2019,469781
25 años,Total,1 July,2019,1 de julio de 2019,484457
26 años,Total,1 July,2019,1 de julio de 2019,502662
27 años,Total,1 July,2019,1 de julio de 2019,511382
28 años,Total,1 July,2019,1 de julio de 2019,516292
29 años,Total,1 July,2019,1 de julio de 2019,526414
3 años,Total,1 July,2019,1 de julio de 2019,426880
30 años,Total,1 July,2019,1 de julio de 2019,537763
31 años,Total,1 July,2019,1 de julio de 2019,548004
32 años,Total,1 July,2019,1 de julio de 2019,560286
33 años,Total,1 July,2019,1 de julio de 2019,577655
34 años,Total,1 July,2019,1 de julio de 2019,599669
35 años,Total,1 July,2019,1 de julio de 2019,622057
36 años,Total,1 July,2019,1 de julio de 2019,651453
37 años,Total,1 July,2019,1 de julio de 2019,685415
38 años,Total,1 July,2019,1 de julio de 2019,718200
39 años,Total,1 July,2019,1 de julio de 2019,746175
4 años,Total,1 July,2019,1 de julio de 2019,436333
40 años,Total,1 July,2019,1 de julio de 2019,773598
41 años,Total,1 July,2019,1 de julio de 2019,795878
42 años,Total,1 July,2019,1 de julio de 2019,807990
43 años,Total,1 July,2019,1 de julio de 2019,811703
44 años,Total,1 July,2019,1 de julio de 2019,805679
45 años,Total,1 July,2019,1 de julio de 2019,792430
46 años,Total,1 July,2019,1 de julio de 2019,780128
47 años,Total,1 July,2019,1 de julio de 2019,771368
48 años,Total,1 July,2019,1 de julio de 2019,759300
49 años,Total,1 July,2019,1 de julio de 2019,749546
5 años,Total,1 July,2019,1 de julio de 2019,438331
50 años,Total,1 July,2019,1 de julio de 2019,741641
51 años,Total,1 July,2019,1 de julio de 2019,740046
52 años,Total,1 July,2019,1 de julio de 2019,732102
53 años,Total,1 July,2019,1 de julio de 2019,718769
54 años,Total,1 July,2019,1 de julio de 2019,718898
55 años,Total,1 July,2019,1 de julio de 2019,704776
56 años,Total,1 July,2019,1 de julio de 2019,674338
57 años,Total,1 July,2019,1 de julio de 2019,653747
58 años,Total,1 July,2019,1 de julio de 2019,645561
59 años,Total,1 July,2019,1 de julio de 2019,636158
6 años,Total,1 July,2019,1 de julio de 2019,449332
60 años,Total,1 July,2019,1 de julio de 2019,618242
61 años,Total,1 July,2019,1 de julio de 2019,601826
62 años,Total,1 July,2019,1 de julio de 2019,572345
63 años,Total,1 July,2019,1 de julio de 2019,542286
64 años,Total,1 July,2019,1 de julio de 2019,519610
65 años,Total,1 July,2019,1 de julio de 2019,505652
66 años,Total,1 July,2019,1 de julio de 2019,502521
67 años,Total,1 July,2019,1 de julio de 2019,483192
68 años,Total,1 July,2019,1 de julio de 2019,459190
69 años,Total,1 July,2019,1 de julio de 2019,459012
7 años,Total,1 July,2019,1 de julio de 2019,469236
70 años,Total,1 July,2019,1 de julio de 2019,474432
71 años,Total,1 July,2019,1 de julio de 2019,460178
72 años,Total,1 July,2019,1 de julio de 2019,425559
73 años,Total,1 July,2019,1 de julio de 2019,420159
74 años,Total,1 July,2019,1 de julio de 2019,413485
75 años,Total,1 July,2019,1 de julio de 2019,394124
76 años,Total,1 July,2019,1 de julio de 2019,358270
77 años,Total,1 July,2019,1 de julio de 2019,312647
78 años,Total,1 July,2019,1 de julio de 2019,326307
79 años,Total,1 July,2019,1 de julio de 2019,292509
8 años,Total,1 July,2019,1 de julio de 2019,481383
80 años,Total,1 July,2019,1 de julio de 2019,240640
81 años,Total,1 July,2019,1 de julio de 2019,262442
82 años,Total,1 July,2019,1 de julio de 2019,278925
83 años,Total,1 July,2019,1 de julio de 2019,274196
84 años,Total,1 July,2019,1 de julio de 2019,254612
85 años,Total,1 July,2019,1 de julio de 2019,239764
85 y más años,Total,1 July,2019,1 de julio de 2019,1527752
86 años,Total,1 July,2019,1 de julio de 2019,223237
87 años,Total,1 July,2019,1 de julio de 2019,197726
88 años,Total,1 July,2019,1 de julio de 2019,172817
89 años,Total,1 July,2019,1 de julio de 2019,149223
9 años,Total,1 July,2019,1 de julio de 2019,491395
90 años,Total,1 July,2019,1 de julio de 2019,124872
91 años,Total,1 July,2019,1 de julio de 2019,102114
92 años,Total,1 July,2019,1 de julio de 2019,81774
93 años,Total,1 July,2019,1 de julio de 2019,65293
94 años,Total,1 July,2019,1 de julio de 2019,50307
95 años,Total,1 July,2019,1 de julio de 2019,38127
96 años,Total,1 July,2019,1 de julio de 2019,28070
97 años,Total,1 July,2019,1 de julio de 2019,19833
98 años,Total,1 July,2019,1 de julio de 2019,13537
99 años,Total,1 July,2019,1 de julio de 2019,9148
Todas las edades,Total,1 July,2019,1 de julio de 2019,47087778
0 años,Hombres,1 July,2020,1 de julio de 2020,180193
1 año,Hombres,1 July,2020,1 de julio de 2020,189632
10 años,Hombres,1 July,2020,1 de julio de 2020,255563
100 años,Hombres,1 July,2020,1 de julio de 2020,1035
100 y más años,Hombres,1 July,2020,1 de julio de 2020,2214
101 años,Hombres,1 July,2020,1 de julio de 2020,540
102 años,Hombres,1 July,2020,1 de julio de 2020,293
103 años,Hombres,1 July,2020,1 de julio de 2020,159
104 años,Hombres,1 July,2020,1 de julio de 2020,80
105 y más años,Hombres,1 July,2020,1 de julio de 2020,107
11 años,Hombres,1 July,2020,1 de julio de 2020,263961
12 años,Hombres,1 July,2020,1 de julio de 2020,264746
13 años,Hombres,1 July,2020,1 de julio de 2020,259118
14 años,Hombres,1 July,2020,1 de julio de 2020,255719
15 años,Hombres,1 July,2020,1 de julio de 2020,252684
16 años,Hombres,1 July,2020,1 de julio de 2020,250142
17 años,Hombres,1 July,2020,1 de julio de 2020,245395
18 años,Hombres,1 July,2020,1 de julio de 2020,243343
19 años,Hombres,1 July,2020,1 de julio de 2020,246200
2 años,Hombres,1 July,2020,1 de julio de 2020,200145
20 años,Hombres,1 July,2020,1 de julio de 2020,245433
21 años,Hombres,1 July,2020,1 de julio de 2020,240456
22 años,Hombres,1 July,2020,1 de julio de 2020,239999
23 años,Hombres,1 July,2020,1 de julio de 2020,241138
24 años,Hombres,1 July,2020,1 de julio de 2020,242156
25 años,Hombres,1 July,2020,1 de julio de 2020,245818
26 años,Hombres,1 July,2020,1 de julio de 2020,252918
27 años,Hombres,1 July,2020,1 de julio de 2020,261366
28 años,Hombres,1 July,2020,1 de julio de 2020,265125
29 años,Hombres,1 July,2020,1 de julio de 2020,266769
3 años,Hombres,1 July,2020,1 de julio de 2020,213192
30 años,Hombres,1 July,2020,1 de julio de 2020,270617
31 años,Hombres,1 July,2020,1 de julio de 2020,275428
32 años,Hombres,1 July,2020,1 de julio de 2020,279636
33 años,Hombres,1 July,2020,1 de julio de 2020,284508
34 años,Hombres,1 July,2020,1 de julio de 2020,292675
35 años,Hombres,1 July,2020,1 de julio de 2020,303601
36 años,Hombres,1 July,2020,1 de julio de 2020,314854
37 años,Hombres,1 July,2020,1 de julio de 2020,329879
38 años,Hombres,1 July,2020,1 de julio de 2020,347532
39 años,Hombres,1 July,2020,1 de julio de 2020,364572
4 años,Hombres,1 July,2020,1 de julio de 2020,221790
40 años,Hombres,1 July,2020,1 de julio de 2020,378844
41 años,Hombres,1 July,2020,1 de julio de 2020,393106
42 años,Hombres,1 July,2020,1 de julio de 2020,405564
43 años,Hombres,1 July,2020,1 de julio de 2020,411499
44 años,Hombres,1 July,2020,1 de julio de 2020,413132
45 años,Hombres,1 July,2020,1 de julio de 2020,409830
46 años,Hombres,1 July,2020,1 de julio de 2020,402585
47 años,Hombres,1 July,2020,1 de julio de 2020,395774
48 años,Hombres,1 July,2020,1 de julio de 2020,390461
49 años,Hombres,1 July,2020,1 de julio de 2020,383459
5 años,Hombres,1 July,2020,1 de julio de 2020,227209
50 años,Hombres,1 July,2020,1 de julio de 2020,377180
51 años,Hombres,1 July,2020,1 de julio de 2020,371528
52 años,Hombres,1 July,2020,1 de julio de 2020,369330
53 años,Hombres,1 July,2020,1 de julio de 2020,364403
54 años,Hombres,1 July,2020,1 de julio de 2020,356658
55 años,Hombres,1 July,2020,1 de julio de 2020,355286
56 años,Hombres,1 July,2020,1 de julio de 2020,347374
57 años,Hombres,1 July,2020,1 de julio de 2020,331322
58 años,Hombres,1 July,2020,1 de julio de 2020,319863
59 años,Hombres,1 July,2020,1 de julio de 2020,314906
6 años,Hombres,1 July,2020,1 de julio de 2020,228115
60 años,Hombres,1 July,2020,1 de julio de 2020,309488
61 años,Hombres,1 July,2020,1 de julio de 2020,299799
62 años,Hombres,1 July,2020,1 de julio de 2020,290408
63 años,Hombres,1 July,2020,1 de julio de 2020,275076
64 años,Hombres,1 July,2020,1 de julio de 2020,259427
65 años,Hombres,1 July,2020,1 de julio de 2020,247254
66 años,Hombres,1 July,2020,1 de julio de 2020,239765
67 años,Hombres,1 July,2020,1 de julio de 2020,238132
68 años,Hombres,1 July,2020,1 de julio de 2020,227670
69 años,Hombres,1 July,2020,1 de julio de 2020,214555
7 años,Hombres,1 July,2020,1 de julio de 2020,233706
70 años,Hombres,1 July,2020,1 de julio de 2020,212537
71 años,Hombres,1 July,2020,1 de julio de 2020,217781
72 años,Hombres,1 July,2020,1 de julio de 2020,209615
73 años,Hombres,1 July,2020,1 de julio de 2020,191810
74 años,Hombres,1 July,2020,1 de julio de 2020,187079
75 años,Hombres,1 July,2020,1 de julio de 2020,182412
76 años,Hombres,1 July,2020,1 de julio de 2020,172016
77 años,Hombres,1 July,2020,1 de julio de 2020,154658
78 años,Hombres,1 July,2020,1 de julio de 2020,133210
79 años,Hombres,1 July,2020,1 de julio de 2020,136046
8 años,Hombres,1 July,2020,1 de julio de 2020,244032
80 años,Hombres,1 July,2020,1 de julio de 2020,118940
81 años,Hombres,1 July,2020,1 de julio de 2020,94795
82 años,Hombres,1 July,2020,1 de julio de 2020,101262
83 años,Hombres,1 July,2020,1 de julio de 2020,104232
84 años,Hombres,1 July,2020,1 de julio de 2020,99672
85 años,Hombres,1 July,2020,1 de julio de 2020,90177
85 y más años,Hombres,1 July,2020,1 de julio de 2020,523839
86 años,Hombres,1 July,2020,1 de julio de 2020,81832
87 años,Hombres,1 July,2020,1 de julio de 2020,73375
88 años,Hombres,1 July,2020,1 de julio de 2020,62539
89 años,Hombres,1 July,2020,1 de julio de 2020,51772
9 años,Hombres,1 July,2020,1 de julio de 2020,250071
90 años,Hombres,1 July,2020,1 de julio de 2020,42086
91 años,Hombres,1 July,2020,1 de julio de 2020,33286
92 años,Hombres,1 July,2020,1 de julio de 2020,25572
93 años,Hombres,1 July,2020,1 de julio de 2020,19054
94 años,Hombres,1 July,2020,1 de julio de 2020,14167
95 años,Hombres,1 July,2020,1 de julio de 2020,10173
96 años,Hombres,1 July,2020,1 de julio de 2020,7270
97 años,Hombres,1 July,2020,1 de julio de 2020,4921
98 años,Hombres,1 July,2020,1 de julio de 2020,3240
99 años,Hombres,1 July,2020,1 de julio de 2020,2161
Todas las edades,Hombres,1 July,2020,1 de julio de 2020,23223018
0 años,Mujeres,1 July,2020,1 de julio de 2020,170813
1 año,Mujeres,1 July,2020,1 de julio de 2020,179556
10 años,Mujeres,1 July,2020,1 de julio de 2020,239988
100 años,Mujeres,1 July,2020,1 de julio de 2020,4069
100 y más años,Mujeres,1 July,2020,1 de julio de 2020,10195
101 años,Mujeres,1 July,2020,1 de julio de 2020,2518
102 años,Mujeres,1 July,2020,1 de julio de 2020,1551
103 años,Mujeres,1 July,2020,1 de julio de 2020,899
104 años,Mujeres,1 July,2020,1 de julio de 2020,525
105 y más años,Mujeres,1 July,2020,1 de julio de 2020,633
11 años,Mujeres,1 July,2020,1 de julio de 2020,247693
12 años,Mujeres,1 July,2020,1 de julio de 2020,249082
13 años,Mujeres,1 July,2020,1 de julio de 2020,244374
14 años,Mujeres,1 July,2020,1 de julio de 2020,242188
15 años,Mujeres,1 July,2020,1 de julio de 2020,239145
16 años,Mujeres,1 July,2020,1 de julio de 2020,236298
17 años,Mujeres,1 July,2020,1 de julio de 2020,230684
18 años,Mujeres,1 July,2020,1 de julio de 2020,227280
19 años,Mujeres,1 July,2020,1 de julio de 2020,229781
2 años,Mujeres,1 July,2020,1 de julio de 2020,189036
20 años,Mujeres,1 July,2020,1 de julio de 2020,230376
21 años,Mujeres,1 July,2020,1 de julio de 2020,227057
22 años,Mujeres,1 July,2020,1 de julio de 2020,227801
23 años,Mujeres,1 July,2020,1 de julio de 2020,231744
24 años,Mujeres,1 July,2020,1 de julio de 2020,233215
25 años,Mujeres,1 July,2020,1 de julio de 2020,237258
26 años,Mujeres,1 July,2020,1 de julio de 2020,244802
27 años,Mujeres,1 July,2020,1 de julio de 2020,254063
28 años,Mujeres,1 July,2020,1 de julio de 2020,258362
29 años,Mujeres,1 July,2020,1 de julio de 2020,260891
3 años,Mujeres,1 July,2020,1 de julio de 2020,201047
30 años,Mujeres,1 July,2020,1 de julio de 2020,266746
31 años,Mujeres,1 July,2020,1 de julio de 2020,272994
32 años,Mujeres,1 July,2020,1 de julio de 2020,278322
33 años,Mujeres,1 July,2020,1 de julio de 2020,284454
34 años,Mujeres,1 July,2020,1 de julio de 2020,293638
35 años,Mujeres,1 July,2020,1 de julio de 2020,304174
36 años,Mujeres,1 July,2020,1 de julio de 2020,315012
37 años,Mujeres,1 July,2020,1 de julio de 2020,328800
38 años,Mujeres,1 July,2020,1 de julio de 2020,344333
39 años,Mujeres,1 July,2020,1 de julio de 2020,359332
4 años,Mujeres,1 July,2020,1 de julio de 2020,209575
40 años,Mujeres,1 July,2020,1 de julio de 2020,372698
41 años,Mujeres,1 July,2020,1 de julio de 2020,385130
42 años,Mujeres,1 July,2020,1 de julio de 2020,394350
43 años,Mujeres,1 July,2020,1 de julio de 2020,399820
44 años,Mujeres,1 July,2020,1 de julio de 2020,401618
45 años,Mujeres,1 July,2020,1 de julio de 2020,398366
46 años,Mujeres,1 July,2020,1 de julio de 2020,392217
47 años,Mujeres,1 July,2020,1 de julio de 2020,386272
48 años,Mujeres,1 July,2020,1 de julio de 2020,382605
49 años,Mujeres,1 July,2020,1 de julio de 2020,377231
5 años,Mujeres,1 July,2020,1 de julio de 2020,213792
50 años,Mujeres,1 July,2020,1 de julio de 2020,373312
51 años,Mujeres,1 July,2020,1 de julio de 2020,370592
52 años,Mujeres,1 July,2020,1 de julio de 2020,370890
53 años,Mujeres,1 July,2020,1 de julio de 2020,367660
54 años,Mujeres,1 July,2020,1 de julio de 2020,361901
55 años,Mujeres,1 July,2020,1 de julio de 2020,363285
56 años,Mujeres,1 July,2020,1 de julio de 2020,356582
57 años,Mujeres,1 July,2020,1 de julio de 2020,341953
58 años,Mujeres,1 July,2020,1 de julio de 2020,332512
59 años,Mujeres,1 July,2020,1 de julio de 2020,329138
6 años,Mujeres,1 July,2020,1 de julio de 2020,214598
60 años,Mujeres,1 July,2020,1 de julio de 2020,324772
61 años,Mujeres,1 July,2020,1 de julio de 2020,316239
62 años,Mujeres,1 July,2020,1 de julio de 2020,308730
63 años,Mujeres,1 July,2020,1 de julio de 2020,294511
64 años,Mujeres,1 July,2020,1 de julio de 2020,279729
65 años,Mujeres,1 July,2020,1 de julio de 2020,269163
66 años,Mujeres,1 July,2020,1 de julio de 2020,262533
67 años,Mujeres,1 July,2020,1 de julio de 2020,260502
68 años,Mujeres,1 July,2020,1 de julio de 2020,251175
69 años,Mujeres,1 July,2020,1 de julio de 2020,239944
7 años,Mujeres,1 July,2020,1 de julio de 2020,220119
70 años,Mujeres,1 July,2020,1 de julio de 2020,241170
71 años,Mujeres,1 July,2020,1 de julio de 2020,250438
72 años,Mujeres,1 July,2020,1 de julio de 2020,243651
73 años,Mujeres,1 July,2020,1 de julio de 2020,226643
74 años,Mujeres,1 July,2020,1 de julio de 2020,225057
75 años,Mujeres,1 July,2020,1 de julio de 2020,222117
76 años,Mujeres,1 July,2020,1 de julio de 2020,212638
77 años,Mujeres,1 July,2020,1 de julio de 2020,194061
78 años,Mujeres,1 July,2020,1 de julio de 2020,170144
79 años,Mujeres,1 July,2020,1 de julio de 2020,179237
8 años,Mujeres,1 July,2020,1 de julio de 2020,229514
80 años,Mujeres,1 July,2020,1 de julio de 2020,162436
81 años,Mujeres,1 July,2020,1 de julio de 2020,135160
82 años,Mujeres,1 July,2020,1 de julio de 2020,148084
83 años,Mujeres,1 July,2020,1 de julio de 2020,158873
84 años,Mujeres,1 July,2020,1 de julio de 2020,157153
85 años,Mujeres,1 July,2020,1 de julio de 2020,146265
85 y más años,Mujeres,1 July,2020,1 de julio de 2020,1026071
86 años,Mujeres,1 July,2020,1 de julio de 2020,138337
87 años,Mujeres,1 July,2020,1 de julio de 2020,129151
88 años,Mujeres,1 July,2020,1 de julio de 2020,114442
89 años,Mujeres,1 July,2020,1 de julio de 2020,100344
9 años,Mujeres,1 July,2020,1 de julio de 2020,235534
90 años,Mujeres,1 July,2020,1 de julio de 2020,86968
91 años,Mujeres,1 July,2020,1 de julio de 2020,72486
92 años,Mujeres,1 July,2020,1 de julio de 2020,59168
93 años,Mujeres,1 July,2020,1 de julio de 2020,47325
94 años,Mujeres,1 July,2020,1 de julio de 2020,37492
95 años,Mujeres,1 July,2020,1 de julio de 2020,28610
96 años,Mujeres,1 July,2020,1 de julio de 2020,21378
97 años,Mujeres,1 July,2020,1 de julio de 2020,15555
98 años,Mujeres,1 July,2020,1 de julio de 2020,10935
99 años,Mujeres,1 July,2020,1 de julio de 2020,7420
Todas las edades,Mujeres,1 July,2020,1 de julio de 2020,24121834
0 años,Total,1 July,2020,1 de julio de 2020,351006
1 año,Total,1 July,2020,1 de julio de 2020,369188
10 años,Total,1 July,2020,1 de julio de 2020,495551
100 años,Total,1 July,2020,1 de julio de 2020,5104
100 y más años,Total,1 July,2020,1 de julio de 2020,12409
101 años,Total,1 July,2020,1 de julio de 2020,3058
102 años,Total,1 July,2020,1 de julio de 2020,1844
103 años,Total,1 July,2020,1 de julio de 2020,1058
104 años,Total,1 July,2020,1 de julio de 2020,605
105 y más años,Total,1 July,2020,1 de julio de 2020,740
11 años,Total,1 July,2020,1 de julio de 2020,511654
12 años,Total,1 July,2020,1 de julio de 2020,513828
13 años,Total,1 July,2020,1 de julio de 2020,503492
14 años,Total,1 July,2020,1 de julio de 2020,497907
15 años,Total,1 July,2020,1 de julio de 2020,491829
16 años,Total,1 July,2020,1 de julio de 2020,486440
17 años,Total,1 July,2020,1 de julio de 2020,476079
18 años,Total,1 July,2020,1 de julio de 2020,470623
19 años,Total,1 July,2020,1 de julio de 2020,475981
2 años,Total,1 July,2020,1 de julio de 2020,389181
20 años,Total,1 July,2020,1 de julio de 2020,475809
21 años,Total,1 July,2020,1 de julio de 2020,467513
22 años,Total,1 July,2020,1 de julio de 2020,467800
23 años,Total,1 July,2020,1 de julio de 2020,472882
24 años,Total,1 July,2020,1 de julio de 2020,475371
25 años,Total,1 July,2020,1 de julio de 2020,483076
26 años,Total,1 July,2020,1 de julio de 2020,497720
27 años,Total,1 July,2020,1 de julio de 2020,515429
28 años,Total,1 July,2020,1 de julio de 2020,523487
29 años,Total,1 July,2020,1 de julio de 2020,527660
3 años,Total,1 July,2020,1 de julio de 2020,414239
30 años,Total,1 July,2020,1 de julio de 2020,537363
31 años,Total,1 July,2020,1 de julio de 2020,548422
32 años,Total,1 July,2020,1 de julio de 2020,557958
33 años,Total,1 July,2020,1 de julio de 2020,568962
34 años,Total,1 July,2020,1 de julio de 2020,586313
35 años,Total,1 July,2020,1 de julio de 2020,607775
36 años,Total,1 July,2020,1 de julio de 2020,629866
37 años,Total,1 July,2020,1 de julio de 2020,658679
38 años,Total,1 July,2020,1 de julio de 2020,691865
39 años,Total,1 July,2020,1 de julio de 2020,723904
4 años,Total,1 July,2020,1 de julio de 2020,431365
40 años,Total,1 July,2020,1 de julio de 2020,751542
41 años,Total,1 July,2020,1 de julio de 2020,778236
42 años,Total,1 July,2020,1 de julio de 2020,799914
43 años,Total,1 July,2020,1 de julio de 2020,811319
44 años,Total,1 July,2020,1 de julio de 2020,814750
45 años,Total,1 July,2020,1 de julio de 2020,808196
46 años,Total,1 July,2020,1 de julio de 2020,794802
47 años,Total,1 July,2020,1 de julio de 2020,782046
48 años,Total,1 July,2020,1 de julio de 2020,773066
49 años,Total,1 July,2020,1 de julio de 2020,760690
5 años,Total,1 July,2020,1 de julio de 2020,441001
50 años,Total,1 July,2020,1 de julio de 2020,750492
51 años,Total,1 July,2020,1 de julio de 2020,742120
52 años,Total,1 July,2020,1 de julio de 2020,740220
53 años,Total,1 July,2020,1 de julio de 2020,732063
54 años,Total,1 July,2020,1 de julio de 2020,718559
55 años,Total,1 July,2020,1 de julio de 2020,718571
56 años,Total,1 July,2020,1 de julio de 2020,703956
57 años,Total,1 July,2020,1 de julio de 2020,673275
58 años,Total,1 July,2020,1 de julio de 2020,652375
59 años,Total,1 July,2020,1 de julio de 2020,644044
6 años,Total,1 July,2020,1 de julio de 2020,442713
60 años,Total,1 July,2020,1 de julio de 2020,634260
61 años,Total,1 July,2020,1 de julio de 2020,616038
62 años,Total,1 July,2020,1 de julio de 2020,599138
63 años,Total,1 July,2020,1 de julio de 2020,569587
64 años,Total,1 July,2020,1 de julio de 2020,539156
65 años,Total,1 July,2020,1 de julio de 2020,516417
66 años,Total,1 July,2020,1 de julio de 2020,502298
67 años,Total,1 July,2020,1 de julio de 2020,498634
68 años,Total,1 July,2020,1 de julio de 2020,478845
69 años,Total,1 July,2020,1 de julio de 2020,454499
7 años,Total,1 July,2020,1 de julio de 2020,453825
70 años,Total,1 July,2020,1 de julio de 2020,453707
71 años,Total,1 July,2020,1 de julio de 2020,468219
72 años,Total,1 July,2020,1 de julio de 2020,453266
73 años,Total,1 July,2020,1 de julio de 2020,418453
74 años,Total,1 July,2020,1 de julio de 2020,412136
75 años,Total,1 July,2020,1 de julio de 2020,404529
76 años,Total,1 July,2020,1 de julio de 2020,384654
77 años,Total,1 July,2020,1 de julio de 2020,348719
78 años,Total,1 July,2020,1 de julio de 2020,303354
79 años,Total,1 July,2020,1 de julio de 2020,315283
8 años,Total,1 July,2020,1 de julio de 2020,473546
80 años,Total,1 July,2020,1 de julio de 2020,281376
81 años,Total,1 July,2020,1 de julio de 2020,229955
82 años,Total,1 July,2020,1 de julio de 2020,249346
83 años,Total,1 July,2020,1 de julio de 2020,263105
84 años,Total,1 July,2020,1 de julio de 2020,256825
85 años,Total,1 July,2020,1 de julio de 2020,236442
85 y más años,Total,1 July,2020,1 de julio de 2020,1549910
86 años,Total,1 July,2020,1 de julio de 2020,220169
87 años,Total,1 July,2020,1 de julio de 2020,202526
88 años,Total,1 July,2020,1 de julio de 2020,176981
89 años,Total,1 July,2020,1 de julio de 2020,152116
9 años,Total,1 July,2020,1 de julio de 2020,485605
90 años,Total,1 July,2020,1 de julio de 2020,129054
91 años,Total,1 July,2020,1 de julio de 2020,105772
92 años,Total,1 July,2020,1 de julio de 2020,84740
93 años,Total,1 July,2020,1 de julio de 2020,66379
94 años,Total,1 July,2020,1 de julio de 2020,51659
95 años,Total,1 July,2020,1 de julio de 2020,38783
96 años,Total,1 July,2020,1 de julio de 2020,28648
97 años,Total,1 July,2020,1 de julio de 2020,20476
98 años,Total,1 July,2020,1 de julio de 2020,14175
99 años,Total,1 July,2020,1 de julio de 2020,9581
Todas las edades,Total,1 July,2020,1 de julio de 2020,47344852
0 años,Hombres,1 July,2021,1 de julio de 2021,168317
1 año,Hombres,1 July,2021,1 de julio de 2021,183239
10 años,Hombres,1 July,2021,1 de julio de 2021,252717
100 años,Hombres,1 July,2021,1 de julio de 2021,1052
100 y más años,Hombres,1 July,2021,1 de julio de 2021,2389
101 años,Hombres,1 July,2021,1 de julio de 2021,650
102 años,Hombres,1 July,2021,1 de julio de 2021,303
103 años,Hombres,1 July,2021,1 de julio de 2021,168
104 años,Hombres,1 July,2021,1 de julio de 2021,93
105 y más años,Hombres,1 July,2021,1 de julio de 2021,123
11 años,Hombres,1 July,2021,1 de julio de 2021,253226
12 años,Hombres,1 July,2021,1 de julio de 2021,265246
13 años,Hombres,1 July,2021,1 de julio de 2021,267008
14 años,Hombres,1 July,2021,1 de julio de 2021,258506
15 años,Hombres,1 July,2021,1 de julio de 2021,256820
16 años,Hombres,1 July,2021,1 de julio de 2021,254655
17 años,Hombres,1 July,2021,1 de julio de 2021,248828
18 años,Hombres,1 July,2021,1 de julio de 2021,250701
19 años,Hombres,1 July,2021,1 de julio de 2021,244829
2 años,Hombres,1 July,2021,1 de julio de 2021,188911
20 años,Hombres,1 July,2021,1 de julio de 2021,248096
21 años,Hombres,1 July,2021,1 de julio de 2021,248507
22 años,Hombres,1 July,2021,1 de julio de 2021,241202
23 años,Hombres,1 July,2021,1 de julio de 2021,241297
24 años,Hombres,1 July,2021,1 de julio de 2021,243911
25 años,Hombres,1 July,2021,1 de julio de 2021,245349
26 años,Hombres,1 July,2021,1 de julio de 2021,246041
27 años,Hombres,1 July,2021,1 de julio de 2021,256120
28 años,Hombres,1 July,2021,1 de julio de 2021,265446
29 años,Hombres,1 July,2021,1 de julio de 2021,266926
3 años,Hombres,1 July,2021,1 de julio de 2021,202228
30 años,Hombres,1 July,2021,1 de julio de 2021,267884
31 años,Hombres,1 July,2021,1 de julio de 2021,272234
32 años,Hombres,1 July,2021,1 de julio de 2021,276103
33 años,Hombres,1 July,2021,1 de julio de 2021,280274
34 años,Hombres,1 July,2021,1 de julio de 2021,287084
35 años,Hombres,1 July,2021,1 de julio de 2021,290656
36 años,Hombres,1 July,2021,1 de julio de 2021,304427
37 años,Hombres,1 July,2021,1 de julio de 2021,316611
38 años,Hombres,1 July,2021,1 de julio de 2021,329374
39 años,Hombres,1 July,2021,1 de julio de 2021,347808
4 años,Hombres,1 July,2021,1 de julio de 2021,213610
40 años,Hombres,1 July,2021,1 de julio de 2021,365292
41 años,Hombres,1 July,2021,1 de julio de 2021,377596
42 años,Hombres,1 July,2021,1 de julio de 2021,391410
43 años,Hombres,1 July,2021,1 de julio de 2021,405048
44 años,Hombres,1 July,2021,1 de julio de 2021,413022
45 años,Hombres,1 July,2021,1 de julio de 2021,412098
46 años,Hombres,1 July,2021,1 de julio de 2021,411244
47 años,Hombres,1 July,2021,1 de julio de 2021,399453
48 años,Hombres,1 July,2021,1 de julio de 2021,395846
49 años,Hombres,1 July,2021,1 de julio de 2021,390403
5 años,Hombres,1 July,2021,1 de julio de 2021,222882
50 años,Hombres,1 July,2021,1 de julio de 2021,380650
51 años,Hombres,1 July,2021,1 de julio de 2021,377330
52 años,Hombres,1 July,2021,1 de julio de 2021,367948
53 años,Hombres,1 July,2021,1 de julio de 2021,373037
54 años,Hombres,1 July,2021,1 de julio de 2021,361326
55 años,Hombres,1 July,2021,1 de julio de 2021,355081
56 años,Hombres,1 July,2021,1 de julio de 2021,352212
57 años,Hombres,1 July,2021,1 de julio de 2021,347212
58 años,Hombres,1 July,2021,1 de julio de 2021,329402
59 años,Hombres,1 July,2021,1 de julio de 2021,318457
6 años,Hombres,1 July,2021,1 de julio de 2021,228656
60 años,Hombres,1 July,2021,1 de julio de 2021,309905
61 años,Hombres,1 July,2021,1 de julio de 2021,309358
62 años,Hombres,1 July,2021,1 de julio de 2021,297332
63 años,Hombres,1 July,2021,1 de julio de 2021,289789
64 años,Hombres,1 July,2021,1 de julio de 2021,270127
65 años,Hombres,1 July,2021,1 de julio de 2021,255891
66 años,Hombres,1 July,2021,1 de julio de 2021,245469
67 años,Hombres,1 July,2021,1 de julio de 2021,236978
68 años,Hombres,1 July,2021,1 de julio de 2021,234564
69 años,Hombres,1 July,2021,1 de julio de 2021,223976
7 años,Hombres,1 July,2021,1 de julio de 2021,229283
70 años,Hombres,1 July,2021,1 de julio de 2021,213778
71 años,Hombres,1 July,2021,1 de julio de 2021,205587
72 años,Hombres,1 July,2021,1 de julio de 2021,210965
73 años,Hombres,1 July,2021,1 de julio de 2021,213260
74 años,Hombres,1 July,2021,1 de julio de 2021,180352
75 años,Hombres,1 July,2021,1 de julio de 2021,184731
76 años,Hombres,1 July,2021,1 de julio de 2021,175319
77 años,Hombres,1 July,2021,1 de julio de 2021,167687
78 años,Hombres,1 July,2021,1 de julio de 2021,151244
79 años,Hombres,1 July,2021,1 de julio de 2021,121240
8 años,Hombres,1 July,2021,1 de julio de 2021,233157
80 años,Hombres,1 July,2021,1 de julio de 2021,124502
81 años,Hombres,1 July,2021,1 de julio de 2021,118136
82 años,Hombres,1 July,2021,1 de julio de 2021,87560
83 años,Hombres,1 July,2021,1 de julio de 2021,94470
84 años,Hombres,1 July,2021,1 de julio de 2021,96970
85 años,Hombres,1 July,2021,1 de julio de 2021,91102
85 y más años,Hombres,1 July,2021,1 de julio de 2021,535873
86 años,Hombres,1 July,2021,1 de julio de 2021,81230
87 años,Hombres,1 July,2021,1 de julio de 2021,73181
88 años,Hombres,1 July,2021,1 de julio de 2021,64675
89 años,Hombres,1 July,2021,1 de julio de 2021,53922
9 años,Hombres,1 July,2021,1 de julio de 2021,246091
90 años,Hombres,1 July,2021,1 de julio de 2021,44367
91 años,Hombres,1 July,2021,1 de julio de 2021,34758
92 años,Hombres,1 July,2021,1 de julio de 2021,26913
93 años,Hombres,1 July,2021,1 de julio de 2021,20134
94 años,Hombres,1 July,2021,1 de julio de 2021,14476
95 años,Hombres,1 July,2021,1 de julio de 2021,10584
96 años,Hombres,1 July,2021,1 de julio de 2021,7395
97 años,Hombres,1 July,2021,1 de julio de 2021,5158
98 años,Hombres,1 July,2021,1 de julio de 2021,3437
99 años,Hombres,1 July,2021,1 de julio de 2021,2152
Todas las edades,Hombres,1 July,2021,1 de julio de 2021,23223390
0 años,Mujeres,1 July,2021,1 de julio de 2021,159144
1 año,Mujeres,1 July,2021,1 de julio de 2021,173214
10 años,Mujeres,1 July,2021,1 de julio de 2021,237594
100 años,Mujeres,1 July,2021,1 de julio de 2021,4706
100 y más años,Mujeres,1 July,2021,1 de julio de 2021,11355
101 años,Mujeres,1 July,2021,1 de julio de 2021,2890
102 años,Mujeres,1 July,2021,1 de julio de 2021,1535
103 años,Mujeres,1 July,2021,1 de julio de 2021,962
104 años,Mujeres,1 July,2021,1 de julio de 2021,544
105 y más años,Mujeres,1 July,2021,1 de julio de 2021,718
11 años,Mujeres,1 July,2021,1 de julio de 2021,238757
12 años,Mujeres,1 July,2021,1 de julio de 2021,248596
13 años,Mujeres,1 July,2021,1 de julio de 2021,251325
14 años,Mujeres,1 July,2021,1 de julio de 2021,243271
15 años,Mujeres,1 July,2021,1 de julio de 2021,242801
16 años,Mujeres,1 July,2021,1 de julio de 2021,240856
17 años,Mujeres,1 July,2021,1 de julio de 2021,235431
18 años,Mujeres,1 July,2021,1 de julio de 2021,232951
19 años,Mujeres,1 July,2021,1 de julio de 2021,228896
2 años,Mujeres,1 July,2021,1 de julio de 2021,179643
20 años,Mujeres,1 July,2021,1 de julio de 2021,231493
21 años,Mujeres,1 July,2021,1 de julio de 2021,233561
22 años,Mujeres,1 July,2021,1 de julio de 2021,227702
23 años,Mujeres,1 July,2021,1 de julio de 2021,228386
24 años,Mujeres,1 July,2021,1 de julio de 2021,234814
25 años,Mujeres,1 July,2021,1 de julio de 2021,235541
26 años,Mujeres,1 July,2021,1 de julio de 2021,237921
27 años,Mujeres,1 July,2021,1 de julio de 2021,247449
28 años,Mujeres,1 July,2021,1 de julio de 2021,257615
29 años,Mujeres,1 July,2021,1 de julio de 2021,259348
3 años,Mujeres,1 July,2021,1 de julio de 2021,190582
30 años,Mujeres,1 July,2021,1 de julio de 2021,262832
31 años,Mujeres,1 July,2021,1 de julio de 2021,268613
32 años,Mujeres,1 July,2021,1 de julio de 2021,274049
33 años,Mujeres,1 July,2021,1 de julio de 2021,277728
34 años,Mujeres,1 July,2021,1 de julio de 2021,287905
35 años,Mujeres,1 July,2021,1 de julio de 2021,291637
36 años,Mujeres,1 July,2021,1 de julio de 2021,305402
37 años,Mujeres,1 July,2021,1 de julio de 2021,316977
38 años,Mujeres,1 July,2021,1 de julio de 2021,328352
39 años,Mujeres,1 July,2021,1 de julio de 2021,344923
4 años,Mujeres,1 July,2021,1 de julio de 2021,202004
40 años,Mujeres,1 July,2021,1 de julio de 2021,359583
41 años,Mujeres,1 July,2021,1 de julio de 2021,372849
42 años,Mujeres,1 July,2021,1 de julio de 2021,384255
43 años,Mujeres,1 July,2021,1 de julio de 2021,396731
44 años,Mujeres,1 July,2021,1 de julio de 2021,400965
45 años,Mujeres,1 July,2021,1 de julio de 2021,401078
46 años,Mujeres,1 July,2021,1 de julio de 2021,400762
47 años,Mujeres,1 July,2021,1 de julio de 2021,390010
48 años,Mujeres,1 July,2021,1 de julio de 2021,386349
49 años,Mujeres,1 July,2021,1 de julio de 2021,384355
5 años,Mujeres,1 July,2021,1 de julio de 2021,210568
50 años,Mujeres,1 July,2021,1 de julio de 2021,375635
51 años,Mujeres,1 July,2021,1 de julio de 2021,373531
52 años,Mujeres,1 July,2021,1 de julio de 2021,367613
53 años,Mujeres,1 July,2021,1 de julio de 2021,375452
54 años,Mujeres,1 July,2021,1 de julio de 2021,365261
55 años,Mujeres,1 July,2021,1 de julio de 2021,361140
56 años,Mujeres,1 July,2021,1 de julio de 2021,362287
57 años,Mujeres,1 July,2021,1 de julio de 2021,357535
58 años,Mujeres,1 July,2021,1 de julio de 2021,340833
59 años,Mujeres,1 July,2021,1 de julio de 2021,331340
6 años,Mujeres,1 July,2021,1 de julio de 2021,214797
60 años,Mujeres,1 July,2021,1 de julio de 2021,325629
61 años,Mujeres,1 July,2021,1 de julio de 2021,326418
62 años,Mujeres,1 July,2021,1 de julio de 2021,314510
63 años,Mujeres,1 July,2021,1 de julio de 2021,310251
64 años,Mujeres,1 July,2021,1 de julio de 2021,291218
65 años,Mujeres,1 July,2021,1 de julio de 2021,277303
66 años,Mujeres,1 July,2021,1 de julio de 2021,269475
67 años,Mujeres,1 July,2021,1 de julio de 2021,260262
68 años,Mujeres,1 July,2021,1 de julio de 2021,259387
69 años,Mujeres,1 July,2021,1 de julio de 2021,248563
7 años,Mujeres,1 July,2021,1 de julio de 2021,215703
70 años,Mujeres,1 July,2021,1 de julio de 2021,242148
71 años,Mujeres,1 July,2021,1 de julio de 2021,235793
72 años,Mujeres,1 July,2021,1 de julio de 2021,245481
73 años,Mujeres,1 July,2021,1 de julio de 2021,250926
74 años,Mujeres,1 July,2021,1 de julio de 2021,215330
75 años,Mujeres,1 July,2021,1 de julio de 2021,226528
76 años,Mujeres,1 July,2021,1 de julio de 2021,217457
77 años,Mujeres,1 July,2021,1 de julio de 2021,211006
78 años,Mujeres,1 July,2021,1 de julio de 2021,193613
79 años,Mujeres,1 July,2021,1 de julio de 2021,157014
8 años,Mujeres,1 July,2021,1 de julio de 2021,220105
80 años,Mujeres,1 July,2021,1 de julio de 2021,168007
81 años,Mujeres,1 July,2021,1 de julio de 2021,164875
82 años,Mujeres,1 July,2021,1 de julio de 2021,128880
83 años,Mujeres,1 July,2021,1 de julio de 2021,141908
84 años,Mujeres,1 July,2021,1 de julio de 2021,152340
85 años,Mujeres,1 July,2021,1 de julio de 2021,148430
85 y más años,Mujeres,1 July,2021,1 de julio de 2021,1051496
86 años,Mujeres,1 July,2021,1 de julio de 2021,136443
87 años,Mujeres,1 July,2021,1 de julio de 2021,128777
88 años,Mujeres,1 July,2021,1 de julio de 2021,118466
89 años,Mujeres,1 July,2021,1 de julio de 2021,103109
9 años,Mujeres,1 July,2021,1 de julio de 2021,231578
90 años,Mujeres,1 July,2021,1 de julio de 2021,91020
91 años,Mujeres,1 July,2021,1 de julio de 2021,75756
92 años,Mujeres,1 July,2021,1 de julio de 2021,61939
93 años,Mujeres,1 July,2021,1 de julio de 2021,49293
94 años,Mujeres,1 July,2021,1 de julio de 2021,38957
95 años,Mujeres,1 July,2021,1 de julio de 2021,29719
96 años,Mujeres,1 July,2021,1 de julio de 2021,22683
97 años,Mujeres,1 July,2021,1 de julio de 2021,16218
98 años,Mujeres,1 July,2021,1 de julio de 2021,11642
99 años,Mujeres,1 July,2021,1 de julio de 2021,7689
Todas las edades,Mujeres,1 July,2021,1 de julio de 2021,24123446
0 años,Total,1 July,2021,1 de julio de 2021,327461
1 año,Total,1 July,2021,1 de julio de 2021,356453
10 años,Total,1 July,2021,1 de julio de 2021,490311
100 años,Total,1 July,2021,1 de julio de 2021,5758
100 y más años,Total,1 July,2021,1 de julio de 2021,13744
101 años,Total,1 July,2021,1 de julio de 2021,3540
102 años,Total,1 July,2021,1 de julio de 2021,1838
103 años,Total,1 July,2021,1 de julio de 2021,1130
104 años,Total,1 July,2021,1 de julio de 2021,637
105 y más años,Total,1 July,2021,1 de julio de 2021,841
11 años,Total,1 July,2021,1 de julio de 2021,491983
12 años,Total,1 July,2021,1 de julio de 2021,513842
13 años,Total,1 July,2021,1 de julio de 2021,518333
14 años,Total,1 July,2021,1 de julio de 2021,501777
15 años,Total,1 July,2021,1 de julio de 2021,499621
16 años,Total,1 July,2021,1 de julio de 2021,495511
17 años,Total,1 July,2021,1 de julio de 2021,484259
18 años,Total,1 July,2021,1 de julio de 2021,483652
19 años,Total,1 July,2021,1 de julio de 2021,473725
2 años,Total,1 July,2021,1 de julio de 2021,368554
20 años,Total,1 July,2021,1 de julio de 2021,479589
21 años,Total,1 July,2021,1 de julio de 2021,482068
22 años,Total,1 July,2021,1 de julio de 2021,468904
23 años,Total,1 July,2021,1 de julio de 2021,469683
24 años,Total,1 July,2021,1 de julio de 2021,478725
25 años,Total,1 July,2021,1 de julio de 2021,480890
26 años,Total,1 July,2021,1 de julio de 2021,483962
27 años,Total,1 July,2021,1 de julio de 2021,503569
28 años,Total,1 July,2021,1 de julio de 2021,523061
29 años,Total,1 July,2021,1 de julio de 2021,526274
3 años,Total,1 July,2021,1 de julio de 2021,392810
30 años,Total,1 July,2021,1 de julio de 2021,530716
31 años,Total,1 July,2021,1 de julio de 2021,540847
32 años,Total,1 July,2021,1 de julio de 2021,550152
33 años,Total,1 July,2021,1 de julio de 2021,558002
34 años,Total,1 July,2021,1 de julio de 2021,574989
35 años,Total,1 July,2021,1 de julio de 2021,582293
36 años,Total,1 July,2021,1 de julio de 2021,609829
37 años,Total,1 July,2021,1 de julio de 2021,633588
38 años,Total,1 July,2021,1 de julio de 2021,657726
39 años,Total,1 July,2021,1 de julio de 2021,692731
4 años,Total,1 July,2021,1 de julio de 2021,415614
40 años,Total,1 July,2021,1 de julio de 2021,724875
41 años,Total,1 July,2021,1 de julio de 2021,750445
42 años,Total,1 July,2021,1 de julio de 2021,775665
43 años,Total,1 July,2021,1 de julio de 2021,801779
44 años,Total,1 July,2021,1 de julio de 2021,813987
45 años,Total,1 July,2021,1 de julio de 2021,813176
46 años,Total,1 July,2021,1 de julio de 2021,812006
47 años,Total,1 July,2021,1 de julio de 2021,789463
48 años,Total,1 July,2021,1 de julio de 2021,782195
49 años,Total,1 July,2021,1 de julio de 2021,774758
5 años,Total,1 July,2021,1 de julio de 2021,433450
50 años,Total,1 July,2021,1 de julio de 2021,756285
51 años,Total,1 July,2021,1 de julio de 2021,750861
52 años,Total,1 July,2021,1 de julio de 2021,735561
53 años,Total,1 July,2021,1 de julio de 2021,748489
54 años,Total,1 July,2021,1 de julio de 2021,726587
55 años,Total,1 July,2021,1 de julio de 2021,716221
56 años,Total,1 July,2021,1 de julio de 2021,714499
57 años,Total,1 July,2021,1 de julio de 2021,704747
58 años,Total,1 July,2021,1 de julio de 2021,670235
59 años,Total,1 July,2021,1 de julio de 2021,649797
6 años,Total,1 July,2021,1 de julio de 2021,443453
60 años,Total,1 July,2021,1 de julio de 2021,635534
61 años,Total,1 July,2021,1 de julio de 2021,635776
62 años,Total,1 July,2021,1 de julio de 2021,611842
63 años,Total,1 July,2021,1 de julio de 2021,600040
64 años,Total,1 July,2021,1 de julio de 2021,561345
65 años,Total,1 July,2021,1 de julio de 2021,533194
66 años,Total,1 July,2021,1 de julio de 2021,514944
67 años,Total,1 July,2021,1 de julio de 2021,497240
68 años,Total,1 July,2021,1 de julio de 2021,493951
69 años,Total,1 July,2021,1 de julio de 2021,472539
7 años,Total,1 July,2021,1 de julio de 2021,444986
70 años,Total,1 July,2021,1 de julio de 2021,455926
71 años,Total,1 July,2021,1 de julio de 2021,441380
72 años,Total,1 July,2021,1 de julio de 2021,456446
73 años,Total,1 July,2021,1 de julio de 2021,464186
74 años,Total,1 July,2021,1 de julio de 2021,395682
75 años,Total,1 July,2021,1 de julio de 2021,411259
76 años,Total,1 July,2021,1 de julio de 2021,392776
77 años,Total,1 July,2021,1 de julio de 2021,378693
78 años,Total,1 July,2021,1 de julio de 2021,344857
79 años,Total,1 July,2021,1 de julio de 2021,278254
8 años,Total,1 July,2021,1 de julio de 2021,453262
80 años,Total,1 July,2021,1 de julio de 2021,292509
81 años,Total,1 July,2021,1 de julio de 2021,283011
82 años,Total,1 July,2021,1 de julio de 2021,216440
83 años,Total,1 July,2021,1 de julio de 2021,236378
84 años,Total,1 July,2021,1 de julio de 2021,249310
85 años,Total,1 July,2021,1 de julio de 2021,239532
85 y más años,Total,1 July,2021,1 de julio de 2021,1587369
86 años,Total,1 July,2021,1 de julio de 2021,217673
87 años,Total,1 July,2021,1 de julio de 2021,201958
88 años,Total,1 July,2021,1 de julio de 2021,183141
89 años,Total,1 July,2021,1 de julio de 2021,157031
9 años,Total,1 July,2021,1 de julio de 2021,477669
90 años,Total,1 July,2021,1 de julio de 2021,135387
91 años,Total,1 July,2021,1 de julio de 2021,110514
92 años,Total,1 July,2021,1 de julio de 2021,88852
93 años,Total,1 July,2021,1 de julio de 2021,69427
94 años,Total,1 July,2021,1 de julio de 2021,53433
95 años,Total,1 July,2021,1 de julio de 2021,40303
96 años,Total,1 July,2021,1 de julio de 2021,30078
97 años,Total,1 July,2021,1 de julio de 2021,21376
98 años,Total,1 July,2021,1 de julio de 2021,15079
99 años,Total,1 July,2021,1 de julio de 2021,9841
Todas las edades,Total,1 July,2021,1 de julio de 2021,47346836
0 años,Hombres,1 July,2022,1 de julio de 2022,173599
1 año,Hombres,1 July,2022,1 de julio de 2022,172774
10 años,Hombres,1 July,2022,1 de julio de 2022,250018
100 años,Hombres,1 July,2022,1 de julio de 2022,1257
100 y más años,Hombres,1 July,2022,1 de julio de 2022,2576
101 años,Hombres,1 July,2022,1 de julio de 2022,582
102 años,Hombres,1 July,2022,1 de julio de 2022,380
103 años,Hombres,1 July,2022,1 de julio de 2022,163
104 años,Hombres,1 July,2022,1 de julio de 2022,74
105 y más años,Hombres,1 July,2022,1 de julio de 2022,120
11 años,Hombres,1 July,2022,1 de julio de 2022,256477
12 años,Hombres,1 July,2022,1 de julio de 2022,256968
13 años,Hombres,1 July,2022,1 de julio de 2022,268873
14 años,Hombres,1 July,2022,1 de julio de 2022,270690
15 años,Hombres,1 July,2022,1 de julio de 2022,262271
16 años,Hombres,1 July,2022,1 de julio de 2022,260916
17 años,Hombres,1 July,2022,1 de julio de 2022,259825
18 años,Hombres,1 July,2022,1 de julio de 2022,255866
19 años,Hombres,1 July,2022,1 de julio de 2022,258872
2 años,Hombres,1 July,2022,1 de julio de 2022,184893
20 años,Hombres,1 July,2022,1 de julio de 2022,252162
21 años,Hombres,1 July,2022,1 de julio de 2022,255167
22 años,Hombres,1 July,2022,1 de julio de 2022,255722
23 años,Hombres,1 July,2022,1 de julio de 2022,248583
24 años,Hombres,1 July,2022,1 de julio de 2022,249252
25 años,Hombres,1 July,2022,1 de julio de 2022,251960
26 años,Hombres,1 July,2022,1 de julio de 2022,253432
27 años,Hombres,1 July,2022,1 de julio de 2022,254004
28 años,Hombres,1 July,2022,1 de julio de 2022,263443
29 años,Hombres,1 July,2022,1 de julio de 2022,272521
3 años,Hombres,1 July,2022,1 de julio de 2022,192852
30 años,Hombres,1 July,2022,1 de julio de 2022,273891
31 años,Hombres,1 July,2022,1 de julio de 2022,274146
32 años,Hombres,1 July,2022,1 de julio de 2022,278303
33 años,Hombres,1 July,2022,1 de julio de 2022,281681
34 años,Hombres,1 July,2022,1 de julio de 2022,285390
35 años,Hombres,1 July,2022,1 de julio de 2022,291557
36 años,Hombres,1 July,2022,1 de julio de 2022,294981
37 años,Hombres,1 July,2022,1 de julio de 2022,308236
38 años,Hombres,1 July,2022,1 de julio de 2022,320198
39 años,Hombres,1 July,2022,1 de julio de 2022,332698
4 años,Hombres,1 July,2022,1 de julio de 2022,206107
40 años,Hombres,1 July,2022,1 de julio de 2022,350656
41 años,Hombres,1 July,2022,1 de julio de 2022,367975
42 años,Hombres,1 July,2022,1 de julio de 2022,379604
43 años,Hombres,1 July,2022,1 de julio de 2022,393018
44 años,Hombres,1 July,2022,1 de julio de 2022,406352
45 años,Hombres,1 July,2022,1 de julio de 2022,414402
46 años,Hombres,1 July,2022,1 de julio de 2022,413335
47 años,Hombres,1 July,2022,1 de julio de 2022,412093
48 años,Hombres,1 July,2022,1 de julio de 2022,400078
49 años,Hombres,1 July,2022,1 de julio de 2022,396361
5 años,Hombres,1 July,2022,1 de julio de 2022,217376
50 años,Hombres,1 July,2022,1 de julio de 2022,390812
51 años,Hombres,1 July,2022,1 de julio de 2022,380746
52 años,Hombres,1 July,2022,1 de julio de 2022,377294
53 años,Hombres,1 July,2022,1 de julio de 2022,367630
54 años,Hombres,1 July,2022,1 de julio de 2022,372577
55 años,Hombres,1 July,2022,1 de julio de 2022,360822
56 años,Hombres,1 July,2022,1 de julio de 2022,354397
57 años,Hombres,1 July,2022,1 de julio de 2022,351357
58 años,Hombres,1 July,2022,1 de julio de 2022,346322
59 años,Hombres,1 July,2022,1 de julio de 2022,328292
6 años,Hombres,1 July,2022,1 de julio de 2022,226593
60 años,Hombres,1 July,2022,1 de julio de 2022,317103
61 años,Hombres,1 July,2022,1 de julio de 2022,308380
62 años,Hombres,1 July,2022,1 de julio de 2022,307528
63 años,Hombres,1 July,2022,1 de julio de 2022,295455
64 años,Hombres,1 July,2022,1 de julio de 2022,287456
65 años,Hombres,1 July,2022,1 de julio de 2022,267864
66 años,Hombres,1 July,2022,1 de julio de 2022,253420
67 años,Hombres,1 July,2022,1 de julio de 2022,243011
68 años,Hombres,1 July,2022,1 de julio de 2022,234117
69 años,Hombres,1 July,2022,1 de julio de 2022,231435
7 años,Hombres,1 July,2022,1 de julio de 2022,232480
70 años,Hombres,1 July,2022,1 de julio de 2022,220587
71 años,Hombres,1 July,2022,1 de julio de 2022,210275
72 años,Hombres,1 July,2022,1 de julio de 2022,201710
73 años,Hombres,1 July,2022,1 de julio de 2022,206600
74 años,Hombres,1 July,2022,1 de julio de 2022,208305
75 años,Hombres,1 July,2022,1 de julio de 2022,175747
76 años,Hombres,1 July,2022,1 de julio de 2022,179312
77 años,Hombres,1 July,2022,1 de julio de 2022,169584
78 años,Hombres,1 July,2022,1 de julio de 2022,161468
79 años,Hombres,1 July,2022,1 de julio de 2022,145093
8 años,Hombres,1 July,2022,1 de julio de 2022,233426
80 años,Hombres,1 July,2022,1 de julio de 2022,115770
81 años,Hombres,1 July,2022,1 de julio de 2022,118028
82 años,Hombres,1 July,2022,1 de julio de 2022,111272
83 años,Hombres,1 July,2022,1 de julio de 2022,81754
84 años,Hombres,1 July,2022,1 de julio de 2022,87423
85 años,Hombres,1 July,2022,1 de julio de 2022,88790
85 y más años,Hombres,1 July,2022,1 de julio de 2022,543561
86 años,Hombres,1 July,2022,1 de julio de 2022,82580
87 años,Hombres,1 July,2022,1 de julio de 2022,72625
88 años,Hombres,1 July,2022,1 de julio de 2022,64261
89 años,Hombres,1 July,2022,1 de julio de 2022,55801
9 años,Hombres,1 July,2022,1 de julio de 2022,237341
90 años,Hombres,1 July,2022,1 de julio de 2022,45612
91 años,Hombres,1 July,2022,1 de julio de 2022,36869
92 años,Hombres,1 July,2022,1 de julio de 2022,28192
93 años,Hombres,1 July,2022,1 de julio de 2022,21253
94 años,Hombres,1 July,2022,1 de julio de 2022,15552
95 años,Hombres,1 July,2022,1 de julio de 2022,10770
96 años,Hombres,1 July,2022,1 de julio de 2022,7607
97 años,Hombres,1 July,2022,1 de julio de 2022,5220
98 años,Hombres,1 July,2022,1 de julio de 2022,3561
99 años,Hombres,1 July,2022,1 de julio de 2022,2292
Todas las edades,Hombres,1 July,2022,1 de julio de 2022,23421925
0 años,Mujeres,1 July,2022,1 de julio de 2022,163031
1 año,Mujeres,1 July,2022,1 de julio de 2022,163476
10 años,Mujeres,1 July,2022,1 de julio de 2022,235268
100 años,Mujeres,1 July,2022,1 de julio de 2022,5070
100 y más años,Mujeres,1 July,2022,1 de julio de 2022,12039
101 años,Mujeres,1 July,2022,1 de julio de 2022,2986
102 años,Mujeres,1 July,2022,1 de julio de 2022,1836
103 años,Mujeres,1 July,2022,1 de julio de 2022,899
104 años,Mujeres,1 July,2022,1 de julio de 2022,569
105 y más años,Mujeres,1 July,2022,1 de julio de 2022,679
11 años,Mujeres,1 July,2022,1 de julio de 2022,241283
12 años,Mujeres,1 July,2022,1 de julio de 2022,242506
13 años,Mujeres,1 July,2022,1 de julio de 2022,252261
14 años,Mujeres,1 July,2022,1 de julio de 2022,254869
15 años,Mujeres,1 July,2022,1 de julio de 2022,246880
16 años,Mujeres,1 July,2022,1 de julio de 2022,245917
17 años,Mujeres,1 July,2022,1 de julio de 2022,244171
18 años,Mujeres,1 July,2022,1 de julio de 2022,240709
19 años,Mujeres,1 July,2022,1 de julio de 2022,240471
2 años,Mujeres,1 July,2022,1 de julio de 2022,174933
20 años,Mujeres,1 July,2022,1 de julio de 2022,236223
21 años,Mujeres,1 July,2022,1 de julio de 2022,238659
22 años,Mujeres,1 July,2022,1 de julio de 2022,241107
23 años,Mujeres,1 July,2022,1 de julio de 2022,235671
24 años,Mujeres,1 July,2022,1 de julio de 2022,236436
25 años,Mujeres,1 July,2022,1 de julio de 2022,243017
26 años,Mujeres,1 July,2022,1 de julio de 2022,243739
27 años,Mujeres,1 July,2022,1 de julio de 2022,246391
28 años,Mujeres,1 July,2022,1 de julio de 2022,255349
29 años,Mujeres,1 July,2022,1 de julio de 2022,264823
3 años,Mujeres,1 July,2022,1 de julio de 2022,183291
30 años,Mujeres,1 July,2022,1 de julio de 2022,266484
31 años,Mujeres,1 July,2022,1 de julio de 2022,269643
32 años,Mujeres,1 July,2022,1 de julio de 2022,275174
33 años,Mujeres,1 July,2022,1 de julio de 2022,280334
34 años,Mujeres,1 July,2022,1 de julio de 2022,283878
35 años,Mujeres,1 July,2022,1 de julio de 2022,293637
36 años,Mujeres,1 July,2022,1 de julio de 2022,297209
37 años,Mujeres,1 July,2022,1 de julio de 2022,310666
38 años,Mujeres,1 July,2022,1 de julio de 2022,322078
39 años,Mujeres,1 July,2022,1 de julio de 2022,333291
4 años,Mujeres,1 July,2022,1 de julio de 2022,194249
40 años,Mujeres,1 July,2022,1 de julio de 2022,349579
41 años,Mujeres,1 July,2022,1 de julio de 2022,363746
42 años,Mujeres,1 July,2022,1 de julio de 2022,376708
43 años,Mujeres,1 July,2022,1 de julio de 2022,387830
44 años,Mujeres,1 July,2022,1 de julio de 2022,400013
45 años,Mujeres,1 July,2022,1 de julio de 2022,404027
46 años,Mujeres,1 July,2022,1 de julio de 2022,404099
47 años,Mujeres,1 July,2022,1 de julio de 2022,403296
48 años,Mujeres,1 July,2022,1 de julio de 2022,392614
49 años,Mujeres,1 July,2022,1 de julio de 2022,388762
5 años,Mujeres,1 July,2022,1 de julio de 2022,205629
50 años,Mujeres,1 July,2022,1 de julio de 2022,386762
51 años,Mujeres,1 July,2022,1 de julio de 2022,377973
52 años,Mujeres,1 July,2022,1 de julio de 2022,375542
53 años,Mujeres,1 July,2022,1 de julio de 2022,369589
54 años,Mujeres,1 July,2022,1 de julio de 2022,376979
55 años,Mujeres,1 July,2022,1 de julio de 2022,366815
56 años,Mujeres,1 July,2022,1 de julio de 2022,362475
57 años,Mujeres,1 July,2022,1 de julio de 2022,363469
58 años,Mujeres,1 July,2022,1 de julio de 2022,358758
59 años,Mujeres,1 July,2022,1 de julio de 2022,341771
6 años,Mujeres,1 July,2022,1 de julio de 2022,214248
60 años,Mujeres,1 July,2022,1 de julio de 2022,332006
61 años,Mujeres,1 July,2022,1 de julio de 2022,326216
62 años,Mujeres,1 July,2022,1 de julio de 2022,326757
63 años,Mujeres,1 July,2022,1 de julio de 2022,314617
64 años,Mujeres,1 July,2022,1 de julio de 2022,310263
65 años,Mujeres,1 July,2022,1 de julio de 2022,291135
66 años,Mujeres,1 July,2022,1 de julio de 2022,276967
67 años,Mujeres,1 July,2022,1 de julio de 2022,269351
68 años,Mujeres,1 July,2022,1 de julio de 2022,259866
69 años,Mujeres,1 July,2022,1 de julio de 2022,258612
7 años,Mujeres,1 July,2022,1 de julio de 2022,218816
70 años,Mujeres,1 July,2022,1 de julio de 2022,247609
71 años,Mujeres,1 July,2022,1 de julio de 2022,241011
72 años,Mujeres,1 July,2022,1 de julio de 2022,234370
73 años,Mujeres,1 July,2022,1 de julio de 2022,243804
74 años,Mujeres,1 July,2022,1 de julio de 2022,248566
75 años,Mujeres,1 July,2022,1 de julio de 2022,213023
76 años,Mujeres,1 July,2022,1 de julio de 2022,223621
77 años,Mujeres,1 July,2022,1 de julio de 2022,214188
78 años,Mujeres,1 July,2022,1 de julio de 2022,207245
79 años,Mujeres,1 July,2022,1 de julio de 2022,189471
8 años,Mujeres,1 July,2022,1 de julio de 2022,219507
80 años,Mujeres,1 July,2022,1 de julio de 2022,153261
81 años,Mujeres,1 July,2022,1 de julio de 2022,163282
82 años,Mujeres,1 July,2022,1 de julio de 2022,159357
83 años,Mujeres,1 July,2022,1 de julio de 2022,123768
84 años,Mujeres,1 July,2022,1 de julio de 2022,135345
85 años,Mujeres,1 July,2022,1 de julio de 2022,144198
85 y más años,Mujeres,1 July,2022,1 de julio de 2022,1065570
86 años,Mujeres,1 July,2022,1 de julio de 2022,139297
87 años,Mujeres,1 July,2022,1 de julio de 2022,126536
88 años,Mujeres,1 July,2022,1 de julio de 2022,117931
89 años,Mujeres,1 July,2022,1 de julio de 2022,106775
9 años,Mujeres,1 July,2022,1 de julio de 2022,224017
90 años,Mujeres,1 July,2022,1 de julio de 2022,91513
91 años,Mujeres,1 July,2022,1 de julio de 2022,79205
92 años,Mujeres,1 July,2022,1 de julio de 2022,64705
93 años,Mujeres,1 July,2022,1 de julio de 2022,51840
94 años,Mujeres,1 July,2022,1 de julio de 2022,40430
95 años,Mujeres,1 July,2022,1 de julio de 2022,30976
96 años,Mujeres,1 July,2022,1 de julio de 2022,23034
97 años,Mujeres,1 July,2022,1 de julio de 2022,17115
98 años,Mujeres,1 July,2022,1 de julio de 2022,11874
99 años,Mujeres,1 July,2022,1 de julio de 2022,8102
Todas las edades,Mujeres,1 July,2022,1 de julio de 2022,24359429
0 años,Total,1 July,2022,1 de julio de 2022,336630
1 año,Total,1 July,2022,1 de julio de 2022,336250
10 años,Total,1 July,2022,1 de julio de 2022,485286
100 años,Total,1 July,2022,1 de julio de 2022,6327
100 y más años,Total,1 July,2022,1 de julio de 2022,14615
101 años,Total,1 July,2022,1 de julio de 2022,3568
102 años,Total,1 July,2022,1 de julio de 2022,2216
103 años,Total,1 July,2022,1 de julio de 2022,1062
104 años,Total,1 July,2022,1 de julio de 2022,643
105 y más años,Total,1 July,2022,1 de julio de 2022,799
11 años,Total,1 July,2022,1 de julio de 2022,497760
12 años,Total,1 July,2022,1 de julio de 2022,499474
13 años,Total,1 July,2022,1 de julio de 2022,521134
14 años,Total,1 July,2022,1 de julio de 2022,525559
15 años,Total,1 July,2022,1 de julio de 2022,509151
16 años,Total,1 July,2022,1 de julio de 2022,506833
17 años,Total,1 July,2022,1 de julio de 2022,503996
18 años,Total,1 July,2022,1 de julio de 2022,496575
19 años,Total,1 July,2022,1 de julio de 2022,499343
2 años,Total,1 July,2022,1 de julio de 2022,359826
20 años,Total,1 July,2022,1 de julio de 2022,488385
21 años,Total,1 July,2022,1 de julio de 2022,493826
22 años,Total,1 July,2022,1 de julio de 2022,496829
23 años,Total,1 July,2022,1 de julio de 2022,484254
24 años,Total,1 July,2022,1 de julio de 2022,485688
25 años,Total,1 July,2022,1 de julio de 2022,494977
26 años,Total,1 July,2022,1 de julio de 2022,497171
27 años,Total,1 July,2022,1 de julio de 2022,500395
28 años,Total,1 July,2022,1 de julio de 2022,518792
29 años,Total,1 July,2022,1 de julio de 2022,537344
3 años,Total,1 July,2022,1 de julio de 2022,376143
30 años,Total,1 July,2022,1 de julio de 2022,540375
31 años,Total,1 July,2022,1 de julio de 2022,543789
32 años,Total,1 July,2022,1 de julio de 2022,553477
33 años,Total,1 July,2022,1 de julio de 2022,562015
34 años,Total,1 July,2022,1 de julio de 2022,569268
35 años,Total,1 July,2022,1 de julio de 2022,585194
36 años,Total,1 July,2022,1 de julio de 2022,592190
37 años,Total,1 July,2022,1 de julio de 2022,618902
38 años,Total,1 July,2022,1 de julio de 2022,642276
39 años,Total,1 July,2022,1 de julio de 2022,665989
4 años,Total,1 July,2022,1 de julio de 2022,400356
40 años,Total,1 July,2022,1 de julio de 2022,700235
41 años,Total,1 July,2022,1 de julio de 2022,731721
42 años,Total,1 July,2022,1 de julio de 2022,756312
43 años,Total,1 July,2022,1 de julio de 2022,780848
44 años,Total,1 July,2022,1 de julio de 2022,806365
45 años,Total,1 July,2022,1 de julio de 2022,818429
46 años,Total,1 July,2022,1 de julio de 2022,817434
47 años,Total,1 July,2022,1 de julio de 2022,815389
48 años,Total,1 July,2022,1 de julio de 2022,792692
49 años,Total,1 July,2022,1 de julio de 2022,785123
5 años,Total,1 July,2022,1 de julio de 2022,423005
50 años,Total,1 July,2022,1 de julio de 2022,777574
51 años,Total,1 July,2022,1 de julio de 2022,758719
52 años,Total,1 July,2022,1 de julio de 2022,752836
53 años,Total,1 July,2022,1 de julio de 2022,737219
54 años,Total,1 July,2022,1 de julio de 2022,749556
55 años,Total,1 July,2022,1 de julio de 2022,727637
56 años,Total,1 July,2022,1 de julio de 2022,716872
57 años,Total,1 July,2022,1 de julio de 2022,714826
58 años,Total,1 July,2022,1 de julio de 2022,705080
59 años,Total,1 July,2022,1 de julio de 2022,670063
6 años,Total,1 July,2022,1 de julio de 2022,440841
60 años,Total,1 July,2022,1 de julio de 2022,649109
61 años,Total,1 July,2022,1 de julio de 2022,634596
62 años,Total,1 July,2022,1 de julio de 2022,634285
63 años,Total,1 July,2022,1 de julio de 2022,610072
64 años,Total,1 July,2022,1 de julio de 2022,597719
65 años,Total,1 July,2022,1 de julio de 2022,558999
66 años,Total,1 July,2022,1 de julio de 2022,530387
67 años,Total,1 July,2022,1 de julio de 2022,512362
68 años,Total,1 July,2022,1 de julio de 2022,493983
69 años,Total,1 July,2022,1 de julio de 2022,490047
7 años,Total,1 July,2022,1 de julio de 2022,451296
70 años,Total,1 July,2022,1 de julio de 2022,468196
71 años,Total,1 July,2022,1 de julio de 2022,451286
72 años,Total,1 July,2022,1 de julio de 2022,436080
73 años,Total,1 July,2022,1 de julio de 2022,450404
74 años,Total,1 July,2022,1 de julio de 2022,456871
75 años,Total,1 July,2022,1 de julio de 2022,388770
76 años,Total,1 July,2022,1 de julio de 2022,402933
77 años,Total,1 July,2022,1 de julio de 2022,383772
78 años,Total,1 July,2022,1 de julio de 2022,368713
79 años,Total,1 July,2022,1 de julio de 2022,334564
8 años,Total,1 July,2022,1 de julio de 2022,452933
80 años,Total,1 July,2022,1 de julio de 2022,269031
81 años,Total,1 July,2022,1 de julio de 2022,281310
82 años,Total,1 July,2022,1 de julio de 2022,270629
83 años,Total,1 July,2022,1 de julio de 2022,205522
84 años,Total,1 July,2022,1 de julio de 2022,222768
85 años,Total,1 July,2022,1 de julio de 2022,232988
85 y más años,Total,1 July,2022,1 de julio de 2022,1609131
86 años,Total,1 July,2022,1 de julio de 2022,221877
87 años,Total,1 July,2022,1 de julio de 2022,199161
88 años,Total,1 July,2022,1 de julio de 2022,182192
89 años,Total,1 July,2022,1 de julio de 2022,162576
9 años,Total,1 July,2022,1 de julio de 2022,461358
90 años,Total,1 July,2022,1 de julio de 2022,137125
91 años,Total,1 July,2022,1 de julio de 2022,116074
92 años,Total,1 July,2022,1 de julio de 2022,92897
93 años,Total,1 July,2022,1 de julio de 2022,73093
94 años,Total,1 July,2022,1 de julio de 2022,55982
95 años,Total,1 July,2022,1 de julio de 2022,41746
96 años,Total,1 July,2022,1 de julio de 2022,30641
97 años,Total,1 July,2022,1 de julio de 2022,22335
98 años,Total,1 July,2022,1 de julio de 2022,15435
99 años,Total,1 July,2022,1 de julio de 2022,10394
Todas las edades,Total,1 July,2022,1 de julio de 2022,47781354
0 años,Hombres,1 July,2023,1 de julio de 2023,166197
1 año,Hombres,1 July,2023,1 de julio de 2023,178789
10 años,Hombres,1 July,2023,1 de julio de 2023,241615
100 años,Hombres,1 July,2023,1 de julio de 2023,1337
100 y más años,Hombres,1 July,2023,1 de julio de 2023,2791
101 años,Hombres,1 July,2023,1 de julio de 2023,708
102 años,Hombres,1 July,2023,1 de julio de 2023,343
103 años,Hombres,1 July,2023,1 de julio de 2023,209
104 años,Hombres,1 July,2023,1 de julio de 2023,85
105 y más años,Hombres,1 July,2023,1 de julio de 2023,109
11 años,Hombres,1 July,2023,1 de julio de 2023,254273
12 años,Hombres,1 July,2023,1 de julio de 2023,260707
13 años,Hombres,1 July,2023,1 de julio de 2023,261243
14 años,Hombres,1 July,2023,1 de julio de 2023,272990
15 años,Hombres,1 July,2023,1 de julio de 2023,274868
16 años,Hombres,1 July,2023,1 de julio de 2023,266690
17 años,Hombres,1 July,2023,1 de julio de 2023,266263
18 años,Hombres,1 July,2023,1 de julio de 2023,267621
19 años,Hombres,1 July,2023,1 de julio de 2023,264262
2 años,Hombres,1 July,2023,1 de julio de 2023,175358
20 años,Hombres,1 July,2023,1 de julio de 2023,266531
21 años,Hombres,1 July,2023,1 de julio de 2023,260038
22 años,Hombres,1 July,2023,1 de julio de 2023,263491
23 años,Hombres,1 July,2023,1 de julio de 2023,264650
24 años,Hombres,1 July,2023,1 de julio de 2023,257672
25 años,Hombres,1 July,2023,1 de julio de 2023,258837
26 años,Hombres,1 July,2023,1 de julio de 2023,261990
27 años,Hombres,1 July,2023,1 de julio de 2023,263580
28 años,Hombres,1 July,2023,1 de julio de 2023,263883
29 años,Hombres,1 July,2023,1 de julio de 2023,272777
3 años,Hombres,1 July,2023,1 de julio de 2023,188959
30 años,Hombres,1 July,2023,1 de julio de 2023,281435
31 años,Hombres,1 July,2023,1 de julio de 2023,282307
32 años,Hombres,1 July,2023,1 de julio de 2023,282492
33 años,Hombres,1 July,2023,1 de julio de 2023,286117
34 años,Hombres,1 July,2023,1 de julio de 2023,289498
35 años,Hombres,1 July,2023,1 de julio de 2023,292486
36 años,Hombres,1 July,2023,1 de julio de 2023,298533
37 años,Hombres,1 July,2023,1 de julio de 2023,301236
38 años,Hombres,1 July,2023,1 de julio de 2023,314169
39 años,Hombres,1 July,2023,1 de julio de 2023,325461
4 años,Hombres,1 July,2023,1 de julio de 2023,196894
40 años,Hombres,1 July,2023,1 de julio de 2023,337884
41 años,Hombres,1 July,2023,1 de julio de 2023,355027
42 años,Hombres,1 July,2023,1 de julio de 2023,371817
43 años,Hombres,1 July,2023,1 de julio de 2023,383124
44 años,Hombres,1 July,2023,1 de julio de 2023,396296
45 años,Hombres,1 July,2023,1 de julio de 2023,409157
46 años,Hombres,1 July,2023,1 de julio de 2023,416808
47 años,Hombres,1 July,2023,1 de julio de 2023,415642
48 años,Hombres,1 July,2023,1 de julio de 2023,413823
49 años,Hombres,1 July,2023,1 de julio de 2023,401898
5 años,Hombres,1 July,2023,1 de julio de 2023,210042
50 años,Hombres,1 July,2023,1 de julio de 2023,397487
51 años,Hombres,1 July,2023,1 de julio de 2023,391810
52 años,Hombres,1 July,2023,1 de julio de 2023,381355
53 años,Hombres,1 July,2023,1 de julio de 2023,377699
54 años,Hombres,1 July,2023,1 de julio de 2023,367829
55 años,Hombres,1 July,2023,1 de julio de 2023,372699
56 años,Hombres,1 July,2023,1 de julio de 2023,360560
57 años,Hombres,1 July,2023,1 de julio de 2023,353940
58 años,Hombres,1 July,2023,1 de julio de 2023,350632
59 años,Hombres,1 July,2023,1 de julio de 2023,345200
6 años,Hombres,1 July,2023,1 de julio de 2023,221383
60 años,Hombres,1 July,2023,1 de julio de 2023,327227
61 años,Hombres,1 July,2023,1 de julio de 2023,315819
62 años,Hombres,1 July,2023,1 de julio de 2023,306770
63 años,Hombres,1 July,2023,1 de julio de 2023,305825
64 años,Hombres,1 July,2023,1 de julio de 2023,293395
65 años,Hombres,1 July,2023,1 de julio de 2023,285252
66 años,Hombres,1 July,2023,1 de julio de 2023,265708
67 años,Hombres,1 July,2023,1 de julio de 2023,251081
68 años,Hombres,1 July,2023,1 de julio de 2023,240355
69 años,Hombres,1 July,2023,1 de julio de 2023,230899
7 años,Hombres,1 July,2023,1 de julio de 2023,230974
70 años,Hombres,1 July,2023,1 de julio de 2023,227934
71 años,Hombres,1 July,2023,1 de julio de 2023,216871
72 años,Hombres,1 July,2023,1 de julio de 2023,206234
73 años,Hombres,1 July,2023,1 de julio de 2023,197461
74 años,Hombres,1 July,2023,1 de julio de 2023,201680
75 años,Hombres,1 July,2023,1 de julio de 2023,202804
76 años,Hombres,1 July,2023,1 de julio de 2023,170585
77 años,Hombres,1 July,2023,1 de julio de 2023,173521
78 años,Hombres,1 July,2023,1 de julio de 2023,163483
79 años,Hombres,1 July,2023,1 de julio de 2023,154763
8 años,Hombres,1 July,2023,1 de julio de 2023,236797
80 años,Hombres,1 July,2023,1 de julio de 2023,138674
81 años,Hombres,1 July,2023,1 de julio de 2023,109971
82 años,Hombres,1 July,2023,1 de julio de 2023,111405
83 años,Hombres,1 July,2023,1 de julio de 2023,104070
84 años,Hombres,1 July,2023,1 de julio de 2023,75838
85 años,Hombres,1 July,2023,1 de julio de 2023,80306
85 y más años,Hombres,1 July,2023,1 de julio de 2023,542603
86 años,Hombres,1 July,2023,1 de julio de 2023,80545
87 años,Hombres,1 July,2023,1 de julio de 2023,74189
88 años,Hombres,1 July,2023,1 de julio de 2023,64134
89 años,Hombres,1 July,2023,1 de julio de 2023,55813
9 años,Hombres,1 July,2023,1 de julio de 2023,237908
90 años,Hombres,1 July,2023,1 de julio de 2023,47393
91 años,Hombres,1 July,2023,1 de julio de 2023,37957
92 años,Hombres,1 July,2023,1 de julio de 2023,29950
93 años,Hombres,1 July,2023,1 de julio de 2023,22212
94 años,Hombres,1 July,2023,1 de julio de 2023,16331
95 años,Hombres,1 July,2023,1 de julio de 2023,11765
96 años,Hombres,1 July,2023,1 de julio de 2023,7830
97 años,Hombres,1 July,2023,1 de julio de 2023,5434
98 años,Hombres,1 July,2023,1 de julio de 2023,3594
99 años,Hombres,1 July,2023,1 de julio de 2023,2359
Todas las edades,Hombres,1 July,2023,1 de julio de 2023,23681931
0 años,Mujeres,1 July,2023,1 de julio de 2023,157747
1 año,Mujeres,1 July,2023,1 de julio de 2023,167883
10 años,Mujeres,1 July,2023,1 de julio de 2023,228114
100 años,Mujeres,1 July,2023,1 de julio de 2023,5318
100 y más años,Mujeres,1 July,2023,1 de julio de 2023,12681
101 años,Mujeres,1 July,2023,1 de julio de 2023,3217
102 años,Mujeres,1 July,2023,1 de julio de 2023,1861
103 años,Mujeres,1 July,2023,1 de julio de 2023,1120
104 años,Mujeres,1 July,2023,1 de julio de 2023,488
105 y más años,Mujeres,1 July,2023,1 de julio de 2023,677
11 años,Mujeres,1 July,2023,1 de julio de 2023,239180
12 años,Mujeres,1 July,2023,1 de julio de 2023,245236
13 años,Mujeres,1 July,2023,1 de julio de 2023,246509
14 años,Mujeres,1 July,2023,1 de julio de 2023,255932
15 años,Mujeres,1 July,2023,1 de julio de 2023,258783
16 años,Mujeres,1 July,2023,1 de julio de 2023,250137
17 años,Mujeres,1 July,2023,1 de julio de 2023,249378
18 años,Mujeres,1 July,2023,1 de julio de 2023,249917
19 años,Mujeres,1 July,2023,1 de julio de 2023,248913
2 años,Mujeres,1 July,2023,1 de julio de 2023,166167
20 años,Mujeres,1 July,2023,1 de julio de 2023,248481
21 años,Mujeres,1 July,2023,1 de julio de 2023,244314
22 años,Mujeres,1 July,2023,1 de julio de 2023,247158
23 años,Mujeres,1 July,2023,1 de julio de 2023,250781
24 años,Mujeres,1 July,2023,1 de julio de 2023,244974
25 años,Mujeres,1 July,2023,1 de julio de 2023,246176
26 años,Mujeres,1 July,2023,1 de julio de 2023,252800
27 años,Mujeres,1 July,2023,1 de julio de 2023,253463
28 años,Mujeres,1 July,2023,1 de julio de 2023,255632
29 años,Mujeres,1 July,2023,1 de julio de 2023,264177
3 años,Mujeres,1 July,2023,1 de julio de 2023,178779
30 años,Mujeres,1 July,2023,1 de julio de 2023,273815
31 años,Mujeres,1 July,2023,1 de julio de 2023,275024
32 años,Mujeres,1 July,2023,1 de julio de 2023,277909
33 años,Mujeres,1 July,2023,1 de julio de 2023,283297
34 años,Mujeres,1 July,2023,1 de julio de 2023,287732
35 años,Mujeres,1 July,2023,1 de julio de 2023,291196
36 años,Mujeres,1 July,2023,1 de julio de 2023,300759
37 años,Mujeres,1 July,2023,1 de julio de 2023,303893
38 años,Mujeres,1 July,2023,1 de julio de 2023,317180
39 años,Mujeres,1 July,2023,1 de julio de 2023,328172
4 años,Mujeres,1 July,2023,1 de julio de 2023,187370
40 años,Mujeres,1 July,2023,1 de julio de 2023,339247
41 años,Mujeres,1 July,2023,1 de julio de 2023,355130
42 años,Mujeres,1 July,2023,1 de julio de 2023,368783
43 años,Mujeres,1 July,2023,1 de julio de 2023,381688
44 años,Mujeres,1 July,2023,1 de julio de 2023,392175
45 años,Mujeres,1 July,2023,1 de julio de 2023,404435
46 años,Mujeres,1 July,2023,1 de julio de 2023,408097
47 años,Mujeres,1 July,2023,1 de julio de 2023,407779
48 años,Mujeres,1 July,2023,1 de julio de 2023,406707
49 años,Mujeres,1 July,2023,1 de julio de 2023,395991
5 años,Mujeres,1 July,2023,1 de julio de 2023,197983
50 años,Mujeres,1 July,2023,1 de julio de 2023,391799
51 años,Mujeres,1 July,2023,1 de julio de 2023,389869
52 años,Mujeres,1 July,2023,1 de julio de 2023,380848
53 años,Mujeres,1 July,2023,1 de julio de 2023,378137
54 años,Mujeres,1 July,2023,1 de julio de 2023,371787
55 años,Mujeres,1 July,2023,1 de julio de 2023,378969
56 años,Mujeres,1 July,2023,1 de julio de 2023,368549
57 años,Mujeres,1 July,2023,1 de julio de 2023,363992
58 años,Mujeres,1 July,2023,1 de julio de 2023,364761
59 años,Mujeres,1 July,2023,1 de julio de 2023,359716
6 años,Mujeres,1 July,2023,1 de julio de 2023,209375
60 años,Mujeres,1 July,2023,1 de julio de 2023,342652
61 años,Mujeres,1 July,2023,1 de julio de 2023,332817
62 años,Mujeres,1 July,2023,1 de julio de 2023,326682
63 años,Mujeres,1 July,2023,1 de julio de 2023,327117
64 años,Mujeres,1 July,2023,1 de julio de 2023,314769
65 años,Mujeres,1 July,2023,1 de julio de 2023,310311
66 años,Mujeres,1 July,2023,1 de julio de 2023,291084
67 años,Mujeres,1 July,2023,1 de julio de 2023,276853
68 años,Mujeres,1 July,2023,1 de julio de 2023,268899
69 años,Mujeres,1 July,2023,1 de julio de 2023,259211
7 años,Mujeres,1 July,2023,1 de julio de 2023,218220
70 años,Mujeres,1 July,2023,1 de julio de 2023,257515
71 años,Mujeres,1 July,2023,1 de julio de 2023,246305
72 años,Mujeres,1 July,2023,1 de julio de 2023,239446
73 años,Mujeres,1 July,2023,1 de julio de 2023,232628
74 años,Mujeres,1 July,2023,1 de julio de 2023,241422
75 años,Mujeres,1 July,2023,1 de julio de 2023,245715
76 años,Mujeres,1 July,2023,1 de julio de 2023,210138
77 años,Mujeres,1 July,2023,1 de julio de 2023,220173
78 años,Mujeres,1 July,2023,1 de julio de 2023,210219
79 años,Mujeres,1 July,2023,1 de julio de 2023,202823
8 años,Mujeres,1 July,2023,1 de julio de 2023,223043
80 años,Mujeres,1 July,2023,1 de julio de 2023,184760
81 años,Mujeres,1 July,2023,1 de julio de 2023,148890
82 años,Mujeres,1 July,2023,1 de julio de 2023,157976
83 años,Mujeres,1 July,2023,1 de julio de 2023,153298
84 años,Mujeres,1 July,2023,1 de julio de 2023,118035
85 años,Mujeres,1 July,2023,1 de julio de 2023,128189
85 y más años,Mujeres,1 July,2023,1 de julio de 2023,1061138
86 años,Mujeres,1 July,2023,1 de julio de 2023,135184
87 años,Mujeres,1 July,2023,1 de julio de 2023,129560
88 años,Mujeres,1 July,2023,1 de julio de 2023,115993
89 años,Mujeres,1 July,2023,1 de julio de 2023,106624
9 años,Mujeres,1 July,2023,1 de julio de 2023,223655
90 años,Mujeres,1 July,2023,1 de julio de 2023,94925
91 años,Mujeres,1 July,2023,1 de julio de 2023,79921
92 años,Mujeres,1 July,2023,1 de julio de 2023,67668
93 años,Mujeres,1 July,2023,1 de julio de 2023,54273
94 años,Mujeres,1 July,2023,1 de julio de 2023,42148
95 años,Mujeres,1 July,2023,1 de julio de 2023,32119
96 años,Mujeres,1 July,2023,1 de julio de 2023,23825
97 años,Mujeres,1 July,2023,1 de julio de 2023,17357
98 años,Mujeres,1 July,2023,1 de julio de 2023,12480
99 años,Mujeres,1 July,2023,1 de julio de 2023,8191
Todas las edades,Mujeres,1 July,2023,1 de julio de 2023,24638589
0 años,Total,1 July,2023,1 de julio de 2023,323944
1 año,Total,1 July,2023,1 de julio de 2023,346672
10 años,Total,1 July,2023,1 de julio de 2023,469729
100 años,Total,1 July,2023,1 de julio de 2023,6655
100 y más años,Total,1 July,2023,1 de julio de 2023,15472
101 años,Total,1 July,2023,1 de julio de 2023,3925
102 años,Total,1 July,2023,1 de julio de 2023,2204
103 años,Total,1 July,2023,1 de julio de 2023,1329
104 años,Total,1 July,2023,1 de julio de 2023,573
105 y más años,Total,1 July,2023,1 de julio de 2023,786
11 años,Total,1 July,2023,1 de julio de 2023,493453
12 años,Total,1 July,2023,1 de julio de 2023,505943
13 años,Total,1 July,2023,1 de julio de 2023,507752
14 años,Total,1 July,2023,1 de julio de 2023,528922
15 años,Total,1 July,2023,1 de julio de 2023,533651
16 años,Total,1 July,2023,1 de julio de 2023,516827
17 años,Total,1 July,2023,1 de julio de 2023,515641
18 años,Total,1 July,2023,1 de julio de 2023,517538
19 años,Total,1 July,2023,1 de julio de 2023,513175
2 años,Total,1 July,2023,1 de julio de 2023,341525
20 años,Total,1 July,2023,1 de julio de 2023,515012
21 años,Total,1 July,2023,1 de julio de 2023,504352
22 años,Total,1 July,2023,1 de julio de 2023,510649
23 años,Total,1 July,2023,1 de julio de 2023,515431
24 años,Total,1 July,2023,1 de julio de 2023,502646
25 años,Total,1 July,2023,1 de julio de 2023,505013
26 años,Total,1 July,2023,1 de julio de 2023,514790
27 años,Total,1 July,2023,1 de julio de 2023,517043
28 años,Total,1 July,2023,1 de julio de 2023,519515
29 años,Total,1 July,2023,1 de julio de 2023,536954
3 años,Total,1 July,2023,1 de julio de 2023,367738
30 años,Total,1 July,2023,1 de julio de 2023,555250
31 años,Total,1 July,2023,1 de julio de 2023,557331
32 años,Total,1 July,2023,1 de julio de 2023,560401
33 años,Total,1 July,2023,1 de julio de 2023,569414
34 años,Total,1 July,2023,1 de julio de 2023,577230
35 años,Total,1 July,2023,1 de julio de 2023,583682
36 años,Total,1 July,2023,1 de julio de 2023,599292
37 años,Total,1 July,2023,1 de julio de 2023,605129
38 años,Total,1 July,2023,1 de julio de 2023,631349
39 años,Total,1 July,2023,1 de julio de 2023,653633
4 años,Total,1 July,2023,1 de julio de 2023,384264
40 años,Total,1 July,2023,1 de julio de 2023,677131
41 años,Total,1 July,2023,1 de julio de 2023,710157
42 años,Total,1 July,2023,1 de julio de 2023,740600
43 años,Total,1 July,2023,1 de julio de 2023,764812
44 años,Total,1 July,2023,1 de julio de 2023,788471
45 años,Total,1 July,2023,1 de julio de 2023,813592
46 años,Total,1 July,2023,1 de julio de 2023,824905
47 años,Total,1 July,2023,1 de julio de 2023,823421
48 años,Total,1 July,2023,1 de julio de 2023,820530
49 años,Total,1 July,2023,1 de julio de 2023,797889
5 años,Total,1 July,2023,1 de julio de 2023,408025
50 años,Total,1 July,2023,1 de julio de 2023,789286
51 años,Total,1 July,2023,1 de julio de 2023,781679
52 años,Total,1 July,2023,1 de julio de 2023,762203
53 años,Total,1 July,2023,1 de julio de 2023,755836
54 años,Total,1 July,2023,1 de julio de 2023,739616
55 años,Total,1 July,2023,1 de julio de 2023,751668
56 años,Total,1 July,2023,1 de julio de 2023,729109
57 años,Total,1 July,2023,1 de julio de 2023,717932
58 años,Total,1 July,2023,1 de julio de 2023,715393
59 años,Total,1 July,2023,1 de julio de 2023,704916
6 años,Total,1 July,2023,1 de julio de 2023,430758
60 años,Total,1 July,2023,1 de julio de 2023,669879
61 años,Total,1 July,2023,1 de julio de 2023,648636
62 años,Total,1 July,2023,1 de julio de 2023,633452
63 años,Total,1 July,2023,1 de julio de 2023,632942
64 años,Total,1 July,2023,1 de julio de 2023,608164
65 años,Total,1 July,2023,1 de julio de 2023,595563
66 años,Total,1 July,2023,1 de julio de 2023,556792
67 años,Total,1 July,2023,1 de julio de 2023,527934
68 años,Total,1 July,2023,1 de julio de 2023,509254
69 años,Total,1 July,2023,1 de julio de 2023,490110
7 años,Total,1 July,2023,1 de julio de 2023,449194
70 años,Total,1 July,2023,1 de julio de 2023,485449
71 años,Total,1 July,2023,1 de julio de 2023,463176
72 años,Total,1 July,2023,1 de julio de 2023,445680
73 años,Total,1 July,2023,1 de julio de 2023,430089
74 años,Total,1 July,2023,1 de julio de 2023,443102
75 años,Total,1 July,2023,1 de julio de 2023,448519
76 años,Total,1 July,2023,1 de julio de 2023,380723
77 años,Total,1 July,2023,1 de julio de 2023,393694
78 años,Total,1 July,2023,1 de julio de 2023,373702
79 años,Total,1 July,2023,1 de julio de 2023,357586
8 años,Total,1 July,2023,1 de julio de 2023,459840
80 años,Total,1 July,2023,1 de julio de 2023,323434
81 años,Total,1 July,2023,1 de julio de 2023,258861
82 años,Total,1 July,2023,1 de julio de 2023,269381
83 años,Total,1 July,2023,1 de julio de 2023,257368
84 años,Total,1 July,2023,1 de julio de 2023,193873
85 años,Total,1 July,2023,1 de julio de 2023,208495
85 y más años,Total,1 July,2023,1 de julio de 2023,1603741
86 años,Total,1 July,2023,1 de julio de 2023,215729
87 años,Total,1 July,2023,1 de julio de 2023,203749
88 años,Total,1 July,2023,1 de julio de 2023,180127
89 años,Total,1 July,2023,1 de julio de 2023,162437
9 años,Total,1 July,2023,1 de julio de 2023,461563
90 años,Total,1 July,2023,1 de julio de 2023,142318
91 años,Total,1 July,2023,1 de julio de 2023,117878
92 años,Total,1 July,2023,1 de julio de 2023,97618
93 años,Total,1 July,2023,1 de julio de 2023,76485
94 años,Total,1 July,2023,1 de julio de 2023,58479
95 años,Total,1 July,2023,1 de julio de 2023,43884
96 años,Total,1 July,2023,1 de julio de 2023,31655
97 años,Total,1 July,2023,1 de julio de 2023,22791
98 años,Total,1 July,2023,1 de julio de 2023,16074
99 años,Total,1 July,2023,1 de julio de 2023,10550
Todas las edades,Total,1 July,2023,1 de julio de 2023,48320520
0 años,Hombres,1 July,2024,1 de julio de 2024,164760
1 año,Hombres,1 July,2024,1 de julio de 2024,171006
10 años,Hombres,1 July,2024,1 de julio de 2024,242253
100 años,Hombres,1 July,2024,1 de julio de 2024,1446
100 y más años,Hombres,1 July,2024,1 de julio de 2024,3110
101 años,Hombres,1 July,2024,1 de julio de 2024,818
102 años,Hombres,1 July,2024,1 de julio de 2024,426
103 años,Hombres,1 July,2024,1 de julio de 2024,200
104 años,Hombres,1 July,2024,1 de julio de 2024,120
105 y más años,Hombres,1 July,2024,1 de julio de 2024,100
11 años,Hombres,1 July,2024,1 de julio de 2024,245886
12 años,Hombres,1 July,2024,1 de julio de 2024,258695
13 años,Hombres,1 July,2024,1 de julio de 2024,265092
14 años,Hombres,1 July,2024,1 de julio de 2024,265673
15 años,Hombres,1 July,2024,1 de julio de 2024,277405
16 años,Hombres,1 July,2024,1 de julio de 2024,279459
17 años,Hombres,1 July,2024,1 de julio de 2024,272691
18 años,Hombres,1 July,2024,1 de julio de 2024,274015
19 años,Hombres,1 July,2024,1 de julio de 2024,276305
2 años,Hombres,1 July,2024,1 de julio de 2024,181729
20 años,Hombres,1 July,2024,1 de julio de 2024,271904
21 años,Hombres,1 July,2024,1 de julio de 2024,274218
22 años,Hombres,1 July,2024,1 de julio de 2024,267755
23 años,Hombres,1 July,2024,1 de julio de 2024,271994
24 años,Hombres,1 July,2024,1 de julio de 2024,274006
25 años,Hombres,1 July,2024,1 de julio de 2024,267262
26 años,Hombres,1 July,2024,1 de julio de 2024,268624
27 años,Hombres,1 July,2024,1 de julio de 2024,271739
28 años,Hombres,1 July,2024,1 de julio de 2024,272959
29 años,Hombres,1 July,2024,1 de julio de 2024,273186
3 años,Hombres,1 July,2024,1 de julio de 2024,179076
30 años,Hombres,1 July,2024,1 de julio de 2024,281646
31 años,Hombres,1 July,2024,1 de julio de 2024,290088
32 años,Hombres,1 July,2024,1 de julio de 2024,290248
33 años,Hombres,1 July,2024,1 de julio de 2024,290496
34 años,Hombres,1 July,2024,1 de julio de 2024,293511
35 años,Hombres,1 July,2024,1 de julio de 2024,296548
36 años,Hombres,1 July,2024,1 de julio de 2024,299498
37 años,Hombres,1 July,2024,1 de julio de 2024,305070
38 años,Hombres,1 July,2024,1 de julio de 2024,307200
39 años,Hombres,1 July,2024,1 de julio de 2024,319511
4 años,Hombres,1 July,2024,1 de julio de 2024,192603
40 años,Hombres,1 July,2024,1 de julio de 2024,330302
41 años,Hombres,1 July,2024,1 de julio de 2024,342536
42 años,Hombres,1 July,2024,1 de julio de 2024,359032
43 años,Hombres,1 July,2024,1 de julio de 2024,375424
44 años,Hombres,1 July,2024,1 de julio de 2024,386248
45 años,Hombres,1 July,2024,1 de julio de 2024,398858
46 años,Hombres,1 July,2024,1 de julio de 2024,411655
47 años,Hombres,1 July,2024,1 de julio de 2024,418818
48 años,Hombres,1 July,2024,1 de julio de 2024,417396
49 años,Hombres,1 July,2024,1 de julio de 2024,415145
5 años,Hombres,1 July,2024,1 de julio de 2024,200519
50 años,Hombres,1 July,2024,1 de julio de 2024,403011
51 años,Hombres,1 July,2024,1 de julio de 2024,398382
52 años,Hombres,1 July,2024,1 de julio de 2024,392370
53 años,Hombres,1 July,2024,1 de julio de 2024,381921
54 años,Hombres,1 July,2024,1 de julio de 2024,377975
55 años,Hombres,1 July,2024,1 de julio de 2024,367794
56 años,Hombres,1 July,2024,1 de julio de 2024,372280
57 años,Hombres,1 July,2024,1 de julio de 2024,359849
58 años,Hombres,1 July,2024,1 de julio de 2024,353163
59 años,Hombres,1 July,2024,1 de julio de 2024,349384
6 años,Hombres,1 July,2024,1 de julio de 2024,213715
60 años,Hombres,1 July,2024,1 de julio de 2024,343968
61 años,Hombres,1 July,2024,1 de julio de 2024,325697
62 años,Hombres,1 July,2024,1 de julio de 2024,313989
63 años,Hombres,1 July,2024,1 de julio de 2024,304727
64 años,Hombres,1 July,2024,1 de julio de 2024,303618
65 años,Hombres,1 July,2024,1 de julio de 2024,291178
66 años,Hombres,1 July,2024,1 de julio de 2024,282950
67 años,Hombres,1 July,2024,1 de julio de 2024,263425
68 años,Hombres,1 July,2024,1 de julio de 2024,248580
69 años,Hombres,1 July,2024,1 de julio de 2024,237223
7 años,Hombres,1 July,2024,1 de julio de 2024,225453
70 años,Hombres,1 July,2024,1 de julio de 2024,227502
71 años,Hombres,1 July,2024,1 de julio de 2024,224283
72 años,Hombres,1 July,2024,1 de julio de 2024,212854
73 años,Hombres,1 July,2024,1 de julio de 2024,202004
74 años,Hombres,1 July,2024,1 de julio de 2024,193044
75 años,Hombres,1 July,2024,1 de julio de 2024,196313
76 años,Hombres,1 July,2024,1 de julio de 2024,196948
77 años,Hombres,1 July,2024,1 de julio de 2024,164950
78 años,Hombres,1 July,2024,1 de julio de 2024,167443
79 años,Hombres,1 July,2024,1 de julio de 2024,157001
8 años,Hombres,1 July,2024,1 de julio de 2024,235334
80 años,Hombres,1 July,2024,1 de julio de 2024,147957
81 años,Hombres,1 July,2024,1 de julio de 2024,131769
82 años,Hombres,1 July,2024,1 de julio de 2024,104127
83 años,Hombres,1 July,2024,1 de julio de 2024,104686
84 años,Hombres,1 July,2024,1 de julio de 2024,96959
85 años,Hombres,1 July,2024,1 de julio de 2024,69896
85 y más años,Hombres,1 July,2024,1 de julio de 2024,535336
86 años,Hombres,1 July,2024,1 de julio de 2024,73174
87 años,Hombres,1 July,2024,1 de julio de 2024,72741
88 años,Hombres,1 July,2024,1 de julio de 2024,65984
89 años,Hombres,1 July,2024,1 de julio de 2024,56177
9 años,Hombres,1 July,2024,1 de julio de 2024,241106
90 años,Hombres,1 July,2024,1 de julio de 2024,48030
91 años,Hombres,1 July,2024,1 de julio de 2024,39832
92 años,Hombres,1 July,2024,1 de julio de 2024,31393
93 años,Hombres,1 July,2024,1 de julio de 2024,24193
94 años,Hombres,1 July,2024,1 de julio de 2024,17456
95 años,Hombres,1 July,2024,1 de julio de 2024,12528
96 años,Hombres,1 July,2024,1 de julio de 2024,8793
97 años,Hombres,1 July,2024,1 de julio de 2024,5675
98 años,Hombres,1 July,2024,1 de julio de 2024,3822
99 años,Hombres,1 July,2024,1 de julio de 2024,2532
Todas las edades,Hombres,1 July,2024,1 de julio de 2024,23940312
0 años,Mujeres,1 July,2024,1 de julio de 2024,155756
1 año,Mujeres,1 July,2024,1 de julio de 2024,162315
10 años,Mujeres,1 July,2024,1 de julio de 2024,227758
100 años,Mujeres,1 July,2024,1 de julio de 2024,5573
100 y más años,Mujeres,1 July,2024,1 de julio de 2024,13647
101 años,Mujeres,1 July,2024,1 de julio de 2024,3495
102 años,Mujeres,1 July,2024,1 de julio de 2024,2053
103 años,Mujeres,1 July,2024,1 de julio de 2024,1140
104 años,Mujeres,1 July,2024,1 de julio de 2024,700
105 y más años,Mujeres,1 July,2024,1 de julio de 2024,686
11 años,Mujeres,1 July,2024,1 de julio de 2024,232246
12 años,Mujeres,1 July,2024,1 de julio de 2024,243279
13 años,Mujeres,1 July,2024,1 de julio de 2024,249196
14 años,Mujeres,1 July,2024,1 de julio de 2024,250462
15 años,Mujeres,1 July,2024,1 de julio de 2024,259675
16 años,Mujeres,1 July,2024,1 de julio de 2024,261757
17 años,Mujeres,1 July,2024,1 de julio de 2024,253335
18 años,Mujeres,1 July,2024,1 de julio de 2024,254925
19 años,Mujeres,1 July,2024,1 de julio de 2024,258060
2 años,Mujeres,1 July,2024,1 de julio de 2024,170592
20 años,Mujeres,1 July,2024,1 de julio de 2024,256003
21 años,Mujeres,1 July,2024,1 de julio de 2024,255674
22 años,Mujeres,1 July,2024,1 de julio de 2024,251377
23 años,Mujeres,1 July,2024,1 de julio de 2024,255674
24 años,Mujeres,1 July,2024,1 de julio de 2024,259303
25 años,Mujeres,1 July,2024,1 de julio de 2024,252916
26 años,Mujeres,1 July,2024,1 de julio de 2024,254812
27 años,Mujeres,1 July,2024,1 de julio de 2024,261343
28 años,Mujeres,1 July,2024,1 de julio de 2024,261759
29 años,Mujeres,1 July,2024,1 de julio de 2024,263865
3 años,Mujeres,1 July,2024,1 de julio de 2024,169740
30 años,Mujeres,1 July,2024,1 de julio de 2024,272040
31 años,Mujeres,1 July,2024,1 de julio de 2024,281274
32 años,Mujeres,1 July,2024,1 de julio de 2024,281900
33 años,Mujeres,1 July,2024,1 de julio de 2024,284755
34 años,Mujeres,1 July,2024,1 de julio de 2024,289760
35 años,Mujeres,1 July,2024,1 de julio de 2024,294157
36 años,Mujeres,1 July,2024,1 de julio de 2024,297238
37 años,Mujeres,1 July,2024,1 de julio de 2024,306458
38 años,Mujeres,1 July,2024,1 de julio de 2024,309223
39 años,Mujeres,1 July,2024,1 de julio de 2024,322365
4 años,Mujeres,1 July,2024,1 de julio de 2024,182409
40 años,Mujeres,1 July,2024,1 de julio de 2024,333054
41 años,Mujeres,1 July,2024,1 de julio de 2024,343738
42 años,Mujeres,1 July,2024,1 de julio de 2024,359353
43 años,Mujeres,1 July,2024,1 de julio de 2024,372809
44 años,Mujeres,1 July,2024,1 de julio de 2024,385437
45 años,Mujeres,1 July,2024,1 de julio de 2024,395777
46 años,Mujeres,1 July,2024,1 de julio de 2024,408012
47 años,Mujeres,1 July,2024,1 de julio de 2024,411326
48 años,Mujeres,1 July,2024,1 de julio de 2024,410443
49 años,Mujeres,1 July,2024,1 de julio de 2024,409270
5 años,Mujeres,1 July,2024,1 de julio de 2024,190737
50 años,Mujeres,1 July,2024,1 de julio de 2024,398652
51 años,Mujeres,1 July,2024,1 de julio de 2024,394247
52 años,Mujeres,1 July,2024,1 de julio de 2024,392161
53 años,Mujeres,1 July,2024,1 de julio de 2024,382737
54 años,Mujeres,1 July,2024,1 de julio de 2024,379823
55 años,Mujeres,1 July,2024,1 de julio de 2024,373272
56 años,Mujeres,1 July,2024,1 de julio de 2024,380237
57 años,Mujeres,1 July,2024,1 de julio de 2024,369655
58 años,Mujeres,1 July,2024,1 de julio de 2024,364786
59 años,Mujeres,1 July,2024,1 de julio de 2024,365404
6 años,Mujeres,1 July,2024,1 de julio de 2024,201578
60 años,Mujeres,1 July,2024,1 de julio de 2024,360074
61 años,Mujeres,1 July,2024,1 de julio de 2024,343078
62 años,Mujeres,1 July,2024,1 de julio de 2024,332899
63 años,Mujeres,1 July,2024,1 de julio de 2024,326432
64 años,Mujeres,1 July,2024,1 de julio de 2024,326738
65 años,Mujeres,1 July,2024,1 de julio de 2024,314534
66 años,Mujeres,1 July,2024,1 de julio de 2024,309932
67 años,Mujeres,1 July,2024,1 de julio de 2024,290645
68 años,Mujeres,1 July,2024,1 de julio de 2024,276332
69 años,Mujeres,1 July,2024,1 de julio de 2024,267813
7 años,Mujeres,1 July,2024,1 de julio de 2024,213272
70 años,Mujeres,1 July,2024,1 de julio de 2024,257957
71 años,Mujeres,1 July,2024,1 de julio de 2024,255998
72 años,Mujeres,1 July,2024,1 de julio de 2024,244512
73 años,Mujeres,1 July,2024,1 de julio de 2024,237491
74 años,Mujeres,1 July,2024,1 de julio de 2024,230299
75 años,Mujeres,1 July,2024,1 de julio de 2024,238537
76 años,Mujeres,1 July,2024,1 de julio de 2024,242547
77 años,Mujeres,1 July,2024,1 de julio de 2024,206859
78 años,Mujeres,1 July,2024,1 de julio de 2024,216313
79 años,Mujeres,1 July,2024,1 de julio de 2024,205876
8 años,Mujeres,1 July,2024,1 de julio de 2024,222311
80 años,Mujeres,1 July,2024,1 de julio de 2024,198143
81 años,Mujeres,1 July,2024,1 de julio de 2024,179701
82 años,Mujeres,1 July,2024,1 de julio de 2024,144230
83 años,Mujeres,1 July,2024,1 de julio de 2024,152038
84 años,Mujeres,1 July,2024,1 de julio de 2024,146859
85 años,Mujeres,1 July,2024,1 de julio de 2024,112082
85 y más años,Mujeres,1 July,2024,1 de julio de 2024,1047077
86 años,Mujeres,1 July,2024,1 de julio de 2024,120596
87 años,Mujeres,1 July,2024,1 de julio de 2024,126122
88 años,Mujeres,1 July,2024,1 de julio de 2024,119578
89 años,Mujeres,1 July,2024,1 de julio de 2024,105522
9 años,Mujeres,1 July,2024,1 de julio de 2024,227218
90 años,Mujeres,1 July,2024,1 de julio de 2024,95423
91 años,Mujeres,1 July,2024,1 de julio de 2024,83488
92 años,Mujeres,1 July,2024,1 de julio de 2024,68939
93 años,Mujeres,1 July,2024,1 de julio de 2024,57298
94 años,Mujeres,1 July,2024,1 de julio de 2024,44997
95 años,Mujeres,1 July,2024,1 de julio de 2024,34057
96 años,Mujeres,1 July,2024,1 de julio de 2024,25324
97 años,Mujeres,1 July,2024,1 de julio de 2024,18192
98 años,Mujeres,1 July,2024,1 de julio de 2024,12848
99 años,Mujeres,1 July,2024,1 de julio de 2024,8964
Todas las edades,Mujeres,1 July,2024,1 de julio de 2024,24881624
0 años,Total,1 July,2024,1 de julio de 2024,320516
1 año,Total,1 July,2024,1 de julio de 2024,333321
10 años,Total,1 July,2024,1 de julio de 2024,470011
100 años,Total,1 July,2024,1 de julio de 2024,7019
100 y más años,Total,1 July,2024,1 de julio de 2024,16757
101 años,Total,1 July,2024,1 de julio de 2024,4313
102 años,Total,1 July,2024,1 de julio de 2024,2479
103 años,Total,1 July,2024,1 de julio de 2024,1340
104 años,Total,1 July,2024,1 de julio de 2024,820
105 y más años,Total,1 July,2024,1 de julio de 2024,786
11 años,Total,1 July,2024,1 de julio de 2024,478132
12 años,Total,1 July,2024,1 de julio de 2024,501974
13 años,Total,1 July,2024,1 de julio de 2024,514288
14 años,Total,1 July,2024,1 de julio de 2024,516135
15 años,Total,1 July,2024,1 de julio de 2024,537080
16 años,Total,1 July,2024,1 de julio de 2024,541216
17 años,Total,1 July,2024,1 de julio de 2024,526026
18 años,Total,1 July,2024,1 de julio de 2024,528940
19 años,Total,1 July,2024,1 de julio de 2024,534365
2 años,Total,1 July,2024,1 de julio de 2024,352321
20 años,Total,1 July,2024,1 de julio de 2024,527907
21 años,Total,1 July,2024,1 de julio de 2024,529892
22 años,Total,1 July,2024,1 de julio de 2024,519132
23 años,Total,1 July,2024,1 de julio de 2024,527668
24 años,Total,1 July,2024,1 de julio de 2024,533309
25 años,Total,1 July,2024,1 de julio de 2024,520178
26 años,Total,1 July,2024,1 de julio de 2024,523436
27 años,Total,1 July,2024,1 de julio de 2024,533082
28 años,Total,1 July,2024,1 de julio de 2024,534718
29 años,Total,1 July,2024,1 de julio de 2024,537051
3 años,Total,1 July,2024,1 de julio de 2024,348816
30 años,Total,1 July,2024,1 de julio de 2024,553686
31 años,Total,1 July,2024,1 de julio de 2024,571362
32 años,Total,1 July,2024,1 de julio de 2024,572148
33 años,Total,1 July,2024,1 de julio de 2024,575251
34 años,Total,1 July,2024,1 de julio de 2024,583271
35 años,Total,1 July,2024,1 de julio de 2024,590705
36 años,Total,1 July,2024,1 de julio de 2024,596736
37 años,Total,1 July,2024,1 de julio de 2024,611528
38 años,Total,1 July,2024,1 de julio de 2024,616423
39 años,Total,1 July,2024,1 de julio de 2024,641876
4 años,Total,1 July,2024,1 de julio de 2024,375012
40 años,Total,1 July,2024,1 de julio de 2024,663356
41 años,Total,1 July,2024,1 de julio de 2024,686274
42 años,Total,1 July,2024,1 de julio de 2024,718385
43 años,Total,1 July,2024,1 de julio de 2024,748233
44 años,Total,1 July,2024,1 de julio de 2024,771685
45 años,Total,1 July,2024,1 de julio de 2024,794635
46 años,Total,1 July,2024,1 de julio de 2024,819667
47 años,Total,1 July,2024,1 de julio de 2024,830144
48 años,Total,1 July,2024,1 de julio de 2024,827839
49 años,Total,1 July,2024,1 de julio de 2024,824415
5 años,Total,1 July,2024,1 de julio de 2024,391256
50 años,Total,1 July,2024,1 de julio de 2024,801663
51 años,Total,1 July,2024,1 de julio de 2024,792629
52 años,Total,1 July,2024,1 de julio de 2024,784531
53 años,Total,1 July,2024,1 de julio de 2024,764658
54 años,Total,1 July,2024,1 de julio de 2024,757798
55 años,Total,1 July,2024,1 de julio de 2024,741066
56 años,Total,1 July,2024,1 de julio de 2024,752517
57 años,Total,1 July,2024,1 de julio de 2024,729504
58 años,Total,1 July,2024,1 de julio de 2024,717949
59 años,Total,1 July,2024,1 de julio de 2024,714788
6 años,Total,1 July,2024,1 de julio de 2024,415293
60 años,Total,1 July,2024,1 de julio de 2024,704042
61 años,Total,1 July,2024,1 de julio de 2024,668775
62 años,Total,1 July,2024,1 de julio de 2024,646888
63 años,Total,1 July,2024,1 de julio de 2024,631159
64 años,Total,1 July,2024,1 de julio de 2024,630356
65 años,Total,1 July,2024,1 de julio de 2024,605712
66 años,Total,1 July,2024,1 de julio de 2024,592882
67 años,Total,1 July,2024,1 de julio de 2024,554070
68 años,Total,1 July,2024,1 de julio de 2024,524912
69 años,Total,1 July,2024,1 de julio de 2024,505036
7 años,Total,1 July,2024,1 de julio de 2024,438725
70 años,Total,1 July,2024,1 de julio de 2024,485459
71 años,Total,1 July,2024,1 de julio de 2024,480281
72 años,Total,1 July,2024,1 de julio de 2024,457366
73 años,Total,1 July,2024,1 de julio de 2024,439495
74 años,Total,1 July,2024,1 de julio de 2024,423343
75 años,Total,1 July,2024,1 de julio de 2024,434850
76 años,Total,1 July,2024,1 de julio de 2024,439495
77 años,Total,1 July,2024,1 de julio de 2024,371809
78 años,Total,1 July,2024,1 de julio de 2024,383756
79 años,Total,1 July,2024,1 de julio de 2024,362877
8 años,Total,1 July,2024,1 de julio de 2024,457645
80 años,Total,1 July,2024,1 de julio de 2024,346100
81 años,Total,1 July,2024,1 de julio de 2024,311470
82 años,Total,1 July,2024,1 de julio de 2024,248357
83 años,Total,1 July,2024,1 de julio de 2024,256724
84 años,Total,1 July,2024,1 de julio de 2024,243818
85 años,Total,1 July,2024,1 de julio de 2024,181978
85 y más años,Total,1 July,2024,1 de julio de 2024,1582413
86 años,Total,1 July,2024,1 de julio de 2024,193770
87 años,Total,1 July,2024,1 de julio de 2024,198863
88 años,Total,1 July,2024,1 de julio de 2024,185562
89 años,Total,1 July,2024,1 de julio de 2024,161699
9 años,Total,1 July,2024,1 de julio de 2024,468324
90 años,Total,1 July,2024,1 de julio de 2024,143453
91 años,Total,1 July,2024,1 de julio de 2024,123320
92 años,Total,1 July,2024,1 de julio de 2024,100332
93 años,Total,1 July,2024,1 de julio de 2024,81491
94 años,Total,1 July,2024,1 de julio de 2024,62453
95 años,Total,1 July,2024,1 de julio de 2024,46585
96 años,Total,1 July,2024,1 de julio de 2024,34117
97 años,Total,1 July,2024,1 de julio de 2024,23867
98 años,Total,1 July,2024,1 de julio de 2024,16670
99 años,Total,1 July,2024,1 de julio de 2024,11496
Todas las edades,Total,1 July,2024,1 de julio de 2024,48821936
